DIA;MES;AÑO;TERMINAL;MONTO;RESPUESTA;MENSAJE;TRX;TARJETA;BIN
3;04;2010;AT18;75;1;2;1;4000030000004573;400003
15;11;2011;AT05;105;1;4;1;4010020000004524;401002
29;09;2010;AT01;75;1;1;1;4000010000002812;400001
11;01;2010;AT11;20;1;1;1;4000010000006227;400001
9;05;2010;AT18;70;1;1;1;4000040000005154;400004
11;03;2012;AT07;500;1;2;1;4010020000005549;401002
18;12;2012;AT12;15;1;1;1;4000010000002502;400001
18;11;2010;AT03;20;1;2;1;4000030000007262;400003
11;09;2011;AT25;250;1;3;1;4000010000009796;400001
9;06;2012;AT04;100;1;1;1;4000030000005117;400003
12;02;2012;AT17;450;1;5;1;4010020000001477;401002
25;07;2011;AT03;35;1;2;1;4000020000005926;400002
4;04;2011;AT14;35;1;1;1;4010020000002348;401002
7;04;2011;AT20;10;1;3;1;4010020000001355;401002
3;05;2012;AT07;55;1;2;1;4000040000009131;400004
22;09;2010;AT17;95;1;5;1;4000030000009509;400003
9;10;2012;AT18;125;1;3;1;4000040000006161;400004
21;04;2010;AT06;90;1;3;1;4010020000009878;401002
29;12;2011;AT20;375;1;2;1;4010010000008996;401001
15;04;2011;AT08;45;1;1;1;4010020000003339;401002
25;05;2012;AT03;500;1;1;1;4000010000009541;400001
1;01;2010;AT09;20;1;2;1;4000040000005156;400004
9;10;2012;AT16;75;1;5;1;4000020000005985;400002
28;08;2010;AT20;45;1;4;1;4000020000009005;400002
27;10;2012;AT17;115;1;2;1;4000020000005809;400002
7;04;2010;AT17;50;1;3;1;4000030000005143;400003
30;11;2011;AT08;80;1;3;1;4010020000007706;401002
21;01;2012;AT21;150;1;4;1;4010010000009897;401001
14;04;2010;AT19;80;1;2;1;4010020000007213;401002
15;05;2012;AT09;110;1;3;1;4000040000003426;400004
4;04;2012;AT01;65;1;1;1;4010020000004827;401002
7;05;2010;AT08;145;1;4;1;4000020000008280;400002
24;06;2012;AT02;375;1;2;1;4000040000003903;400004
12;03;2012;AT13;70;1;4;1;4000020000006442;400002
6;09;2011;AT02;25;1;4;1;4010020000007794;401002
19;07;2011;AT17;500;1;3;1;4010010000002806;401001
26;04;2010;AT03;375;1;2;1;4000030000004495;400003
20;07;2011;AT19;70;1;1;1;4010020000001683;401002
11;09;2010;AT15;115;1;4;1;4000010000002708;400001
27;01;2012;AT10;125;1;4;1;4000010000008458;400001
26;10;2012;AT06;125;1;1;1;4000030000001403;400003
2;12;2010;AT18;375;1;4;1;4000040000001805;400004
30;11;2010;AT16;200;1;2;1;4000020000009305;400002
28;09;2010;AT16;75;1;2;1;4010010000005576;401001
25;06;2010;AT11;75;1;4;1;4010020000005583;401002
22;02;2012;AT02;55;1;3;1;4000030000004819;400003
4;11;2011;AT25;80;1;2;1;4000040000007436;400004
26;10;2011;AT04;15;1;1;1;4010020000006691;401002
19;04;2010;AT11;100;1;2;1;4000030000001729;400003
27;09;2010;AT14;300;1;2;1;4000010000001255;400001
15;12;2011;AT13;75;1;1;1;4010020000005723;401002
30;04;2012;AT25;300;1;2;1;4000040000007390;400004
23;04;2010;AT25;200;1;5;1;4000020000006625;400002
24;07;2010;AT11;20;1;3;1;4000030000009546;400003
12;05;2010;AT17;250;1;2;1;4010010000006129;401001
19;04;2012;AT05;70;1;1;1;4000040000007985;400004
14;12;2010;AT07;60;1;3;1;4010010000002230;401001
16;04;2011;AT25;375;1;1;1;4000030000005011;400003
23;05;2012;AT05;15;1;2;1;4010010000003543;401001
23;06;2011;AT01;20;1;5;1;4000020000005473;400002
12;02;2012;AT22;105;1;4;1;4010020000006870;401002
22;04;2011;AT21;10;1;3;1;4000020000007383;400002
14;02;2012;AT09;40;1;1;1;4000020000009493;400002
5;01;2012;AT16;5;1;3;1;4000020000003103;400002
29;10;2010;AT16;500;1;4;1;4000030000005572;400003
19;03;2012;AT19;25;1;5;1;4000030000005076;400003
9;06;2012;AT16;70;1;4;1;4000040000005875;400004
5;04;2011;AT23;100;1;5;1;4000020000009492;400002
13;03;2012;AT09;50;1;4;1;4010010000005170;401001
11;09;2011;AT16;5;1;4;1;4000010000003328;400001
10;12;2010;AT11;135;1;3;1;4010010000001913;401001
17;02;2011;AT18;10;1;4;1;4000020000002437;400002
13;07;2010;AT20;145;1;4;1;4010010000007466;401001
15;01;2012;AT14;85;1;5;1;4000010000005746;400001
4;12;2010;AT12;105;1;4;1;4010010000008640;401001
24;04;2010;AT03;35;1;4;1;4010010000006309;401001
19;07;2010;AT22;20;1;5;1;4000020000001427;400002
25;11;2010;AT12;35;1;3;1;4000010000006656;400001
9;07;2011;AT09;75;1;4;1;4010020000006950;401002
20;05;2010;AT25;300;1;4;1;4010010000004486;401001
17;06;2011;AT11;40;1;1;1;4000010000001169;400001
26;04;2012;AT08;50;1;1;1;4000030000005315;400003
27;08;2012;AT08;10;1;2;1;4000030000008123;400003
30;03;2012;AT17;450;1;1;1;4010020000006023;401002
30;07;2011;AT13;110;1;4;1;4000030000005310;400003
15;11;2010;AT22;125;1;1;1;4000020000001065;400002
27;11;2010;AT23;85;1;3;1;4000010000003058;400001
26;05;2012;AT05;375;1;1;1;4000010000008931;400001
20;11;2010;AT25;80;1;2;1;4010010000009493;401001
6;11;2010;AT04;40;1;5;1;4000030000003036;400003
27;06;2010;AT09;90;1;2;1;4000020000004539;400002
8;06;2012;AT25;75;1;4;1;4000040000006846;400004
19;09;2011;AT16;30;1;5;1;4000010000005865;400001
6;10;2011;AT23;80;1;1;1;4010020000005852;401002
24;01;2012;AT21;35;1;4;1;4010020000006879;401002
7;04;2011;AT07;80;1;3;1;4000020000008637;400002
10;08;2012;AT19;40;1;5;1;4010010000009256;401001
18;12;2011;AT15;300;1;5;1;4010010000001340;401001
11;04;2010;AT25;100;1;3;1;4000040000006817;400004
2;04;2010;AT22;90;1;2;1;4010020000006632;401002
9;11;2011;AT23;30;1;5;1;4010020000004662;401002
3;06;2012;AT13;135;1;3;1;4010010000003869;401001
22;03;2011;AT10;35;1;4;1;4000010000005708;400001
27;04;2011;AT16;50;1;2;1;4000020000008737;400002
11;10;2010;AT17;35;1;3;1;4010010000003726;401001
10;03;2011;AT08;150;1;5;1;4000010000007313;400001
10;04;2011;AT09;10;1;2;1;4010020000009710;401002
28;05;2011;AT25;105;1;5;1;4000030000003421;400003
2;06;2011;AT25;20;1;1;1;4000010000003796;400001
21;03;2011;AT05;120;1;2;1;4000030000004878;400003
13;08;2012;AT20;15;1;1;1;4010010000004117;401001
3;08;2010;AT14;25;1;3;1;4000010000005657;400001
5;02;2012;AT07;40;1;3;1;4000030000008588;400003
10;08;2011;AT05;135;1;4;1;4000020000001839;400002
22;12;2010;AT05;60;1;5;1;4010010000009748;401001
3;10;2012;AT19;50;1;2;1;4000020000008392;400002
1;06;2011;AT20;40;1;2;1;4000010000006000;400001
5;04;2011;AT05;40;1;2;1;4000010000009047;400001
20;05;2011;AT19;55;1;4;1;4000020000001269;400002
4;09;2012;AT05;20;1;2;1;4000030000002396;400003
22;06;2010;AT12;25;1;3;1;4010010000009025;401001
23;09;2011;AT04;50;1;1;1;4000040000005174;400004
7;08;2012;AT03;95;1;3;1;4000030000004019;400003
26;11;2011;AT21;35;1;1;1;4000020000006626;400002
22;09;2010;AT05;250;1;2;1;4000020000003942;400002
23;09;2011;AT13;375;1;4;1;4000030000008241;400003
3;05;2012;AT16;50;1;4;1;4000010000009948;400001
29;06;2010;AT03;85;1;4;1;4010020000001156;401002
14;05;2011;AT14;55;1;1;1;4010020000006347;401002
5;09;2011;AT09;80;1;5;1;4010010000006153;401001
16;10;2012;AT07;5;1;1;1;4000010000004613;400001
19;07;2012;AT15;105;1;2;1;4010020000006679;401002
8;11;2011;AT14;30;1;1;1;4000030000004844;400003
30;05;2011;AT12;60;1;5;1;4000020000009945;400002
4;08;2012;AT06;175;1;2;1;4000020000008822;400002
15;06;2012;AT05;80;1;4;1;4010020000001316;401002
7;08;2010;AT10;45;1;1;1;4000020000008737;400002
4;11;2010;AT23;15;1;1;1;4010010000004927;401001
24;05;2012;AT05;30;1;2;1;4000030000007099;400003
20;11;2012;AT02;25;1;2;1;4000020000009316;400002
17;11;2011;AT10;80;1;5;1;4000040000008292;400004
21;10;2010;AT04;50;1;4;1;4000010000009393;400001
27;03;2010;AT23;95;1;3;1;4000040000009017;400004
8;03;2010;AT09;70;1;5;1;4000020000007509;400002
6;02;2010;AT25;5;1;5;1;4000020000003109;400002
7;05;2010;AT20;100;1;1;1;4010010000007253;401001
20;02;2012;AT22;110;1;5;1;4000020000006559;400002
11;06;2010;AT23;55;1;1;1;4010010000002770;401001
30;10;2010;AT24;30;1;5;1;4000020000003183;400002
9;01;2012;AT16;145;1;1;1;4000030000008178;400003
4;03;2012;AT03;115;1;1;1;4000040000006346;400004
2;07;2010;AT02;35;1;1;1;4000030000002643;400003
26;02;2010;AT03;25;1;1;1;4010020000005720;401002
29;01;2010;AT04;95;1;2;1;4000030000004409;400003
3;12;2010;AT03;95;1;1;1;4010010000001351;401001
22;08;2011;AT14;50;1;1;1;4000030000004681;400003
18;05;2010;AT15;35;1;5;1;4000010000008344;400001
12;02;2011;AT08;90;1;1;1;4010010000003946;401001
26;07;2012;AT09;115;1;5;1;4000030000001569;400003
5;02;2012;AT17;145;1;1;1;4000010000005105;400001
5;06;2012;AT17;15;1;4;1;4000030000002767;400003
13;07;2012;AT05;50;1;1;1;4010010000001153;401001
29;09;2012;AT22;250;1;2;1;4000030000001288;400003
11;11;2010;AT17;45;1;3;1;4000020000006260;400002
23;05;2011;AT06;55;1;3;1;4000020000001921;400002
11;09;2011;AT23;105;1;1;1;4010010000003217;401001
20;08;2012;AT10;200;1;3;1;4010010000009132;401001
20;03;2012;AT09;25;1;5;1;4000040000008338;400004
22;05;2011;AT05;105;1;5;1;4010010000007005;401001
20;08;2011;AT04;110;1;3;1;4010010000004537;401001
2;11;2011;AT10;110;1;3;1;4000020000002975;400002
15;05;2010;AT05;45;1;3;1;4000030000007008;400003
24;04;2012;AT21;250;1;1;1;4000020000001805;400002
10;10;2010;AT19;90;1;1;1;4010010000007351;401001
3;06;2011;AT07;10;1;3;1;4000020000004984;400002
2;04;2010;AT23;100;1;3;1;4000040000008414;400004
27;11;2011;AT10;85;1;5;1;4000020000002553;400002
7;01;2010;AT20;120;1;5;1;4000020000006580;400002
7;04;2012;AT19;105;1;4;1;4000030000006392;400003
13;02;2011;AT24;85;1;4;1;4010010000006624;401001
15;04;2010;AT16;25;1;1;1;4000010000006607;400001
16;08;2010;AT14;115;1;3;1;4010020000001045;401002
6;10;2011;AT02;120;1;3;1;4000030000009922;400003
28;06;2012;AT14;65;1;4;1;4000030000006353;400003
18;09;2012;AT15;250;1;4;1;4000020000008680;400002
7;02;2011;AT18;105;1;1;1;4010010000003464;401001
16;11;2012;AT05;145;1;4;1;4010010000005732;401001
19;08;2011;AT05;10;1;4;1;4000020000005394;400002
16;10;2010;AT13;125;1;4;1;4000030000001048;400003
20;09;2010;AT01;25;1;3;1;4010020000006730;401002
16;08;2011;AT16;45;1;4;1;4000040000003028;400004
8;08;2012;AT25;50;1;1;1;4000030000009678;400003
2;07;2011;AT14;45;1;4;1;4000030000006208;400003
6;09;2011;AT25;105;1;4;1;4010020000004496;401002
22;04;2012;AT19;105;1;2;1;4000010000004082;400001
6;12;2012;AT15;25;1;5;1;4010010000004068;401001
22;05;2010;AT18;40;1;2;1;4010020000008701;401002
25;08;2010;AT08;30;1;1;1;4010020000006553;401002
8;02;2011;AT07;120;1;4;1;4000010000004739;400001
30;03;2010;AT02;30;1;3;1;4010020000002428;401002
23;09;2010;AT04;90;1;5;1;4010020000006327;401002
11;10;2010;AT22;25;1;4;1;4010010000002869;401001
16;02;2010;AT11;90;1;3;1;4010020000008946;401002
4;09;2012;AT20;110;1;3;1;4000010000005039;400001
26;11;2012;AT06;90;1;3;1;4000040000004765;400004
6;09;2011;AT07;70;1;3;1;4010020000005664;401002
25;12;2010;AT01;85;1;5;1;4010010000008280;401001
28;02;2011;AT24;45;1;2;1;4000040000005495;400004
25;10;2010;AT14;135;1;3;1;4010010000001541;401001
19;11;2012;AT11;25;1;2;1;4010020000006312;401002
30;09;2011;AT13;125;1;2;1;4010010000005146;401001
12;10;2010;AT09;65;1;3;1;4010020000001968;401002
6;10;2012;AT20;60;1;4;1;4000020000009080;400002
8;09;2010;AT08;65;1;4;1;4000020000002287;400002
17;10;2010;AT20;5;1;2;1;4010020000005083;401002
24;09;2012;AT02;200;1;1;1;4000040000002738;400004
25;10;2012;AT20;110;1;3;1;4010010000007460;401001
19;04;2010;AT05;35;1;3;1;4000010000004176;400001
29;10;2011;AT25;375;1;1;1;4010010000001549;401001
30;04;2011;AT08;145;1;1;1;4010020000004083;401002
19;07;2011;AT25;135;1;4;1;4010010000008158;401001
31;07;2011;AT22;110;1;3;1;4010010000004461;401001
20;03;2010;AT25;65;1;2;1;4010020000001549;401002
28;10;2011;AT18;115;1;4;1;4010010000006551;401001
30;07;2012;AT12;450;1;1;1;4010020000002789;401002
9;06;2011;AT22;450;1;3;1;4010010000007753;401001
17;05;2011;AT05;95;1;1;1;4000020000001458;400002
2;09;2010;AT02;85;1;5;1;4000010000002290;400001
4;11;2010;AT21;40;1;2;1;4000020000007651;400002
19;06;2012;AT23;85;1;2;1;4010020000002199;401002
6;02;2012;AT04;450;1;5;1;4000010000004410;400001
22;01;2010;AT17;300;1;4;1;4010020000009524;401002
10;09;2012;AT23;175;1;4;1;4010020000003448;401002
19;01;2012;AT04;25;1;5;1;4010020000006447;401002
10;02;2011;AT06;5;1;4;1;4000040000007056;400004
9;05;2011;AT15;300;1;4;1;4000040000001337;400004
27;07;2010;AT17;125;1;2;1;4010010000008369;401001
13;09;2012;AT25;10;1;4;1;4010010000005826;401001
4;02;2012;AT05;85;1;4;1;4000040000007640;400004
13;03;2012;AT13;85;1;4;1;4000010000005187;400001
15;03;2011;AT22;95;1;3;1;4000040000004999;400004
28;08;2012;AT18;10;1;4;1;4000030000003199;400003
6;09;2010;AT02;90;1;3;1;4000020000003872;400002
29;11;2010;AT13;95;1;2;1;4010010000004394;401001
20;04;2011;AT01;145;1;1;1;4000020000002520;400002
27;02;2012;AT24;300;1;3;1;4010020000001754;401002
14;08;2012;AT06;70;1;1;1;4000040000002568;400004
28;02;2011;AT08;10;1;1;1;4000020000007012;400002
29;09;2012;AT01;45;1;5;1;4000020000002015;400002
11;01;2011;AT01;65;1;2;1;4000030000003991;400003
18;08;2011;AT15;175;1;4;1;4000010000005977;400001
22;08;2010;AT21;375;1;3;1;4010020000006809;401002
10;04;2012;AT12;145;1;4;1;4000030000008821;400003
12;09;2012;AT25;35;1;5;1;4000020000006822;400002
7;02;2012;AT20;35;1;4;1;4000040000001886;400004
13;04;2010;AT15;30;1;2;1;4000040000008109;400004
1;03;2012;AT24;40;1;5;1;4000020000009751;400002
26;05;2012;AT01;45;1;3;1;4000020000005016;400002
29;08;2010;AT03;15;1;4;1;4010020000003603;401002
27;12;2012;AT23;35;1;5;1;4000040000004275;400004
17;11;2011;AT14;145;1;2;1;4000040000002119;400004
18;06;2011;AT18;110;1;5;1;4000030000005484;400003
3;11;2011;AT17;65;1;2;1;4000030000008126;400003
7;05;2010;AT03;115;1;4;1;4000020000004454;400002
4;02;2010;AT01;5;1;2;1;4010020000002810;401002
4;03;2011;AT17;200;1;4;1;4000020000001911;400002
18;02;2011;AT20;15;1;5;1;4000030000002138;400003
7;11;2012;AT23;50;1;4;1;4000010000003593;400001
19;03;2011;AT07;55;1;4;1;4010020000008340;401002
22;03;2011;AT08;145;1;1;1;4000040000001982;400004
11;11;2012;AT15;50;1;4;1;4010010000004708;401001
23;05;2012;AT06;30;1;1;1;4000020000007903;400002
12;05;2011;AT14;175;1;4;1;4000010000002416;400001
11;03;2011;AT19;300;1;1;1;4000030000004091;400003
25;12;2010;AT14;20;1;5;1;4010010000004549;401001
23;11;2010;AT15;40;1;2;1;4010020000004417;401002
11;04;2010;AT07;145;1;5;1;4010010000006030;401001
1;05;2012;AT04;5;1;2;1;4000030000005491;400003
26;01;2012;AT04;45;1;2;1;4000030000004438;400003
4;02;2010;AT06;105;1;1;1;4000010000005505;400001
17;04;2010;AT09;105;1;4;1;4010010000007052;401001
18;11;2011;AT11;200;1;1;1;4000020000003800;400002
17;06;2010;AT18;125;1;3;1;4000010000007816;400001
20;05;2011;AT06;300;1;3;1;4000040000008348;400004
3;05;2012;AT05;55;1;4;1;4000010000005293;400001
24;09;2010;AT19;35;1;2;1;4000020000008069;400002
10;02;2012;AT24;55;1;3;1;4010010000007780;401001
11;09;2011;AT02;30;1;4;1;4000020000009240;400002
11;08;2012;AT12;55;1;2;1;4010010000009472;401001
14;06;2012;AT24;145;1;4;1;4010010000003634;401001
7;11;2012;AT23;25;1;5;1;4000010000001989;400001
16;11;2011;AT14;90;1;1;1;4010010000009338;401001
29;03;2012;AT09;175;1;2;1;4000010000007514;400001
21;09;2010;AT07;375;1;4;1;4000040000002486;400004
29;08;2010;AT23;55;1;1;1;4010020000002172;401002
23;09;2012;AT08;150;1;5;1;4010020000008320;401002
14;05;2012;AT03;120;1;1;1;4010020000003279;401002
4;12;2010;AT25;200;1;3;1;4000040000009864;400004
12;12;2010;AT05;80;1;3;1;4000030000003313;400003
17;12;2011;AT16;15;1;5;1;4000010000003592;400001
13;02;2010;AT25;65;1;4;1;4000010000004808;400001
21;03;2012;AT17;120;1;4;1;4010010000001384;401001
11;07;2011;AT09;5;1;1;1;4010020000006078;401002
15;01;2011;AT07;80;1;4;1;4000020000007777;400002
15;06;2011;AT12;25;1;2;1;4010010000009520;401001
22;10;2011;AT04;10;1;4;1;4000020000006965;400002
11;06;2010;AT17;115;1;1;1;4000020000003596;400002
19;05;2011;AT25;300;1;1;1;4010010000001942;401001
7;09;2011;AT01;40;1;5;1;4010010000007577;401001
8;01;2010;AT25;30;1;2;1;4000010000009668;400001
11;02;2011;AT16;175;1;5;1;4010010000005547;401001
12;05;2012;AT25;95;1;1;1;4000030000008358;400003
8;09;2010;AT14;105;1;5;1;4010010000007493;401001
29;10;2010;AT15;15;1;3;1;4000020000003990;400002
25;03;2010;AT09;15;1;2;1;4000030000002013;400003
28;11;2010;AT05;450;1;2;1;4000020000009011;400002
12;03;2010;AT22;145;1;4;1;4000020000009463;400002
19;11;2012;AT02;95;1;2;1;4000040000006714;400004
30;07;2010;AT09;200;1;3;1;4000010000009018;400001
15;01;2010;AT05;50;1;3;1;4000020000005910;400002
6;07;2012;AT12;500;1;4;1;4000020000005377;400002
16;11;2011;AT25;375;1;5;1;4000010000006322;400001
9;12;2011;AT24;145;1;5;1;4000020000008449;400002
30;06;2011;AT21;375;1;1;1;4000030000004568;400003
16;04;2010;AT12;90;1;4;1;4010010000009658;401001
28;11;2010;AT09;10;1;3;1;4000030000005300;400003
23;01;2010;AT20;500;1;1;1;4000040000008629;400004
19;06;2012;AT18;300;1;5;1;4000030000008191;400003
1;08;2010;AT02;145;1;2;1;4010010000003626;401001
17;03;2010;AT25;95;1;5;1;4000010000003851;400001
16;11;2012;AT13;200;1;5;1;4010010000001391;401001
2;12;2012;AT22;30;1;3;1;4000030000001058;400003
19;08;2012;AT13;150;1;4;1;4010020000005512;401002
29;05;2012;AT10;45;1;5;1;4000010000004234;400001
16;11;2010;AT08;20;1;4;1;4010020000003135;401002
26;01;2011;AT19;250;1;1;1;4000020000008517;400002
18;12;2010;AT14;65;1;5;1;4000030000005011;400003
26;02;2011;AT08;60;1;2;1;4010010000007822;401001
28;04;2010;AT11;300;1;1;1;4010010000007975;401001
4;10;2010;AT01;40;1;4;1;4000030000005512;400003
27;03;2012;AT18;100;1;2;1;4010010000003321;401001
6;11;2011;AT08;10;1;3;1;4000010000005696;400001
11;04;2012;AT05;300;1;4;1;4000040000003155;400004
27;02;2011;AT16;90;1;5;1;4000040000008565;400004
24;08;2010;AT10;175;1;5;1;4000010000002552;400001
26;12;2011;AT03;75;1;4;1;4000010000001888;400001
17;09;2011;AT22;70;1;4;1;4010010000001076;401001
5;02;2012;AT01;500;1;5;1;4010020000007237;401002
23;03;2010;AT16;375;1;4;1;4000030000008328;400003
12;08;2011;AT10;90;1;3;1;4000020000003103;400002
17;06;2010;AT09;35;1;5;1;4000030000005471;400003
6;10;2010;AT21;40;1;4;1;4000030000002164;400003
6;06;2011;AT03;85;1;5;1;4010010000007208;401001
28;02;2011;AT23;25;1;3;1;4000040000001490;400004
21;04;2011;AT23;50;1;4;1;4000040000007992;400004
12;09;2011;AT15;90;1;5;1;4000010000002674;400001
11;02;2010;AT24;50;1;2;1;4000010000007069;400001
4;06;2012;AT05;75;1;4;1;4000020000005246;400002
24;11;2011;AT23;70;1;1;1;4010020000004657;401002
2;06;2010;AT06;145;1;4;1;4010010000005681;401001
11;10;2012;AT10;80;1;2;1;4000030000009468;400003
2;03;2011;AT11;150;1;1;1;4000030000008951;400003
16;12;2011;AT12;20;1;1;1;4000020000007082;400002
30;07;2011;AT24;450;1;4;1;4000040000001936;400004
29;10;2011;AT07;35;1;5;1;4000020000003116;400002
24;06;2012;AT09;5;1;1;1;4010010000007556;401001
15;12;2010;AT18;450;1;3;1;4010010000004785;401001
7;07;2012;AT15;250;1;4;1;4000040000001168;400004
10;09;2012;AT04;145;1;5;1;4000010000008314;400001
6;07;2010;AT10;500;1;1;1;4000040000005499;400004
17;06;2012;AT23;50;1;1;1;4010020000006102;401002
28;04;2010;AT17;95;1;4;1;4000010000005575;400001
4;11;2012;AT16;80;1;3;1;4000020000009485;400002
1;11;2011;AT08;70;1;2;1;4000020000009834;400002
30;04;2012;AT24;75;1;3;1;4000010000005598;400001
16;03;2011;AT09;500;1;2;1;4010010000007541;401001
2;03;2010;AT09;55;1;2;1;4000010000006632;400001
3;09;2011;AT10;200;1;4;1;4000020000007511;400002
21;03;2011;AT08;110;1;2;1;4000020000004761;400002
9;05;2011;AT09;120;1;4;1;4010020000007831;401002
30;06;2010;AT09;35;1;2;1;4010010000009056;401001
14;09;2010;AT09;20;1;4;1;4000040000004156;400004
9;07;2012;AT10;55;1;5;1;4010020000003658;401002
27;02;2011;AT23;45;1;3;1;4000010000005279;400001
23;11;2012;AT05;90;1;1;1;4010010000005324;401001
11;11;2010;AT25;500;1;1;1;4010020000003774;401002
8;11;2011;AT08;35;1;2;1;4000020000009884;400002
25;07;2010;AT13;125;1;5;1;4010010000009229;401001
7;07;2010;AT23;90;1;4;1;4000040000001638;400004
3;11;2011;AT04;145;1;3;1;4010020000001532;401002
7;12;2010;AT13;120;1;3;1;4000030000004103;400003
29;10;2012;AT21;100;1;5;1;4000040000006047;400004
30;05;2012;AT20;120;1;5;1;4010020000006770;401002
20;12;2012;AT09;5;1;2;1;4010020000001214;401002
16;11;2010;AT16;35;1;2;1;4000020000006518;400002
15;01;2010;AT02;75;1;1;1;4010010000006147;401001
10;05;2012;AT09;90;1;4;1;4000040000001334;400004
19;02;2012;AT07;135;1;4;1;4010020000003583;401002
10;11;2011;AT13;85;1;5;1;4000010000006375;400001
9;09;2012;AT23;25;1;1;1;4000010000003501;400001
1;03;2012;AT04;80;1;4;1;4000040000005882;400004
11;12;2010;AT23;145;1;4;1;4000030000004869;400003
30;01;2010;AT21;5;1;1;1;4000020000002279;400002
23;06;2012;AT07;145;1;5;1;4000010000007867;400001
18;03;2011;AT14;250;1;2;1;4010010000006798;401001
16;12;2011;AT03;55;1;3;1;4000030000004477;400003
26;03;2012;AT22;65;1;2;1;4000020000003735;400002
23;09;2010;AT02;55;1;1;1;4000010000003630;400001
9;02;2011;AT07;90;1;4;1;4010020000001622;401002
14;07;2010;AT14;80;1;3;1;4010010000007123;401001
26;08;2010;AT16;55;1;4;1;4010020000009896;401002
22;10;2011;AT15;100;1;5;1;4000030000006167;400003
4;02;2011;AT22;55;1;1;1;4000020000007476;400002
22;09;2011;AT05;80;1;4;1;4010020000008514;401002
23;05;2012;AT14;300;1;2;1;4010010000004013;401001
29;10;2012;AT04;70;1;4;1;4000030000001619;400003
8;08;2010;AT13;25;1;3;1;4000010000001124;400001
16;08;2012;AT06;125;1;5;1;4000010000002326;400001
7;10;2011;AT09;500;1;3;1;4010020000003184;401002
14;03;2012;AT04;90;1;2;1;4000030000005906;400003
17;10;2011;AT25;120;1;2;1;4000010000001622;400001
16;03;2010;AT22;35;1;5;1;4000030000004906;400003
27;12;2012;AT01;100;1;2;1;4000030000002909;400003
10;03;2011;AT23;55;1;3;1;4010020000003060;401002
14;04;2010;AT24;80;1;5;1;4000030000002279;400003
17;04;2012;AT07;75;1;2;1;4000010000007274;400001
25;05;2012;AT11;500;1;3;1;4000010000007962;400001
11;11;2011;AT01;150;1;4;1;4000010000007106;400001
23;11;2011;AT21;40;1;4;1;4000010000002827;400001
2;05;2012;AT22;45;1;1;1;4010010000007604;401001
24;07;2010;AT14;20;1;3;1;4010010000004008;401001
18;07;2012;AT13;375;1;5;1;4010010000004037;401001
10;06;2011;AT02;105;1;2;1;4000020000009240;400002
14;04;2010;AT11;20;1;4;1;4000040000007942;400004
28;06;2010;AT03;10;1;1;1;4000040000004130;400004
5;05;2011;AT09;200;1;1;1;4000040000003197;400004
18;08;2011;AT02;125;1;4;1;4000040000003152;400004
25;08;2011;AT01;40;1;3;1;4000010000009848;400001
11;11;2010;AT09;30;1;1;1;4000010000007383;400001
13;03;2012;AT13;65;1;4;1;4000030000001689;400003
2;07;2012;AT15;175;1;4;1;4010020000006710;401002
18;03;2012;AT07;85;1;4;1;4000020000009183;400002
4;11;2010;AT23;105;1;5;1;4000010000001626;400001
31;08;2011;AT08;90;1;3;1;4010020000009994;401002
13;10;2011;AT12;40;1;1;1;4000020000009764;400002
13;02;2011;AT18;5;1;4;1;4010010000004854;401001
7;02;2010;AT05;45;1;2;1;4010010000006780;401001
29;08;2011;AT15;75;1;1;1;4000020000006645;400002
21;11;2010;AT09;450;1;2;1;4000020000005597;400002
8;04;2012;AT19;115;1;5;1;4010010000004041;401001
18;08;2011;AT15;80;1;4;1;4000010000006186;400001
18;08;2010;AT17;55;1;4;1;4000020000008866;400002
17;05;2011;AT14;120;1;5;1;4000020000007119;400002
10;11;2012;AT22;70;1;1;1;4010010000001280;401001
3;05;2012;AT15;150;1;3;1;4000030000002346;400003
17;09;2012;AT22;25;1;3;1;4000020000004578;400002
11;06;2010;AT12;125;1;2;1;4010020000005179;401002
5;09;2011;AT08;15;1;4;1;4000010000008200;400001
24;10;2010;AT04;25;1;5;1;4000040000003292;400004
2;07;2010;AT08;115;1;5;1;4000030000009851;400003
17;11;2012;AT12;150;1;4;1;4000020000004712;400002
16;11;2011;AT09;85;1;2;1;4010020000006182;401002
18;09;2012;AT13;85;1;4;1;4010010000001701;401001
16;11;2012;AT21;10;1;1;1;4010010000008666;401001
25;02;2012;AT08;45;1;1;1;4010020000006190;401002
8;06;2010;AT01;85;1;5;1;4010020000002162;401002
2;04;2011;AT18;300;1;3;1;4000040000003314;400004
30;07;2011;AT10;115;1;3;1;4000040000002098;400004
24;03;2010;AT06;450;1;1;1;4000020000006004;400002
28;05;2010;AT02;250;1;2;1;4000030000006006;400003
20;11;2010;AT25;15;1;2;1;4000040000001125;400004
10;07;2012;AT23;120;1;3;1;4000030000002784;400003
29;08;2010;AT21;50;1;5;1;4000030000006995;400003
5;05;2010;AT08;110;1;3;1;4000010000006353;400001
21;04;2011;AT13;110;1;1;1;4000010000001654;400001
20;05;2010;AT16;45;1;1;1;4000020000008352;400002
24;12;2011;AT01;5;1;4;1;4000010000008729;400001
15;07;2011;AT01;500;1;2;1;4010020000005052;401002
27;06;2012;AT17;45;1;3;1;4010010000001010;401001
7;08;2011;AT11;80;1;5;1;4000030000008059;400003
14;09;2011;AT20;110;1;4;1;4000030000005357;400003
27;04;2011;AT06;90;1;1;1;4010020000007179;401002
27;02;2012;AT05;85;1;2;1;4000010000007921;400001
13;03;2011;AT07;50;1;2;1;4000030000006901;400003
5;10;2011;AT21;375;1;4;1;4000040000003509;400004
29;07;2011;AT02;500;1;3;1;4000010000001365;400001
13;06;2012;AT12;120;1;5;1;4000020000008000;400002
2;02;2010;AT04;145;1;3;1;4000020000005658;400002
2;03;2010;AT08;500;1;1;1;4000030000007078;400003
7;06;2011;AT12;50;1;3;1;4000030000002062;400003
21;08;2010;AT03;200;1;3;1;4000010000002285;400001
8;05;2011;AT10;100;1;2;1;4000030000001112;400003
30;05;2010;AT24;200;1;2;1;4000040000003541;400004
11;06;2012;AT24;55;1;2;1;4000030000009560;400003
28;02;2010;AT06;125;1;4;1;4000010000007324;400001
22;07;2010;AT04;125;1;5;1;4000030000009861;400003
2;08;2012;AT18;120;1;1;1;4010020000001964;401002
10;08;2012;AT14;500;1;4;1;4010020000001968;401002
15;04;2012;AT14;45;1;4;1;4010020000002351;401002
2;03;2011;AT22;200;1;3;1;4010020000003222;401002
7;08;2010;AT01;50;1;2;1;4000030000003854;400003
9;09;2010;AT08;30;1;4;1;4010020000006924;401002
30;04;2010;AT24;300;1;3;1;4000020000009098;400002
17;12;2011;AT16;5;1;4;1;4000010000004239;400001
19;07;2012;AT11;125;1;3;1;4000020000003771;400002
9;06;2010;AT16;375;1;2;1;4000030000004121;400003
29;06;2011;AT25;5;1;2;1;4000040000008369;400004
25;06;2011;AT03;105;1;5;1;4010020000001882;401002
9;04;2012;AT25;110;1;1;1;4000040000008112;400004
28;07;2011;AT01;105;1;2;1;4000030000008551;400003
3;04;2010;AT10;100;1;4;1;4000020000003341;400002
25;12;2012;AT21;145;1;4;1;4000010000008088;400001
21;03;2011;AT17;80;1;1;1;4010020000004966;401002
24;05;2011;AT17;375;1;1;1;4010010000006530;401001
26;04;2012;AT25;25;1;2;1;4000040000008980;400004
1;04;2011;AT01;90;1;1;1;4000040000001865;400004
6;02;2010;AT23;450;1;5;1;4010010000005317;401001
23;07;2012;AT18;250;1;3;1;4000010000001211;400001
12;05;2010;AT25;105;1;4;1;4010010000006020;401001
8;08;2011;AT08;45;1;2;1;4000010000004655;400001
4;01;2010;AT18;65;1;4;1;4000020000007827;400002
7;10;2012;AT13;250;1;4;1;4000030000002906;400003
18;02;2010;AT14;150;1;5;1;4000020000004590;400002
19;02;2012;AT08;60;1;4;1;4000030000002655;400003
18;05;2010;AT07;375;1;1;1;4000020000002033;400002
18;07;2011;AT07;200;1;5;1;4000040000008508;400004
16;07;2012;AT08;200;1;1;1;4010020000002583;401002
9;04;2010;AT18;110;1;5;1;4000010000002465;400001
24;11;2011;AT10;105;1;5;1;4010010000004325;401001
29;06;2010;AT14;110;1;4;1;4010010000002969;401001
8;02;2010;AT09;95;1;3;1;4010020000003898;401002
22;03;2011;AT17;500;1;2;1;4010010000003116;401001
12;02;2011;AT06;200;1;3;1;4000040000002526;400004
20;04;2012;AT14;95;1;3;1;4000040000003228;400004
29;03;2010;AT05;300;1;5;1;4010020000001262;401002
23;01;2012;AT11;250;1;4;1;4010010000007119;401001
10;02;2012;AT04;70;1;2;1;4000010000009187;400001
14;10;2010;AT08;10;1;4;1;4000020000001621;400002
22;07;2011;AT17;115;1;1;1;4000040000008627;400004
13;06;2011;AT12;55;1;5;1;4000010000002710;400001
9;05;2010;AT19;50;1;5;1;4000020000001702;400002
17;08;2010;AT05;375;1;4;1;4000020000001086;400002
8;08;2010;AT25;75;1;3;1;4000020000007705;400002
9;09;2010;AT07;50;1;1;1;4000040000001253;400004
5;06;2011;AT11;70;1;1;1;4010010000009468;401001
29;12;2011;AT24;85;1;4;1;4000020000004851;400002
21;06;2010;AT10;135;1;1;1;4000010000004304;400001
9;07;2012;AT06;115;1;5;1;4010020000005665;401002
16;11;2012;AT07;125;1;3;1;4000020000001818;400002
1;05;2012;AT15;175;1;2;1;4000030000007616;400003
4;07;2010;AT13;105;1;3;1;4010020000001789;401002
14;09;2010;AT16;500;1;1;1;4000040000003221;400004
26;11;2011;AT20;95;1;3;1;4000020000002728;400002
27;05;2010;AT02;75;1;5;1;4000040000009034;400004
6;10;2010;AT25;150;1;3;1;4000040000007568;400004
15;07;2011;AT15;500;1;4;1;4010020000001817;401002
5;06;2010;AT17;70;1;2;1;4000020000005661;400002
5;05;2010;AT08;80;1;5;1;4000010000003011;400001
19;07;2011;AT24;75;1;5;1;4000010000008024;400001
19;10;2011;AT10;135;1;3;1;4000020000004756;400002
22;10;2011;AT10;300;1;3;1;4000020000009374;400002
20;09;2010;AT06;5;1;2;1;4000010000009085;400001
27;11;2010;AT10;300;1;1;1;4000040000002679;400004
26;12;2010;AT15;10;1;3;1;4000030000001314;400003
28;09;2011;AT12;110;1;4;1;4010020000008270;401002
25;11;2011;AT17;90;1;1;1;4000010000007875;400001
19;05;2011;AT21;70;1;4;1;4010010000009616;401001
10;10;2011;AT08;5;1;1;1;4010020000005718;401002
3;03;2010;AT23;50;1;4;1;4000020000002040;400002
8;02;2011;AT23;105;1;5;1;4000010000003402;400001
20;07;2011;AT13;135;1;4;1;4000040000005806;400004
1;04;2011;AT07;100;1;3;1;4010010000007237;401001
10;06;2010;AT13;60;1;4;1;4000010000003609;400001
20;06;2010;AT21;120;1;3;1;4000030000008835;400003
17;02;2012;AT10;60;1;5;1;4010010000006375;401001
24;10;2010;AT12;200;1;2;1;4010010000002109;401001
3;10;2010;AT23;45;1;4;1;4000030000008594;400003
26;03;2012;AT03;65;1;1;1;4010010000006598;401001
4;07;2010;AT21;30;1;3;1;4000010000006075;400001
9;05;2010;AT22;125;1;1;1;4000040000007977;400004
6;03;2012;AT15;200;1;3;1;4010020000001736;401002
17;08;2010;AT09;100;1;3;1;4000040000004569;400004
19;03;2010;AT01;40;1;4;1;4010020000002369;401002
26;02;2012;AT09;5;1;4;1;4000010000003461;400001
7;02;2010;AT25;30;1;5;1;4010010000002289;401001
27;08;2012;AT24;20;1;1;1;4010020000007452;401002
6;12;2011;AT11;75;1;1;1;4000030000004113;400003
19;10;2010;AT01;80;1;4;1;4000020000001902;400002
10;08;2012;AT11;35;1;2;1;4010010000006936;401001
20;09;2012;AT13;55;1;4;1;4000020000005845;400002
9;11;2012;AT02;10;1;4;1;4000040000003550;400004
18;01;2012;AT24;80;1;5;1;4000020000007005;400002
15;03;2011;AT06;105;1;1;1;4010010000005502;401001
9;09;2011;AT02;95;1;2;1;4000030000002936;400003
18;12;2012;AT20;40;1;4;1;4010010000002284;401001
4;09;2010;AT04;145;1;5;1;4000010000009052;400001
23;08;2011;AT11;150;1;1;1;4000020000003702;400002
30;09;2010;AT14;135;1;1;1;4000010000008575;400001
10;12;2010;AT20;30;1;2;1;4000030000004241;400003
30;04;2010;AT09;40;1;4;1;4000010000002805;400001
17;01;2010;AT09;10;1;2;1;4000030000001045;400003
18;09;2010;AT21;300;1;2;1;4010010000005090;401001
2;08;2012;AT24;115;1;2;1;4010010000001151;401001
8;04;2011;AT21;5;1;3;1;4000030000008252;400003
8;05;2010;AT06;5;1;1;1;4000040000008546;400004
15;06;2010;AT02;100;1;2;1;4010010000003284;401001
28;02;2011;AT21;35;1;2;1;4000010000003705;400001
13;04;2012;AT03;175;1;5;1;4010020000006303;401002
22;06;2012;AT17;90;1;1;1;4000010000006472;400001
6;12;2012;AT02;110;1;5;1;4010020000009601;401002
8;09;2010;AT22;55;1;3;1;4000040000003919;400004
13;09;2012;AT22;10;1;3;1;4000010000002738;400001
4;11;2012;AT23;95;1;1;1;4000040000004038;400004
17;03;2011;AT19;35;1;1;1;4000040000002823;400004
24;03;2011;AT18;40;1;2;1;4000010000006105;400001
9;06;2011;AT06;35;1;5;1;4010010000005737;401001
28;09;2011;AT08;135;1;2;1;4000020000004117;400002
19;01;2010;AT04;90;1;2;1;4010020000007079;401002
13;03;2011;AT02;80;1;5;1;4010020000007557;401002
10;03;2011;AT08;95;1;4;1;4010010000001040;401001
10;06;2012;AT17;70;1;1;1;4000010000005554;400001
30;06;2010;AT14;25;1;1;1;4000020000009893;400002
20;02;2010;AT10;85;1;4;1;4000020000008018;400002
11;11;2011;AT11;15;1;5;1;4000040000001986;400004
18;07;2011;AT08;135;1;5;1;4000030000005135;400003
24;09;2012;AT22;95;1;3;1;4000030000002568;400003
23;07;2011;AT13;75;1;5;1;4010010000009121;401001
12;02;2012;AT22;200;1;5;1;4000040000006687;400004
21;06;2010;AT07;120;1;3;1;4010010000004019;401001
3;07;2012;AT04;30;1;4;1;4010020000005560;401002
22;08;2012;AT22;100;1;2;1;4000020000009448;400002
20;04;2012;AT17;250;1;1;1;4010010000007785;401001
26;05;2010;AT02;125;1;1;1;4010010000005349;401001
12;07;2010;AT21;250;1;3;1;4000020000004792;400002
18;10;2012;AT06;250;1;5;1;4000020000005787;400002
22;06;2011;AT14;60;1;1;1;4000040000003053;400004
18;09;2012;AT08;95;1;3;1;4000040000003064;400004
25;07;2011;AT19;25;1;1;1;4000010000007008;400001
21;10;2011;AT05;100;1;1;1;4000010000002614;400001
21;05;2012;AT22;90;1;4;1;4000010000004277;400001
31;10;2011;AT07;75;1;2;1;4000010000006311;400001
18;07;2011;AT19;450;1;5;1;4000040000004604;400004
24;11;2012;AT22;30;1;5;1;4010010000009874;401001
21;04;2012;AT01;35;1;1;1;4010010000001058;401001
19;05;2011;AT03;450;1;4;1;4010020000006734;401002
3;08;2011;AT13;150;1;4;1;4000020000007390;400002
20;10;2011;AT06;250;1;3;1;4000030000007170;400003
10;10;2011;AT17;145;1;1;1;4000010000006941;400001
30;10;2011;AT01;25;1;5;1;4000030000008813;400003
20;02;2012;AT06;250;1;1;1;4000030000009078;400003
28;12;2012;AT20;120;1;1;1;4000040000005116;400004
4;05;2010;AT03;10;1;5;1;4000010000009372;400001
13;07;2010;AT08;20;1;3;1;4010020000005218;401002
22;11;2011;AT12;95;1;2;1;4010020000003730;401002
11;09;2012;AT20;250;1;4;1;4000040000006829;400004
10;02;2010;AT02;110;1;4;1;4010010000008298;401001
29;08;2010;AT21;90;1;2;1;4000020000003398;400002
29;10;2012;AT25;45;1;4;1;4010020000007312;401002
8;04;2012;AT06;40;1;3;1;4000020000007452;400002
9;06;2012;AT02;75;1;4;1;4000040000005448;400004
26;08;2010;AT07;450;1;3;1;4010020000008782;401002
21;05;2012;AT19;20;1;5;1;4000010000009398;400001
11;10;2012;AT11;95;1;2;1;4000040000005953;400004
2;08;2012;AT11;40;1;1;1;4000010000004486;400001
24;03;2010;AT01;150;1;5;1;4000040000002671;400004
20;02;2010;AT03;5;1;2;1;4000040000006425;400004
30;04;2010;AT06;115;1;2;1;4000020000005404;400002
5;06;2012;AT15;60;1;1;1;4000020000002734;400002
18;09;2010;AT17;65;1;5;1;4010010000003637;401001
19;05;2010;AT22;40;1;2;1;4000040000001227;400004
25;09;2012;AT07;250;1;5;1;4000030000006364;400003
29;06;2010;AT20;90;1;5;1;4000040000004659;400004
28;07;2011;AT22;35;1;5;1;4000040000003568;400004
20;11;2011;AT03;95;1;3;1;4000010000004960;400001
5;04;2012;AT25;65;1;3;1;4000020000008693;400002
9;05;2011;AT23;75;1;4;1;4000020000008235;400002
11;03;2011;AT05;100;1;1;1;4010010000001337;401001
26;11;2011;AT21;65;1;1;1;4000040000004362;400004
29;09;2011;AT14;200;1;3;1;4010010000002450;401001
26;07;2010;AT08;90;1;3;1;4000020000004032;400002
9;08;2012;AT23;15;1;5;1;4010010000009011;401001
10;07;2011;AT05;50;1;1;1;4010010000006268;401001
8;07;2010;AT22;5;1;2;1;4010010000005568;401001
15;01;2011;AT09;135;1;1;1;4000040000002098;400004
15;02;2012;AT16;95;1;2;1;4000010000006043;400001
5;02;2012;AT05;125;1;2;1;4000020000006098;400002
7;03;2012;AT17;90;1;4;1;4000030000007714;400003
21;10;2012;AT01;40;1;3;1;4000030000002676;400003
23;07;2010;AT16;60;1;1;1;4000020000004799;400002
7;03;2011;AT15;500;1;4;1;4000020000005922;400002
25;03;2011;AT09;105;1;3;1;4000010000007558;400001
30;05;2010;AT22;95;1;3;1;4010020000005945;401002
7;03;2011;AT19;135;1;4;1;4000010000007167;400001
13;02;2010;AT06;50;1;3;1;4010010000003143;401001
2;03;2011;AT08;50;1;4;1;4000020000003098;400002
17;09;2012;AT20;50;1;5;1;4000010000005107;400001
4;08;2011;AT01;120;1;2;1;4010010000005599;401001
27;09;2010;AT11;375;1;3;1;4010020000002266;401002
10;06;2011;AT13;110;1;4;1;4000030000003780;400003
31;01;2011;AT17;30;1;1;1;4000040000005427;400004
12;06;2010;AT17;65;1;4;1;4010020000008569;401002
26;12;2010;AT17;10;1;3;1;4000030000008514;400003
5;10;2010;AT02;90;1;1;1;4000040000008248;400004
13;03;2010;AT09;200;1;3;1;4000030000002563;400003
12;08;2010;AT06;15;1;2;1;4000030000009733;400003
10;12;2011;AT13;35;1;1;1;4010020000006754;401002
30;06;2010;AT24;65;1;3;1;4000020000008511;400002
25;12;2011;AT15;115;1;5;1;4000010000006429;400001
8;08;2010;AT07;60;1;5;1;4010010000009546;401001
18;02;2012;AT08;15;1;1;1;4000030000007687;400003
2;05;2012;AT25;250;1;5;1;4000030000006103;400003
21;07;2010;AT18;45;1;4;1;4000030000003038;400003
17;08;2011;AT10;20;1;4;1;4000010000006587;400001
11;06;2011;AT09;45;1;5;1;4010010000003141;401001
18;04;2012;AT22;5;1;5;1;4000020000005501;400002
15;04;2012;AT02;300;1;4;1;4010010000002049;401001
29;07;2010;AT23;125;1;1;1;4010020000002793;401002
20;03;2010;AT25;70;1;3;1;4010010000002195;401001
5;09;2010;AT02;135;1;2;1;4000040000009800;400004
9;08;2010;AT17;150;1;1;1;4000040000009553;400004
1;05;2010;AT16;30;1;2;1;4000010000005913;400001
13;08;2012;AT25;80;1;2;1;4000010000004490;400001
6;10;2010;AT06;35;1;2;1;4000040000005955;400004
3;03;2011;AT10;50;1;5;1;4000020000009331;400002
28;02;2012;AT13;250;1;3;1;4010020000001393;401002
16;11;2012;AT01;125;1;1;1;4010010000003025;401001
8;01;2010;AT09;40;1;5;1;4000020000001571;400002
27;02;2011;AT17;40;1;4;1;4000020000004819;400002
3;04;2012;AT09;200;1;2;1;4000020000003482;400002
3;12;2010;AT10;65;1;2;1;4010020000001715;401002
22;11;2011;AT21;250;1;5;1;4000030000006340;400003
18;07;2011;AT10;105;1;2;1;4000010000005723;400001
13;09;2010;AT16;65;1;5;1;4010020000006956;401002
21;05;2012;AT13;105;1;2;1;4010010000005302;401001
21;05;2012;AT19;200;1;5;1;4010010000002297;401001
14;01;2012;AT11;95;1;2;1;4010010000002485;401001
29;04;2010;AT17;90;1;5;1;4000030000001911;400003
1;02;2012;AT09;50;1;1;1;4000010000004016;400001
3;04;2012;AT10;75;1;3;1;4000040000007641;400004
30;04;2010;AT20;125;1;3;1;4010010000004288;401001
17;01;2012;AT21;90;1;4;1;4000010000005789;400001
27;05;2012;AT14;75;1;5;1;4010010000004112;401001
28;07;2011;AT16;110;1;2;1;4000010000002184;400001
14;05;2011;AT16;375;1;5;1;4000030000005213;400003
18;09;2012;AT06;60;1;4;1;4000010000002840;400001
7;04;2011;AT16;55;1;5;1;4000030000009500;400003
2;05;2011;AT22;15;1;4;1;4010020000004275;401002
19;03;2012;AT03;175;1;1;1;4000020000008501;400002
27;07;2010;AT08;45;1;4;1;4010020000006259;401002
3;07;2011;AT18;70;1;3;1;4000020000005962;400002
12;09;2012;AT15;60;1;1;1;4000020000009487;400002
26;05;2012;AT09;250;1;5;1;4000040000003553;400004
7;10;2012;AT17;150;1;2;1;4000040000004193;400004
19;09;2012;AT11;55;1;1;1;4010020000009787;401002
1;08;2010;AT19;95;1;3;1;4010010000007317;401001
24;04;2012;AT13;20;1;1;1;4000030000008868;400003
22;05;2011;AT04;450;1;2;1;4000030000008716;400003
30;03;2010;AT11;15;1;1;1;4010020000002497;401002
11;03;2011;AT20;105;1;3;1;4000040000005441;400004
14;06;2011;AT18;60;1;2;1;4010010000007229;401001
7;06;2012;AT13;95;1;5;1;4000010000008673;400001
18;01;2010;AT23;5;1;1;1;4000020000001031;400002
22;02;2012;AT03;40;1;5;1;4000020000008672;400002
12;05;2011;AT20;40;1;3;1;4000030000007621;400003
2;08;2011;AT25;100;1;3;1;4000040000005008;400004
26;06;2012;AT13;90;1;2;1;4010020000002269;401002
5;06;2010;AT02;450;1;4;1;4000010000002041;400001
23;06;2011;AT22;500;1;4;1;4000010000004886;400001
2;02;2011;AT11;125;1;3;1;4000030000009885;400003
23;03;2010;AT24;300;1;5;1;4010010000006047;401001
14;03;2010;AT24;375;1;5;1;4010010000008465;401001
9;12;2011;AT23;55;1;1;1;4000030000009979;400003
24;06;2011;AT07;5;1;3;1;4010010000004080;401001
14;05;2010;AT01;135;1;3;1;4000010000006360;400001
14;02;2010;AT07;115;1;3;1;4000030000008099;400003
25;09;2011;AT07;45;1;3;1;4000040000008832;400004
3;11;2010;AT23;500;1;5;1;4000040000004227;400004
31;10;2011;AT06;65;1;1;1;4000040000009908;400004
26;02;2010;AT23;200;1;3;1;4000030000007030;400003
19;11;2012;AT20;125;1;2;1;4000030000008302;400003
11;11;2011;AT08;450;1;5;1;4010020000007292;401002
22;07;2011;AT23;80;1;5;1;4000020000006490;400002
19;08;2012;AT23;55;1;5;1;4000040000006990;400004
27;12;2010;AT16;80;1;3;1;4000010000004762;400001
31;05;2012;AT22;100;1;3;1;4000030000006920;400003
16;08;2011;AT04;110;1;4;1;4000040000009741;400004
14;05;2011;AT13;30;1;3;1;4010010000006053;401001
12;08;2010;AT09;20;1;2;1;4010020000005686;401002
5;02;2012;AT24;60;1;1;1;4010010000008299;401001
26;12;2010;AT20;80;1;1;1;4000020000005897;400002
21;10;2010;AT06;10;1;2;1;4010010000005383;401001
23;01;2012;AT05;145;1;5;1;4010020000004814;401002
14;04;2010;AT13;175;1;5;1;4000010000006940;400001
22;01;2010;AT03;50;1;2;1;4000020000004571;400002
28;11;2011;AT06;145;1;3;1;4010010000004757;401001
21;03;2011;AT16;300;1;2;1;4000030000005237;400003
7;05;2012;AT02;35;1;4;1;4000010000002496;400001
31;10;2011;AT06;95;1;5;1;4000020000003212;400002
28;06;2012;AT03;20;1;3;1;4000030000004655;400003
9;08;2010;AT11;145;1;1;1;4000040000001988;400004
29;04;2012;AT04;85;1;5;1;4000010000006921;400001
18;10;2011;AT03;500;1;4;1;4010010000003316;401001
6;09;2010;AT18;40;1;2;1;4000030000005023;400003
22;10;2010;AT11;50;1;2;1;4000030000008766;400003
18;04;2012;AT06;450;1;3;1;4000010000006596;400001
7;10;2012;AT16;200;1;1;1;4010010000004441;401001
27;02;2011;AT24;90;1;5;1;4010020000003806;401002
19;09;2011;AT22;85;1;4;1;4010010000008110;401001
13;05;2012;AT04;250;1;5;1;4000040000001982;400004
12;11;2012;AT02;40;1;5;1;4000020000006352;400002
30;03;2010;AT25;80;1;2;1;4000040000003498;400004
4;07;2012;AT21;70;1;4;1;4000020000006203;400002
19;03;2010;AT21;30;1;3;1;4000020000008544;400002
29;10;2011;AT11;200;1;5;1;4000020000009901;400002
27;04;2011;AT17;450;1;5;1;4010020000005918;401002
20;10;2010;AT10;300;1;1;1;4000020000009378;400002
1;09;2010;AT09;135;1;4;1;4010010000006209;401001
31;10;2012;AT25;20;1;2;1;4010010000005388;401001
13;08;2011;AT13;135;1;3;1;4010020000002466;401002
21;06;2012;AT24;175;1;1;1;4000010000009337;400001
8;02;2012;AT01;25;1;2;1;4010020000001917;401002
11;08;2010;AT07;85;1;2;1;4000010000008587;400001
26;03;2011;AT18;125;1;5;1;4000040000008741;400004
19;05;2012;AT15;85;1;4;1;4000030000009661;400003
8;10;2012;AT10;60;1;1;1;4010010000002134;401001
22;08;2011;AT13;145;1;4;1;4000010000003915;400001
2;02;2011;AT15;300;1;2;1;4000030000002884;400003
3;08;2012;AT12;135;1;3;1;4000040000006096;400004
28;03;2011;AT02;115;1;2;1;4000030000007218;400003
23;10;2012;AT05;90;1;1;1;4010020000004344;401002
7;12;2012;AT04;90;1;3;1;4000030000004934;400003
26;04;2011;AT01;105;1;1;1;4000010000006912;400001
11;05;2010;AT23;5;1;5;1;4010010000004650;401001
9;03;2012;AT04;135;1;1;1;4000010000009963;400001
12;02;2011;AT14;45;1;5;1;4010020000004149;401002
14;06;2011;AT24;10;1;4;1;4000030000003682;400003
13;02;2011;AT06;250;1;4;1;4010020000006945;401002
21;04;2010;AT04;250;1;5;1;4000030000009671;400003
30;07;2011;AT10;375;1;5;1;4000030000004298;400003
25;07;2012;AT10;35;1;4;1;4010010000006182;401001
9;08;2012;AT01;125;1;1;1;4010020000008368;401002
14;05;2011;AT24;70;1;2;1;4000040000005290;400004
11;02;2011;AT16;50;1;4;1;4000040000009845;400004
12;04;2010;AT25;60;1;3;1;4010010000009294;401001
10;10;2010;AT19;150;1;1;1;4000010000009935;400001
20;02;2010;AT11;15;1;2;1;4000030000001194;400003
31;10;2011;AT10;30;1;4;1;4000030000002852;400003
16;02;2010;AT06;5;1;1;1;4000020000006376;400002
7;12;2012;AT13;90;1;2;1;4000010000003763;400001
10;11;2011;AT04;15;1;1;1;4010010000005052;401001
27;08;2012;AT02;300;1;4;1;4000010000009708;400001
18;02;2012;AT05;75;1;1;1;4000020000003480;400002
23;10;2011;AT04;55;1;1;1;4000010000001897;400001
30;03;2011;AT11;300;1;2;1;4000020000009183;400002
10;05;2010;AT22;175;1;5;1;4000040000009529;400004
18;03;2010;AT18;145;1;5;1;4010010000005253;401001
28;05;2012;AT09;65;1;1;1;4010020000006138;401002
30;12;2012;AT16;85;1;3;1;4000030000007998;400003
29;08;2010;AT04;75;1;5;1;4000030000008875;400003
24;07;2010;AT13;80;1;3;1;4010010000009590;401001
28;02;2012;AT23;110;1;5;1;4000010000009239;400001
22;07;2010;AT16;30;1;2;1;4000040000005595;400004
14;02;2011;AT16;500;1;3;1;4010020000007095;401002
20;08;2010;AT12;120;1;5;1;4000030000009188;400003
15;07;2010;AT06;25;1;4;1;4000020000001301;400002
22;08;2010;AT05;110;1;4;1;4000020000002989;400002
27;07;2011;AT02;125;1;5;1;4000030000004350;400003
21;04;2010;AT04;15;1;5;1;4010020000003434;401002
15;02;2011;AT12;80;1;4;1;4000020000002854;400002
18;04;2012;AT10;120;1;3;1;4000020000008848;400002
13;04;2010;AT20;60;1;3;1;4010020000002298;401002
21;06;2012;AT17;150;1;3;1;4000030000008353;400003
17;02;2012;AT17;60;1;2;1;4000040000007342;400004
13;02;2010;AT12;10;1;4;1;4010020000007511;401002
28;06;2010;AT17;250;1;3;1;4000020000005881;400002
14;11;2010;AT17;15;1;4;1;4000040000007817;400004
23;07;2011;AT07;150;1;1;1;4000010000002247;400001
6;03;2012;AT02;60;1;1;1;4000020000001403;400002
9;11;2012;AT10;35;1;2;1;4010010000005080;401001
19;07;2010;AT15;145;1;3;1;4010010000009582;401001
27;03;2010;AT03;55;1;4;1;4000010000007286;400001
3;08;2010;AT03;40;1;2;1;4010010000004313;401001
13;02;2011;AT13;135;1;4;1;4000010000002084;400001
15;03;2012;AT17;75;1;5;1;4000030000004213;400003
6;08;2011;AT20;10;1;4;1;4000040000003604;400004
27;04;2011;AT05;80;1;3;1;4000030000002019;400003
13;07;2012;AT08;30;1;4;1;4000030000001968;400003
20;10;2010;AT13;135;1;1;1;4000020000004998;400002
15;04;2012;AT05;95;1;2;1;4000030000009112;400003
29;09;2011;AT10;20;1;4;1;4000030000001839;400003
13;03;2010;AT15;300;1;1;1;4010010000001317;401001
9;10;2010;AT12;200;1;2;1;4000030000001434;400003
11;02;2011;AT18;35;1;3;1;4000040000004470;400004
27;03;2010;AT10;105;1;5;1;4000030000006340;400003
4;07;2012;AT23;300;1;2;1;4000040000004894;400004
6;04;2012;AT07;200;1;1;1;4010020000004497;401002
15;06;2012;AT10;80;1;5;1;4000030000005868;400003
22;05;2012;AT14;15;1;3;1;4010020000001432;401002
12;10;2010;AT06;500;1;4;1;4000040000007397;400004
20;06;2011;AT15;75;1;2;1;4010020000009464;401002
23;01;2011;AT19;75;1;3;1;4010010000004381;401001
7;09;2010;AT22;55;1;4;1;4010010000003415;401001
15;04;2011;AT05;75;1;1;1;4010020000001726;401002
29;09;2011;AT03;60;1;1;1;4000010000009265;400001
12;03;2012;AT05;75;1;1;1;4000030000005880;400003
26;10;2010;AT17;50;1;4;1;4010010000008733;401001
13;09;2011;AT04;30;1;2;1;4010010000008379;401001
20;08;2012;AT07;500;1;2;1;4000040000006867;400004
30;06;2011;AT01;135;1;1;1;4000020000003634;400002
30;11;2010;AT06;40;1;2;1;4010010000005042;401001
22;05;2011;AT14;200;1;4;1;4010020000007910;401002
28;04;2012;AT06;375;1;3;1;4000010000007488;400001
30;07;2010;AT16;105;1;5;1;4010020000007843;401002
23;05;2011;AT24;450;1;5;1;4010010000005332;401001
11;06;2010;AT03;95;1;2;1;4000010000005129;400001
18;04;2010;AT08;125;1;2;1;4010020000004141;401002
26;02;2011;AT03;10;1;5;1;4010020000002880;401002
3;02;2012;AT20;125;1;2;1;4010010000007810;401001
26;09;2010;AT05;110;1;5;1;4010010000009851;401001
8;09;2012;AT08;15;1;4;1;4000020000004948;400002
25;03;2010;AT03;20;1;1;1;4010020000002749;401002
3;05;2011;AT24;125;1;4;1;4010010000001109;401001
23;05;2011;AT06;125;1;3;1;4000020000006381;400002
4;04;2011;AT07;35;1;3;1;4000010000001668;400001
16;08;2010;AT07;250;1;5;1;4010020000009928;401002
2;10;2012;AT23;65;1;3;1;4000040000009333;400004
12;04;2011;AT13;115;1;4;1;4010020000006943;401002
28;04;2011;AT02;95;1;5;1;4010020000001271;401002
27;11;2011;AT23;40;1;1;1;4000040000005140;400004
24;10;2011;AT21;145;1;4;1;4010010000007885;401001
16;10;2010;AT19;55;1;5;1;4000030000009981;400003
9;02;2010;AT16;5;1;2;1;4000040000008992;400004
29;08;2011;AT11;55;1;4;1;4010020000009528;401002
10;08;2010;AT17;150;1;4;1;4000020000003660;400002
9;04;2012;AT10;175;1;2;1;4000020000004617;400002
27;02;2012;AT01;55;1;1;1;4010020000005205;401002
1;04;2010;AT03;75;1;4;1;4000020000001586;400002
14;07;2011;AT08;40;1;5;1;4000020000003122;400002
21;07;2010;AT14;25;1;2;1;4000020000003427;400002
19;01;2011;AT17;110;1;3;1;4000010000002050;400001
11;11;2010;AT15;100;1;3;1;4000010000008843;400001
10;04;2010;AT10;100;1;4;1;4000030000001971;400003
6;11;2012;AT05;70;1;3;1;4010020000008480;401002
25;08;2010;AT04;5;1;1;1;4010020000007877;401002
17;10;2010;AT23;375;1;1;1;4000010000006357;400001
16;04;2012;AT23;30;1;1;1;4010010000003515;401001
14;04;2010;AT06;115;1;2;1;4010010000005936;401001
3;03;2011;AT19;150;1;5;1;4000020000008789;400002
5;05;2011;AT07;10;1;3;1;4000030000005169;400003
12;04;2010;AT17;125;1;5;1;4000040000002317;400004
24;02;2012;AT22;10;1;4;1;4000020000005132;400002
20;04;2010;AT11;10;1;4;1;4010010000005906;401001
22;06;2010;AT17;250;1;2;1;4010010000004625;401001
7;08;2010;AT15;90;1;5;1;4010010000008539;401001
13;07;2010;AT11;100;1;4;1;4010010000003101;401001
16;08;2010;AT08;15;1;5;1;4000040000001219;400004
10;07;2012;AT12;25;1;2;1;4010020000006146;401002
21;09;2012;AT06;120;1;1;1;4000010000007639;400001
20;02;2010;AT07;40;1;4;1;4010010000005927;401001
4;10;2011;AT11;120;1;4;1;4000040000005783;400004
27;05;2010;AT16;500;1;5;1;4000020000008874;400002
8;12;2010;AT05;90;1;1;1;4000020000007379;400002
25;09;2010;AT23;145;1;2;1;4000030000008903;400003
6;04;2011;AT09;115;1;1;1;4000010000008523;400001
7;01;2011;AT02;375;1;5;1;4000040000001314;400004
10;09;2010;AT04;150;1;3;1;4000010000009460;400001
8;06;2010;AT22;15;1;2;1;4000020000004335;400002
22;10;2010;AT16;20;1;3;1;4000010000005945;400001
29;03;2010;AT07;100;1;4;1;4000040000002645;400004
5;09;2010;AT01;250;1;3;1;4000020000006671;400002
25;04;2011;AT12;35;1;1;1;4000040000007693;400004
11;10;2012;AT21;250;1;4;1;4000010000008650;400001
26;12;2010;AT11;250;1;3;1;4000020000001787;400002
18;04;2012;AT08;25;1;3;1;4010010000007695;401001
13;07;2010;AT15;95;1;5;1;4000010000003687;400001
21;07;2012;AT13;120;1;2;1;4010010000003371;401001
25;05;2011;AT24;375;1;4;1;4000040000006584;400004
6;03;2012;AT14;45;1;5;1;4000040000009192;400004
30;05;2011;AT13;150;1;2;1;4010010000007759;401001
27;04;2012;AT17;125;1;1;1;4000020000003817;400002
22;09;2010;AT13;375;1;2;1;4000010000005788;400001
12;05;2011;AT06;25;1;5;1;4000020000004852;400002
18;08;2011;AT12;85;1;4;1;4000040000001324;400004
4;08;2012;AT23;45;1;5;1;4000020000005469;400002
27;01;2011;AT17;85;1;2;1;4000030000009536;400003
26;04;2010;AT03;85;1;1;1;4000030000002147;400003
2;11;2012;AT16;5;1;3;1;4010010000003301;401001
30;04;2011;AT08;450;1;2;1;4000010000009300;400001
8;07;2012;AT08;65;1;3;1;4000010000004648;400001
21;10;2012;AT25;450;1;3;1;4000020000005312;400002
28;03;2010;AT21;5;1;5;1;4010020000001823;401002
19;08;2011;AT07;95;1;4;1;4000010000004862;400001
25;04;2012;AT02;90;1;1;1;4010010000001382;401001
22;12;2011;AT10;65;1;3;1;4000030000008562;400003
3;01;2010;AT17;300;1;1;1;4000020000009797;400002
5;02;2012;AT19;35;1;1;1;4000030000009710;400003
14;09;2012;AT01;200;1;3;1;4000010000003472;400001
13;05;2010;AT19;80;1;4;1;4000040000002087;400004
30;11;2011;AT08;115;1;1;1;4000020000007643;400002
29;10;2012;AT11;175;1;5;1;4000010000002030;400001
8;07;2010;AT02;105;1;5;1;4010010000005161;401001
30;11;2010;AT08;90;1;1;1;4010010000006125;401001
10;02;2010;AT15;10;1;3;1;4010010000007745;401001
11;05;2011;AT08;115;1;5;1;4010010000004560;401001
15;11;2011;AT16;60;1;2;1;4010020000003351;401002
12;10;2012;AT25;125;1;5;1;4010020000007716;401002
24;03;2010;AT21;250;1;2;1;4010010000002212;401001
30;06;2010;AT11;250;1;2;1;4010020000003127;401002
25;08;2012;AT11;20;1;5;1;4010020000003294;401002
20;03;2012;AT24;95;1;2;1;4010020000006239;401002
4;05;2010;AT14;110;1;4;1;4010020000009184;401002
8;04;2012;AT02;200;1;1;1;4010020000003284;401002
2;02;2010;AT12;85;1;4;1;4010010000005506;401001
29;03;2012;AT17;450;1;3;1;4010010000003835;401001
17;03;2011;AT12;95;1;1;1;4010010000007954;401001
24;11;2010;AT04;25;1;5;1;4010020000008333;401002
30;06;2011;AT05;200;1;2;1;4010020000008368;401002
17;04;2012;AT07;20;1;5;1;4010020000006016;401002
28;02;2011;AT16;110;1;2;1;4010020000002824;401002
30;05;2012;AT09;100;1;5;1;4010020000002984;401002
27;05;2010;AT16;175;1;3;1;4010020000001770;401002
16;04;2012;AT18;145;1;4;1;4010010000005889;401001
2;10;2012;AT17;55;1;5;1;4010020000001571;401002
16;01;2010;AT02;85;1;5;1;4010010000006507;401001
3;04;2011;AT18;115;1;5;1;4010010000004655;401001
19;07;2010;AT02;145;1;5;1;4010010000009487;401001
27;05;2010;AT10;95;1;4;1;4010020000001841;401002
19;05;2011;AT07;95;1;3;1;4010020000004682;401002
18;06;2012;AT16;115;1;5;1;4010020000005105;401002
17;09;2011;AT24;500;1;3;1;4010010000008131;401001
10;04;2012;AT08;375;1;3;1;4010010000003954;401001
5;11;2011;AT08;85;1;2;1;4010020000001737;401002
31;08;2011;AT15;300;1;2;1;4010020000008500;401002
4;10;2011;AT02;80;1;1;1;4010010000001417;401001
13;07;2012;AT08;60;1;2;1;4010020000004127;401002
22;11;2012;AT10;135;1;4;1;4010020000002593;401002
29;03;2011;AT20;110;1;3;1;4010020000002522;401002
3;07;2012;AT21;115;1;4;1;4010010000009199;401001
26;05;2011;AT24;100;1;4;1;4010010000004829;401001
13;07;2012;AT03;60;1;2;1;4010010000002006;401001
7;01;2012;AT17;25;1;5;1;4010020000001443;401002
15;08;2011;AT07;20;1;1;1;4010010000008041;401001
8;09;2011;AT04;45;1;5;1;4010010000003394;401001
4;08;2011;AT19;300;1;1;1;4010010000007604;401001
8;05;2012;AT12;100;1;4;1;4010020000003019;401002
3;10;2011;AT06;55;1;3;1;4010020000007052;401002
21;11;2010;AT22;40;1;4;1;4010010000009545;401001
15;08;2010;AT23;300;1;5;1;4010010000009366;401001
20;09;2012;AT02;15;1;4;1;4010020000003557;401002
22;06;2010;AT11;135;1;3;1;4010020000004018;401002
4;08;2011;AT01;30;1;3;1;4010010000007603;401001
9;08;2010;AT06;250;1;1;1;4010020000003031;401002
17;08;2011;AT15;80;1;5;1;4010010000005543;401001
21;04;2012;AT23;375;1;4;1;4010020000009690;401002
19;10;2011;AT02;85;1;3;1;4010010000004316;401001
23;07;2012;AT20;100;1;5;1;4010020000008891;401002
26;03;2012;AT23;500;1;5;1;4010020000006649;401002
28;07;2010;AT20;35;1;5;1;4010010000003824;401001
18;07;2010;AT20;500;1;3;1;4010020000001017;401002
1;11;2010;AT11;125;1;2;1;4010020000002096;401002
20;04;2010;AT03;450;1;4;1;4010020000005155;401002
2;07;2011;AT25;20;1;4;1;4010020000002419;401002
4;09;2012;AT03;85;1;5;1;4010010000001324;401001
9;03;2011;AT06;450;1;1;1;4010010000001421;401001
6;01;2012;AT01;40;1;5;1;4010020000001296;401002
18;06;2010;AT17;40;1;2;1;4010020000001328;401002
30;03;2012;AT09;300;1;2;1;4010010000005508;401001
12;09;2012;AT19;175;1;1;1;4010010000002956;401001
14;08;2010;AT12;70;1;5;1;4010010000003938;401001
13;08;2011;AT03;145;1;5;1;4010010000002079;401001
3;11;2011;AT07;30;1;2;1;4010010000005575;401001
18;12;2010;AT03;125;1;3;1;4010020000005607;401002
5;07;2010;AT10;60;1;2;1;4010010000008570;401001
13;10;2012;AT19;125;1;4;1;4010020000008049;401002
20;04;2012;AT19;65;1;3;1;4010020000004741;401002
10;08;2010;AT07;30;1;5;1;4010020000005459;401002
20;04;2011;AT04;450;1;4;1;4010010000002811;401001
9;03;2010;AT02;250;1;5;1;4010020000001681;401002
2;09;2010;AT23;135;1;3;1;4010010000007520;401001
17;01;2011;AT09;15;1;1;1;4010020000009342;401002
28;08;2010;AT12;15;1;4;1;4010020000009492;401002
28;02;2010;AT20;50;1;4;1;4010020000002044;401002
31;10;2011;AT24;30;1;4;1;4010010000002845;401001
28;03;2011;AT21;95;1;3;1;4010010000004757;401001
16;10;2011;AT08;30;1;1;1;4010020000006303;401002
11;11;2011;AT25;120;1;4;1;4010010000006812;401001
28;04;2011;AT10;300;1;1;1;4010010000009752;401001
7;10;2011;AT21;150;1;2;1;4010010000006882;401001
11;08;2012;AT18;20;1;4;1;4010020000006253;401002
10;04;2010;AT14;250;1;5;1;4010010000001274;401001
27;03;2010;AT24;90;1;2;1;4010010000006211;401001
28;02;2011;AT22;450;1;4;1;4010010000004382;401001
4;06;2012;AT13;105;1;1;1;4010020000008289;401002
2;04;2011;AT06;40;1;3;1;4010010000003242;401001
12;10;2010;AT18;450;1;5;1;4010010000005304;401001
26;01;2011;AT18;40;1;4;1;4010010000004086;401001
21;03;2010;AT18;300;1;1;1;4010020000004334;401002
15;05;2010;AT07;5;1;3;1;4010020000005700;401002
17;06;2011;AT13;200;1;3;1;4010010000002244;401001
18;03;2011;AT22;25;1;5;1;4010010000001565;401001
20;02;2012;AT16;90;1;5;1;4010010000004490;401001
27;08;2010;AT12;30;1;1;1;4010020000007158;401002
21;01;2012;AT06;45;1;3;1;4010020000004000;401002
26;10;2012;AT09;145;1;3;1;4010020000004340;401002
11;11;2011;AT20;175;1;4;1;4010020000001473;401002
15;02;2011;AT16;500;1;5;1;4010010000009833;401001
8;08;2012;AT21;10;1;5;1;4010020000006737;401002
5;08;2012;AT09;90;1;1;1;4010010000006393;401001
4;07;2010;AT25;150;1;1;1;4010010000001461;401001
25;05;2012;AT15;75;1;4;1;4010020000001996;401002
16;12;2010;AT02;70;1;3;1;4010020000008675;401002
17;10;2011;AT04;70;1;4;1;4010020000008734;401002
26;12;2010;AT22;145;1;3;1;4010010000005945;401001
7;08;2010;AT19;375;1;4;1;4010010000004953;401001
30;10;2010;AT21;30;1;4;1;4010020000002853;401002
1;06;2011;AT03;95;1;5;1;4010020000006704;401002
22;04;2010;AT22;80;1;2;1;4010010000002086;401001
5;03;2011;AT01;120;1;2;1;4010010000002456;401001
1;08;2012;AT12;30;1;2;1;4010020000007724;401002
26;03;2012;AT15;25;1;2;1;4010010000002700;401001
4;10;2012;AT16;375;1;3;1;4010010000001880;401001
6;03;2012;AT04;15;1;2;1;4010020000009689;401002
8;01;2011;AT21;500;1;3;1;4010020000003251;401002
4;03;2010;AT23;40;1;1;1;4010010000007231;401001
9;03;2010;AT15;110;1;4;1;4010010000006981;401001
29;10;2012;AT02;60;1;4;1;4010010000001573;401001
24;05;2011;AT02;175;1;1;1;4010020000001556;401002
18;09;2010;AT08;95;1;5;1;4010010000001317;401001
1;03;2011;AT04;375;1;4;1;4010020000007707;401002
14;04;2010;AT03;25;1;4;1;4010010000003759;401001
4;06;2010;AT13;145;1;4;1;4010010000004852;401001
13;06;2010;AT23;100;1;5;1;4010020000004826;401002
29;11;2011;AT13;135;1;4;1;4010020000002388;401002
1;04;2010;AT01;85;1;2;1;4010010000005324;401001
13;12;2011;AT10;55;1;1;1;4010010000002236;401001
28;03;2012;AT04;300;1;4;1;4010020000003670;401002
29;08;2012;AT15;125;1;2;1;4010020000009936;401002
13;04;2012;AT13;85;1;3;1;4010020000006622;401002
4;12;2012;AT04;35;1;4;1;4010020000008583;401002
2;08;2011;AT01;90;1;2;1;4010020000002431;401002
4;12;2012;AT16;30;1;4;1;4010010000001315;401001
5;04;2012;AT14;145;1;5;1;4010020000003532;401002
7;10;2010;AT24;95;1;5;1;4010020000006393;401002
21;01;2011;AT17;55;1;4;1;4010020000009071;401002
29;05;2011;AT21;110;1;5;1;4010010000002638;401001
25;01;2012;AT05;125;1;5;1;4010020000003993;401002
24;12;2011;AT18;60;1;4;1;4010010000002297;401001
11;07;2011;AT02;90;1;1;1;4010020000005774;401002
4;07;2010;AT13;60;1;2;1;4010010000001079;401001
17;02;2012;AT14;5;1;3;1;4010020000008999;401002
31;07;2011;AT18;15;1;4;1;4010010000008784;401001
2;05;2010;AT04;85;1;2;1;4010010000007622;401001
2;08;2011;AT22;450;1;2;1;4010010000008692;401001
17;08;2012;AT18;375;1;5;1;4010010000007463;401001
21;05;2011;AT03;145;1;4;1;4010020000001829;401002
28;02;2010;AT12;250;1;2;1;4010020000006313;401002
27;05;2010;AT22;35;1;5;1;4010020000009745;401002
27;03;2011;AT19;105;1;3;1;4010020000009427;401002
29;10;2011;AT10;450;1;3;1;4010010000004362;401001
22;03;2011;AT17;105;1;4;1;4010010000004121;401001
2;06;2012;AT25;200;1;5;1;4010020000004582;401002
10;05;2011;AT18;70;1;4;1;4010010000009801;401001
10;05;2010;AT20;145;1;1;1;4010020000005274;401002
8;03;2011;AT01;105;1;4;1;4010020000003245;401002
28;12;2011;AT14;35;1;3;1;4010010000001500;401001
3;05;2012;AT03;110;1;4;1;4010010000009030;401001
16;01;2010;AT24;50;1;5;1;4010010000008609;401001
22;09;2011;AT09;115;1;4;1;4010010000007737;401001
26;05;2012;AT16;35;1;1;1;4010020000006147;401002
4;06;2011;AT12;35;1;4;1;4010010000009910;401001
18;08;2011;AT10;30;1;5;1;4010010000005331;401001
14;07;2011;AT16;80;1;2;1;4010020000006337;401002
19;10;2010;AT25;65;1;2;1;4010010000003122;401001
15;09;2010;AT06;125;1;2;1;4010020000005807;401002
30;03;2011;AT06;300;1;1;1;4010010000009837;401001
27;06;2012;AT23;10;1;2;1;4010010000005267;401001
5;07;2012;AT21;145;1;3;1;4010010000004574;401001
28;10;2012;AT18;20;1;5;1;4010020000009133;401002
6;10;2012;AT21;25;1;1;1;4010010000008419;401001
17;06;2012;AT06;125;1;5;1;4010020000001212;401002
6;04;2010;AT10;75;1;5;1;4010010000005761;401001
23;08;2010;AT08;55;1;3;1;4010010000002900;401001
16;08;2010;AT19;300;1;5;1;4010020000002315;401002
27;11;2010;AT22;75;1;2;1;4010010000009447;401001
14;11;2011;AT18;145;1;2;1;4010010000008459;401001
3;09;2010;AT16;55;1;1;1;4010020000001956;401002
22;02;2012;AT18;120;1;4;1;4010010000007381;401001
11;04;2012;AT18;115;1;5;1;4010010000008525;401001
4;06;2010;AT11;50;1;5;1;4010010000007383;401001
3;11;2011;AT18;40;1;4;1;4010010000004875;401001
3;11;2012;AT14;5;1;2;1;4010010000005181;401001
15;08;2012;AT09;45;1;3;1;4010010000005785;401001
3;06;2012;AT20;450;1;2;1;4010020000007977;401002
12;04;2012;AT10;135;1;3;1;4010010000009572;401001
23;06;2011;AT08;95;1;1;1;4010010000003780;401001
22;11;2012;AT20;135;1;4;1;4010020000009568;401002
27;06;2012;AT06;15;1;4;1;4010010000006917;401001
24;09;2010;AT04;150;1;5;1;4010020000009528;401002
6;05;2010;AT22;85;1;5;1;4010020000008976;401002
24;08;2010;AT16;90;1;4;1;4010010000007803;401001
30;11;2010;AT22;200;1;4;1;4010020000001947;401002
22;12;2010;AT09;35;1;5;1;4010020000005402;401002
3;01;2011;AT19;110;1;2;1;4010020000002383;401002
18;11;2012;AT14;5;1;2;1;4010020000004608;401002
19;01;2011;AT17;500;1;4;1;4010010000009809;401001
30;07;2012;AT19;150;1;4;1;4010020000003623;401002
24;04;2012;AT20;85;1;4;1;4010020000005098;401002
17;05;2011;AT15;115;1;2;1;4010020000003068;401002
6;09;2010;AT01;65;1;2;1;4010010000002174;401001
3;03;2012;AT08;100;1;3;1;4010020000001903;401002
1;05;2010;AT22;250;1;2;1;4010020000003913;401002
8;06;2012;AT20;45;1;2;1;4010010000005661;401001
9;08;2010;AT14;15;1;1;1;4010010000009081;401001
26;01;2011;AT01;30;1;2;1;4010010000008891;401001
11;03;2011;AT24;35;1;5;1;4010010000006557;401001
16;09;2012;AT19;250;1;1;1;4010010000008828;401001
11;11;2012;AT15;250;1;2;1;4010020000001068;401002
2;02;2012;AT09;250;1;1;1;4010010000007466;401001
18;11;2011;AT02;45;1;2;1;4010020000009440;401002
8;08;2010;AT14;105;1;4;1;4010020000002290;401002
27;11;2010;AT03;375;1;2;1;4010010000002990;401001
10;08;2011;AT18;45;1;2;1;4010010000009596;401001
27;06;2010;AT14;135;1;2;1;4010010000008341;401001
4;10;2010;AT19;145;1;3;1;4010010000006165;401001
5;11;2012;AT24;125;1;5;1;4010010000009339;401001
24;03;2010;AT03;200;1;2;1;4010010000008240;401001
5;05;2011;AT05;450;1;3;1;4010020000006856;401002
2;02;2011;AT15;80;1;3;1;4010020000008379;401002
9;07;2010;AT21;150;1;5;1;4010020000001900;401002
10;12;2010;AT11;500;1;2;1;4010020000009686;401002
31;01;2010;AT12;375;1;3;1;4010020000006214;401002
8;07;2011;AT06;40;1;5;1;4010010000009066;401001
8;07;2010;AT13;5;1;4;1;4010010000007769;401001
14;12;2010;AT18;105;1;2;1;4010010000001680;401001
14;08;2012;AT05;25;1;1;1;4010010000006845;401001
27;02;2012;AT25;105;1;1;1;4010010000005481;401001
7;03;2012;AT14;115;1;5;1;4010010000003706;401001
8;07;2012;AT12;65;1;1;1;4010020000003653;401002
29;04;2012;AT16;145;1;3;1;4010020000005275;401002
21;09;2012;AT16;95;1;3;1;4010010000008174;401001
15;11;2010;AT11;150;1;5;1;4010020000009120;401002
3;05;2012;AT13;250;1;3;1;4010020000006522;401002
29;04;2012;AT08;30;1;3;1;4010010000007633;401001
22;02;2012;AT07;10;1;2;1;4010010000001151;401001
17;09;2010;AT06;95;1;5;1;4010020000002894;401002
17;06;2010;AT11;105;1;3;1;4010020000003886;401002
28;10;2011;AT13;110;1;5;1;4010020000003795;401002
16;10;2011;AT23;45;1;5;1;4010020000009910;401002
17;04;2010;AT09;15;1;5;1;4010010000007574;401001
1;01;2010;AT13;115;1;2;1;4010020000006349;401002
6;08;2011;AT21;150;1;1;1;4010010000001697;401001
13;04;2011;AT22;85;1;1;1;4010020000002295;401002
7;02;2012;AT13;15;1;4;1;4010010000004974;401001
17;06;2010;AT19;300;1;1;1;4010020000001518;401002
30;11;2010;AT25;95;1;5;1;4010020000008516;401002
4;03;2011;AT23;95;1;4;1;4010020000005998;401002
22;07;2012;AT14;5;1;5;1;4010020000001169;401002
2;10;2012;AT06;10;1;5;1;4010010000008681;401001
16;12;2011;AT22;35;1;1;1;4010010000002182;401001
4;12;2010;AT08;55;1;5;1;4010020000002816;401002
11;08;2010;AT08;80;1;5;1;4010010000001415;401001
1;10;2010;AT07;500;1;4;1;4010020000009628;401002
2;10;2012;AT21;500;1;2;1;4010010000006229;401001
1;08;2012;AT07;300;1;4;1;4010020000009897;401002
15;11;2012;AT19;90;1;5;1;4010020000004594;401002
23;03;2011;AT25;200;1;1;1;4010010000001328;401001
20;05;2010;AT09;500;1;4;1;4010010000009627;401001
29;09;2012;AT09;25;1;2;1;4010020000006270;401002
8;06;2012;AT18;375;1;3;1;4010020000009796;401002
2;12;2010;AT15;20;1;2;1;4010010000007624;401001
9;02;2011;AT23;25;1;1;1;4010010000009494;401001
13;05;2012;AT11;450;1;1;1;4010010000006356;401001
26;04;2012;AT19;5;1;5;1;4010010000008756;401001
8;07;2012;AT15;120;1;3;1;4010010000008852;401001
17;07;2010;AT13;65;1;4;1;4010020000008299;401002
12;01;2010;AT02;75;1;4;1;4010020000001011;401002
19;04;2010;AT10;115;1;4;1;4010020000009967;401002
28;08;2011;AT22;250;1;4;1;4010020000003315;401002
11;04;2012;AT01;150;1;1;1;4010010000008140;401001
4;07;2012;AT17;120;1;3;1;4010010000005208;401001
29;04;2010;AT17;55;1;4;1;4010010000002178;401001
15;04;2010;AT03;10;1;3;1;4010010000005730;401001
7;12;2012;AT10;135;1;2;1;4010020000002735;401002
4;06;2012;AT10;200;1;4;1;4010010000007604;401001
14;04;2012;AT11;75;1;1;1;4010010000002159;401001
9;04;2011;AT08;55;1;3;1;4010020000006019;401002
6;07;2010;AT24;90;1;1;1;4010010000008441;401001
22;10;2011;AT19;20;1;5;1;4010020000002857;401002
19;06;2010;AT03;35;1;5;1;4010010000001831;401001
6;06;2012;AT06;45;1;1;1;4010020000006178;401002
29;10;2010;AT04;50;1;2;1;4010020000009188;401002
6;03;2010;AT01;40;1;4;1;4010020000008900;401002
2;05;2010;AT25;115;1;5;1;4010020000009868;401002
5;01;2010;AT04;145;1;5;1;4010010000006938;401001
9;03;2012;AT20;115;1;5;1;4010010000003688;401001
19;04;2012;AT19;80;1;2;1;4010010000001129;401001
18;08;2010;AT15;500;1;4;1;4010020000001712;401002
30;09;2011;AT19;15;1;2;1;4010010000003806;401001
16;09;2010;AT07;300;1;1;1;4010020000002538;401002
1;04;2010;AT22;70;1;1;1;4010020000005949;401002
21;11;2011;AT25;105;1;1;1;4010010000002396;401001
2;05;2011;AT01;10;1;5;1;4010010000006977;401001
18;03;2012;AT04;90;1;2;1;4010010000001292;401001
19;02;2012;AT09;95;1;1;1;4010020000007897;401002
19;01;2010;AT09;95;1;1;1;4010020000008891;401002
25;02;2010;AT02;15;1;2;1;4010020000006159;401002
30;10;2012;AT17;70;1;1;1;4010020000006651;401002
1;01;2011;AT18;60;1;1;1;4010010000003230;401001
9;04;2012;AT17;200;1;5;1;4010020000006968;401002
31;01;2012;AT13;70;1;3;1;4010020000004493;401002
19;06;2011;AT11;120;1;4;1;4010010000001406;401001
19;10;2012;AT08;105;1;2;1;4010010000004312;401001
30;12;2012;AT17;40;1;4;1;4010010000004997;401001
25;05;2012;AT21;375;1;2;1;4010020000008151;401002
4;10;2012;AT09;90;1;3;1;4010010000009065;401001
13;08;2010;AT05;375;1;3;1;4010020000002952;401002
10;10;2010;AT15;135;1;5;1;4010010000005858;401001
7;03;2012;AT22;55;1;3;1;4010020000009833;401002
15;04;2011;AT02;135;1;3;1;4010020000004561;401002
18;06;2010;AT24;250;1;4;1;4010020000007534;401002
15;07;2011;AT19;55;1;5;1;4010010000001497;401001
14;06;2010;AT12;120;1;1;1;4010010000006190;401001
23;11;2011;AT12;40;1;3;1;4010010000004230;401001
27;05;2012;AT05;20;1;4;1;4010020000009339;401002
9;08;2010;AT25;20;1;1;1;4010010000006258;401001
28;08;2011;AT03;90;1;3;1;4010020000002539;401002
8;01;2011;AT06;115;1;5;1;4010010000009667;401001
1;09;2012;AT15;100;1;1;1;4010020000005604;401002
27;01;2011;AT11;20;1;4;1;4010020000002150;401002
26;08;2010;AT02;20;1;3;1;4010010000005073;401001
8;09;2010;AT22;95;1;3;1;4010020000004256;401002
18;06;2012;AT22;120;1;3;1;4010020000005068;401002
28;07;2010;AT15;125;1;1;1;4010020000006025;401002
13;07;2010;AT09;75;1;5;1;4010010000006136;401001
8;09;2011;AT22;75;1;3;1;4010010000005254;401001
24;08;2010;AT24;300;1;5;1;4010020000001082;401002
15;11;2011;AT24;110;1;1;1;4010010000004738;401001
11;12;2010;AT25;25;1;2;1;4010020000002135;401002
20;04;2011;AT16;10;1;4;1;4010010000003865;401001
22;03;2011;AT06;40;1;3;1;4010010000002529;401001
23;05;2010;AT17;110;1;3;1;4010020000006590;401002
11;04;2012;AT21;10;1;3;1;4010020000002038;401002
26;11;2012;AT08;65;1;4;1;4010020000006928;401002
18;03;2010;AT11;70;1;5;1;4010020000007858;401002
18;11;2010;AT03;85;1;1;1;4010010000002816;401001
18;11;2012;AT25;450;1;2;1;4010010000008856;401001
14;11;2011;AT09;70;1;5;1;4010020000001544;401002
5;04;2010;AT17;40;1;2;1;4010010000002810;401001
8;05;2012;AT16;450;1;2;1;4010020000006135;401002
3;04;2010;AT15;200;1;3;1;4010020000002499;401002
16;03;2012;AT19;45;1;5;1;4010020000005201;401002
1;09;2011;AT22;125;1;1;1;4010020000004708;401002
21;07;2012;AT03;250;1;5;1;4010020000004077;401002
8;03;2010;AT16;80;1;4;1;4010020000002235;401002
18;09;2012;AT06;500;1;2;1;4010010000002069;401001
23;10;2010;AT05;375;1;4;1;4010020000003578;401002
12;11;2012;AT05;50;1;5;1;4010010000005097;401001
24;10;2010;AT23;85;1;2;1;4010010000004721;401001
24;10;2011;AT01;35;1;4;1;4010020000005301;401002
23;09;2012;AT25;145;1;3;1;4010020000002704;401002
7;03;2011;AT08;115;1;3;1;4010020000006811;401002
23;08;2011;AT17;115;1;2;1;4010010000005196;401001
17;06;2010;AT19;60;1;3;1;4010010000003586;401001
26;04;2010;AT23;450;1;4;1;4010020000005825;401002
9;04;2010;AT03;120;1;2;1;4010010000002321;401001
23;07;2012;AT10;15;1;2;1;4010020000002326;401002
3;01;2011;AT21;450;1;2;1;4010020000009648;401002
22;09;2011;AT23;60;1;2;1;4010010000009649;401001
5;03;2010;AT02;300;1;4;1;4010020000006558;401002
18;10;2011;AT02;75;1;2;1;4010010000007979;401001
14;06;2012;AT06;15;1;3;1;4010020000003177;401002
6;07;2012;AT11;150;1;3;1;4010010000004954;401001
6;02;2011;AT05;45;1;1;1;4010020000008589;401002
5;03;2010;AT02;250;1;1;1;4010020000008060;401002
11;04;2010;AT25;250;1;1;1;4010010000001120;401001
24;07;2012;AT08;110;1;3;1;4010010000008399;401001
23;03;2010;AT24;10;1;5;1;4010010000006952;401001
19;06;2010;AT19;145;1;5;1;4010010000001272;401001
3;08;2011;AT24;125;1;3;1;4010020000008198;401002
3;03;2012;AT05;60;1;1;1;4010010000005690;401001
25;08;2010;AT12;120;1;5;1;4010010000008659;401001
29;04;2011;AT15;60;1;5;1;4010010000001363;401001
18;11;2012;AT04;105;1;2;1;4010020000009236;401002
10;03;2011;AT16;15;1;5;1;4010020000009188;401002
27;02;2010;AT02;30;1;4;1;4010020000008785;401002
16;06;2011;AT15;60;1;2;1;4010010000007988;401001
13;04;2010;AT23;125;1;5;1;4010020000008684;401002
25;08;2011;AT07;55;1;2;1;4010010000006929;401001
25;07;2010;AT07;50;1;3;1;4010020000007186;401002
29;04;2011;AT04;135;1;1;1;4010020000008604;401002
13;04;2012;AT03;5;1;4;1;4010020000001906;401002
4;03;2011;AT24;500;1;5;1;4010020000008652;401002
14;10;2010;AT09;25;1;3;1;4010020000005269;401002
8;10;2011;AT25;120;1;2;1;4010010000006653;401001
17;05;2011;AT07;115;1;2;1;4010020000007594;401002
22;03;2011;AT15;20;1;3;1;4010010000007560;401001
17;12;2011;AT24;250;1;1;1;4010010000004345;401001
25;11;2012;AT05;30;1;3;1;4010010000001841;401001
12;09;2012;AT24;80;1;1;1;4010020000006573;401002
10;04;2012;AT12;95;1;1;1;4010010000008738;401001
18;12;2010;AT09;50;1;5;1;4010020000009024;401002
27;10;2012;AT14;100;1;1;1;4010020000008693;401002
17;05;2010;AT16;125;1;5;1;4010010000007069;401001
27;06;2012;AT05;85;1;5;1;4010020000003217;401002
8;05;2010;AT23;15;1;4;1;4010020000001948;401002
27;03;2012;AT05;250;1;5;1;4010010000007495;401001
18;05;2010;AT07;300;1;2;1;4010020000001104;401002
15;03;2011;AT03;100;1;5;1;4010010000008632;401001
10;08;2012;AT05;10;1;4;1;4010010000005332;401001
25;11;2010;AT22;105;1;4;1;4010020000002801;401002
17;04;2010;AT14;70;1;3;1;4010010000001835;401001
8;01;2011;AT13;250;1;2;1;4010010000004659;401001
3;10;2011;AT06;105;1;3;1;4010020000004906;401002
10;06;2012;AT01;15;1;4;1;4010010000008506;401001
16;03;2010;AT17;50;1;4;1;4010020000009737;401002
2;05;2011;AT07;25;1;5;1;4010020000005825;401002
31;10;2011;AT25;45;1;3;1;4010020000005348;401002
13;02;2012;AT05;40;1;5;1;4010010000005570;401001
8;09;2010;AT19;60;1;5;1;4010010000001112;401001
1;10;2012;AT10;25;1;1;1;4010020000006054;401002
26;06;2012;AT19;70;1;2;1;4010020000008880;401002
18;10;2010;AT12;70;1;5;1;4010020000006120;401002
5;05;2012;AT12;120;1;5;1;4010020000005507;401002
4;05;2012;AT08;90;1;5;1;4010010000003116;401001
29;05;2010;AT13;5;1;4;1;4010010000009349;401001
25;08;2011;AT23;105;1;1;1;4010020000007140;401002
9;06;2010;AT04;145;1;2;1;4010020000008938;401002
19;03;2011;AT21;115;1;1;1;4010020000003859;401002
28;02;2010;AT14;60;1;1;1;4010020000002791;401002
8;06;2010;AT24;50;1;3;1;4010020000007004;401002
12;09;2012;AT11;45;1;3;1;4010020000003871;401002
4;06;2012;AT22;40;1;4;1;4010020000008489;401002
24;06;2010;AT01;150;1;2;1;4010010000004805;401001
23;06;2011;AT16;450;1;3;1;4010020000002260;401002
21;03;2012;AT23;60;1;4;1;4010020000005623;401002
4;12;2010;AT11;25;1;2;1;4010020000007570;401002
9;05;2011;AT20;120;1;1;1;4010010000005057;401001
29;10;2012;AT22;50;1;4;1;4010010000001514;401001
13;06;2010;AT13;25;1;2;1;4010010000002306;401001
20;03;2011;AT13;95;1;2;1;4010020000004211;401002
16;11;2011;AT04;125;1;4;1;4010010000008788;401001
26;03;2010;AT17;35;1;1;1;4010010000008236;401001
24;08;2011;AT17;175;1;4;1;4010010000006143;401001
18;07;2011;AT04;500;1;4;1;4010020000002926;401002
7;09;2011;AT15;25;1;1;1;4010010000002785;401001
21;10;2012;AT21;115;1;3;1;4010020000003211;401002
13;09;2012;AT11;60;1;1;1;4010010000008860;401001
12;01;2012;AT03;175;1;3;1;4010010000001104;401001
26;11;2011;AT17;90;1;4;1;4010020000006109;401002
23;01;2012;AT09;500;1;4;1;4010020000009896;401002
21;07;2011;AT08;90;1;4;1;4010010000001880;401001
24;11;2012;AT05;65;1;1;1;4010020000003516;401002
17;05;2011;AT08;300;1;4;1;4010010000006724;401001
5;10;2010;AT16;60;1;3;1;4010020000008917;401002
28;06;2012;AT05;450;1;2;1;4010010000007793;401001
20;06;2012;AT10;300;1;4;1;4010020000005519;401002
11;11;2011;AT09;90;1;1;1;4010010000006167;401001
7;05;2012;AT22;95;1;5;1;4010020000004323;401002
30;08;2011;AT15;90;1;5;1;4010010000003568;401001
16;04;2011;AT20;25;1;2;1;4010010000008479;401001
18;04;2010;AT10;30;1;3;1;4010010000005748;401001
17;09;2011;AT22;90;1;4;1;4010010000003418;401001
4;09;2011;AT17;150;1;1;1;4010010000008538;401001
11;06;2012;AT12;85;1;3;1;4010010000004364;401001
19;05;2010;AT11;200;1;4;1;4010010000009818;401001
31;01;2011;AT09;250;1;3;1;4010010000001794;401001
13;08;2010;AT03;95;1;1;1;4010010000009123;401001
18;07;2012;AT24;35;1;3;1;4010010000007123;401001
13;08;2011;AT12;90;1;4;1;4010010000005668;401001
15;02;2012;AT15;250;1;2;1;4010020000009869;401002
21;12;2012;AT22;450;1;3;1;4010010000002656;401001
21;06;2012;AT14;45;1;2;1;4010020000002132;401002
22;08;2010;AT02;105;1;4;1;4010010000004496;401001
27;03;2011;AT04;70;1;5;1;4010010000002889;401001
16;02;2011;AT19;450;1;5;1;4010010000004032;401001
19;09;2012;AT12;10;1;3;1;4010020000008712;401002
24;02;2012;AT02;125;1;2;1;4010020000001555;401002
14;05;2010;AT22;45;1;3;1;4010020000005828;401002
2;03;2012;AT11;40;1;4;1;4010010000002892;401001
4;05;2011;AT21;375;1;4;1;4010020000006577;401002
28;09;2010;AT22;75;1;4;1;4010020000005608;401002
11;06;2010;AT04;450;1;5;1;4010020000003957;401002
12;11;2012;AT23;120;1;1;1;4010010000009737;401001
9;12;2011;AT10;145;1;5;1;4010020000007193;401002
25;01;2011;AT24;135;1;4;1;4010020000007701;401002
9;10;2011;AT07;100;1;5;1;4010020000001413;401002
17;02;2011;AT01;70;1;3;1;4010010000001808;401001
9;08;2010;AT12;145;1;4;1;4010020000005591;401002
27;11;2010;AT15;25;1;3;1;4010010000003807;401001
31;05;2010;AT16;85;1;5;1;4010020000001561;401002
16;08;2010;AT21;50;1;1;1;4010010000008538;401001
3;09;2011;AT05;500;1;3;1;4010010000005160;401001
30;09;2011;AT16;250;1;4;1;4010020000004315;401002
15;11;2010;AT24;40;1;3;1;4010020000007147;401002
3;10;2012;AT10;50;1;3;1;4010010000003033;401001
19;10;2011;AT05;70;1;1;1;4010020000001158;401002
30;11;2012;AT09;95;1;2;1;4010010000006582;401001
19;10;2012;AT03;450;1;3;1;4010010000003618;401001
17;05;2012;AT25;30;1;1;1;4010020000003437;401002
13;06;2011;AT06;300;1;5;1;4010020000002248;401002
17;02;2010;AT12;115;1;1;1;4010010000002530;401001
7;10;2011;AT08;25;1;4;1;4010010000003647;401001
4;07;2011;AT15;25;1;1;1;4010010000005594;401001
18;02;2012;AT04;10;1;4;1;4010010000001314;401001
31;12;2011;AT13;20;1;4;1;4010010000005322;401001
23;04;2011;AT20;105;1;2;1;4010010000007629;401001
22;11;2012;AT20;125;1;2;1;4010020000005650;401002
2;03;2011;AT15;500;1;2;1;4010020000003108;401002
22;10;2011;AT24;30;1;5;1;4010020000004485;401002
26;10;2010;AT16;30;1;1;1;4010020000004575;401002
11;03;2010;AT01;10;1;4;1;4010010000009428;401001
15;02;2010;AT05;45;1;3;1;4010010000005108;401001
18;10;2010;AT11;125;1;2;1;4010020000008970;401002
21;04;2012;AT10;55;1;5;1;4010020000004767;401002
14;03;2010;AT05;50;1;3;1;4010010000006154;401001
7;01;2012;AT05;115;1;5;1;4010020000002877;401002
16;04;2011;AT18;175;1;4;1;4010020000002590;401002
29;04;2012;AT01;45;1;5;1;4010010000003196;401001
14;02;2011;AT07;145;1;4;1;4010010000003042;401001
20;02;2012;AT03;55;1;4;1;4010020000008302;401002
17;11;2012;AT11;75;1;1;1;4010020000006294;401002
10;08;2010;AT05;115;1;5;1;4010010000007882;401001
27;06;2011;AT06;200;1;3;1;4010020000003496;401002
9;06;2011;AT04;115;1;4;1;4010020000006284;401002
6;05;2011;AT05;35;1;4;1;4010010000005487;401001
9;10;2012;AT07;85;1;2;1;4010020000007302;401002
7;07;2011;AT15;55;1;4;1;4010020000003177;401002
5;12;2011;AT13;40;1;4;1;4010020000001484;401002
24;12;2011;AT03;200;1;4;1;4010010000006367;401001
29;06;2011;AT14;175;1;3;1;4010020000008714;401002
30;05;2012;AT12;375;1;5;1;4010020000001796;401002
11;07;2011;AT05;90;1;1;1;4010020000004894;401002
26;10;2011;AT22;115;1;5;1;4010020000003310;401002
15;08;2011;AT10;45;1;3;1;4010020000004934;401002
16;06;2011;AT03;375;1;1;1;4010020000008644;401002
12;11;2011;AT08;10;1;5;1;4010020000009442;401002
9;07;2010;AT20;45;1;1;1;4010010000007002;401001
19;10;2011;AT06;375;1;4;1;4010020000007495;401002
22;05;2010;AT24;35;1;4;1;4010010000009292;401001
30;10;2012;AT09;35;1;4;1;4010020000006242;401002
19;02;2010;AT23;65;1;2;1;4010020000008845;401002
6;09;2011;AT04;45;1;4;1;4010020000005024;401002
18;07;2010;AT01;80;1;4;1;4010010000004053;401001
8;03;2012;AT18;300;1;3;1;4010010000003568;401001
16;07;2012;AT20;125;1;1;1;4010020000001619;401002
11;08;2010;AT23;200;1;1;1;4010010000003372;401001
17;03;2011;AT25;450;1;5;1;4010020000006545;401002
23;05;2012;AT13;200;1;4;1;4010010000005020;401001
12;08;2011;AT25;150;1;1;1;4010010000008879;401001
28;10;2010;AT15;175;1;5;1;4010020000007623;401002
19;02;2012;AT12;75;1;3;1;4010010000005424;401001
20;11;2012;AT10;300;1;3;1;4010010000004967;401001
24;12;2010;AT17;95;1;1;1;4010020000007763;401002
22;05;2011;AT09;450;1;5;1;4010010000003243;401001
14;11;2012;AT10;115;1;2;1;4010010000003458;401001
15;10;2011;AT14;115;1;4;1;4010010000003227;401001
12;04;2010;AT21;50;1;1;1;4010010000009004;401001
26;08;2011;AT16;35;1;2;1;4010020000003564;401002
19;09;2012;AT13;80;1;2;1;4010010000006556;401001
8;06;2012;AT25;55;1;5;1;4010020000003436;401002
7;04;2010;AT15;500;1;5;1;4010020000002782;401002
4;10;2010;AT25;110;1;5;1;4010010000001423;401001
31;10;2011;AT24;55;1;1;1;4010010000001824;401001
29;05;2012;AT05;5;1;1;1;4010010000001872;401001
22;02;2011;AT13;115;1;4;1;4010010000006775;401001
22;01;2010;AT18;45;1;4;1;4010020000008893;401002
25;10;2012;AT24;5;1;2;1;4010010000001990;401001
21;02;2011;AT17;375;1;3;1;4010010000008394;401001
18;07;2010;AT05;55;1;3;1;4010010000001141;401001
14;04;2012;AT01;30;1;2;1;4010010000006702;401001
14;08;2010;AT14;115;1;5;1;4010010000004022;401001
16;11;2012;AT02;450;1;5;1;4010010000004923;401001
21;07;2011;AT02;55;1;4;1;4010010000001233;401001
16;02;2012;AT17;50;1;3;1;4010020000002982;401002
13;04;2010;AT14;100;1;4;1;4010010000007216;401001
26;12;2010;AT09;30;1;4;1;4010010000009575;401001
7;02;2010;AT16;105;1;3;1;4010010000006698;401001
28;11;2012;AT17;60;1;5;1;4010010000007463;401001
26;08;2012;AT11;45;1;3;1;4010020000007988;401002
14;03;2011;AT04;10;1;1;1;4010010000009995;401001
27;08;2012;AT19;150;1;3;1;4010010000005586;401001
16;06;2010;AT05;450;1;2;1;4010010000002797;401001
23;09;2010;AT20;175;1;1;1;4010010000004090;401001
3;08;2011;AT13;110;1;1;1;4010020000002506;401002
18;06;2012;AT18;15;1;1;1;4010010000005004;401001
12;03;2010;AT10;90;1;4;1;4010010000009997;401001
9;11;2012;AT21;25;1;2;1;4010020000009081;401002
20;07;2011;AT21;250;1;3;1;4010010000004803;401001
7;11;2012;AT18;95;1;2;1;4010020000004724;401002
5;03;2011;AT17;500;1;1;1;4010020000009717;401002
23;10;2011;AT22;95;1;2;1;4010010000006253;401001
20;04;2012;AT21;200;1;2;1;4010010000008435;401001
19;12;2012;AT17;100;1;5;1;4010010000004476;401001
21;04;2010;AT22;10;1;2;1;4010020000008557;401002
18;12;2011;AT05;70;1;3;1;4010010000006844;401001
4;10;2010;AT19;115;1;2;1;4010020000006984;401002
18;03;2010;AT20;40;1;5;1;4010020000004742;401002
11;05;2012;AT25;50;1;1;1;4010010000006525;401001
24;01;2012;AT05;100;1;3;1;4010020000009318;401002
20;11;2011;AT06;50;1;2;1;4010010000005646;401001
9;09;2011;AT23;55;1;4;1;4010020000007354;401002
8;02;2010;AT19;35;1;2;1;4010020000003890;401002
8;10;2010;AT15;20;1;5;1;4010020000005957;401002
22;03;2010;AT06;115;1;3;1;4010020000003229;401002
13;08;2011;AT22;80;1;1;1;4010010000006964;401001
26;11;2011;AT24;10;1;2;1;4010010000001114;401001
6;06;2011;AT22;80;1;5;1;4010010000005868;401001
11;09;2011;AT20;450;1;3;1;4010020000008304;401002
18;03;2011;AT13;15;1;2;1;4010020000002264;401002
27;07;2012;AT03;95;1;2;1;4010020000006317;401002
12;02;2012;AT02;15;1;4;1;4010020000003909;401002
14;09;2012;AT13;5;1;2;1;4010020000009188;401002
22;02;2011;AT06;500;1;3;1;4010020000005628;401002
1;02;2010;AT10;90;1;1;1;4010010000004047;401001
23;02;2012;AT18;65;1;1;1;4010020000004607;401002
2;04;2012;AT13;85;1;2;1;4010010000004067;401001
28;09;2010;AT21;45;1;4;1;4010010000006843;401001
29;03;2011;AT06;50;1;3;1;4010010000008237;401001
4;10;2012;AT22;120;1;5;1;4010020000007397;401002
14;07;2012;AT07;20;1;2;1;4010010000007789;401001
13;11;2012;AT14;300;1;4;1;4010010000005908;401001
18;01;2012;AT02;45;1;4;1;4010020000008071;401002
23;11;2012;AT07;20;1;1;1;4010010000008180;401001
28;06;2011;AT16;175;1;1;1;4010020000007436;401002
10;04;2011;AT05;10;1;1;1;4010020000001813;401002
4;12;2012;AT25;115;1;3;1;4010020000001066;401002
7;09;2012;AT12;300;1;4;1;4010010000003832;401001
23;10;2012;AT21;90;1;2;1;4010010000001196;401001
31;08;2012;AT18;70;1;3;1;4010020000003243;401002
2;02;2011;AT23;70;1;5;1;4010010000003207;401001
4;12;2010;AT21;105;1;5;1;4010020000009816;401002
19;11;2011;AT21;300;1;1;1;4010020000007636;401002
15;03;2011;AT22;40;1;4;1;4010010000009193;401001
22;06;2010;AT21;40;1;5;1;4010020000004627;401002
3;10;2010;AT19;110;1;5;1;4010010000008201;401001
25;12;2012;AT19;25;1;4;1;4010020000007015;401002
16;10;2010;AT18;65;1;3;1;4010020000004806;401002
6;11;2012;AT12;95;1;3;1;4010020000008400;401002
7;11;2010;AT07;125;1;5;1;4010010000001787;401001
8;09;2011;AT16;90;1;4;1;4010010000005679;401001
30;07;2010;AT23;175;1;2;1;4010010000009106;401001
16;06;2012;AT08;200;1;4;1;4010020000009693;401002
9;10;2012;AT18;105;1;4;1;4010020000008882;401002
20;10;2012;AT13;105;1;2;1;4010020000002657;401002
16;07;2011;AT13;50;1;5;1;4010010000007699;401001
4;07;2010;AT03;25;1;2;1;4010020000005749;401002
16;10;2012;AT04;115;1;5;1;4010010000008914;401001
15;12;2011;AT16;75;1;3;1;4010010000009646;401001
25;03;2011;AT07;375;1;3;1;4010020000004939;401002
20;11;2011;AT11;25;1;5;1;4010010000006218;401001
21;07;2011;AT01;200;1;5;1;4010010000003136;401001
28;02;2010;AT13;5;1;5;1;4010020000007082;401002
1;05;2011;AT19;175;1;4;1;4010010000007251;401001
2;05;2012;AT03;300;1;2;1;4010020000007584;401002
24;11;2010;AT19;95;1;4;1;4010010000004161;401001
26;12;2012;AT23;55;1;1;1;4010020000004539;401002
8;07;2011;AT22;50;1;2;1;4010020000006172;401002
15;05;2011;AT02;375;1;3;1;4010020000001301;401002
18;03;2011;AT17;45;1;3;1;4010010000009372;401001
29;06;2010;AT11;200;1;1;1;4010010000004649;401001
10;02;2011;AT03;95;1;4;1;4010020000001231;401002
1;08;2012;AT09;105;1;3;1;4010020000006541;401002
17;08;2012;AT19;15;1;4;1;4010010000009801;401001
16;09;2012;AT23;450;1;2;1;4010020000003889;401002
23;03;2010;AT05;75;1;1;1;4010020000001131;401002
10;11;2010;AT10;115;1;2;1;4010010000005675;401001
27;08;2012;AT03;450;1;4;1;4010010000003483;401001
27;06;2010;AT23;100;1;5;1;4010010000004163;401001
4;06;2011;AT25;110;1;3;1;4010020000005571;401002
10;04;2010;AT13;65;1;3;1;4010010000006377;401001
30;09;2011;AT01;70;1;1;1;4010010000001777;401001
22;04;2010;AT12;110;1;2;1;4010020000001820;401002
16;07;2010;AT10;125;1;3;1;4010010000003604;401001
30;01;2010;AT07;105;1;5;1;4010020000005717;401002
29;04;2010;AT16;5;1;5;1;4010010000009719;401001
3;06;2011;AT07;115;1;5;1;4010020000002580;401002
7;11;2011;AT07;90;1;3;1;4010010000002099;401001
24;02;2010;AT06;95;1;4;1;4010010000006065;401001
22;09;2010;AT23;55;1;5;1;4010010000003335;401001
19;04;2010;AT14;15;1;1;1;4010010000001547;401001
6;10;2012;AT19;250;1;2;1;4010020000002959;401002
27;10;2010;AT23;55;1;1;1;4010020000002050;401002
27;08;2012;AT08;500;1;3;1;4010020000001851;401002
6;03;2012;AT23;125;1;5;1;4010010000009208;401001
6;08;2012;AT16;30;1;5;1;4010010000006455;401001
1;03;2012;AT24;115;1;5;1;4010010000002198;401001
2;08;2012;AT07;250;1;1;1;4010020000006893;401002
22;10;2011;AT22;500;1;2;1;4010020000009942;401002
29;01;2010;AT21;450;1;4;1;4010020000005456;401002
17;02;2010;AT04;30;1;4;1;4010020000007418;401002
23;05;2011;AT04;75;1;4;1;4010010000006108;401001
25;08;2012;AT20;20;1;2;1;4010020000008912;401002
26;08;2010;AT08;110;1;3;1;4010010000004985;401001
8;10;2012;AT22;115;1;1;1;4010020000009017;401002
9;09;2012;AT14;15;1;1;1;4010010000006580;401001
19;11;2012;AT23;175;1;3;1;4010010000004705;401001
9;03;2012;AT21;20;1;2;1;4010010000003519;401001
19;10;2011;AT16;135;1;4;1;4010010000001817;401001
28;05;2011;AT10;80;1;5;1;4010010000004610;401001
29;10;2010;AT22;75;1;1;1;4010010000008982;401001
9;07;2010;AT05;500;1;5;1;4010020000006907;401002
30;08;2011;AT07;15;1;1;1;4010010000008723;401001
23;09;2012;AT12;250;1;4;1;4010010000004922;401001
13;03;2011;AT08;10;1;5;1;4010020000009375;401002
17;05;2012;AT25;105;1;3;1;4010010000003003;401001
25;09;2012;AT12;35;1;5;1;4010020000006233;401002
4;07;2012;AT22;250;1;1;1;4010020000007769;401002
10;11;2011;AT25;135;1;1;1;4010020000001107;401002
11;06;2012;AT22;60;1;4;1;4010020000005908;401002
15;07;2012;AT17;135;1;3;1;4010010000003169;401001
23;10;2010;AT18;120;1;5;1;4010020000006286;401002
6;12;2011;AT25;125;1;1;1;4010020000002929;401002
20;10;2010;AT20;110;1;1;1;4010020000001939;401002
28;02;2011;AT17;25;1;3;1;4010010000001621;401001
11;05;2010;AT22;40;1;3;1;4010020000008250;401002
9;07;2010;AT03;150;1;5;1;4010020000005097;401002
9;09;2010;AT19;45;1;1;1;4010020000008582;401002
27;12;2011;AT02;300;1;4;1;4010020000001039;401002
6;06;2012;AT17;10;1;1;1;4010020000004134;401002
12;08;2010;AT13;35;1;2;1;4010020000001784;401002
8;05;2011;AT18;80;1;4;1;4010010000007433;401001
15;07;2011;AT21;75;1;4;1;4010020000008815;401002
3;07;2012;AT07;250;1;2;1;4010020000009444;401002
5;12;2010;AT15;45;1;5;1;4010010000007508;401001
19;12;2011;AT20;20;1;5;1;4010020000003056;401002
9;03;2012;AT22;450;1;4;1;4010020000007337;401002
16;06;2011;AT09;95;1;2;1;4010010000005159;401001
25;03;2010;AT16;40;1;4;1;4010010000002881;401001
3;03;2010;AT24;300;1;5;1;4010020000003126;401002
9;11;2012;AT07;105;1;5;1;4010020000001353;401002
28;04;2012;AT07;85;1;1;1;4010010000008973;401001
22;03;2011;AT22;115;1;5;1;4010010000007763;401001
26;12;2011;AT18;105;1;4;1;4010020000005538;401002
17;02;2011;AT01;45;1;5;1;4010020000007452;401002
25;02;2012;AT16;200;1;1;1;4010010000003124;401001
17;05;2010;AT01;125;1;5;1;4010020000005974;401002
3;05;2012;AT01;65;1;1;1;4010010000009486;401001
9;03;2010;AT08;375;1;1;1;4010020000001585;401002
9;11;2010;AT20;105;1;3;1;4010020000007558;401002
29;07;2010;AT19;175;1;3;1;4010010000005391;401001
21;04;2012;AT15;40;1;3;1;4010010000002506;401001
30;04;2011;AT09;75;1;3;1;4010020000008893;401002
4;06;2011;AT21;110;1;5;1;4010010000009727;401001
24;01;2011;AT17;450;1;1;1;4010020000002076;401002
26;11;2012;AT02;70;1;5;1;4010010000005321;401001
19;08;2011;AT13;55;1;5;1;4010010000005293;401001
25;10;2010;AT05;85;1;5;1;4010020000008529;401002
28;01;2010;AT12;200;1;1;1;4010020000002710;401002
10;03;2011;AT17;45;1;2;1;4010010000008154;401001
19;09;2011;AT14;35;1;4;1;4010020000003787;401002
11;09;2011;AT15;15;1;2;1;4010010000005497;401001
15;12;2012;AT09;5;1;5;1;4010020000006667;401002
18;11;2010;AT10;90;1;4;1;4010010000001835;401001
8;06;2012;AT22;85;1;5;1;4010010000008552;401001
6;02;2010;AT13;70;1;4;1;4010020000004867;401002
25;11;2012;AT20;50;1;5;1;4010010000003615;401001
7;12;2010;AT02;105;1;2;1;4010020000007247;401002
12;03;2010;AT10;25;1;2;1;4010020000004110;401002
30;04;2011;AT06;300;1;4;1;4010010000004424;401001
17;03;2012;AT20;5;1;5;1;4010020000006088;401002
8;08;2011;AT12;100;1;2;1;4010010000008941;401001
23;07;2011;AT10;45;1;3;1;4010020000002041;401002
12;04;2012;AT08;175;1;5;1;4010010000004689;401001
9;07;2010;AT07;10;1;5;1;4010010000009091;401001
2;10;2011;AT23;75;1;1;1;4010020000008384;401002
6;10;2012;AT12;55;1;2;1;4010010000009518;401001
17;12;2011;AT05;40;1;3;1;4010020000001915;401002
1;02;2010;AT03;10;1;4;1;4010010000003662;401001
3;03;2010;AT01;300;1;5;1;4010010000008144;401001
27;04;2010;AT09;50;1;2;1;4010020000008866;401002
30;06;2012;AT12;5;1;2;1;4010010000004181;401001
31;03;2011;AT02;120;1;3;1;4010010000006849;401001
11;09;2011;AT24;145;1;5;1;4010010000007776;401001
16;11;2010;AT01;300;1;2;1;4010020000005660;401002
5;06;2012;AT08;45;1;1;1;4010020000009696;401002
29;06;2012;AT03;125;1;5;1;4010010000004730;401001
4;12;2010;AT09;125;1;4;1;4010010000002669;401001
19;07;2012;AT20;145;1;2;1;4010010000002994;401001
27;11;2011;AT02;500;1;2;1;4010020000005605;401002
23;05;2012;AT12;75;1;4;1;4010010000003072;401001
7;05;2010;AT19;450;1;3;1;4010010000007149;401001
6;01;2011;AT16;110;1;3;1;4010010000007691;401001
2;09;2011;AT07;150;1;2;1;4010020000002416;401002
14;02;2012;AT20;450;1;1;1;4010020000001263;401002
19;08;2010;AT25;30;1;2;1;4010020000007458;401002
10;04;2012;AT13;135;1;2;1;4010020000002744;401002
13;02;2012;AT07;5;1;2;1;4010020000004237;401002
18;09;2010;AT03;25;1;4;1;4010020000005595;401002
3;01;2012;AT16;50;1;1;1;4010010000008485;401001
20;02;2011;AT19;25;1;1;1;4010020000008717;401002
22;09;2010;AT02;90;1;3;1;4010010000003771;401001
11;10;2010;AT14;375;1;1;1;4010010000001806;401001
2;03;2011;AT10;40;1;3;1;4010010000004641;401001
2;01;2010;AT18;10;1;3;1;4010010000009460;401001
20;08;2010;AT25;500;1;2;1;4010010000005508;401001
4;05;2010;AT21;250;1;4;1;4010010000007391;401001
24;06;2012;AT10;15;1;5;1;4010010000003719;401001
18;11;2012;AT19;65;1;5;1;4010020000007262;401002
8;08;2010;AT24;5;1;4;1;4010020000003597;401002
26;07;2012;AT08;65;1;3;1;4010010000007739;401001
16;10;2010;AT11;35;1;2;1;4010020000001534;401002
9;09;2011;AT03;250;1;5;1;4010010000005988;401001
17;05;2010;AT02;145;1;3;1;4010020000006994;401002
25;09;2011;AT05;50;1;2;1;4010010000003446;401001
7;07;2010;AT09;200;1;5;1;4010020000006726;401002
21;07;2012;AT08;375;1;1;1;4010010000004471;401001
19;03;2011;AT05;200;1;5;1;4010010000009698;401001
8;11;2012;AT12;35;1;3;1;4010010000004102;401001
29;05;2011;AT09;50;1;5;1;4010020000002344;401002
27;03;2011;AT08;50;1;4;1;4010010000003813;401001
22;04;2011;AT11;55;1;2;1;4010020000006643;401002
3;07;2012;AT19;65;1;3;1;4010010000002709;401001
5;02;2010;AT02;115;1;5;1;4010010000008653;401001
8;06;2012;AT21;145;1;2;1;4010020000002419;401002
16;07;2012;AT23;20;1;1;1;4010020000007108;401002
23;11;2011;AT11;20;1;5;1;4010020000002109;401002
5;09;2010;AT02;125;1;2;1;4010010000006751;401001
5;05;2011;AT12;65;1;1;1;4010020000006858;401002
26;07;2011;AT12;75;1;2;1;4010020000004533;401002
9;03;2010;AT22;20;1;1;1;4010010000008835;401001
25;01;2011;AT22;85;1;5;1;4010010000003952;401001
11;11;2011;AT17;450;1;2;1;4010010000009763;401001
27;10;2011;AT05;30;1;2;1;4010020000005051;401002
22;09;2011;AT06;50;1;4;1;4010020000005790;401002
4;06;2010;AT04;25;1;5;1;4010020000007403;401002
6;03;2011;AT02;75;1;4;1;4010020000003954;401002
20;07;2012;AT13;5;1;3;1;4010010000007935;401001
8;10;2012;AT02;5;1;4;1;4010010000006311;401001
15;05;2010;AT10;30;1;4;1;4010020000005924;401002
10;07;2011;AT06;60;1;3;1;4010020000002714;401002
18;05;2010;AT08;40;1;1;1;4010010000007367;401001
1;12;2010;AT10;200;1;3;1;4010010000008533;401001
18;01;2010;AT12;65;1;4;1;4010010000007497;401001
25;06;2010;AT12;60;1;2;1;4010020000002279;401002
30;10;2012;AT21;55;1;2;1;4010010000009833;401001
13;09;2010;AT22;50;1;1;1;4010010000003672;401001
23;10;2012;AT04;20;1;4;1;4010020000008473;401002
16;11;2011;AT13;200;1;4;1;4010010000002868;401001
18;08;2011;AT06;40;1;4;1;4010010000003445;401001
25;02;2011;AT24;60;1;4;1;4010010000003481;401001
27;04;2010;AT15;65;1;2;1;4010020000007641;401002
15;06;2012;AT25;85;1;4;1;4010010000001243;401001
4;10;2012;AT12;90;1;4;1;4010020000005687;401002
19;03;2012;AT07;375;1;4;1;4010010000005472;401001
5;03;2010;AT18;175;1;2;1;4010010000008760;401001
24;03;2010;AT08;110;1;4;1;4010010000007279;401001
13;10;2011;AT09;35;1;2;1;4010020000006738;401002
17;11;2010;AT09;375;1;5;1;4010020000008282;401002
27;03;2011;AT23;175;1;5;1;4010020000008179;401002
3;09;2012;AT01;120;1;5;1;4010010000005673;401001
6;06;2011;AT02;300;1;2;1;4010010000005706;401001
14;06;2010;AT15;115;1;2;1;4010020000009800;401002
7;10;2010;AT08;35;1;2;1;4010020000005174;401002
3;06;2012;AT08;300;1;3;1;4010010000004773;401001
17;05;2010;AT22;135;1;2;1;4010020000006265;401002
5;05;2010;AT14;95;1;3;1;4010010000009812;401001
2;11;2010;AT14;450;1;5;1;4010010000005261;401001
28;08;2011;AT01;110;1;5;1;4010020000001258;401002
14;04;2011;AT12;115;1;5;1;4010010000003274;401001
17;10;2011;AT14;95;1;4;1;4010010000006472;401001
12;09;2011;AT03;145;1;3;1;4010010000005530;401001
5;05;2012;AT10;110;1;3;1;4010010000001626;401001
8;03;2012;AT06;55;1;3;1;4010010000009386;401001
6;05;2010;AT13;200;1;3;1;4010010000002022;401001
15;11;2012;AT06;85;1;1;1;4010010000009510;401001
17;05;2011;AT24;200;1;5;1;4010010000001875;401001
30;08;2010;AT14;25;1;4;1;4010010000005558;401001
16;06;2010;AT15;65;1;3;1;4010010000008646;401001
9;11;2011;AT16;250;1;2;1;4010010000005475;401001
23;08;2010;AT21;115;1;4;1;4010020000005481;401002
2;04;2011;AT15;250;1;5;1;4010010000009856;401001
6;09;2010;AT07;70;1;5;1;4010020000003061;401002
21;11;2012;AT23;80;1;3;1;4010020000001011;401002
7;10;2011;AT07;50;1;4;1;4010020000003246;401002
15;09;2010;AT11;55;1;2;1;4010020000003343;401002
25;04;2012;AT24;500;1;1;1;4010020000006320;401002
6;04;2012;AT21;85;1;5;1;4010020000002084;401002
5;04;2011;AT15;15;1;2;1;4010020000001971;401002
14;05;2011;AT07;10;1;1;1;4010020000009399;401002
20;11;2011;AT21;85;1;5;1;4010020000007777;401002
28;02;2010;AT21;125;1;2;1;4010020000004838;401002
2;06;2011;AT16;100;1;1;1;4010010000008061;401001
17;09;2010;AT04;85;1;5;1;4010010000005152;401001
30;03;2011;AT21;15;1;2;1;4010020000006998;401002
19;04;2012;AT20;135;1;2;1;4010020000005244;401002
30;06;2011;AT16;40;1;2;1;4010020000008166;401002
11;05;2010;AT25;45;1;5;1;4010010000005828;401001
15;04;2011;AT02;100;1;3;1;4010010000009030;401001
12;06;2011;AT24;145;1;5;1;4010020000008390;401002
2;02;2010;AT13;75;1;4;1;4010010000002656;401001
17;01;2012;AT24;135;1;5;1;4010010000005928;401001
27;06;2011;AT19;45;1;1;1;4010010000007003;401001
27;09;2011;AT08;300;1;5;1;4010010000003472;401001
30;11;2010;AT19;135;1;3;1;4010010000004567;401001
5;07;2011;AT25;50;1;1;1;4010010000001744;401001
24;03;2011;AT24;135;1;2;1;4010010000001430;401001
15;04;2011;AT02;85;1;3;1;4010020000005222;401002
15;03;2011;AT09;115;1;3;1;4010010000005202;401001
22;04;2012;AT23;115;1;2;1;4010020000001415;401002
15;02;2010;AT10;85;1;4;1;4010020000009272;401002
1;12;2011;AT07;125;1;1;1;4010010000009835;401001
5;10;2010;AT07;20;1;2;1;4010020000008533;401002
1;06;2011;AT05;85;1;5;1;4010020000005871;401002
1;10;2010;AT17;120;1;5;1;4010020000002063;401002
6;08;2011;AT06;85;1;3;1;4010010000003176;401001
5;10;2011;AT19;60;1;2;1;4010020000001205;401002
4;07;2012;AT16;85;1;4;1;4010020000001746;401002
11;06;2010;AT18;200;1;5;1;4010010000001653;401001
18;07;2012;AT02;300;1;2;1;4010020000004720;401002
30;12;2010;AT01;15;1;1;1;4010010000007545;401001
17;10;2011;AT05;20;1;3;1;4010020000007055;401002
29;06;2011;AT23;175;1;4;1;4010010000002394;401001
7;07;2010;AT06;120;1;1;1;4010010000009574;401001
29;06;2012;AT11;115;1;1;1;4010020000007085;401002
29;06;2010;AT07;175;1;1;1;4010020000007733;401002
9;07;2011;AT24;200;1;3;1;4010020000006124;401002
17;07;2010;AT24;15;1;1;1;4010010000002441;401001
27;02;2010;AT06;375;1;1;1;4010020000009423;401002
16;04;2010;AT07;55;1;2;1;4010010000003559;401001
7;02;2010;AT04;450;1;4;1;4010010000006233;401001
7;06;2011;AT08;50;1;3;1;4010020000005071;401002
23;01;2012;AT11;100;1;2;1;4010010000004771;401001
6;04;2011;AT21;30;1;3;1;4010020000001365;401002
18;09;2012;AT12;115;1;5;1;4010020000005896;401002
15;03;2010;AT10;35;1;5;1;4010010000008528;401001
4;11;2012;AT23;110;1;3;1;4010010000005388;401001
20;10;2011;AT06;100;1;1;1;4010010000004282;401001
18;09;2010;AT12;150;1;3;1;4010010000009011;401001
24;01;2011;AT25;135;1;1;1;4010020000008122;401002
4;02;2012;AT04;20;1;2;1;4010020000005949;401002
13;06;2012;AT09;45;1;5;1;4010010000005955;401001
10;06;2011;AT01;10;1;4;1;4010020000001748;401002
28;09;2010;AT13;85;1;1;1;4010020000007418;401002
29;01;2012;AT23;450;1;4;1;4010010000005982;401001
3;03;2011;AT01;100;1;5;1;4010020000006504;401002
25;12;2011;AT20;10;1;4;1;4010010000003606;401001
25;01;2012;AT24;70;1;2;1;4010020000007257;401002
10;07;2012;AT13;70;1;4;1;4010020000002201;401002
16;06;2011;AT22;10;1;5;1;4010020000009306;401002
4;10;2012;AT21;95;1;1;1;4010020000006696;401002
15;11;2012;AT07;110;1;1;1;4010020000007270;401002
20;06;2010;AT19;75;1;1;1;4010010000001081;401001
25;06;2011;AT04;80;1;4;1;4010020000003925;401002
23;11;2010;AT14;90;1;3;1;4010010000001688;401001
9;04;2010;AT09;145;1;2;1;4010010000002709;401001
29;01;2010;AT25;95;1;1;1;4010020000006810;401002
6;09;2012;AT06;5;1;1;1;4010020000004272;401002
20;03;2010;AT05;45;1;5;1;4010010000003743;401001
26;08;2011;AT06;50;1;5;1;4010010000001437;401001
26;02;2010;AT10;5;1;3;1;4010010000001618;401001
4;03;2012;AT16;135;1;1;1;4010010000005772;401001
18;03;2011;AT07;300;1;3;1;4010020000004882;401002
26;09;2011;AT18;80;1;3;1;4010010000009056;401001
13;08;2011;AT09;105;1;3;1;4010020000007604;401002
5;08;2010;AT06;90;1;5;1;4010010000003104;401001
11;10;2011;AT10;45;1;1;1;4010010000002897;401001
22;05;2011;AT15;300;1;4;1;4010020000009533;401002
10;04;2011;AT23;10;1;2;1;4010020000004852;401002
19;07;2010;AT18;15;1;5;1;4010020000005542;401002
23;05;2012;AT25;25;1;1;1;4010010000007555;401001
28;02;2011;AT11;105;1;1;1;4010020000008024;401002
20;04;2012;AT05;65;1;4;1;4010020000004831;401002
14;01;2011;AT01;175;1;5;1;4010010000008709;401001
24;09;2011;AT20;30;1;3;1;4010010000004334;401001
2;11;2011;AT07;200;1;3;1;4010010000002950;401001
25;06;2010;AT16;20;1;3;1;4010010000001978;401001
11;06;2011;AT07;5;1;2;1;4010020000005685;401002
27;10;2010;AT24;450;1;3;1;4010010000003098;401001
18;05;2011;AT18;60;1;4;1;4010020000007608;401002
17;01;2011;AT11;95;1;4;1;4010020000005655;401002
12;09;2012;AT02;55;1;2;1;4010020000004840;401002
18;05;2010;AT02;65;1;3;1;4010010000008136;401001
19;01;2010;AT17;35;1;5;1;4010010000007465;401001
7;08;2012;AT12;135;1;1;1;4010020000001941;401002
13;04;2010;AT24;95;1;2;1;4010010000009685;401001
15;03;2010;AT18;115;1;4;1;4010020000001274;401002
21;09;2010;AT14;135;1;1;1;4010010000002421;401001
7;11;2011;AT25;135;1;3;1;4010010000002125;401001
24;04;2011;AT21;90;1;2;1;4010010000008386;401001
4;09;2010;AT08;300;1;2;1;4010020000007224;401002
7;09;2012;AT20;135;1;4;1;4010010000003466;401001
15;03;2011;AT04;175;1;1;1;4010010000008037;401001
18;11;2010;AT16;5;1;4;1;4010020000007115;401002
30;01;2011;AT11;250;1;2;1;4010010000001602;401001
9;01;2011;AT11;120;1;5;1;4010010000009891;401001
18;08;2011;AT04;110;1;2;1;4010010000007394;401001
13;07;2011;AT21;70;1;5;1;4010010000002077;401001
13;10;2010;AT05;90;1;3;1;4010020000004732;401002
27;07;2012;AT06;25;1;2;1;4010020000006828;401002
10;06;2012;AT08;500;1;4;1;4010020000006031;401002
18;01;2012;AT02;25;1;5;1;4010020000009757;401002
2;05;2011;AT23;110;1;5;1;4010010000003324;401001
22;06;2010;AT08;5;1;5;1;4010020000008321;401002
28;02;2011;AT21;35;1;2;1;4010020000005157;401002
23;06;2010;AT03;85;1;3;1;4010010000008552;401001
2;03;2011;AT05;145;1;3;1;4010020000008716;401002
14;01;2012;AT22;30;1;4;1;4010020000009755;401002
11;11;2012;AT22;300;1;3;1;4010010000004224;401001
19;06;2011;AT06;120;1;5;1;4010020000005870;401002
7;02;2012;AT24;20;1;3;1;4010010000008393;401001
18;09;2010;AT02;175;1;1;1;4010010000007400;401001
18;10;2012;AT12;250;1;4;2;4010020000003839;401002
24;03;2011;AT09;125;1;3;2;4010010000001565;401001
27;11;2012;AT20;20;1;3;2;4010010000005114;401001
6;10;2011;AT16;375;1;2;1;4010020000002680;401002
10;03;2012;AT04;85;1;2;1;4010020000001274;401002
28;04;2012;AT06;40;1;3;2;4010020000008348;401002
13;11;2012;AT15;115;1;3;2;4010010000007198;401001
1;07;2012;AT20;450;1;2;1;4010020000001998;401002
2;11;2012;AT16;120;1;5;1;4010020000007398;401002
24;09;2012;AT05;70;1;2;1;4010010000007954;401001
19;10;2012;AT19;120;1;3;2;4010010000002636;401001
6;09;2011;AT24;50;1;5;1;4010010000001639;401001
12;06;2011;AT23;145;1;4;2;4010010000006404;401001
30;11;2012;AT11;5;1;3;2;4010020000001081;401002
26;11;2011;AT18;200;1;1;2;4010010000009182;401001
5;04;2012;AT18;20;1;2;1;4010010000001476;401001
28;10;2010;AT15;35;1;4;2;4010010000005177;401001
11;10;2010;AT20;30;1;5;1;4010010000001950;401001
21;03;2011;AT11;95;1;1;1;4010010000009323;401001
4;05;2012;AT20;25;1;4;1;4010010000002949;401001
25;10;2011;AT10;115;1;2;2;4010010000009408;401001
9;12;2011;AT06;105;1;4;1;4010010000005901;401001
10;06;2010;AT19;10;1;1;1;4010020000003036;401002
29;08;2010;AT06;145;1;2;2;4010020000001360;401002
8;11;2011;AT22;60;1;4;1;4010020000007447;401002
27;05;2012;AT17;90;1;1;1;4010020000004843;401002
28;01;2012;AT10;300;1;5;2;4010020000003769;401002
6;06;2010;AT01;20;1;2;1;4010010000002203;401001
30;03;2011;AT05;110;1;4;1;4010020000006255;401002
29;08;2010;AT21;105;1;2;2;4010010000004803;401001
27;02;2011;AT04;125;1;4;1;4010020000006455;401002
24;05;2010;AT24;40;1;3;1;4010020000007208;401002
16;06;2012;AT22;35;1;1;1;4010020000008280;401002
2;01;2010;AT23;10;1;1;1;4010020000001413;401002
3;04;2011;AT11;90;1;3;2;4010020000002846;401002
15;07;2011;AT04;250;1;3;2;4010020000001569;401002
15;10;2010;AT23;110;1;2;1;4010020000007489;401002
29;08;2010;AT25;120;1;1;1;4010010000008343;401001
4;04;2010;AT09;75;1;1;2;4010020000007112;401002
24;11;2012;AT24;100;1;4;2;4010010000002463;401001
10;04;2011;AT05;375;1;1;1;4010010000004574;401001
3;08;2011;AT10;100;1;4;1;4010020000008497;401002
29;08;2012;AT09;55;1;4;2;4010010000006047;401001
25;06;2011;AT20;5;1;2;2;4010020000003893;401002
24;12;2012;AT13;50;1;1;2;4010020000001544;401002
2;09;2011;AT12;30;1;5;2;4010010000005190;401001
10;02;2011;AT04;300;1;2;1;4010020000002411;401002
2;02;2010;AT20;120;1;1;2;4010020000009404;401002
7;11;2011;AT06;35;1;2;2;4010020000003763;401002
17;03;2010;AT02;45;1;1;1;4010010000008738;401001
8;05;2011;AT05;250;1;4;1;4010010000003704;401001
8;07;2012;AT23;25;1;5;2;4010020000004497;401002
30;09;2012;AT02;70;1;4;2;4010020000004712;401002
13;05;2012;AT01;450;1;5;1;4010020000002932;401002
8;10;2010;AT05;85;1;2;2;4010010000007957;401001
19;04;2012;AT04;50;1;4;2;4010010000007137;401001
2;06;2011;AT06;30;1;4;1;4010010000001210;401001
10;06;2010;AT20;30;1;2;1;4010010000002628;401001
1;09;2012;AT16;375;1;5;2;4010020000005110;401002
26;05;2012;AT20;45;1;4;2;4010010000009338;401001
24;12;2012;AT20;25;1;3;1;4010020000002493;401002
28;02;2011;AT06;110;1;3;1;4010020000007845;401002
5;02;2010;AT16;80;1;1;2;4010010000008766;401001
26;03;2012;AT21;10;1;5;1;4010020000003773;401002
21;06;2012;AT07;200;1;5;2;4010020000004194;401002
14;02;2010;AT20;110;1;3;1;4010010000007705;401001
1;04;2010;AT08;70;1;1;2;4010020000002592;401002
5;06;2010;AT16;10;1;4;1;4010020000004181;401002
23;05;2010;AT14;250;1;5;2;4010020000005350;401002
5;05;2010;AT04;120;1;1;2;4010020000005180;401002
25;11;2010;AT01;150;1;5;1;4010010000006723;401001
18;04;2010;AT24;70;1;4;1;4010010000005980;401001
20;10;2010;AT10;30;1;5;1;4010010000002200;401001
10;09;2011;AT13;20;1;2;1;4010020000007385;401002
9;09;2012;AT06;145;1;1;2;4010020000003241;401002
20;07;2012;AT24;40;1;3;1;4010010000005052;401001
22;03;2011;AT01;175;1;5;1;4010010000007925;401001
27;03;2011;AT09;65;1;5;1;4010020000004282;401002
15;10;2010;AT25;375;1;4;1;4010020000009427;401002
18;07;2011;AT22;500;1;5;1;4010020000006733;401002
28;02;2011;AT06;145;1;4;1;4010010000004823;401001
17;02;2011;AT20;150;1;3;1;4010020000006596;401002
25;03;2012;AT24;145;1;5;1;4010020000006987;401002
5;04;2011;AT21;375;1;3;1;4010010000007275;401001
14;02;2012;AT23;10;1;2;2;4010020000009700;401002
2;10;2011;AT11;125;1;3;1;4010010000009548;401001
11;12;2011;AT04;200;1;2;1;4010010000006118;401001
12;09;2012;AT06;45;1;1;2;4010020000007855;401002
4;03;2010;AT25;125;1;3;1;4010010000001883;401001
27;07;2011;AT15;105;1;2;2;4010010000001360;401001
16;06;2012;AT15;20;1;5;2;4010020000002168;401002
27;01;2012;AT10;115;1;1;2;4010020000001545;401002
16;04;2011;AT22;60;1;4;1;4010010000009526;401001
5;09;2011;AT20;50;1;5;1;4010010000006328;401001
18;05;2012;AT12;500;1;1;1;4010020000009561;401002
11;08;2012;AT14;500;1;4;2;4010010000006518;401001
22;08;2010;AT21;65;1;5;1;4010020000006096;401002
12;07;2012;AT22;250;1;2;1;4010020000008538;401002
12;08;2012;AT21;5;1;2;1;4010020000001308;401002
16;07;2010;AT03;65;1;3;2;4010010000001733;401001
13;01;2010;AT08;40;1;5;1;4010010000003422;401001
5;01;2011;AT06;10;1;2;2;4010020000007012;401002
25;06;2010;AT15;15;1;2;1;4010020000001794;401002
14;08;2011;AT20;110;1;3;1;4010020000004501;401002
30;06;2011;AT25;450;1;2;1;4010020000002032;401002
10;11;2011;AT16;375;1;2;2;4010010000006194;401001
14;06;2010;AT04;200;1;1;1;4010020000009123;401002
30;12;2010;AT08;65;1;5;2;4010020000003981;401002
28;10;2012;AT14;95;1;3;1;4010010000006969;401001
20;06;2012;AT17;125;1;2;2;4010010000009385;401001
18;09;2011;AT01;60;1;5;2;4010010000007785;401001
7;02;2012;AT15;90;1;3;1;4010010000007970;401001
19;04;2010;AT02;60;1;5;2;4010020000009178;401002
12;03;2012;AT19;55;1;5;2;4010020000001291;401002
24;06;2011;AT20;45;1;5;2;4010010000005816;401001
15;09;2010;AT17;250;1;5;1;4010010000009171;401001
10;04;2012;AT12;25;1;2;1;4010010000003370;401001
22;12;2011;AT04;80;1;5;1;4010010000009967;401001
13;12;2010;AT16;300;1;5;2;4010020000008045;401002
25;11;2010;AT23;90;1;5;1;4010020000004633;401002
9;10;2012;AT12;100;1;5;1;4010010000009896;401001
17;06;2011;AT05;125;1;5;1;4010010000006650;401001
19;02;2012;AT02;135;1;1;1;4010020000008293;401002
21;10;2011;AT12;145;1;2;2;4010020000002200;401002
12;05;2012;AT09;55;1;1;2;4010010000001944;401001
19;10;2010;AT13;105;1;3;1;4010020000004071;401002
7;01;2011;AT08;90;1;1;1;4010020000007550;401002
7;09;2011;AT25;65;1;2;2;4010020000004288;401002
2;04;2010;AT09;70;1;5;2;4010010000009808;401001
3;04;2011;AT17;30;1;2;2;4010020000009604;401002
21;05;2010;AT22;50;1;5;2;4010020000002484;401002
15;08;2012;AT16;145;1;2;2;4010020000009881;401002
16;03;2010;AT24;100;1;5;2;4010010000009563;401001
18;10;2011;AT18;105;1;3;1;4010020000003727;401002
14;08;2012;AT24;5;1;4;2;4010010000001616;401001
21;10;2011;AT17;30;1;3;2;4010010000009781;401001
5;10;2010;AT22;60;1;2;2;4010010000004625;401001
26;02;2012;AT06;10;1;4;1;4010020000009085;401002
9;08;2012;AT01;15;1;5;2;4010010000005379;401001
20;09;2012;AT23;500;1;4;2;4010010000001429;401001
28;02;2010;AT09;90;1;4;2;4010010000005045;401001
28;05;2010;AT24;105;1;2;2;4010020000002372;401002
30;10;2012;AT02;115;1;1;2;4010010000007446;401001
25;02;2010;AT06;120;1;5;1;4010020000001671;401002
6;09;2012;AT13;375;1;5;2;4010020000007420;401002
12;08;2011;AT17;50;1;1;1;4010010000004041;401001
20;07;2010;AT04;450;1;2;1;4010010000002315;401001
11;11;2012;AT05;375;1;1;2;4010010000004452;401001
28;09;2012;AT02;30;1;1;1;4010020000008211;401002
10;11;2011;AT16;20;1;5;1;4010010000005284;401001
5;02;2012;AT23;105;1;4;1;4010020000004567;401002
9;10;2010;AT04;500;1;2;2;4010010000002471;401001
28;04;2010;AT22;55;1;4;1;4010020000004511;401002
4;12;2012;AT05;85;1;5;1;4010020000002772;401002
6;09;2010;AT07;200;1;1;2;4010010000005295;401001
21;10;2010;AT14;200;1;5;1;4010020000005785;401002
11;09;2010;AT01;65;1;1;1;4010010000005295;401001
29;12;2010;AT18;30;1;5;1;4010010000005574;401001
11;08;2011;AT03;90;1;4;2;4010020000005832;401002
22;10;2012;AT21;175;1;1;2;4010010000004647;401001
22;02;2011;AT12;175;1;4;2;4010020000001052;401002
12;02;2010;AT10;45;1;2;2;4010020000007922;401002
28;08;2012;AT09;105;1;1;2;4010020000002783;401002
16;07;2012;AT25;100;1;2;1;4010020000004362;401002
20;12;2010;AT05;135;1;2;2;4010010000004155;401001
24;11;2010;AT10;25;1;1;2;4010020000009703;401002
10;02;2010;AT24;75;1;2;1;4010010000007576;401001
15;04;2010;AT09;100;1;2;1;4010010000008843;401001
5;12;2012;AT09;175;1;4;2;4010020000009274;401002
1;12;2010;AT18;15;1;4;2;4010010000004867;401001
3;04;2012;AT24;75;1;3;2;4010020000004542;401002
2;02;2010;AT09;15;1;3;1;4010020000006926;401002
25;10;2012;AT04;80;1;2;2;4010010000006822;401001
15;04;2011;AT11;500;1;1;1;4010010000003599;401001
11;07;2012;AT02;135;1;5;2;4010020000004164;401002
22;04;2010;AT01;120;1;2;2;4010020000002044;401002
4;12;2012;AT20;120;1;4;2;4010020000006177;401002
10;05;2010;AT17;40;1;2;2;4010010000009688;401001
29;10;2011;AT25;40;1;4;1;4010020000005220;401002
3;02;2012;AT09;95;1;3;1;4010020000007493;401002
15;11;2010;AT09;200;1;2;2;4010010000005290;401001
13;02;2012;AT09;25;1;4;1;4010010000008203;401001
29;03;2010;AT25;75;1;5;2;4010020000008714;401002
13;02;2012;AT16;10;1;2;2;4010010000001050;401001
19;07;2012;AT08;40;1;3;2;4010010000009738;401001
26;08;2011;AT19;110;1;3;2;4010010000005324;401001
17;08;2010;AT15;75;1;4;2;4010010000007999;401001
26;10;2012;AT25;75;1;2;2;4010020000005790;401002
18;08;2011;AT18;90;1;5;2;4010020000008675;401002
23;05;2011;AT19;90;1;4;1;4010020000007153;401002
14;10;2010;AT06;40;1;2;1;4010010000007170;401001
10;05;2011;AT06;250;1;5;1;4010020000001889;401002
3;10;2012;AT07;500;1;1;1;4010020000008962;401002
25;07;2012;AT09;25;1;3;2;4010010000008252;401001
15;05;2011;AT01;65;1;2;2;4010010000005333;401001
17;09;2011;AT03;10;1;3;1;4010010000001175;401001
30;11;2012;AT23;45;1;2;2;4010010000002338;401001
17;09;2011;AT25;5;1;5;2;4010010000001636;401001
12;08;2010;AT16;450;1;2;2;4010010000003294;401001
8;11;2012;AT12;250;1;2;2;4010020000006895;401002
4;03;2012;AT17;105;1;2;1;4010020000004317;401002
7;04;2011;AT07;105;1;3;2;4010020000008957;401002
29;03;2012;AT11;80;1;2;2;4010010000009878;401001
8;02;2011;AT02;125;1;3;1;4010010000003622;401001
24;04;2010;AT09;25;1;5;2;4010010000008038;401001
3;02;2011;AT11;50;1;5;2;4010020000009384;401002
8;04;2012;AT23;50;1;5;1;4010010000003949;401001
13;11;2010;AT05;105;1;5;1;4010010000009491;401001
17;03;2012;AT15;85;1;1;1;4010010000001307;401001
22;09;2012;AT08;175;1;4;1;4010020000003684;401002
26;11;2012;AT07;200;1;3;1;4010020000002911;401002
21;12;2010;AT24;450;1;3;1;4010010000002821;401001
9;02;2011;AT10;175;1;4;2;4010010000002946;401001
5;06;2010;AT14;120;1;2;1;4010020000007571;401002
16;01;2010;AT04;60;1;5;2;4010020000006710;401002
22;11;2012;AT17;125;1;2;2;4010010000008812;401001
24;12;2012;AT19;120;1;2;2;4010020000002999;401002
21;07;2011;AT13;145;1;2;2;4010020000003907;401002
26;02;2012;AT20;80;1;4;1;4010010000008970;401001
7;03;2011;AT03;10;1;3;2;4010010000002825;401001
24;11;2011;AT20;200;1;3;2;4010020000001766;401002
3;08;2010;AT13;110;1;1;1;4010020000006158;401002
8;06;2011;AT18;55;1;4;2;4010020000009418;401002
1;03;2010;AT15;30;1;2;1;4010020000005773;401002
22;07;2012;AT15;125;1;2;1;4010020000003947;401002
28;02;2010;AT23;75;1;1;1;4010020000005043;401002
15;03;2010;AT10;120;1;3;1;4010020000007639;401002
4;10;2011;AT16;105;1;3;2;4010020000007534;401002
4;05;2010;AT08;60;1;1;2;4010010000009143;401001
12;03;2012;AT22;100;1;2;1;4010020000008319;401002
28;04;2012;AT10;25;1;3;1;4010020000004118;401002
15;04;2011;AT21;15;1;4;1;4010010000005438;401001
22;12;2011;AT24;15;1;3;1;4010010000005508;401001
9;05;2012;AT02;15;1;2;2;4010020000002220;401002
7;10;2011;AT05;50;1;5;2;4010020000002813;401002
2;08;2010;AT16;85;1;2;2;4010010000007983;401001
7;10;2012;AT07;110;1;1;2;4010010000005212;401001
4;05;2011;AT14;500;1;5;1;4010020000002558;401002
8;12;2010;AT25;10;1;2;2;4010010000002210;401001
8;09;2010;AT14;60;1;2;1;4010020000002542;401002
18;05;2012;AT16;65;1;3;1;4010020000005264;401002
5;07;2011;AT10;300;1;2;1;4010010000003609;401001
31;03;2010;AT21;145;1;3;2;4010020000003632;401002
25;09;2011;AT25;175;1;2;1;4010010000005240;401001
26;11;2012;AT19;75;1;1;1;4010010000001246;401001
21;11;2011;AT17;115;1;2;2;4010010000006813;401001
6;11;2010;AT17;10;1;1;2;4010010000007749;401001
21;09;2012;AT04;15;1;4;2;4010010000004698;401001
16;10;2012;AT10;450;1;4;2;4010020000005831;401002
25;04;2012;AT10;35;1;3;2;4010010000003953;401001
27;08;2011;AT16;20;1;5;1;4010020000004607;401002
19;07;2011;AT18;65;1;2;1;4010020000009331;401002
20;11;2010;AT15;100;1;5;1;4010020000007231;401002
28;11;2011;AT13;150;1;2;1;4010020000006393;401002
22;03;2011;AT15;65;1;3;1;4010010000003527;401001
7;06;2010;AT03;85;1;1;2;4010020000007258;401002
14;02;2010;AT06;70;1;4;2;4010020000003176;401002
16;06;2012;AT15;95;1;3;1;4010010000006881;401001
15;05;2010;AT23;115;1;5;2;4010020000007706;401002
25;09;2011;AT05;80;1;3;2;4010010000008166;401001
28;08;2010;AT22;120;1;2;2;4010010000009718;401001
25;09;2011;AT12;60;1;1;2;4010020000005229;401002
28;07;2012;AT13;90;1;5;1;4010020000002467;401002
10;09;2012;AT21;45;1;4;1;4010020000001958;401002
26;05;2010;AT12;50;1;1;1;4010020000003006;401002
6;06;2010;AT01;200;1;1;2;4010020000004772;401002
15;10;2012;AT09;115;1;1;1;4010010000004176;401001
8;07;2010;AT09;5;1;4;1;4010020000009750;401002
15;11;2011;AT02;250;1;1;2;4010020000006932;401002
1;10;2012;AT13;135;1;2;1;4010020000002110;401002
19;10;2010;AT25;5;1;2;2;4010010000002720;401001
8;06;2011;AT07;375;1;3;1;4010020000002613;401002
21;05;2011;AT20;150;1;3;2;4010020000002399;401002
20;12;2012;AT15;300;1;4;2;4010010000001681;401001
31;07;2010;AT20;95;1;2;2;4010010000008425;401001
23;03;2012;AT11;125;1;5;2;4010020000009645;401002
10;01;2012;AT12;450;1;1;2;4010020000009432;401002
9;10;2012;AT04;100;1;3;1;4010020000008517;401002
17;05;2011;AT15;450;1;5;1;4010020000007217;401002
25;11;2011;AT24;95;1;1;2;4010020000003429;401002
4;06;2011;AT06;55;1;3;1;4010010000006854;401001
28;10;2010;AT10;85;1;5;2;4010020000008416;401002
22;07;2010;AT19;50;1;3;2;4010020000007608;401002
8;07;2010;AT18;75;1;1;2;4010010000006213;401001
27;02;2010;AT01;25;1;5;1;4010010000005544;401001
5;02;2010;AT13;70;1;5;2;4010010000002225;401001
27;09;2012;AT20;125;1;4;2;4010020000002686;401002
11;11;2012;AT04;95;1;2;1;4010020000008499;401002
24;04;2011;AT25;30;1;3;1;4010020000005725;401002
19;07;2011;AT08;90;1;5;1;4010010000002021;401001
26;12;2010;AT21;110;1;2;2;4010010000004815;401001
11;08;2012;AT14;145;1;3;2;4010020000008609;401002
5;04;2012;AT15;80;1;4;2;4010010000007756;401001
2;06;2012;AT14;15;1;1;1;4010010000001319;401001
20;03;2012;AT11;60;1;1;2;4010020000008568;401002
9;05;2011;AT01;145;1;2;1;4010010000004505;401001
24;09;2012;AT13;175;1;4;1;4010010000009957;401001
12;05;2011;AT16;375;1;5;1;4010010000008110;401001
10;08;2010;AT18;80;1;1;1;4010020000006013;401002
6;09;2012;AT05;55;1;5;2;4010010000002461;401001
27;11;2012;AT03;250;1;3;2;4010020000006686;401002
31;05;2012;AT20;50;1;2;2;4010010000001926;401001
10;08;2011;AT14;250;1;4;2;4010010000009595;401001
3;07;2010;AT22;25;1;5;1;4010020000006446;401002
9;01;2012;AT12;500;1;3;1;4010020000007886;401002
23;03;2012;AT01;75;1;2;1;4010010000008357;401001
22;08;2012;AT02;5;1;1;2;4010010000003669;401001
29;03;2011;AT09;125;1;3;2;4010020000004382;401002
20;01;2012;AT10;55;1;3;1;4010020000007229;401002
14;11;2012;AT04;300;1;1;1;4010010000006403;401001
20;01;2011;AT21;70;1;5;1;4010010000006761;401001
22;05;2010;AT01;110;1;5;1;4010020000009220;401002
13;09;2010;AT15;40;1;2;2;4010020000001423;401002
16;05;2012;AT20;115;1;4;2;4010010000009151;401001
25;04;2012;AT24;105;1;2;1;4010010000005309;401001
19;03;2010;AT09;85;1;1;2;4010010000004587;401001
21;05;2010;AT06;80;1;5;1;4010010000003651;401001
13;09;2011;AT14;115;1;2;2;4010020000001026;401002
11;06;2011;AT20;25;1;4;2;4010010000004944;401001
20;04;2011;AT06;145;1;3;2;4010020000006561;401002
16;06;2011;AT13;120;1;3;1;4010010000006007;401001
12;11;2010;AT09;175;1;2;2;4010010000002930;401001
23;04;2011;AT19;40;1;3;1;4010020000001654;401002
25;10;2010;AT18;375;1;1;2;4010010000008604;401001
24;12;2012;AT20;15;1;5;1;4010010000007437;401001
13;11;2012;AT05;30;1;3;1;4010010000002667;401001
17;11;2010;AT10;15;1;1;1;4010020000002059;401002
4;05;2011;AT01;125;1;3;1;4010010000009667;401001
17;06;2011;AT18;45;1;4;2;4010020000009491;401002
17;05;2012;AT09;85;1;5;1;4010020000003283;401002
2;10;2012;AT12;5;1;2;2;4010020000003228;401002
1;02;2010;AT09;50;1;5;1;4010010000004295;401001
22;08;2012;AT12;175;1;5;1;4010020000001872;401002
8;09;2010;AT13;50;1;5;1;4010020000009768;401002
2;11;2010;AT06;80;1;3;1;4010020000009926;401002
21;06;2010;AT11;85;1;2;2;4010010000004329;401001
22;03;2010;AT22;55;1;5;1;4010010000009343;401001
26;04;2012;AT02;5;1;4;1;4010010000002783;401001
13;07;2012;AT25;40;1;5;1;4010020000001306;401002
29;04;2011;AT06;5;1;2;1;4010010000004863;401001
6;03;2012;AT17;55;1;4;2;4010020000002411;401002
13;05;2010;AT23;85;1;2;1;4010010000007120;401001
14;04;2011;AT05;175;1;1;1;4010010000008933;401001
14;05;2010;AT07;90;1;1;1;4010010000001005;401001
30;10;2012;AT09;150;1;4;2;4010020000001820;401002
6;05;2012;AT11;250;1;3;2;4010020000005664;401002
3;02;2011;AT09;95;1;2;1;4010020000002577;401002
3;07;2011;AT19;30;1;2;1;4010020000006128;401002
3;08;2011;AT02;100;1;3;2;4010010000008828;401001
6;04;2012;AT04;25;1;1;2;4010010000002403;401001
11;07;2012;AT13;375;1;1;2;4010010000006488;401001
12;05;2011;AT11;90;1;3;2;4010010000002157;401001
22;04;2010;AT22;70;1;5;2;4010010000009802;401001
20;04;2010;AT12;500;1;1;1;4010010000002351;401001
22;11;2012;AT15;135;1;1;1;4010010000008246;401001
21;06;2011;AT10;450;1;2;2;4010020000002752;401002
8;05;2010;AT09;25;1;2;1;4010010000001575;401001
27;01;2010;AT05;85;1;3;1;4010020000006549;401002
10;03;2011;AT13;115;1;2;2;4010020000009556;401002
18;02;2010;AT25;250;1;5;1;4010020000004047;401002
7;08;2010;AT18;375;1;1;1;4010020000001209;401002
20;07;2010;AT11;105;1;2;1;4010010000005387;401001
17;12;2010;AT09;25;1;3;1;4010010000006287;401001
10;03;2010;AT14;145;1;5;2;4010010000007307;401001
29;04;2012;AT04;300;1;4;2;4010010000006334;401001
16;07;2010;AT13;45;1;4;1;4010010000006861;401001
10;05;2010;AT12;25;1;4;2;4010010000004970;401001
27;09;2012;AT15;120;1;2;2;4010010000005299;401001
18;06;2011;AT03;175;1;5;1;4010020000002220;401002
12;06;2012;AT03;50;1;4;1;4010010000007443;401001
29;06;2012;AT03;45;1;3;1;4010010000007921;401001
13;02;2010;AT19;80;1;5;2;4010020000004123;401002
10;07;2010;AT07;200;1;4;2;4010010000009456;401001
26;07;2011;AT05;95;1;4;1;4010010000005645;401001
24;09;2011;AT05;5;1;2;2;4010010000006520;401001
5;08;2012;AT09;250;1;2;2;4010010000008410;401001
20;04;2012;AT22;450;1;4;1;4010020000008827;401002
6;02;2011;AT16;25;1;4;2;4010010000001807;401001
9;09;2012;AT21;20;1;1;1;4010020000003840;401002
16;11;2010;AT13;120;1;5;2;4010010000001900;401001
24;09;2012;AT19;55;1;3;1;4010010000003071;401001
20;07;2011;AT25;55;1;5;1;4010020000009435;401002
7;10;2011;AT23;15;1;3;2;4010020000002404;401002
22;10;2010;AT06;125;1;5;2;4010010000001607;401001
12;11;2011;AT17;500;1;2;2;4010020000008952;401002
21;11;2010;AT07;145;1;3;1;4010010000007575;401001
18;11;2010;AT11;125;1;3;2;4010020000007908;401002
14;02;2010;AT14;250;1;5;2;4010010000007472;401001
5;08;2010;AT09;45;1;1;1;4010020000004950;401002
8;12;2011;AT14;175;1;3;1;4010020000007856;401002
7;02;2010;AT03;375;1;1;1;4010010000004728;401001
20;03;2011;AT07;75;1;2;1;4010020000003705;401002
11;09;2011;AT19;450;1;3;2;4010020000008913;401002
3;11;2011;AT04;65;1;4;1;4010010000005995;401001
28;10;2011;AT20;135;1;5;1;4010010000009002;401001
25;06;2010;AT22;20;1;2;1;4010020000009688;401002
26;09;2012;AT22;500;1;1;1;4010020000002230;401002
1;04;2012;AT09;40;1;3;1;4010020000008509;401002
14;07;2011;AT12;60;1;2;2;4010010000008672;401001
5;06;2010;AT04;120;1;1;1;4010020000004689;401002
11;11;2011;AT04;150;1;1;2;4010020000004709;401002
3;08;2010;AT05;80;1;2;2;4010010000004719;401001
13;09;2010;AT05;145;1;3;2;4010020000008130;401002
19;07;2010;AT22;450;1;2;1;4010010000009921;401001
4;06;2012;AT21;200;1;5;2;4010010000005867;401001
6;10;2010;AT05;15;1;3;2;4010020000001113;401002
4;05;2011;AT07;70;1;4;1;4010010000003953;401001
24;05;2011;AT24;200;1;5;1;4010020000002268;401002
30;09;2011;AT07;175;1;2;1;4010020000005177;401002
14;09;2011;AT03;105;1;2;2;4010020000002979;401002
2;07;2010;AT13;15;1;2;1;4010020000005484;401002
9;01;2010;AT16;85;1;1;1;4010020000003870;401002
25;12;2012;AT12;375;1;4;2;4010010000007500;401001
4;04;2012;AT14;80;1;1;2;4010010000009700;401001
26;05;2010;AT04;125;1;3;2;4010020000008560;401002
26;05;2010;AT08;500;1;3;1;4010020000008343;401002
9;02;2010;AT13;200;1;4;2;4010010000004218;401001
27;06;2010;AT20;25;1;1;2;4010010000001131;401001
12;09;2012;AT07;500;1;1;1;4010020000006492;401002
15;09;2011;AT08;15;1;5;2;4010020000003743;401002
22;05;2012;AT08;105;1;1;2;4010020000001572;401002
4;05;2010;AT24;70;1;5;1;4010020000004163;401002
8;10;2011;AT21;120;1;3;2;4010020000007797;401002
25;04;2011;AT03;10;1;1;2;4010010000004882;401001
14;10;2011;AT09;25;1;1;1;4010020000009709;401002
22;09;2011;AT07;65;1;2;2;4010020000007135;401002
2;05;2012;AT07;20;1;4;1;4010010000005794;401001
31;08;2011;AT03;150;1;2;1;4010020000009553;401002
7;02;2011;AT04;145;1;2;1;4010020000007494;401002
14;10;2012;AT22;30;1;5;2;4010020000001818;401002
22;01;2010;AT06;200;1;1;2;4010020000008500;401002
12;07;2010;AT07;150;1;5;2;4010010000006246;401001
6;02;2011;AT13;65;1;1;2;4010010000007647;401001
3;04;2012;AT02;125;1;1;2;4010010000006007;401001
29;07;2010;AT14;145;1;1;1;4010020000006446;401002
20;06;2012;AT13;450;1;4;1;4010020000001503;401002
1;07;2011;AT20;15;1;3;1;4010010000005922;401001
15;03;2011;AT19;85;1;3;2;4010020000004329;401002
12;12;2012;AT07;35;1;5;2;4010020000002935;401002
9;10;2012;AT08;80;1;1;1;4010010000002355;401001
29;08;2011;AT01;90;1;5;1;4010010000001042;401001
9;06;2011;AT01;30;1;5;1;4010010000001243;401001
8;05;2012;AT07;80;1;3;2;4010020000003323;401002
23;07;2010;AT22;115;1;5;2;4010010000003331;401001
18;08;2010;AT07;175;1;4;2;4010010000002500;401001
18;09;2011;AT22;25;1;3;2;4010020000002253;401002
12;04;2012;AT05;65;1;5;1;4010010000002002;401001
25;09;2010;AT11;85;1;1;1;4010020000001260;401002
21;06;2011;AT07;95;1;4;1;4010010000001597;401001
24;09;2012;AT05;95;1;4;2;4010020000001447;401002
20;10;2010;AT17;10;1;4;1;4010020000007191;401002
8;12;2012;AT13;145;1;2;1;4010020000003610;401002
3;01;2010;AT21;90;1;4;2;4010020000008502;401002
4;05;2012;AT07;25;1;2;1;4010010000004036;401001
19;11;2012;AT22;55;1;2;2;4010010000003741;401001
13;10;2010;AT15;25;1;3;1;4010010000006958;401001
22;10;2011;AT25;20;1;5;2;4010020000007391;401002
2;01;2012;AT17;250;1;4;1;4010010000008347;401001
5;07;2012;AT23;145;1;2;2;4010010000008770;401001
15;05;2012;AT13;375;1;1;1;4010010000007296;401001
21;06;2011;AT02;65;1;5;1;4010010000003580;401001
13;10;2010;AT17;55;1;4;2;4010020000001422;401002
28;07;2010;AT04;500;1;3;2;4010010000007910;401001
16;08;2011;AT20;115;1;4;2;4010010000004459;401001
2;09;2011;AT23;135;1;3;2;4010020000008208;401002
18;03;2012;AT10;55;1;1;2;4010010000003603;401001
17;09;2012;AT12;450;1;3;2;4010020000001500;401002
21;08;2012;AT25;10;1;3;1;4010010000005881;401001
3;02;2012;AT02;175;1;5;2;4010020000009499;401002
13;12;2010;AT06;135;1;3;2;4010020000005667;401002
15;07;2010;AT25;30;1;4;2;4010020000008881;401002
25;08;2012;AT15;115;1;1;2;4010020000002016;401002
18;05;2010;AT11;5;1;4;2;4010010000002344;401001
24;10;2010;AT05;20;1;4;1;4010020000006394;401002
4;11;2012;AT12;135;1;2;2;4010020000008173;401002
9;09;2011;AT15;10;1;2;1;4010010000002047;401001
11;05;2011;AT16;65;1;5;1;4010020000009990;401002
13;09;2010;AT22;10;1;1;2;4010010000001390;401001
20;09;2011;AT22;30;1;5;1;4010020000008866;401002
30;07;2012;AT03;250;1;2;2;4010010000008873;401001
28;11;2010;AT10;250;1;1;2;4010010000008433;401001
30;05;2012;AT07;35;1;4;1;4010010000007455;401001
8;10;2011;AT09;135;1;1;2;4010020000008694;401002
13;09;2010;AT10;75;1;5;1;4010020000009926;401002
10;08;2011;AT08;150;1;5;1;4010020000006740;401002
11;01;2012;AT04;450;1;5;2;4010020000006375;401002
12;11;2010;AT19;145;1;2;2;4010010000009982;401001
11;05;2012;AT14;15;1;5;2;4010010000005098;401001
25;07;2012;AT07;125;1;2;2;4010020000007311;401002
3;11;2011;AT02;375;1;3;1;4010020000001865;401002
13;08;2011;AT18;300;1;2;2;4010010000009949;401001
16;06;2010;AT23;40;1;1;1;4010010000008291;401001
17;03;2010;AT12;145;1;2;2;4010020000004958;401002
7;11;2012;AT07;70;1;3;1;4010020000004243;401002
21;11;2010;AT18;150;1;3;2;4010010000005666;401001
30;07;2010;AT13;135;1;4;2;4010020000007315;401002
24;11;2011;AT10;80;1;4;1;4010020000007893;401002
21;08;2010;AT12;40;1;4;1;4010020000004330;401002
26;05;2012;AT09;85;1;4;1;4010010000008184;401001
19;03;2011;AT12;375;1;4;1;4010020000004807;401002
27;09;2012;AT13;75;1;4;1;4010010000005113;401001
7;07;2011;AT08;110;1;1;1;4010020000009425;401002
19;10;2010;AT07;30;1;5;1;4010010000004119;401001
14;04;2011;AT15;10;1;1;1;4010010000004412;401001
1;06;2012;AT11;85;1;4;2;4010010000006184;401001
22;06;2012;AT17;85;1;2;2;4010020000006730;401002
13;01;2010;AT09;15;1;5;2;4010010000002064;401001
27;07;2012;AT01;105;1;5;1;4010010000007693;401001
24;09;2010;AT06;15;1;2;2;4010020000001780;401002
6;08;2011;AT21;60;1;2;1;4010020000005462;401002
29;03;2012;AT05;35;1;5;2;4010020000003878;401002
29;04;2010;AT09;250;1;5;2;4010020000005408;401002
15;06;2011;AT19;50;1;2;2;4010010000003565;401001
5;04;2012;AT04;135;1;5;1;4010010000007289;401001
3;11;2012;AT23;200;1;4;1;4010010000007314;401001
23;08;2011;AT12;500;1;4;2;4010020000007332;401002
6;09;2010;AT08;175;1;5;2;4010020000008711;401002
1;08;2010;AT17;25;1;3;1;4010020000004305;401002
3;12;2012;AT22;30;1;3;2;4010010000005215;401001
28;03;2011;AT02;15;1;4;2;4010010000001529;401001
16;07;2012;AT13;135;1;1;1;4010010000004075;401001
22;10;2010;AT10;70;1;4;2;4010010000009108;401001
17;10;2011;AT02;150;1;1;1;4010010000004739;401001
3;03;2012;AT16;30;1;4;1;4010020000001684;401002
30;10;2011;AT17;15;1;1;2;4010010000006261;401001
18;12;2011;AT08;450;1;1;2;4010010000007972;401001
10;10;2012;AT20;375;1;2;1;4010010000002034;401001
20;03;2011;AT25;60;1;1;1;4010020000004115;401002
16;02;2012;AT11;70;1;3;1;4010010000004095;401001
13;10;2012;AT21;110;1;5;1;4010010000009766;401001
14;07;2010;AT16;200;1;1;2;4010020000001289;401002
15;03;2010;AT19;125;1;4;2;4010020000002819;401002
26;12;2011;AT04;55;1;5;2;4010010000007008;401001
23;05;2012;AT03;145;1;5;2;4010010000003262;401001
26;11;2012;AT10;200;1;2;1;4010010000004468;401001
6;02;2012;AT22;375;1;2;1;4010010000004409;401001
25;09;2012;AT04;55;1;1;2;4010020000007853;401002
10;09;2010;AT22;125;1;4;1;4010010000007669;401001
13;10;2010;AT16;250;1;4;2;4010010000005528;401001
23;06;2011;AT22;35;1;1;2;4010020000001125;401002
22;02;2011;AT13;95;1;5;2;4010020000002077;401002
27;06;2010;AT14;105;1;2;1;4010020000002206;401002
20;07;2011;AT12;135;1;3;2;4010010000006776;401001
3;11;2011;AT04;30;1;4;1;4010020000005790;401002
15;02;2012;AT04;175;1;2;2;4010020000008968;401002
27;06;2010;AT25;375;1;3;2;4010010000003618;401001
8;01;2012;AT20;175;1;2;1;4010020000001209;401002
17;03;2011;AT14;250;1;5;1;4010010000005982;401001
20;03;2010;AT20;90;1;3;2;4010020000005533;401002
19;05;2010;AT17;50;1;4;1;4010020000002721;401002
26;05;2011;AT10;145;1;4;1;4010020000001388;401002
10;06;2010;AT07;5;1;2;2;4010020000003751;401002
26;07;2010;AT02;70;1;5;2;4010010000007647;401001
14;02;2012;AT13;75;1;3;1;4010020000002506;401002
23;01;2012;AT12;145;1;1;2;4010010000007382;401001
6;10;2010;AT22;115;1;5;2;4010020000006103;401002
7;09;2010;AT23;500;1;4;1;4010010000004422;401001
25;12;2010;AT15;175;1;2;2;4010020000009307;401002
2;01;2010;AT14;200;1;2;1;4010020000009196;401002
23;03;2011;AT02;45;1;3;2;4010020000009444;401002
17;11;2010;AT18;10;1;3;2;4010020000003284;401002
3;10;2012;AT24;65;1;3;1;4010010000009028;401001
11;08;2011;AT13;10;1;5;1;4010010000005241;401001
3;06;2011;AT05;115;1;1;1;4010020000004170;401002
13;11;2011;AT17;375;1;2;2;4010020000003502;401002
1;05;2010;AT06;5;1;3;1;4010010000003094;401001
2;05;2011;AT20;200;1;3;1;4010010000008176;401001
24;06;2012;AT05;90;1;1;1;4010020000002955;401002
26;02;2010;AT24;250;1;2;1;4010010000004573;401001
18;06;2011;AT14;65;1;5;2;4010020000003687;401002
11;01;2010;AT01;80;1;4;2;4010020000003680;401002
30;08;2011;AT10;375;1;5;2;4010020000003872;401002
16;01;2012;AT18;90;1;1;2;4010020000001911;401002
5;11;2012;AT08;65;1;5;2;4010010000002684;401001
27;01;2011;AT14;500;1;5;2;4010010000009477;401001
11;10;2010;AT14;125;1;1;1;4010020000006069;401002
5;08;2012;AT22;135;1;3;2;4010010000005620;401001
11;02;2011;AT04;300;1;5;2;4010010000005636;401001
24;05;2011;AT23;35;1;2;1;4010020000009990;401002
27;08;2012;AT12;40;1;4;2;4010010000007646;401001
25;04;2012;AT22;40;1;3;1;4010010000001728;401001
4;07;2010;AT06;70;1;4;1;4010020000006069;401002
8;04;2012;AT16;35;1;5;2;4010010000005763;401001
3;03;2012;AT02;450;1;3;2;4010020000002939;401002
30;06;2012;AT02;250;1;3;2;4010010000003914;401001
4;09;2010;AT19;10;1;1;1;4010020000009652;401002
22;09;2010;AT16;70;1;3;2;4010020000003638;401002
27;07;2011;AT17;90;1;4;1;4010020000003208;401002
21;05;2010;AT05;500;1;4;1;4010010000007743;401001
26;08;2011;AT02;75;1;5;2;4010020000007209;401002
16;10;2012;AT07;95;1;3;2;4010010000003372;401001
18;02;2012;AT08;60;1;2;1;4010020000007581;401002
7;01;2012;AT21;500;1;1;2;4010010000007056;401001
3;09;2012;AT10;125;1;1;2;4010010000005529;401001
3;03;2012;AT04;15;1;4;1;4010010000008788;401001
4;11;2012;AT23;35;1;3;2;4010020000003838;401002
31;07;2012;AT12;135;1;2;1;4010010000005588;401001
29;09;2010;AT10;85;1;5;2;4010010000007197;401001
12;06;2012;AT10;75;1;1;1;4010010000004579;401001
2;06;2011;AT24;450;1;4;2;4010020000004946;401002
15;12;2011;AT16;125;1;4;2;4010010000008713;401001
3;07;2010;AT04;10;1;3;1;4010010000002920;401001
20;03;2010;AT25;125;1;1;1;4010010000003263;401001
11;11;2011;AT25;500;1;3;1;4010020000003376;401002
9;11;2010;AT03;15;1;4;2;4010010000005679;401001
26;08;2012;AT11;20;1;5;2;4010020000004227;401002
5;02;2010;AT22;20;1;2;1;4010020000009834;401002
11;02;2011;AT23;25;1;1;2;4010010000002191;401001
6;06;2011;AT19;35;1;2;1;4010020000004666;401002
25;06;2012;AT18;35;1;3;2;4010010000009244;401001
22;08;2010;AT08;95;1;2;1;4010020000002143;401002
6;02;2011;AT07;115;1;3;2;4010020000004291;401002
5;09;2010;AT05;35;1;4;1;4010020000003944;401002
23;03;2011;AT19;75;1;3;2;4010010000003341;401001
11;10;2010;AT07;200;1;4;2;4010020000007364;401002
28;10;2011;AT16;450;1;1;2;4010020000007367;401002
28;09;2010;AT09;55;1;2;1;4010010000005948;401001
24;03;2011;AT03;120;1;4;2;4010010000001163;401001
19;06;2012;AT25;65;1;3;2;4010020000007939;401002
5;06;2011;AT22;95;1;3;1;4010010000009265;401001
13;08;2010;AT23;15;1;4;2;4010010000009332;401001
3;02;2011;AT10;95;1;1;1;4010010000007637;401001
27;10;2010;AT21;250;1;1;1;4010020000004764;401002
14;05;2010;AT03;45;1;2;2;4010020000002176;401002
24;04;2010;AT22;70;1;1;2;4010010000002399;401001
29;09;2011;AT25;115;1;3;2;4010010000006476;401001
3;05;2011;AT10;500;1;4;1;4010020000001440;401002
16;12;2011;AT24;5;1;3;1;4010010000007442;401001
13;11;2012;AT11;250;1;1;2;4010020000009776;401002
20;06;2010;AT01;115;1;3;1;4010010000006781;401001
28;02;2010;AT19;500;1;1;1;4010020000009042;401002
29;04;2010;AT13;15;1;5;2;4010020000007407;401002
4;11;2012;AT04;80;1;3;2;4010020000002996;401002
13;04;2012;AT22;105;1;2;1;4010010000005509;401001
9;04;2011;AT05;15;1;2;1;4010020000002158;401002
22;06;2010;AT23;45;1;3;2;4010020000007895;401002
10;07;2010;AT17;105;1;2;1;4010020000003612;401002
21;11;2012;AT11;75;1;1;2;4010010000002202;401001
8;10;2010;AT03;175;1;2;1;4010010000004186;401001
10;02;2012;AT21;60;1;5;1;4010020000005130;401002
24;08;2011;AT22;50;1;4;2;4010010000006819;401001
11;10;2010;AT21;70;1;4;2;4010010000005569;401001
16;05;2010;AT25;5;1;2;2;4010020000008565;401002
5;10;2012;AT06;60;1;5;1;4010010000009274;401001
2;04;2011;AT04;55;1;5;2;4010020000004869;401002
20;12;2012;AT18;250;1;1;2;4010020000003592;401002
22;08;2012;AT08;65;1;2;1;4010020000005391;401002
20;09;2012;AT21;65;1;3;1;4010020000002272;401002
22;05;2011;AT07;105;1;5;1;4010010000007661;401001
24;05;2012;AT11;200;1;4;1;4010020000003509;401002
13;10;2010;AT01;5;1;1;2;4010010000003602;401001
3;09;2010;AT23;15;1;4;2;4010010000007601;401001
29;03;2010;AT13;30;1;5;1;4010010000004725;401001
28;02;2011;AT02;115;1;3;2;4010010000006295;401001
28;08;2011;AT07;450;1;2;2;4010010000001542;401001
24;07;2011;AT01;90;1;3;1;4010020000004596;401002
20;09;2011;AT10;35;1;1;1;4010020000007305;401002
14;04;2012;AT01;75;1;4;1;4010020000007984;401002
3;01;2012;AT23;500;1;1;1;4010010000004719;401001
18;01;2012;AT02;175;1;2;1;4010010000002086;401001
19;05;2010;AT17;125;1;3;1;4010020000002533;401002
18;11;2010;AT19;300;1;1;1;4010020000007430;401002
2;10;2011;AT17;125;1;2;2;4010010000006706;401001
22;08;2010;AT12;145;1;3;1;4010010000005536;401001
31;08;2012;AT24;105;1;2;2;4010010000001330;401001
22;02;2011;AT15;5;1;3;2;4010020000004787;401002
15;09;2011;AT13;10;1;3;2;4010020000006086;401002
18;03;2011;AT04;35;1;2;2;4010020000007446;401002
10;08;2012;AT06;45;1;1;2;4010020000006442;401002
21;08;2010;AT14;105;1;1;1;4010010000006740;401001
29;09;2012;AT17;450;1;2;1;4010010000009197;401001
12;04;2010;AT22;30;1;5;1;4010020000003944;401002
15;07;2010;AT04;175;1;4;2;4010010000004569;401001
11;05;2011;AT23;55;1;4;2;4010020000002194;401002
10;10;2010;AT21;150;1;4;2;4010020000001259;401002
22;03;2011;AT15;35;1;5;2;4010010000004027;401001
12;11;2012;AT14;15;1;1;1;4010020000006137;401002
16;02;2012;AT07;80;1;1;2;4010010000002205;401001
1;11;2011;AT05;25;1;5;2;4010010000005818;401001
30;09;2012;AT08;80;1;3;2;4010010000006690;401001
3;10;2012;AT20;85;1;5;1;4010010000009521;401001
14;06;2010;AT19;200;1;2;1;4010020000002107;401002
26;11;2011;AT11;60;1;4;1;4010010000004989;401001
24;01;2010;AT20;20;1;3;2;4010020000004781;401002
5;05;2012;AT08;105;1;4;1;4010010000004559;401001
7;10;2010;AT02;75;1;2;1;4010010000003750;401001
18;07;2012;AT02;500;1;2;1;4010020000005168;401002
10;08;2010;AT23;500;1;2;1;4010010000009126;401001
31;01;2012;AT19;5;1;5;2;4010010000006516;401001
14;05;2012;AT10;40;1;5;2;4010020000007669;401002
8;07;2012;AT25;45;1;3;2;4010010000001607;401001
22;11;2011;AT13;45;1;4;2;4010020000009899;401002
15;08;2010;AT08;300;1;4;2;4010010000002212;401001
24;06;2010;AT10;500;1;5;1;4010010000005704;401001
24;09;2010;AT13;115;1;1;1;4010010000003575;401001
23;05;2010;AT16;15;1;2;1;4010010000002674;401001
23;11;2012;AT11;110;1;4;1;4010010000002528;401001
27;10;2011;AT13;45;1;5;2;4010020000009780;401002
24;07;2010;AT24;250;1;4;1;4010010000007949;401001
22;11;2012;AT21;200;1;1;1;4010010000002892;401001
14;11;2012;AT10;250;1;3;1;4010010000005625;401001
30;06;2012;AT12;15;1;1;1;4010010000005753;401001
24;06;2012;AT20;45;1;2;2;4010010000006899;401001
22;11;2012;AT09;65;1;3;2;4010010000003412;401001
28;02;2011;AT15;100;1;5;2;4010020000003268;401002
13;04;2012;AT12;25;1;2;2;4010010000007789;401001
20;09;2011;AT03;135;1;1;1;4010010000007263;401001
24;09;2010;AT06;70;1;1;1;4010010000005385;401001
16;09;2012;AT22;5;1;3;2;4010010000004392;401001
21;04;2012;AT02;40;1;3;1;4010010000003190;401001
2;03;2011;AT23;375;1;4;1;4010020000001045;401002
16;09;2011;AT17;65;1;1;1;4010010000002339;401001
17;01;2011;AT20;105;1;4;1;4010020000003755;401002
8;06;2012;AT03;30;1;4;2;4010020000003400;401002
14;08;2012;AT20;145;1;2;2;4010020000004765;401002
7;01;2010;AT17;45;1;2;1;4010010000004394;401001
10;03;2012;AT15;175;1;4;1;4010020000004403;401002
26;06;2011;AT06;250;1;5;2;4010020000002422;401002
14;05;2010;AT15;150;1;4;2;4010020000001582;401002
26;02;2012;AT21;200;1;1;2;4010010000004963;401001
19;09;2011;AT08;175;1;4;2;4010020000003119;401002
14;06;2012;AT15;375;1;4;1;4010020000001550;401002
20;12;2011;AT18;65;1;4;2;4010020000001793;401002
19;02;2012;AT04;70;1;2;1;4010020000008842;401002
11;04;2011;AT25;175;1;2;1;4010010000005361;401001
17;04;2012;AT05;80;1;5;1;4010020000004510;401002
13;08;2010;AT20;45;1;4;1;4010020000007754;401002
18;09;2011;AT23;5;1;2;2;4010020000005428;401002
7;08;2012;AT17;70;1;1;2;4010010000006314;401001
22;11;2010;AT12;25;1;2;1;4010020000008904;401002
5;08;2010;AT09;125;1;2;1;4010020000004057;401002
7;10;2012;AT24;70;1;3;1;4010020000008348;401002
23;09;2012;AT08;500;1;4;2;4010020000002002;401002
14;06;2012;AT09;200;1;2;2;4010020000003366;401002
21;02;2011;AT25;15;1;1;2;4010020000009254;401002
12;02;2012;AT16;95;1;3;2;4010010000005317;401001
13;07;2012;AT21;50;1;3;2;4010020000006737;401002
18;08;2011;AT16;65;1;3;2;4010020000001256;401002
13;11;2011;AT09;450;1;2;1;4010020000001238;401002
3;10;2012;AT18;125;1;1;2;4010020000002149;401002
24;08;2012;AT19;105;1;5;1;4010010000008428;401001
22;11;2010;AT01;45;1;3;2;4010020000001050;401002
17;05;2010;AT18;250;1;1;1;4010010000006376;401001
6;04;2010;AT22;300;1;4;2;4010010000008021;401001
12;06;2012;AT12;250;1;3;2;4010010000005461;401001
19;09;2011;AT06;175;1;2;2;4010010000003152;401001
14;08;2012;AT08;30;1;1;1;4010010000004312;401001
21;06;2010;AT25;55;1;5;1;4010020000009121;401002
25;01;2012;AT05;150;1;3;1;4010010000005961;401001
12;11;2010;AT11;200;1;5;2;4010010000003661;401001
3;02;2010;AT19;300;1;5;1;4010010000001668;401001
19;12;2011;AT11;300;1;1;2;4010010000007327;401001
14;03;2012;AT01;105;1;2;2;4010020000008567;401002
23;02;2010;AT16;90;1;2;2;4010020000003933;401002
13;09;2011;AT10;150;1;1;1;4010020000008273;401002
3;09;2011;AT22;10;1;3;1;4010020000008466;401002
16;02;2012;AT07;60;1;1;1;4010010000006914;401001
12;07;2011;AT22;20;1;1;2;4010010000004941;401001
21;08;2011;AT03;100;1;5;1;4010010000003604;401001
28;04;2011;AT10;50;1;4;1;4010020000006512;401002
9;10;2010;AT01;55;1;1;2;4010010000007731;401001
27;11;2010;AT17;15;1;1;2;4010020000002985;401002
2;09;2010;AT15;15;1;4;2;4010010000008880;401001
6;04;2010;AT09;105;1;1;2;4010020000006609;401002
8;11;2010;AT19;135;1;4;1;4010020000004963;401002
5;06;2012;AT12;80;1;5;2;4010010000002489;401001
6;04;2012;AT16;200;1;3;2;4010010000007570;401001
19;04;2010;AT06;120;1;3;2;4010010000008757;401001
13;09;2012;AT13;40;1;1;2;4010020000005742;401002
5;07;2011;AT02;125;1;2;2;4010010000004409;401001
14;10;2011;AT16;85;1;4;1;4010010000009218;401001
10;07;2010;AT20;100;1;3;1;4010020000005354;401002
28;01;2012;AT24;45;1;5;2;4010020000007822;401002
3;10;2011;AT19;20;1;3;2;4010020000001300;401002
5;03;2010;AT10;70;1;2;1;4010010000001201;401001
25;06;2011;AT08;135;1;4;1;4010020000004164;401002
4;12;2012;AT07;50;1;3;1;4010010000005830;401001
30;07;2010;AT25;115;1;5;2;4010010000009179;401001
23;11;2011;AT03;60;1;3;2;4010010000003164;401001
30;04;2010;AT14;125;1;4;2;4010010000008546;401001
15;10;2012;AT09;250;1;1;1;4010010000002952;401001
23;07;2010;AT03;25;1;5;2;4010010000009438;401001
19;04;2010;AT18;375;1;3;1;4010020000003854;401002
16;03;2011;AT09;40;1;5;2;4010020000003892;401002
24;08;2012;AT14;110;1;1;1;4010020000003761;401002
14;01;2012;AT04;20;1;1;1;4010020000005349;401002
11;07;2010;AT13;5;1;3;2;4010020000004264;401002
11;04;2011;AT22;30;1;2;2;4010020000001510;401002
24;02;2011;AT25;105;1;5;1;4010020000006387;401002
28;03;2012;AT25;15;1;3;2;4010020000006782;401002
9;02;2010;AT14;90;1;1;1;4010020000007071;401002
30;06;2011;AT11;75;1;4;1;4010020000001449;401002
5;04;2010;AT21;150;1;3;1;4010020000008046;401002
18;07;2011;AT14;5;1;1;1;4010010000001675;401001
24;12;2011;AT23;45;1;5;1;4010010000006819;401001
20;01;2012;AT12;10;1;3;2;4010010000007996;401001
28;03;2010;AT10;80;1;3;2;4010010000004987;401001
11;10;2010;AT20;100;1;3;2;4010020000008297;401002
30;04;2010;AT18;100;1;2;1;4010010000007142;401001
20;11;2010;AT03;200;1;4;1;4010020000005184;401002
28;01;2012;AT03;45;1;1;2;4010010000006849;401001
13;05;2012;AT04;35;1;3;1;4010010000008576;401001
29;07;2012;AT20;20;1;5;2;4010010000001000;401001
4;08;2011;AT22;120;1;5;1;4010010000001212;401001
14;03;2012;AT19;65;1;4;1;4010010000008363;401001
26;08;2012;AT24;250;1;4;1;4010020000004405;401002
30;09;2010;AT15;125;1;4;2;4010020000004177;401002
29;12;2011;AT01;60;1;1;1;4010020000003492;401002
8;05;2011;AT09;150;1;1;1;4010010000007775;401001
25;10;2010;AT18;50;1;1;2;4010010000005502;401001
24;05;2012;AT13;15;1;4;2;4010020000009075;401002
25;07;2011;AT23;200;1;5;2;4010010000003204;401001
30;06;2010;AT06;120;1;3;1;4010010000005303;401001
17;10;2012;AT03;105;1;1;2;4010010000008847;401001
25;01;2011;AT16;500;1;3;2;4010020000002459;401002
4;08;2010;AT13;10;1;1;1;4010020000001382;401002
30;05;2012;AT02;125;1;3;1;4010020000007055;401002
16;11;2011;AT15;135;1;3;1;4010010000008098;401001
11;03;2010;AT06;150;1;2;1;4010010000001160;401001
12;09;2011;AT25;70;1;5;2;4010020000002865;401002
10;03;2011;AT02;115;1;5;1;4010020000007641;401002
31;01;2010;AT14;90;1;3;1;4010020000004993;401002
26;10;2011;AT23;115;1;3;1;4010020000003506;401002
11;08;2011;AT02;70;1;3;2;4010010000006690;401001
17;09;2012;AT08;70;1;4;1;4010010000001314;401001
28;02;2012;AT19;45;1;2;1;4010010000005046;401001
2;07;2010;AT15;375;1;2;2;4010020000001725;401002
17;10;2010;AT24;25;1;4;2;4010010000005467;401001
9;01;2011;AT10;200;1;1;1;4010020000002652;401002
19;05;2011;AT16;135;1;3;2;4010010000007304;401001
18;03;2010;AT21;250;1;4;2;4010010000008671;401001
3;10;2011;AT07;105;1;1;2;4010020000004490;401002
4;04;2012;AT15;15;1;5;1;4010010000008869;401001
13;03;2011;AT12;15;1;5;1;4010020000001870;401002
8;06;2010;AT23;115;1;3;2;4010020000003127;401002
27;09;2010;AT20;30;1;4;2;4010020000009589;401002
1;07;2011;AT13;375;1;3;2;4010020000005914;401002
13;10;2012;AT22;75;1;5;1;4010020000001187;401002
11;04;2011;AT25;60;1;5;1;4010020000008262;401002
21;10;2010;AT09;15;1;4;2;4010020000003999;401002
4;03;2012;AT24;50;1;5;2;4010010000006439;401001
25;11;2011;AT11;35;1;4;2;4010020000004355;401002
27;06;2010;AT03;70;1;5;1;4010020000002095;401002
7;09;2011;AT06;85;1;1;1;4010020000006049;401002
1;01;2011;AT09;150;1;3;2;4010010000005237;401001
9;09;2011;AT15;175;1;3;1;4010010000009700;401001
7;12;2012;AT10;450;1;3;1;4010010000004861;401001
19;05;2012;AT12;30;1;4;1;4010010000003136;401001
22;10;2011;AT01;55;1;1;1;4010010000001211;401001
18;08;2012;AT21;10;1;1;1;4010020000008881;401002
18;02;2011;AT19;30;1;1;2;4010020000004272;401002
4;06;2012;AT08;115;1;3;1;4010010000003461;401001
1;12;2011;AT07;450;1;3;1;4010020000007646;401002
29;11;2010;AT04;15;1;2;2;4010020000002910;401002
21;09;2011;AT08;110;1;5;2;4010010000003708;401001
4;02;2011;AT14;200;1;1;2;4010010000001990;401001
13;08;2011;AT21;70;1;2;1;4010020000007541;401002
24;10;2011;AT14;250;1;5;2;4010010000004958;401001
24;06;2012;AT19;65;1;4;1;4010010000007189;401001
28;10;2010;AT11;25;1;3;1;4010020000004736;401002
28;03;2010;AT23;95;1;4;2;4010010000002726;401001
2;12;2012;AT13;100;1;1;1;4010010000001592;401001
12;06;2010;AT01;100;1;1;2;4010010000007481;401001
18;03;2010;AT01;65;1;3;2;4010010000007122;401001
20;02;2012;AT04;5;1;2;2;4010010000007666;401001
24;03;2011;AT14;25;1;4;2;4010010000004986;401001
2;05;2011;AT06;70;1;2;2;4010010000006851;401001
14;03;2011;AT11;500;1;3;2;4010020000008096;401002
23;05;2012;AT25;135;1;5;2;4010020000008911;401002
25;11;2012;AT08;135;1;5;2;4010020000001448;401002
2;02;2010;AT16;30;1;4;2;4010020000009635;401002
9;05;2011;AT17;25;1;5;1;4010020000008672;401002
17;07;2011;AT16;15;1;4;2;4010020000004136;401002
26;09;2010;AT01;30;1;1;1;4010020000005350;401002
22;08;2012;AT12;135;1;5;1;4010010000003793;401001
8;10;2010;AT06;80;1;3;1;4010010000004023;401001
6;01;2011;AT03;80;1;5;2;4010010000006661;401001
24;06;2012;AT08;65;1;1;2;4010010000005003;401001
3;05;2010;AT06;70;1;4;1;4010010000001699;401001
20;01;2011;AT23;450;1;4;1;4010010000008383;401001
3;11;2012;AT16;135;1;5;1;4010010000003581;401001
13;01;2010;AT17;300;1;3;2;4010010000003138;401001
26;05;2012;AT01;50;1;5;1;4010010000007390;401001
13;06;2011;AT19;85;1;5;2;4010020000005145;401002
20;04;2010;AT20;175;1;2;2;4010010000001624;401001
3;02;2010;AT13;120;1;4;2;4010010000003901;401001
30;03;2012;AT03;90;1;5;2;4010020000004603;401002
13;01;2012;AT08;105;1;3;2;4010010000001489;401001
24;03;2011;AT24;135;1;4;1;4010020000008503;401002
29;07;2012;AT04;150;1;4;2;4010020000003752;401002
10;02;2012;AT12;135;1;3;2;4010010000007507;401001
12;02;2010;AT23;50;1;3;1;4010010000001187;401001
4;04;2010;AT05;65;1;3;2;4010020000004665;401002
28;10;2010;AT13;175;1;4;1;4010020000009287;401002
5;04;2012;AT11;250;1;4;2;4010010000006722;401001
13;02;2011;AT12;70;1;5;1;4010010000002192;401001
1;11;2011;AT05;145;1;4;1;4010010000007087;401001
25;04;2011;AT23;10;1;2;2;4010020000002647;401002
1;07;2012;AT06;450;1;1;2;4010020000001202;401002
2;09;2010;AT01;50;1;1;2;4010020000002731;401002
4;03;2012;AT08;250;1;3;1;4010010000001013;401001
26;07;2012;AT04;90;1;5;1;4010010000008701;401001
27;11;2012;AT09;120;1;1;1;4010020000003725;401002
1;06;2010;AT04;10;1;1;1;4010010000004217;401001
26;07;2010;AT10;100;1;2;2;4010010000001333;401001
10;04;2010;AT13;100;1;4;2;4010010000008272;401001
1;10;2010;AT01;15;1;3;1;4010010000006795;401001
30;06;2012;AT16;110;1;3;2;4010010000003037;401001
27;11;2012;AT22;65;1;1;2;4010010000005696;401001
28;05;2010;AT16;25;1;2;1;4010010000007112;401001
23;02;2012;AT13;75;1;4;1;4010020000008221;401002
28;04;2011;AT13;175;1;5;2;4010010000004378;401001
17;06;2010;AT25;105;1;5;1;4010010000002290;401001
11;05;2012;AT11;50;1;2;2;4010010000002903;401001
18;05;2012;AT20;110;1;5;2;4010020000002138;401002
8;07;2012;AT23;90;1;4;2;4010010000008731;401001
2;05;2010;AT16;125;1;3;2;4010010000007045;401001
9;04;2010;AT03;115;1;3;2;4010020000009379;401002
8;09;2011;AT17;145;1;4;1;4010020000003993;401002
25;02;2010;AT06;135;1;4;2;4010020000005663;401002
5;10;2012;AT21;20;1;1;2;4010020000005804;401002
6;06;2010;AT10;70;1;1;2;4010010000002966;401001
12;07;2010;AT13;145;1;3;2;4010020000002047;401002
27;01;2011;AT24;105;1;3;1;4010010000006552;401001
16;05;2011;AT02;250;1;5;2;4010010000009477;401001
25;07;2010;AT05;65;1;5;1;4010010000005913;401001
18;12;2011;AT22;35;1;1;2;4010020000002909;401002
31;05;2010;AT17;65;1;3;2;4010010000003185;401001
3;07;2010;AT13;125;1;5;2;4010010000009717;401001
3;08;2011;AT18;80;1;4;1;4010010000002100;401001
9;03;2010;AT03;200;1;2;2;4010010000002270;401001
27;12;2010;AT23;300;1;1;1;4010020000003976;401002
29;11;2010;AT24;150;1;2;2;4010010000009540;401001
25;01;2010;AT19;30;1;1;2;4010010000001254;401001
6;02;2011;AT14;135;1;2;2;4010010000004110;401001
22;02;2012;AT10;55;1;4;1;4010010000004198;401001
22;05;2012;AT15;120;1;4;1;4010010000003562;401001
19;05;2012;AT20;125;1;1;2;4010010000005494;401001
22;06;2012;AT04;95;1;4;2;4010010000001756;401001
16;02;2010;AT05;5;1;4;2;4010020000009110;401002
25;04;2010;AT02;35;1;3;2;4010020000001487;401002
26;06;2011;AT08;40;1;3;2;4010010000007013;401001
6;10;2012;AT21;10;1;3;2;4010010000003461;401001
22;05;2012;AT13;250;1;1;1;4010020000002695;401002
9;04;2012;AT01;120;1;5;2;4010010000006983;401001
9;05;2010;AT08;55;1;4;1;4010020000007680;401002
17;06;2011;AT09;15;1;3;2;4010020000001256;401002
15;04;2010;AT08;35;1;5;2;4010020000007213;401002
25;09;2010;AT10;150;1;2;1;4010010000008578;401001
4;03;2011;AT14;175;1;3;2;4010010000006108;401001
2;10;2010;AT16;40;1;1;2;4010010000001161;401001
19;07;2012;AT10;60;1;2;1;4010020000001675;401002
2;04;2011;AT03;145;1;5;1;4010020000009650;401002
14;04;2010;AT14;115;1;5;1;4010020000007696;401002
10;11;2011;AT07;30;1;2;1;4010010000003845;401001
31;01;2010;AT12;250;1;1;2;4010020000005566;401002
29;12;2012;AT03;35;1;5;1;4010010000004003;401001
29;07;2012;AT01;70;1;2;2;4010010000008183;401001
20;03;2011;AT08;35;1;3;2;4010020000009313;401002
7;07;2012;AT12;500;1;1;2;4010010000003942;401001
10;12;2011;AT03;45;1;3;2;4010010000002290;401001
7;04;2010;AT03;250;1;2;1;4010020000003698;401002
2;06;2010;AT16;115;1;3;2;4010010000001329;401001
26;08;2012;AT19;85;1;1;2;4010010000003600;401001
19;06;2012;AT14;80;1;1;2;4010020000009584;401002
14;08;2010;AT11;145;1;3;2;4010010000005459;401001
5;07;2010;AT04;120;1;1;1;4010020000002763;401002
8;02;2012;AT14;500;1;3;2;4010010000006986;401001
31;03;2012;AT04;45;1;1;1;4010010000008424;401001
28;05;2010;AT02;500;1;5;1;4010020000004111;401002
4;02;2010;AT01;100;1;1;2;4010010000009666;401001
24;09;2010;AT11;300;1;1;1;4010010000007499;401001
24;07;2010;AT19;200;1;4;2;4010010000003955;401001
20;06;2011;AT14;5;1;2;2;4010010000004531;401001
26;08;2010;AT11;20;1;5;2;4010020000002236;401002
26;08;2011;AT19;75;1;1;1;4010020000006619;401002
13;07;2012;AT16;15;1;5;1;4010010000008927;401001
25;05;2011;AT18;5;1;2;2;4010010000002837;401001
24;09;2011;AT11;175;1;1;1;4010010000006234;401001
24;10;2011;AT22;85;1;2;1;4010010000007714;401001
24;06;2012;AT01;75;1;3;1;4010020000006184;401002
5;04;2011;AT02;35;1;5;1;4010010000002846;401001
6;08;2010;AT09;90;1;3;1;4010020000009382;401002
27;11;2011;AT25;175;1;5;2;4010010000005704;401001
8;06;2012;AT01;175;1;4;2;4010020000003460;401002
19;05;2012;AT23;95;1;4;1;4010010000004448;401001
1;01;2012;AT18;135;1;3;2;4010010000006077;401001
17;09;2010;AT09;150;1;4;2;4010020000007785;401002
19;06;2010;AT13;20;1;5;1;4010020000003810;401002
27;06;2012;AT05;95;1;1;2;4010020000008300;401002
28;05;2011;AT13;450;1;3;1;4010010000002038;401001
24;07;2011;AT18;150;1;4;2;4010010000002909;401001
29;07;2011;AT02;135;1;2;2;4010020000006550;401002
17;11;2011;AT04;65;1;2;1;4010020000002636;401002
12;10;2012;AT18;125;1;2;2;4010010000005240;401001
27;11;2010;AT14;250;1;4;1;4010020000007106;401002
2;09;2012;AT25;65;1;2;2;4010010000003391;401001
6;08;2011;AT17;150;1;3;2;4010020000008206;401002
29;12;2012;AT07;250;1;2;1;4010020000003530;401002
2;08;2012;AT02;15;0;1;1;4010010000006331;401001
18;05;2011;AT12;50;0;3;1;4000020000007438;400002
6;07;2012;AT07;150;0;4;1;4010020000005357;401002
25;02;2012;AT23;45;0;4;1;4010010000006120;401001
25;06;2010;AT12;10;0;3;1;4000010000007369;400001
12;06;2010;AT11;135;0;4;1;4000030000007510;400003
17;12;2011;AT09;110;0;5;1;4000010000003708;400001
5;02;2010;AT18;135;0;3;1;4000010000008558;400001
19;08;2011;AT05;90;0;5;1;4000010000006851;400001
17;08;2010;AT07;15;0;3;1;4010010000009918;401001
16;07;2010;AT07;70;0;5;1;4000010000009959;400001
29;06;2011;AT24;115;0;4;1;4000040000007867;400004
28;02;2011;AT25;200;0;2;1;4000010000008108;400001
11;05;2011;AT17;80;0;4;1;4000010000007268;400001
30;06;2012;AT05;45;0;2;1;4000010000006949;400001
6;06;2012;AT16;200;0;4;1;4010010000009139;401001
6;03;2010;AT24;30;0;3;1;4010010000006342;401001
15;08;2012;AT23;135;0;2;1;4000010000005508;400001
12;08;2011;AT20;90;0;5;1;4000010000007724;400001
13;03;2010;AT07;15;0;1;1;4000020000008780;400002
20;04;2010;AT24;90;0;5;1;4000030000009571;400003
10;02;2012;AT10;375;0;1;1;4000030000007139;400003
27;04;2010;AT09;55;0;3;1;4000040000009958;400004
23;10;2012;AT20;80;0;1;1;4000010000007432;400001
29;11;2010;AT16;30;0;1;1;4000030000003698;400003
3;02;2010;AT08;5;0;3;1;4000030000008709;400003
25;04;2010;AT09;175;0;3;1;4000040000003505;400004
27;05;2012;AT05;120;0;3;1;4000030000003719;400003
21;06;2010;AT04;375;0;4;1;4000020000001052;400002
14;11;2011;AT18;80;0;5;1;4000020000004018;400002
29;09;2010;AT01;60;0;3;1;4010010000005469;401001
16;08;2010;AT05;85;0;5;1;4000010000006832;400001
3;03;2010;AT12;125;0;5;1;4010010000006988;401001
19;07;2012;AT12;375;0;1;1;4000010000008616;400001
27;12;2012;AT18;145;0;5;1;4000020000007063;400002
1;06;2010;AT09;85;0;4;1;4000010000004239;400001
18;03;2011;AT09;105;0;2;1;4010010000002189;401001
13;11;2010;AT25;55;0;1;1;4000010000009832;400001
16;02;2012;AT05;85;0;3;1;4010020000009935;401002
24;01;2011;AT16;200;0;4;1;4010020000001313;401002
29;04;2012;AT24;175;0;3;1;4000030000002099;400003
24;10;2011;AT24;300;0;4;1;4010010000004943;401001
30;06;2012;AT20;65;0;1;1;4000010000006010;400001
9;05;2011;AT19;90;0;2;1;4010010000008713;401001
29;11;2011;AT24;110;0;3;1;4010020000004913;401002
24;02;2012;AT17;80;0;2;1;4000010000001482;400001
14;05;2010;AT13;30;0;4;1;4000040000001761;400004
7;07;2012;AT08;115;0;2;1;4000040000001540;400004
3;04;2011;AT10;450;0;4;1;4010010000009157;401001
16;01;2010;AT07;85;0;2;1;4010010000003371;401001
25;05;2011;AT23;35;0;4;1;4010020000008864;401002
13;09;2010;AT25;45;0;5;1;4010010000003355;401001
30;11;2010;AT04;135;0;1;1;4000040000003829;400004
18;03;2011;AT15;150;0;4;1;4000020000003566;400002
18;08;2010;AT25;450;0;3;1;4000030000007733;400003
25;02;2011;AT12;375;0;1;1;4000040000008366;400004
1;05;2012;AT05;35;0;2;1;4000030000005917;400003
30;09;2011;AT02;175;0;5;1;4010020000004612;401002
3;12;2012;AT22;300;0;1;1;4000030000005616;400003
17;06;2010;AT10;65;0;3;1;4000030000007168;400003
17;10;2011;AT13;35;0;5;1;4010010000006387;401001
23;03;2011;AT11;125;0;1;1;4000040000009907;400004
11;06;2011;AT02;60;0;2;1;4000040000007706;400004
3;10;2010;AT10;250;0;3;1;4000040000007789;400004
11;11;2011;AT03;105;0;3;1;4000010000004099;400001
16;02;2011;AT18;35;0;3;1;4010010000001321;401001
21;07;2012;AT03;45;0;2;1;4010020000001607;401002
13;05;2012;AT22;250;0;5;1;4010010000008011;401001
7;08;2011;AT08;65;0;4;1;4010020000004411;401002
8;09;2010;AT23;75;0;1;1;4000010000006112;400001
6;10;2012;AT09;65;0;5;1;4010020000005530;401002
11;03;2012;AT20;90;0;4;1;4000020000003044;400002
9;11;2011;AT09;75;0;2;1;4000010000005388;400001
26;04;2011;AT05;70;0;5;1;4010010000005423;401001
1;11;2011;AT04;100;0;2;1;4000040000007826;400004
10;05;2012;AT05;300;0;4;1;4000020000007548;400002
2;11;2011;AT15;145;0;1;1;4000030000004683;400003
26;11;2011;AT03;150;0;4;1;4010020000008828;401002
30;11;2010;AT07;45;0;5;1;4010010000009971;401001
22;07;2011;AT04;175;0;1;1;4000010000007750;400001
24;10;2012;AT10;5;0;5;1;4000010000003028;400001
23;11;2012;AT19;85;0;3;1;4010010000005183;401001
14;10;2011;AT14;10;0;2;1;4010020000006489;401002
10;08;2010;AT03;35;0;5;1;4000040000002345;400004
20;04;2012;AT09;10;0;4;1;4000010000005472;400001
3;10;2012;AT05;50;0;5;1;4000020000008189;400002
17;03;2010;AT24;5;0;1;1;4000010000006795;400001
3;04;2012;AT20;25;0;2;1;4000010000006343;400001
13;11;2012;AT13;5;0;2;1;4000040000005234;400004
10;03;2010;AT10;70;0;5;1;4000010000003523;400001
3;10;2010;AT06;150;0;1;1;4000020000003482;400002
3;11;2012;AT11;20;0;5;1;4000010000009142;400001
25;05;2012;AT03;150;0;5;1;4010020000004150;401002
9;04;2010;AT25;145;0;3;1;4000010000007946;400001
16;01;2012;AT07;115;0;4;1;4000030000009135;400003
20;10;2011;AT20;15;0;1;1;4000010000006498;400001
31;05;2011;AT22;40;0;5;1;4000010000003646;400001
18;08;2012;AT21;105;0;3;1;4000040000003408;400004
14;12;2011;AT14;145;0;5;1;4000030000007528;400003
30;05;2011;AT25;50;0;3;1;4000020000004611;400002
17;07;2010;AT03;55;0;3;1;4000030000009178;400003
23;01;2011;AT15;80;0;2;1;4010020000007431;401002
9;08;2011;AT12;10;0;5;1;4010010000004687;401001
19;06;2010;AT01;40;0;5;1;4000030000004174;400003
7;03;2012;AT20;15;0;5;1;4000040000009495;400004
29;05;2010;AT09;500;0;2;1;4010020000006645;401002
3;10;2010;AT04;105;0;3;1;4000040000007203;400004
17;11;2010;AT14;70;0;4;1;4000030000006540;400003
2;10;2011;AT06;300;0;2;1;4010020000003284;401002
13;10;2011;AT02;80;0;2;1;4000020000004571;400002
19;02;2010;AT03;55;0;2;1;4000010000004811;400001
18;01;2011;AT24;500;0;4;1;4000030000004536;400003
18;02;2012;AT07;450;0;2;1;4000010000002537;400001
10;05;2010;AT01;250;0;4;1;4000030000006195;400003
8;04;2012;AT25;150;0;4;1;4000040000008675;400004
3;05;2011;AT05;250;0;4;1;4000030000004687;400003
19;10;2012;AT20;20;0;1;1;4010020000006578;401002
10;11;2010;AT08;40;0;1;1;4010010000007037;401001
17;08;2011;AT11;90;0;3;1;4000040000005328;400004
19;10;2011;AT05;90;0;4;1;4000040000001473;400004
15;02;2012;AT07;45;0;2;1;4010010000003341;401001
22;09;2011;AT14;90;0;4;1;4010020000004899;401002
24;05;2010;AT20;115;0;1;1;4000020000008579;400002
4;08;2012;AT23;85;0;5;1;4000020000001881;400002
14;09;2012;AT09;250;0;3;1;4010010000002471;401001
15;08;2010;AT22;35;0;3;1;4000040000008736;400004
23;02;2012;AT25;250;0;5;1;4000030000007760;400003
9;11;2011;AT21;450;0;5;1;4000040000001877;400004
29;07;2010;AT14;450;0;4;1;4000040000002432;400004
3;06;2012;AT04;55;0;2;1;4000040000005297;400004
9;09;2011;AT22;50;0;4;1;4010010000003961;401001
12;06;2010;AT04;90;0;5;1;4010010000005362;401001
9;02;2011;AT08;75;0;3;1;4010020000004208;401002
17;03;2012;AT02;95;0;5;1;4000040000005041;400004
22;06;2011;AT11;110;0;3;1;4010020000006506;401002
30;10;2011;AT11;100;0;2;1;4000020000001219;400002
11;05;2011;AT06;115;0;1;1;4010020000005451;401002
23;02;2011;AT05;450;0;4;1;4000030000006109;400003
26;11;2012;AT20;35;0;3;1;4000020000002474;400002
20;06;2011;AT02;5;0;4;1;4010010000009662;401001
14;04;2010;AT07;10;0;4;1;4010020000003355;401002
27;02;2010;AT16;95;0;3;1;4000010000003017;400001
22;05;2010;AT13;5;0;1;1;4010010000001390;401001
22;05;2010;AT12;50;0;2;1;4000020000001870;400002
16;10;2010;AT11;5;0;2;1;4000010000006589;400001
28;02;2010;AT24;200;0;4;1;4000040000008624;400004
19;09;2011;AT09;175;0;5;1;4010020000004808;401002
7;03;2011;AT22;200;0;5;1;4000030000007861;400003
5;11;2012;AT21;105;0;1;1;4010020000001167;401002
3;06;2010;AT14;110;0;4;1;4000030000004288;400003
25;10;2011;AT07;120;0;3;1;4000030000002197;400003
25;09;2012;AT05;45;0;5;1;4000010000008856;400001
24;05;2010;AT21;50;0;1;1;4000040000001991;400004
8;08;2011;AT01;40;0;4;1;4000040000002097;400004
5;08;2010;AT01;45;0;5;1;4000030000002572;400003
12;11;2012;AT20;55;0;1;1;4010020000002398;401002
17;02;2012;AT06;115;0;1;1;4010020000008444;401002
7;02;2011;AT07;45;0;2;1;4000030000001185;400003
21;01;2010;AT18;65;0;5;1;4000040000008379;400004
12;10;2011;AT22;20;0;2;1;4010020000009575;401002
10;08;2012;AT22;125;0;3;1;4000030000005784;400003
5;11;2011;AT06;145;0;2;1;4000020000007828;400002
21;09;2011;AT09;10;0;1;1;4000020000002756;400002
27;12;2010;AT18;110;0;5;1;4010020000002102;401002
7;06;2011;AT21;5;0;2;1;4000010000004998;400001
18;06;2011;AT06;175;0;5;1;4000020000003234;400002
4;09;2011;AT09;25;0;4;1;4000020000001880;400002
24;07;2012;AT21;70;0;5;1;4000030000003781;400003
2;01;2010;AT23;45;0;3;1;4010010000002519;401001
9;05;2011;AT16;70;0;3;1;4000040000004632;400004
25;05;2012;AT12;70;0;3;1;4000020000006983;400002
14;10;2010;AT21;55;0;3;1;4000030000005407;400003
6;06;2012;AT14;10;0;2;1;4010010000005366;401001
24;06;2012;AT03;90;0;1;1;4010010000005260;401001
25;05;2011;AT02;15;0;2;1;4010010000007134;401001
25;02;2012;AT19;110;0;1;1;4000010000003114;400001
14;05;2011;AT21;10;0;2;1;4000010000009388;400001
11;05;2011;AT06;500;0;3;1;4010020000008320;401002
7;10;2011;AT05;65;0;1;1;4010020000004630;401002
27;11;2011;AT02;120;0;1;1;4000040000005418;400004
3;07;2010;AT02;30;0;3;1;4000030000007599;400003
9;02;2010;AT10;115;0;1;1;4010020000003480;401002
18;06;2011;AT10;70;0;5;1;4010020000005298;401002
26;04;2010;AT15;75;0;4;1;4000010000004927;400001
16;04;2012;AT18;90;0;3;1;4000020000006326;400002
8;05;2012;AT02;55;0;4;1;4010010000006644;401001
24;11;2010;AT14;20;0;3;1;4000030000008384;400003
6;09;2011;AT06;150;0;2;1;4010020000005258;401002
19;11;2011;AT18;135;0;1;1;4000040000005691;400004
28;08;2012;AT25;125;0;4;1;4010010000005625;401001
4;12;2011;AT06;80;0;5;1;4000040000002810;400004
17;06;2012;AT06;200;0;2;1;4010020000005804;401002
8;07;2011;AT13;25;0;4;1;4000010000003623;400001
16;06;2010;AT21;85;0;1;1;4010020000008074;401002
30;06;2012;AT22;135;0;3;1;4000020000002821;400002
27;07;2012;AT02;60;0;3;1;4000020000005756;400002
11;08;2012;AT13;65;0;5;1;4010010000007199;401001
8;12;2011;AT03;5;0;5;1;4010020000007961;401002
25;11;2011;AT25;15;0;4;1;4000030000003656;400003
15;02;2011;AT21;75;0;2;1;4010020000002473;401002
7;03;2011;AT25;70;0;3;1;4000020000004103;400002
17;03;2011;AT17;150;0;3;1;4010010000002478;401001
30;08;2010;AT14;150;0;5;1;4000040000003269;400004
3;01;2012;AT16;450;0;4;1;4000030000007289;400003
14;07;2010;AT20;145;0;1;1;4000040000005832;400004
17;02;2010;AT19;5;0;4;1;4000010000003898;400001
26;06;2012;AT25;70;0;4;1;4000030000003783;400003
22;03;2012;AT08;35;0;3;1;4010010000005792;401001
16;08;2012;AT10;60;0;2;1;4000010000007346;400001
4;04;2011;AT05;95;0;3;1;4000010000007805;400001
8;11;2011;AT22;5;0;1;1;4000010000005788;400001
3;04;2011;AT16;175;0;4;1;4010020000006084;401002
21;04;2012;AT12;300;0;2;1;4000020000002779;400002
4;10;2010;AT22;250;0;4;1;4010010000001160;401001
13;12;2010;AT02;40;0;5;1;4000020000007285;400002
11;04;2012;AT02;75;0;3;1;4000020000005105;400002
28;02;2012;AT09;250;0;2;1;4010010000002282;401001
23;12;2012;AT20;15;0;4;1;4000020000001073;400002
9;11;2010;AT19;115;0;1;1;4000010000001377;400001
3;12;2012;AT23;15;0;4;1;4000010000009395;400001
5;04;2011;AT20;35;0;3;1;4010020000007974;401002
18;07;2012;AT12;110;0;2;1;4010020000001305;401002
10;09;2012;AT21;95;0;3;1;4000010000006818;400001
5;03;2012;AT06;110;0;1;1;4000040000005108;400004
14;07;2012;AT16;40;0;5;1;4000020000005386;400002
26;11;2011;AT01;50;0;5;1;4000030000005359;400003
1;05;2011;AT12;5;0;1;1;4000010000008512;400001
16;08;2010;AT06;55;0;2;1;4000010000008358;400001
24;03;2011;AT06;5;0;5;1;4000030000001715;400003
30;09;2010;AT19;95;0;2;1;4000040000009282;400004
24;06;2011;AT21;200;0;4;1;4000040000008307;400004
23;02;2012;AT25;55;0;4;1;4000040000006240;400004
11;02;2011;AT17;80;0;4;1;4000030000006975;400003
19;08;2010;AT24;40;0;2;1;4010010000003048;401001
19;02;2011;AT01;30;0;5;1;4000010000009411;400001
17;05;2012;AT01;375;0;3;1;4000040000004834;400004
20;09;2010;AT22;25;0;4;1;4010010000009167;401001
31;10;2011;AT16;45;0;1;1;4000030000006730;400003
2;11;2010;AT01;300;0;3;1;4010020000001728;401002
11;04;2010;AT05;120;0;5;1;4000030000006219;400003
31;01;2010;AT22;300;0;1;1;4010020000003094;401002
29;12;2010;AT15;70;0;1;1;4010010000006308;401001
8;03;2010;AT23;100;0;3;1;4000040000009674;400004
11;04;2010;AT07;500;0;1;1;4010020000003981;401002
23;06;2010;AT23;500;0;5;1;4000030000007666;400003
10;09;2010;AT21;250;0;4;1;4000040000001029;400004
6;03;2011;AT12;55;0;3;1;4010010000009826;401001
2;07;2011;AT22;50;0;5;1;4000010000009763;400001
6;09;2011;AT01;15;0;5;1;4010010000003334;401001
19;04;2010;AT01;40;0;2;1;4000010000005528;400001
5;07;2012;AT01;20;0;1;1;4000010000005777;400001
29;10;2010;AT13;135;0;5;1;4000030000001592;400003
21;11;2011;AT20;250;0;3;1;4000010000004872;400001
5;07;2011;AT18;65;0;2;1;4000030000005836;400003
3;08;2011;AT21;65;0;4;1;4000040000001602;400004
23;11;2011;AT17;35;0;1;1;4000040000002005;400004
8;08;2012;AT12;110;0;2;1;4010010000006792;401001
5;11;2011;AT24;115;0;3;1;4010010000007428;401001
6;04;2011;AT08;85;0;3;1;4000020000002379;400002
17;04;2012;AT25;95;0;2;1;4000010000003072;400001
7;06;2012;AT02;20;0;4;1;4010020000009697;401002
15;08;2011;AT06;85;0;5;1;4000010000007648;400001
12;03;2012;AT22;135;0;1;1;4000020000003995;400002
23;07;2010;AT14;65;0;1;1;4000010000003754;400001
17;10;2011;AT14;110;0;2;1;4000040000006603;400004
5;11;2011;AT14;10;0;4;1;4000010000008260;400001
28;02;2011;AT17;145;0;2;1;4000020000005844;400002
25;03;2012;AT17;110;0;1;1;4000030000003380;400003
22;02;2010;AT02;135;0;1;1;4010020000005111;401002
8;11;2010;AT25;55;0;1;1;4010010000001199;401001
20;09;2012;AT11;90;0;1;1;4010010000008653;401001
5;08;2012;AT18;110;0;3;1;4000030000003121;400003
22;04;2011;AT22;55;0;4;1;4000040000008300;400004
21;05;2012;AT19;115;0;3;1;4000020000001635;400002
9;06;2012;AT10;150;0;1;1;4010020000001725;401002
5;07;2011;AT10;80;0;1;1;4010010000008620;401001
4;11;2011;AT17;120;0;3;1;4010020000003727;401002
17;02;2010;AT12;25;0;5;1;4000030000005538;400003
6;04;2011;AT05;60;0;4;1;4010010000006332;401001
12;01;2012;AT14;135;0;5;1;4010020000001068;401002
21;04;2011;AT17;95;0;1;1;4000020000004306;400002
8;10;2012;AT11;5;0;1;1;4010020000008414;401002
5;09;2010;AT21;10;0;5;1;4000010000004861;400001
14;09;2010;AT06;300;0;4;1;4000030000005486;400003
23;03;2012;AT23;200;0;3;1;4010020000005423;401002
11;04;2012;AT16;15;0;1;1;4010020000003412;401002
6;09;2011;AT06;135;0;1;1;4000010000008736;400001
21;08;2010;AT11;150;0;4;1;4000010000004329;400001
23;11;2011;AT03;100;0;5;1;4000010000009990;400001
8;10;2012;AT12;90;0;3;1;4000010000009520;400001
7;01;2011;AT12;150;0;1;1;4010010000003589;401001
3;06;2012;AT14;125;0;1;1;4010010000009990;401001
21;03;2010;AT12;250;0;5;1;4000020000001648;400002
7;08;2010;AT23;125;0;3;1;4010010000008513;401001
19;10;2011;AT15;85;0;3;1;4000020000001081;400002
5;05;2012;AT19;105;0;4;1;4000010000007413;400001
23;04;2012;AT23;250;0;2;1;4000030000005176;400003
27;01;2012;AT14;110;0;4;1;4000010000006843;400001
23;03;2011;AT17;65;0;2;1;4010020000002994;401002
6;05;2010;AT18;150;0;2;1;4000040000002049;400004
27;03;2010;AT24;120;0;2;1;4010010000004517;401001
8;09;2010;AT09;450;0;3;1;4000010000006101;400001
30;04;2011;AT05;15;0;3;1;4000030000006961;400003
14;09;2010;AT11;90;0;2;1;4000010000004862;400001
6;09;2012;AT21;75;0;4;1;4010020000006513;401002
21;12;2010;AT23;375;0;1;1;4000040000001072;400004
3;05;2010;AT23;90;0;5;1;4010020000004700;401002
10;09;2010;AT15;115;0;5;1;4000040000003154;400004
6;05;2010;AT02;125;0;4;1;4000020000002318;400002
2;08;2012;AT09;25;0;2;1;4010020000009397;401002
8;12;2010;AT12;15;0;1;1;4010020000004503;401002
24;07;2010;AT16;80;0;4;1;4000040000004969;400004
19;09;2012;AT02;75;0;2;1;4010020000002886;401002
10;06;2011;AT16;40;0;3;1;4000020000001283;400002
5;06;2011;AT25;120;0;3;1;4000020000008784;400002
19;02;2012;AT02;450;0;3;1;4000030000002678;400003
10;09;2010;AT06;75;0;4;1;4000030000003762;400003
12;09;2011;AT17;10;0;4;1;4000010000002706;400001
6;07;2011;AT20;175;0;5;1;4010020000005569;401002
8;11;2010;AT13;95;0;5;1;4000040000005709;400004
26;04;2010;AT11;40;0;5;1;4000020000009265;400002
18;02;2010;AT17;120;0;1;1;4000020000002670;400002
29;08;2010;AT20;110;0;1;1;4000020000006635;400002
25;03;2011;AT08;175;0;2;1;4000010000006699;400001
28;10;2010;AT04;500;0;1;1;4000030000003427;400003
29;04;2010;AT18;175;0;3;1;4000020000007041;400002
21;08;2011;AT01;15;0;1;1;4010020000009074;401002
9;07;2010;AT16;175;0;3;1;4000030000006481;400003
21;09;2010;AT03;100;0;3;1;4000040000006865;400004
21;06;2010;AT07;250;0;3;1;4010010000003543;401001
28;08;2010;AT21;35;0;5;1;4000040000003695;400004
17;04;2012;AT16;375;0;5;1;4000020000005498;400002
5;04;2010;AT12;120;0;2;1;4000020000003217;400002
23;10;2012;AT04;75;0;3;1;4000030000009537;400003
8;11;2010;AT07;80;0;2;1;4000010000001998;400001
3;11;2010;AT06;35;0;3;1;4000020000001243;400002
26;09;2010;AT04;90;0;5;1;4000020000008769;400002
5;08;2012;AT07;100;0;4;1;4000010000007915;400001
8;10;2010;AT24;450;0;5;1;4000020000008110;400002
28;06;2012;AT05;120;0;5;1;4010010000005523;401001
29;08;2010;AT07;70;0;2;1;4010010000001146;401001
24;08;2011;AT24;20;0;1;1;4000040000001787;400004
18;05;2010;AT20;55;0;3;1;4000020000001020;400002
15;10;2010;AT17;450;0;2;1;4010020000008115;401002
30;03;2010;AT19;125;0;4;1;4000040000001952;400004
30;05;2011;AT07;85;0;2;1;4000040000003549;400004
14;11;2010;AT23;90;0;3;1;4010020000001851;401002
30;10;2010;AT23;60;0;3;1;4000020000004476;400002
11;05;2010;AT07;70;0;5;1;4010010000006858;401001
16;04;2010;AT02;175;0;1;1;4000010000002132;400001
18;07;2011;AT10;65;0;3;1;4000020000003621;400002
1;10;2011;AT08;25;0;4;1;4000020000008865;400002
8;08;2012;AT09;85;0;1;1;4000030000002021;400003
13;02;2012;AT23;175;0;1;1;4000010000006302;400001
6;07;2012;AT16;20;0;3;1;4010020000002521;401002
19;12;2011;AT19;20;0;3;1;4010020000004101;401002
1;03;2010;AT11;85;0;2;1;4000040000009663;400004
29;06;2012;AT04;80;0;2;1;4000020000009082;400002
6;03;2012;AT12;85;0;1;1;4010010000004127;401001
19;02;2011;AT23;300;0;4;1;4010010000002289;401001
16;12;2012;AT20;30;0;2;1;4000020000001609;400002
28;08;2010;AT11;70;0;2;1;4010020000002007;401002
17;02;2012;AT06;25;0;3;1;4010020000007920;401002
7;04;2011;AT24;100;0;1;1;4010010000002713;401001
18;11;2010;AT02;95;0;1;1;4000020000009809;400002
8;11;2012;AT13;15;0;5;1;4010020000002874;401002
13;10;2010;AT18;35;0;4;1;4010020000005246;401002
29;03;2010;AT05;25;0;1;1;4000020000002057;400002
8;02;2011;AT03;135;0;3;1;4000010000005824;400001
16;04;2011;AT06;10;0;2;1;4000040000007550;400004
30;04;2012;AT02;60;0;5;1;4000020000005421;400002
18;07;2010;AT07;200;0;1;1;4000020000007894;400002
21;12;2010;AT23;25;0;1;1;4000030000007040;400003
25;03;2010;AT05;25;0;1;1;4010010000002179;401001
7;03;2011;AT13;250;0;2;1;4000040000005907;400004
25;03;2012;AT16;100;0;2;1;4000020000001121;400002
23;03;2012;AT01;20;0;5;1;4000020000004869;400002
7;10;2011;AT19;95;0;1;1;4000030000009122;400003
9;02;2011;AT10;75;0;4;1;4000040000007696;400004
12;02;2012;AT07;70;0;4;1;4000020000007302;400002
27;02;2012;AT18;95;0;2;1;4000020000006860;400002
27;07;2011;AT18;90;0;2;1;4000020000002693;400002
17;11;2011;AT03;75;0;3;1;4010010000005684;401001
13;09;2010;AT10;175;0;5;1;4000020000008698;400002
23;10;2010;AT19;20;0;1;1;4000020000005571;400002
27;10;2010;AT25;175;0;1;1;4000010000001561;400001
2;11;2011;AT14;45;0;5;1;4000030000005513;400003
17;02;2010;AT03;300;0;1;1;4000040000005071;400004
5;11;2011;AT05;20;0;3;1;4010010000008686;401001
2;09;2011;AT01;40;0;5;1;4000040000008583;400004
16;10;2012;AT20;70;0;4;1;4000040000006783;400004
15;07;2011;AT17;15;0;2;1;4010010000009971;401001
3;10;2010;AT21;175;0;5;1;4000040000003229;400004
3;09;2011;AT06;135;0;4;1;4000020000007571;400002
3;12;2011;AT20;250;0;1;1;4000010000002059;400001
1;11;2011;AT04;135;0;3;1;4000020000005839;400002
11;11;2012;AT16;120;0;2;1;4000010000006774;400001
26;06;2011;AT19;35;0;4;1;4000020000001325;400002
22;02;2010;AT03;500;0;3;1;4000030000001195;400003
25;03;2010;AT13;30;0;1;1;4010020000007081;401002
12;09;2011;AT17;55;0;1;1;4010010000002914;401001
8;03;2011;AT19;80;0;2;1;4000040000005911;400004
8;09;2011;AT23;115;0;2;1;4000030000009894;400003
1;08;2012;AT18;55;0;5;1;4000030000002156;400003
6;08;2012;AT22;40;0;5;1;4010020000006584;401002
23;02;2011;AT04;145;0;5;1;4000040000004758;400004
12;08;2010;AT16;30;0;1;1;4010010000002004;401001
1;08;2010;AT18;125;0;1;1;4010020000008978;401002
28;04;2011;AT01;100;0;1;1;4000040000006564;400004
24;03;2012;AT07;30;0;4;1;4000030000002772;400003
6;11;2012;AT16;125;0;3;1;4010020000008031;401002
23;12;2011;AT09;50;0;4;1;4000040000003471;400004
5;10;2010;AT13;375;0;4;1;4000040000003323;400004
10;09;2012;AT08;55;0;3;1;4000020000001403;400002
3;07;2011;AT06;75;0;5;1;4010020000009697;401002
29;10;2011;AT05;65;0;3;1;4000010000007304;400001
19;11;2011;AT12;450;0;1;1;4000030000008194;400003
6;02;2012;AT15;105;0;5;1;4010020000003443;401002
13;08;2011;AT15;105;0;5;1;4010010000001334;401001
9;09;2011;AT13;175;0;1;1;4000010000005297;400001
15;02;2011;AT22;40;0;2;1;4010010000001156;401001
9;07;2010;AT07;100;0;2;1;4000030000001623;400003
30;03;2012;AT04;105;0;3;1;4000010000006983;400001
10;06;2010;AT04;90;0;2;1;4000020000008790;400002
8;01;2012;AT19;110;0;5;1;4000040000009060;400004
18;07;2010;AT16;95;0;1;1;4000020000008798;400002
28;04;2010;AT02;85;0;2;1;4000010000006816;400001
24;07;2010;AT18;110;0;2;1;4010020000008007;401002
21;07;2012;AT22;65;0;4;1;4000030000005498;400003
20;04;2011;AT02;30;0;1;1;4010010000009341;401001
14;04;2010;AT05;85;0;5;1;4000030000008658;400003
12;12;2010;AT13;5;0;5;1;4010020000004696;401002
19;03;2011;AT09;25;0;5;1;4010020000002518;401002
27;01;2010;AT16;500;0;4;1;4010020000001725;401002
7;07;2011;AT19;90;0;2;1;4000010000001218;400001
5;06;2010;AT10;45;0;2;1;4000020000008289;400002
6;01;2011;AT16;65;0;4;1;4000020000002619;400002
19;09;2011;AT21;110;0;1;1;4000010000008750;400001
19;09;2010;AT07;80;0;4;1;4000040000004515;400004
3;06;2011;AT01;145;0;3;1;4000020000006194;400002
24;06;2010;AT13;65;0;3;1;4000040000002148;400004
30;10;2012;AT04;60;0;4;1;4000020000007961;400002
25;09;2012;AT01;50;0;5;1;4010010000001663;401001
14;02;2012;AT21;75;0;3;1;4010020000004936;401002
23;02;2011;AT23;15;0;3;1;4000030000009388;400003
17;06;2011;AT20;145;0;1;1;4010020000008150;401002
17;03;2012;AT23;105;0;2;1;4000030000003250;400003
11;11;2010;AT02;55;0;4;1;4010010000004968;401001
28;04;2011;AT12;15;0;3;1;4000030000006830;400003
15;07;2011;AT22;450;0;2;1;4010010000006209;401001
29;06;2012;AT11;15;0;1;1;4000010000006579;400001
31;10;2012;AT12;105;0;4;1;4000030000003162;400003
7;09;2010;AT22;135;0;1;1;4000030000007034;400003
2;05;2010;AT20;300;0;5;1;4010010000004887;401001
28;09;2011;AT04;175;0;4;1;4000020000005231;400002
26;06;2011;AT21;250;0;4;1;4000020000002246;400002
25;08;2012;AT02;150;0;2;1;4000040000006201;400004
11;05;2011;AT10;90;0;1;1;4010010000009903;401001
11;09;2010;AT13;5;0;5;1;4000030000004938;400003
3;04;2010;AT01;375;0;4;1;4000040000003691;400004
24;02;2011;AT12;50;0;3;1;4000030000004622;400003
6;05;2012;AT07;85;0;3;1;4000020000003102;400002
16;04;2011;AT02;65;0;3;1;4000010000002459;400001
20;03;2011;AT16;105;0;3;1;4000020000007721;400002
11;11;2010;AT25;55;0;1;1;4010020000009127;401002
5;04;2012;AT07;45;0;1;1;4000030000008582;400003
30;12;2010;AT15;60;0;4;1;4010010000007232;401001
12;06;2010;AT12;70;0;3;1;4000040000009017;400004
30;07;2010;AT15;300;0;2;1;4010020000004227;401002
24;06;2012;AT15;25;0;3;1;4010020000006925;401002
19;05;2012;AT22;85;0;1;1;4000040000004353;400004
2;02;2011;AT18;95;0;1;1;4000010000009725;400001
11;03;2012;AT14;70;0;1;1;4000020000007254;400002
13;10;2011;AT12;25;0;2;1;4000040000006312;400004
7;03;2010;AT10;95;0;3;1;4010010000007110;401001
9;05;2011;AT23;125;0;2;1;4000040000002893;400004
13;11;2012;AT06;145;0;3;1;4000010000004791;400001
27;09;2011;AT01;375;0;4;1;4000040000007969;400004
3;12;2012;AT18;375;0;1;1;4000030000003655;400003
20;04;2012;AT06;25;0;3;1;4010020000001355;401002
4;07;2010;AT09;200;0;5;1;4000010000006946;400001
18;03;2012;AT01;55;0;1;1;4010010000001756;401001
24;11;2011;AT17;70;0;3;1;4000040000008137;400004
14;10;2010;AT04;40;0;4;1;4010010000005928;401001
8;10;2012;AT18;45;0;4;1;4010020000009089;401002
3;07;2010;AT05;20;0;4;1;4010010000006809;401001
29;09;2011;AT13;175;0;3;1;4000020000005212;400002
11;04;2011;AT22;70;0;4;1;4000040000001597;400004
17;05;2011;AT17;30;0;2;1;4010020000003830;401002
2;06;2011;AT09;25;0;5;1;4010020000001449;401002
24;11;2011;AT17;110;0;1;1;4000030000008165;400003
15;04;2010;AT01;500;0;3;1;4010010000007420;401001
19;02;2011;AT19;90;0;3;1;4000020000009281;400002
16;10;2011;AT05;95;0;4;1;4010010000008658;401001
26;06;2011;AT18;70;0;1;1;4010010000007704;401001
2;10;2012;AT16;65;0;3;1;4010020000009972;401002
29;01;2012;AT22;60;0;3;1;4010020000001980;401002
1;04;2011;AT06;5;0;3;1;4000020000009994;400002
12;12;2010;AT16;125;0;2;1;4010020000007980;401002
4;06;2010;AT19;55;0;5;1;4000040000001252;400004
20;10;2010;AT21;135;0;5;1;4000030000009771;400003
27;02;2011;AT02;115;0;4;1;4000020000001850;400002
25;05;2011;AT24;75;0;4;1;4010020000009010;401002
23;09;2012;AT05;300;0;3;1;4000030000009550;400003
31;03;2011;AT21;40;0;2;1;4000030000005678;400003
14;06;2010;AT03;175;0;2;1;4000020000009673;400002
7;11;2012;AT16;135;0;3;1;4000020000001182;400002
17;09;2010;AT10;40;0;2;1;4000040000007928;400004
22;10;2010;AT23;60;0;5;1;4000010000009168;400001
20;11;2011;AT18;250;0;2;1;4000010000002912;400001
15;09;2012;AT06;200;0;1;1;4000040000007363;400004
11;05;2011;AT16;25;0;4;1;4000010000004928;400001
29;09;2011;AT06;70;0;4;1;4000010000009328;400001
25;08;2010;AT03;500;0;1;1;4000040000001517;400004
2;03;2012;AT13;30;0;4;1;4010010000009032;401001
1;02;2011;AT06;135;0;1;1;4000040000007815;400004
10;01;2011;AT14;95;0;3;1;4000020000002035;400002
9;02;2011;AT13;175;0;5;1;4000040000005172;400004
17;04;2012;AT06;10;0;4;1;4000040000003596;400004
1;12;2012;AT07;110;0;2;1;4000030000004648;400003
11;04;2011;AT12;75;0;3;1;4010020000002637;401002
14;04;2011;AT12;100;0;2;1;4000020000002775;400002
5;10;2010;AT23;20;0;3;1;4010020000008660;401002
25;09;2011;AT21;450;0;2;1;4010010000007840;401001
6;04;2012;AT19;115;0;5;1;4000020000004322;400002
8;11;2011;AT09;45;0;3;1;4010020000002256;401002
11;05;2011;AT14;135;0;4;1;4000020000001903;400002
23;03;2011;AT09;10;0;1;1;4010020000007455;401002
18;11;2011;AT05;40;0;3;1;4000040000002074;400004
6;04;2012;AT03;70;0;1;1;4000040000003989;400004
13;05;2011;AT06;30;0;2;1;4010010000005851;401001
27;12;2012;AT10;115;0;2;1;4000010000009208;400001
28;06;2012;AT24;135;0;2;1;4000010000006372;400001
18;02;2012;AT08;80;0;1;1;4000040000007229;400004
28;07;2010;AT06;5;0;5;1;4000040000005101;400004
19;12;2010;AT09;20;0;4;1;4000040000001929;400004
30;06;2012;AT01;60;0;2;1;4010010000007404;401001
26;07;2012;AT20;150;0;4;1;4000030000006545;400003
18;11;2012;AT07;65;0;4;1;4000010000009607;400001
18;01;2011;AT19;55;0;1;1;4010010000002786;401001
14;10;2012;AT04;90;0;5;1;4010020000004477;401002
23;02;2011;AT13;5;0;3;1;4000020000005383;400002
28;11;2012;AT04;145;0;4;1;4000010000008552;400001
12;07;2012;AT20;250;0;1;1;4010010000002065;401001
26;02;2010;AT24;10;0;1;1;4000020000008592;400002
2;05;2011;AT12;25;0;1;1;4000040000006716;400004
1;07;2010;AT20;80;0;2;1;4010020000002135;401002
9;08;2012;AT07;450;0;5;1;4010010000003757;401001
30;11;2010;AT05;100;0;2;1;4000020000001023;400002
19;11;2012;AT11;75;0;3;1;4010020000003462;401002
11;03;2012;AT07;20;0;5;1;4000030000003099;400003
6;12;2011;AT11;10;0;2;1;4000030000004437;400003
12;06;2010;AT03;110;0;4;1;4010020000003627;401002
24;01;2011;AT01;55;0;3;1;4010010000001175;401001
14;08;2010;AT14;250;0;3;1;4000020000007519;400002
14;04;2010;AT06;450;0;3;1;4010010000002124;401001
17;07;2011;AT22;75;0;4;1;4000030000005093;400003
28;08;2012;AT09;110;0;4;1;4000040000005230;400004
22;11;2010;AT11;55;0;1;1;4010020000002502;401002
7;02;2011;AT17;120;0;2;1;4010020000008810;401002
5;09;2011;AT12;60;0;1;1;4000010000001527;400001
11;11;2011;AT14;75;0;1;1;4000010000001627;400001
7;10;2011;AT16;25;0;5;1;4000010000005400;400001
23;04;2010;AT03;175;0;5;1;4000010000009881;400001
22;07;2011;AT04;125;0;3;1;4000030000001780;400003
10;08;2012;AT09;145;0;1;1;4000030000003362;400003
7;10;2012;AT18;50;0;4;1;4000040000006234;400004
27;11;2012;AT16;85;0;3;1;4010020000005337;401002
6;11;2011;AT09;200;0;3;1;4000030000005368;400003
20;07;2012;AT02;85;0;4;1;4000040000003212;400004
13;04;2012;AT23;40;0;2;1;4000020000007783;400002
26;05;2010;AT24;30;0;3;1;4000030000007810;400003
15;09;2012;AT24;175;0;2;1;4000040000005700;400004
22;09;2012;AT22;45;0;5;1;4000010000003384;400001
28;07;2010;AT20;115;0;1;1;4000020000005243;400002
24;10;2011;AT08;45;0;2;1;4010020000002533;401002
2;07;2011;AT24;20;0;1;1;4000040000005294;400004
7;10;2010;AT14;65;0;2;1;4000030000005662;400003
30;11;2011;AT19;125;0;2;1;4000010000009765;400001
16;09;2012;AT15;55;0;3;1;4000030000007509;400003
6;04;2012;AT18;375;0;5;1;4000010000008719;400001
3;07;2011;AT13;120;0;4;1;4000020000006112;400002
24;04;2012;AT09;125;0;4;1;4000030000002252;400003
3;04;2010;AT15;30;0;1;1;4000040000004004;400004
14;10;2011;AT08;115;0;3;1;4010010000003766;401001
15;10;2010;AT13;35;0;1;1;4000020000003354;400002
28;04;2010;AT22;90;0;1;1;4000040000006188;400004
29;03;2010;AT21;5;0;1;1;4010010000001109;401001
11;12;2010;AT24;150;0;1;1;4000020000009621;400002
4;02;2010;AT23;10;0;4;1;4000010000007269;400001
13;09;2010;AT23;110;0;3;1;4000030000005566;400003
12;02;2010;AT20;95;0;1;1;4000010000001309;400001
24;03;2011;AT23;10;0;5;1;4000040000009438;400004
27;01;2011;AT01;500;0;1;1;4010020000004175;401002
15;10;2011;AT05;250;0;5;1;4000020000007479;400002
15;04;2010;AT06;10;0;3;1;4000020000001057;400002
6;10;2010;AT12;80;0;5;1;4000030000007965;400003
10;09;2012;AT21;115;0;5;1;4000030000003113;400003
26;03;2012;AT02;45;0;4;1;4000030000001408;400003
8;03;2012;AT06;150;0;3;1;4000030000005753;400003
23;07;2012;AT14;55;0;4;1;4000010000009902;400001
15;02;2012;AT21;175;0;1;1;4000030000007786;400003
8;08;2012;AT03;30;0;5;1;4010010000005310;401001
11;08;2011;AT11;5;0;3;1;4000020000004261;400002
23;07;2011;AT25;20;0;1;1;4000020000002132;400002
17;07;2010;AT02;100;0;1;1;4010020000008893;401002
26;03;2012;AT16;60;0;5;1;4010010000004693;401001
24;02;2010;AT10;125;0;5;1;4010020000003362;401002
12;11;2011;AT15;100;0;3;1;4000020000005624;400002
20;06;2010;AT02;30;0;2;1;4000020000008458;400002
29;11;2010;AT23;70;0;4;1;4000030000004553;400003
18;01;2012;AT21;145;0;3;1;4000040000001868;400004
18;07;2012;AT20;10;0;3;1;4010020000001649;401002
12;03;2012;AT19;375;0;4;1;4000030000005608;400003
25;09;2012;AT24;200;0;2;1;4000020000002803;400002
30;12;2012;AT07;115;0;3;1;4000030000009649;400003
9;12;2010;AT21;30;0;1;1;4010020000005865;401002
22;05;2011;AT17;150;0;4;1;4000020000006599;400002
2;07;2012;AT20;250;0;4;1;4010010000006142;401001
27;06;2010;AT11;65;0;4;1;4000020000005759;400002
19;05;2012;AT24;115;0;4;1;4010010000005326;401001
30;09;2010;AT03;115;0;1;1;4000010000005746;400001
13;02;2011;AT04;95;0;4;1;4000030000006642;400003
30;10;2010;AT11;30;0;2;1;4010010000008340;401001
5;07;2011;AT21;55;0;1;1;4000030000007131;400003
14;02;2012;AT01;30;0;2;1;4010010000007000;401001
25;10;2011;AT23;110;0;4;1;4010010000006483;401001
2;04;2011;AT10;50;0;3;1;4000030000004192;400003
9;06;2011;AT01;80;0;3;1;4000010000006701;400001
23;05;2010;AT03;55;0;3;1;4010010000003409;401001
2;07;2012;AT15;50;0;1;1;4000010000003436;400001
11;05;2010;AT08;60;0;3;1;4000030000005915;400003
3;12;2012;AT20;95;0;5;1;4000030000004297;400003
26;10;2011;AT09;120;0;1;1;4000040000005627;400004
23;04;2011;AT10;65;0;4;1;4000010000009573;400001
4;03;2011;AT05;70;0;3;1;4000020000003199;400002
18;05;2012;AT19;115;0;4;1;4000010000006557;400001
17;03;2012;AT20;105;0;1;1;4010010000008789;401001
15;02;2011;AT14;100;0;4;1;4010020000003049;401002
20;10;2012;AT16;250;0;3;1;4000020000004204;400002
16;07;2011;AT03;45;0;1;1;4010010000003583;401001
22;10;2011;AT22;25;0;3;1;4010010000007262;401001
18;12;2011;AT14;450;0;2;1;4000030000002545;400003
23;05;2011;AT02;20;0;3;1;4010020000008124;401002
25;07;2012;AT21;115;0;2;1;4000040000002189;400004
4;03;2010;AT13;300;0;1;1;4000040000007660;400004
23;06;2010;AT13;200;0;4;1;4010010000005525;401001
6;04;2011;AT19;45;0;1;1;4000030000005685;400003
20;10;2012;AT19;150;0;3;1;4000010000006920;400001
5;03;2010;AT10;105;0;5;1;4000030000007990;400003
15;11;2011;AT05;95;0;5;1;4000010000007140;400001
2;06;2012;AT15;10;0;5;1;4000020000005577;400002
26;10;2011;AT04;20;0;2;1;4000010000007742;400001
28;02;2012;AT04;145;0;1;1;4010020000006646;401002
4;04;2011;AT11;55;0;3;1;4000030000004657;400003
9;09;2010;AT22;200;0;2;1;4010010000002413;401001
8;12;2011;AT09;450;0;2;1;4010020000004193;401002
6;11;2011;AT15;110;0;3;1;4010010000005021;401001
5;08;2012;AT22;30;0;4;1;4000020000003284;400002
24;06;2011;AT15;25;0;3;1;4000020000006289;400002
11;04;2011;AT01;175;0;4;1;4000040000009965;400004
6;11;2010;AT25;450;0;5;1;4000020000001003;400002
21;03;2011;AT12;100;0;3;1;4010020000008309;401002
2;06;2012;AT25;150;0;1;1;4000030000002506;400003
29;07;2012;AT23;75;0;1;1;4000030000004541;400003
26;08;2010;AT02;10;0;2;1;4010010000007609;401001
17;07;2010;AT12;105;0;1;1;4000040000001477;400004
22;09;2011;AT21;300;0;1;1;4010010000003089;401001
16;06;2010;AT05;75;0;3;1;4000030000001061;400003
4;03;2011;AT14;50;0;2;1;4010010000006413;401001
28;09;2011;AT11;30;0;1;1;4000020000007302;400002
30;10;2011;AT07;250;0;4;1;4000020000007605;400002
28;05;2010;AT07;95;0;5;1;4010010000005798;401001
17;07;2010;AT24;85;0;2;1;4000040000004959;400004
2;01;2010;AT14;45;0;2;1;4000010000003011;400001
19;10;2010;AT12;450;0;2;1;4000010000008024;400001
6;05;2012;AT14;85;0;1;1;4000040000009963;400004
24;04;2010;AT02;50;0;5;1;4010010000008319;401001
27;03;2012;AT22;90;0;2;1;4010010000002896;401001
19;03;2011;AT10;500;0;1;1;4000030000003581;400003
28;09;2012;AT03;145;0;4;1;4000020000007097;400002
12;03;2010;AT08;70;0;1;1;4000040000001478;400004
13;08;2011;AT08;30;0;3;1;4010020000006419;401002
8;04;2012;AT04;55;0;2;1;4000040000005121;400004
15;04;2011;AT02;80;0;5;1;4000030000004909;400003
2;05;2012;AT02;95;0;5;1;4010010000008806;401001
17;04;2010;AT25;105;0;5;1;4000040000005845;400004
29;04;2010;AT08;40;0;5;1;4000010000009194;400001
7;02;2010;AT09;95;0;5;1;4000040000005733;400004
22;03;2012;AT06;55;0;4;1;4000040000007001;400004
28;09;2012;AT05;100;0;2;1;4010010000005736;401001
28;08;2011;AT18;5;0;3;1;4000030000006896;400003
12;06;2010;AT10;135;0;1;1;4010010000003217;401001
30;01;2010;AT25;20;0;4;1;4000020000003232;400002
28;02;2012;AT09;75;0;3;1;4010010000006018;401001
14;02;2012;AT01;85;0;2;1;4000040000009495;400004
24;08;2012;AT07;145;0;1;1;4000030000002794;400003
7;10;2010;AT03;70;0;4;1;4000020000006562;400002
29;03;2011;AT05;5;0;1;1;4000010000005111;400001
20;07;2012;AT04;40;0;3;1;4000020000009957;400002
18;12;2011;AT20;120;0;3;1;4000020000005778;400002
15;06;2012;AT15;10;0;5;1;4010020000004382;401002
26;06;2011;AT04;120;0;1;1;4010020000006158;401002
11;03;2010;AT16;30;0;5;1;4000010000008721;400001
3;11;2012;AT24;175;0;2;1;4010010000008937;401001
30;07;2011;AT16;10;0;3;1;4000030000004683;400003
30;07;2011;AT02;115;0;2;1;4010020000003988;401002
30;04;2012;AT22;50;0;2;1;4000040000009458;400004
27;05;2012;AT12;60;0;1;1;4010010000004183;401001
18;10;2010;AT03;500;0;3;1;4000010000007752;400001
8;08;2010;AT11;110;0;1;1;4000040000002027;400004
22;08;2012;AT17;70;0;5;1;4000020000002837;400002
13;02;2010;AT17;10;0;1;1;4000040000003666;400004
30;03;2011;AT03;110;0;5;1;4000040000004435;400004
24;02;2012;AT21;75;0;5;1;4000030000001410;400003
8;06;2012;AT14;450;0;5;1;4000040000008404;400004
30;05;2011;AT24;50;0;3;1;4000010000003649;400001
3;04;2010;AT13;200;0;1;1;4000010000009739;400001
18;09;2010;AT10;45;0;5;1;4000040000004155;400004
27;03;2011;AT24;375;0;3;1;4000040000008877;400004
14;11;2012;AT14;175;0;2;1;4000010000002982;400001
28;04;2010;AT23;105;0;2;1;4010020000002342;401002
30;03;2011;AT25;50;0;5;1;4000020000005506;400002
18;10;2010;AT16;75;0;1;1;4000040000001289;400004
3;08;2011;AT07;90;0;4;1;4000020000006899;400002
15;03;2012;AT14;375;0;1;1;4000030000009086;400003
19;03;2011;AT22;60;0;3;1;4000010000006055;400001
29;03;2012;AT17;70;0;2;1;4000020000004544;400002
10;08;2011;AT11;5;0;2;1;4000010000003001;400001
3;03;2010;AT05;120;0;4;1;4010020000004932;401002
16;10;2011;AT07;35;0;1;1;4000040000007969;400004
10;09;2010;AT25;55;0;5;1;4000030000007294;400003
3;10;2010;AT08;55;0;3;1;4000010000006398;400001
6;03;2010;AT13;375;0;2;1;4010010000003411;401001
8;08;2010;AT05;90;0;5;1;4010020000007176;401002
15;08;2010;AT15;100;0;1;1;4000030000006383;400003
24;07;2012;AT06;175;0;4;1;4000030000008759;400003
22;06;2012;AT05;80;0;3;1;4010010000002649;401001
8;11;2010;AT23;40;0;3;1;4000040000007522;400004
30;04;2012;AT08;90;0;2;1;4000040000004193;400004
19;10;2010;AT16;90;0;1;1;4010020000005553;401002
27;03;2012;AT16;200;0;3;1;4010020000001752;401002
18;02;2012;AT13;35;0;1;1;4010020000002830;401002
29;09;2011;AT04;25;0;4;1;4000020000003474;400002
30;08;2012;AT09;50;0;2;1;4010020000006884;401002
11;11;2012;AT13;500;0;2;1;4000010000009924;400001
30;11;2011;AT23;55;0;3;1;4000020000001458;400002
14;02;2011;AT14;145;0;5;1;4000040000009711;400004
6;10;2010;AT06;25;0;4;1;4000030000007946;400003
17;10;2012;AT23;70;0;3;1;4000040000006657;400004
17;11;2012;AT20;65;0;5;1;4010010000007468;401001
21;01;2012;AT16;95;0;1;1;4000020000005331;400002
29;07;2012;AT01;20;0;4;1;4000020000001722;400002
16;02;2010;AT10;125;0;2;1;4000020000003414;400002
21;03;2010;AT16;45;0;2;1;4000010000009501;400001
7;05;2011;AT22;60;0;2;1;4010020000008246;401002
10;09;2012;AT05;35;0;2;1;4000010000002017;400001
4;07;2012;AT01;20;0;5;1;4000020000003288;400002
24;06;2012;AT10;120;0;2;1;4000010000009431;400001
24;05;2012;AT17;65;0;1;1;4010010000004191;401001
13;01;2011;AT18;70;0;4;1;4000040000001576;400004
3;02;2011;AT15;75;0;2;1;4000040000009166;400004
10;09;2010;AT12;80;0;5;1;4000020000003989;400002
27;03;2010;AT03;300;0;1;1;4000040000008367;400004
30;04;2010;AT11;90;0;5;1;4000010000005725;400001
2;03;2010;AT12;10;0;1;1;4000040000002959;400004
3;12;2010;AT01;500;0;1;1;4000030000006174;400003
14;11;2011;AT11;200;0;3;1;4010020000008831;401002
4;08;2010;AT23;85;0;1;1;4000020000002568;400002
8;01;2012;AT17;90;0;3;1;4000030000006547;400003
16;09;2010;AT03;450;0;4;1;4000040000004067;400004
21;04;2012;AT02;5;0;3;1;4000010000006856;400001
6;03;2011;AT12;40;0;1;1;4000020000001043;400002
11;09;2012;AT24;5;0;3;1;4000030000007537;400003
10;07;2010;AT19;175;0;2;1;4010020000004593;401002
21;03;2012;AT25;95;0;3;1;4000040000004563;400004
13;06;2010;AT25;150;0;4;1;4010020000001235;401002
30;12;2010;AT24;110;0;3;1;4010010000008770;401001
31;01;2011;AT06;90;0;2;1;4010010000004605;401001
23;05;2010;AT23;30;0;3;1;4010020000008583;401002
1;01;2010;AT25;55;0;3;1;4000010000004485;400001
3;10;2011;AT16;30;0;3;1;4000020000009820;400002
25;07;2011;AT20;120;0;1;1;4000030000009894;400003
3;08;2011;AT08;450;0;5;1;4010010000008476;401001
17;05;2010;AT02;450;0;1;1;4000020000002805;400002
20;09;2011;AT08;10;0;1;1;4000020000003273;400002
4;07;2011;AT19;500;0;4;1;4000030000007761;400003
14;04;2012;AT23;250;0;4;1;4000040000007979;400004
25;06;2012;AT09;100;0;3;1;4000010000008265;400001
14;01;2010;AT25;125;0;1;1;4000010000005744;400001
14;12;2012;AT19;300;0;3;1;4000020000001032;400002
16;01;2012;AT25;105;0;1;1;4010020000009196;401002
28;04;2011;AT18;500;0;1;1;4000020000005439;400002
18;08;2012;AT21;75;0;3;1;4010010000007560;401001
10;06;2012;AT22;70;0;3;1;4000010000007503;400001
20;12;2012;AT06;150;0;5;1;4010020000006893;401002
19;11;2012;AT14;300;0;1;1;4000040000001075;400004
5;04;2012;AT22;10;0;2;1;4000020000007018;400002
9;11;2011;AT03;175;0;5;1;4010010000004292;401001
25;05;2010;AT24;100;0;3;1;4000010000005719;400001
9;09;2011;AT23;500;0;4;1;4010020000009457;401002
15;05;2012;AT04;200;0;2;1;4010010000002671;401001
23;02;2012;AT09;15;0;2;1;4000030000007488;400003
3;08;2012;AT23;145;0;2;1;4010010000006627;401001
3;08;2012;AT14;50;0;5;1;4010010000006355;401001
14;09;2012;AT14;175;0;4;1;4000040000005337;400004
30;05;2011;AT11;90;0;4;1;4000030000008924;400003
22;11;2012;AT20;120;0;4;1;4010010000007617;401001
18;04;2010;AT15;65;0;2;1;4010010000002689;401001
14;08;2010;AT17;150;0;4;1;4000010000009307;400001
20;12;2011;AT02;55;0;4;1;4010010000007744;401001
25;04;2012;AT14;120;0;3;1;4010010000002995;401001
15;04;2012;AT19;75;0;4;1;4000020000008891;400002
19;10;2010;AT21;30;0;2;1;4010020000006712;401002
28;12;2011;AT09;125;0;3;1;4000040000008703;400004
13;11;2011;AT20;500;0;5;1;4000010000006198;400001
24;10;2011;AT17;145;0;5;1;4000010000003596;400001
1;02;2010;AT04;450;0;1;1;4000020000008964;400002
18;01;2010;AT09;50;0;4;1;4000010000009162;400001
16;03;2011;AT08;10;0;3;1;4000030000001170;400003
20;03;2010;AT15;55;0;2;1;4000010000005412;400001
15;03;2010;AT18;85;0;4;1;4010020000006626;401002
24;11;2011;AT24;110;0;4;1;4010010000009741;401001
14;06;2012;AT03;300;0;2;1;4010020000009843;401002
13;09;2010;AT09;250;0;3;1;4000010000003272;400001
9;08;2011;AT07;15;0;1;1;4010020000009795;401002
12;01;2012;AT25;100;0;4;1;4000020000002114;400002
12;06;2010;AT03;30;0;1;1;4000020000005044;400002
17;08;2012;AT14;35;0;3;1;4000030000005869;400003
13;06;2010;AT06;125;0;5;1;4010010000008699;401001
18;08;2011;AT07;85;0;5;1;4000020000009998;400002
17;05;2012;AT11;65;0;3;1;4000020000005673;400002
9;02;2010;AT24;375;0;3;1;4000010000002576;400001
20;07;2010;AT18;50;0;5;1;4010020000004121;401002
23;03;2010;AT21;125;0;5;1;4000030000007627;400003
5;04;2010;AT17;135;0;4;1;4010010000008995;401001
30;04;2012;AT18;50;0;3;1;4000010000005362;400001
6;08;2010;AT15;145;0;1;1;4000020000001706;400002
26;10;2011;AT10;100;0;4;1;4010020000004483;401002
16;12;2011;AT22;60;0;3;1;4000040000005609;400004
30;07;2012;AT14;115;0;2;1;4000010000006061;400001
26;06;2010;AT06;80;0;1;1;4010020000002166;401002
14;07;2010;AT10;25;0;2;1;4010010000001501;401001
27;05;2010;AT13;65;0;5;1;4010020000006884;401002
2;09;2011;AT04;105;0;1;1;4000010000004214;400001
25;02;2010;AT20;60;0;3;1;4010010000007248;401001
19;07;2011;AT16;70;0;3;1;4000030000001825;400003
28;08;2010;AT21;90;0;3;1;4010010000003766;401001
21;03;2010;AT13;60;0;1;1;4000020000002447;400002
16;07;2012;AT05;200;0;5;1;4000030000009507;400003
15;10;2010;AT22;115;0;2;1;4000010000004479;400001
14;03;2010;AT19;75;0;2;1;4000010000009348;400001
12;04;2012;AT08;25;0;4;1;4010020000008199;401002
30;04;2011;AT20;375;0;4;1;4000030000008077;400003
9;02;2011;AT17;500;0;4;1;4000020000001101;400002
20;08;2011;AT08;90;0;5;1;4010010000001863;401001
23;09;2010;AT19;65;0;4;1;4000020000001886;400002
30;03;2012;AT11;45;0;1;1;4010010000006856;401001
16;09;2011;AT05;15;0;1;1;4000040000007350;400004
20;11;2012;AT01;90;0;5;1;4000030000001828;400003
9;02;2012;AT18;75;0;5;1;4000010000007942;400001
6;07;2011;AT23;105;0;5;1;4000020000001084;400002
27;05;2012;AT08;145;0;4;1;4010020000006966;401002
15;06;2010;AT18;55;0;3;1;4000040000003272;400004
20;11;2012;AT15;25;0;4;1;4000020000001571;400002
7;03;2011;AT12;55;0;2;1;4010010000009199;401001
13;07;2011;AT23;55;0;2;1;4010010000005523;401001
7;10;2012;AT02;300;0;3;1;4000010000002476;400001
13;05;2010;AT03;110;0;5;1;4000040000006268;400004
12;02;2011;AT06;60;0;4;1;4000040000006289;400004
13;10;2011;AT12;100;0;1;1;4010010000009763;401001
25;09;2012;AT11;300;0;2;1;4000020000007858;400002
26;12;2011;AT16;40;0;3;1;4000010000002459;400001
24;06;2010;AT14;25;0;2;1;4010010000007413;401001
7;09;2012;AT05;175;0;1;1;4000030000006349;400003
16;08;2011;AT13;60;0;1;1;4010010000002597;401001
17;06;2010;AT23;15;0;5;1;4000040000003362;400004
21;05;2012;AT05;75;0;1;1;4010010000002845;401001
8;04;2012;AT20;115;0;2;1;4000010000005031;400001
12;01;2012;AT08;150;0;5;1;4000010000001062;400001
24;04;2012;AT12;375;0;4;1;4000030000003158;400003
3;07;2012;AT20;105;0;2;1;4000010000007667;400001
17;07;2012;AT12;80;0;2;1;4000040000007440;400004
30;07;2011;AT24;50;0;2;1;4000040000008610;400004
9;11;2011;AT19;15;0;2;1;4000010000008980;400001
20;09;2011;AT10;15;0;5;1;4000010000001281;400001
23;02;2012;AT25;175;0;2;1;4010010000007975;401001
21;05;2010;AT11;60;0;2;1;4010020000004882;401002
15;03;2010;AT22;125;0;2;1;4010010000003406;401001
28;10;2012;AT02;20;0;2;1;4000020000006378;400002
27;06;2010;AT03;30;0;4;1;4000030000002874;400003
26;01;2010;AT08;65;0;5;1;4010020000003953;401002
3;09;2011;AT08;200;0;1;1;4000040000009008;400004
9;04;2011;AT08;20;0;1;1;4000020000007740;400002
20;11;2011;AT17;45;0;3;1;4000030000004995;400003
8;01;2011;AT22;125;0;3;1;4010010000006197;401001
16;11;2010;AT14;120;0;1;1;4000020000004272;400002
6;02;2011;AT03;135;0;3;1;4000040000008096;400004
26;08;2010;AT03;375;0;2;1;4010010000007771;401001
6;08;2010;AT17;110;0;2;1;4000040000005352;400004
21;01;2011;AT25;100;0;4;1;4010010000001620;401001
10;04;2012;AT07;60;0;2;1;4010010000001028;401001
6;10;2010;AT07;450;0;1;1;4000030000009326;400003
14;02;2012;AT09;60;0;5;1;4010010000008054;401001
16;09;2012;AT09;80;0;2;1;4000030000007759;400003
8;10;2011;AT13;45;0;1;1;4010020000002819;401002
24;03;2011;AT19;105;0;3;1;4000030000003000;400003
11;05;2010;AT23;95;0;3;1;4000030000001120;400003
16;06;2012;AT08;200;0;1;1;4010010000006763;401001
2;02;2011;AT12;500;0;5;1;4000030000003956;400003
8;05;2012;AT01;30;0;1;1;4000020000004529;400002
12;09;2011;AT01;500;0;3;1;4000010000004221;400001
4;07;2010;AT13;5;0;5;1;4010020000004804;401002
8;11;2012;AT21;120;0;4;1;4000040000004609;400004
10;11;2012;AT23;105;0;4;1;4000040000004614;400004
26;10;2012;AT20;95;0;1;1;4010020000001064;401002
16;11;2012;AT07;80;0;5;1;4000030000001991;400003
13;04;2012;AT05;250;0;2;1;4010010000005263;401001
10;09;2011;AT18;10;0;2;1;4000030000001091;400003
8;09;2010;AT07;35;0;2;1;4000040000007077;400004
29;09;2011;AT08;125;0;5;1;4000030000001612;400003
19;08;2011;AT07;35;0;3;1;4000040000003824;400004
24;12;2012;AT24;125;0;3;1;4000010000009656;400001
5;01;2010;AT21;35;0;1;1;4010010000002346;401001
24;02;2011;AT02;50;0;1;1;4000020000001110;400002
13;04;2011;AT23;30;0;2;1;4000020000008386;400002
17;12;2010;AT17;135;0;3;1;4010010000002036;401001
29;11;2012;AT15;120;0;4;1;4010020000003196;401002
28;06;2010;AT03;35;0;5;1;4000040000008080;400004
31;07;2012;AT10;135;0;3;1;4000010000001337;400001
19;03;2012;AT20;65;0;4;1;4000030000004512;400003
24;07;2010;AT21;145;0;5;1;4010020000002808;401002
27;07;2010;AT10;100;0;1;1;4010020000002614;401002
30;11;2012;AT07;95;0;4;1;4000010000008799;400001
23;05;2012;AT19;50;0;1;1;4010020000008584;401002
11;05;2011;AT10;45;0;2;1;4010010000005218;401001
16;02;2010;AT03;500;0;5;1;4010010000009836;401001
21;10;2010;AT19;120;0;1;1;4010020000002787;401002
14;04;2011;AT20;85;0;1;1;4000040000007249;400004
11;07;2012;AT08;300;0;2;1;4000020000002812;400002
13;02;2012;AT17;75;0;1;1;4000010000009250;400001
25;02;2010;AT17;55;0;3;1;4010020000009841;401002
14;04;2010;AT03;75;0;4;1;4010010000006471;401001
23;04;2010;AT07;40;0;4;1;4000030000008943;400003
13;09;2010;AT16;145;0;3;1;4000040000001718;400004
24;06;2011;AT07;50;0;3;1;4010010000002638;401001
25;11;2011;AT17;450;0;4;1;4000010000002253;400001
13;05;2011;AT06;70;0;3;1;4000040000009636;400004
24;08;2012;AT04;105;0;2;1;4000030000009339;400003
3;07;2011;AT06;450;0;4;1;4010020000001518;401002
21;07;2011;AT06;300;0;3;1;4000010000005112;400001
4;05;2011;AT21;30;0;1;1;4010020000006319;401002
27;03;2012;AT12;145;0;4;1;4000040000008505;400004
26;07;2011;AT12;110;0;5;1;4000020000006347;400002
18;09;2012;AT19;500;0;3;1;4010020000007456;401002
6;03;2010;AT05;115;0;5;1;4000010000009635;400001
28;07;2012;AT09;110;0;4;1;4000030000007028;400003
11;10;2010;AT13;250;0;1;1;4010010000004175;401001
19;08;2010;AT23;115;0;4;1;4000010000006761;400001
26;03;2010;AT20;10;0;1;1;4010010000003059;401001
18;01;2012;AT11;500;0;1;1;4010020000006757;401002
19;09;2011;AT20;70;0;1;1;4000010000003726;400001
10;09;2010;AT19;15;0;3;1;4000030000004686;400003
22;09;2010;AT23;175;0;1;1;4010020000001918;401002
5;06;2010;AT24;450;0;5;1;4000040000003338;400004
8;05;2010;AT03;175;0;3;1;4000010000006834;400001
2;06;2012;AT14;120;0;1;1;4010020000003627;401002
11;03;2010;AT07;55;0;5;1;4010010000008780;401001
5;01;2012;AT06;175;0;3;1;4010010000005366;401001
16;11;2011;AT25;65;0;5;1;4000010000005342;400001
18;08;2010;AT05;500;0;3;1;4000010000002685;400001
19;04;2012;AT24;45;0;4;1;4000040000001720;400004
14;10;2011;AT08;55;0;5;1;4000020000008272;400002
10;02;2010;AT15;45;0;2;1;4000040000001856;400004
22;10;2010;AT03;20;0;1;1;4010010000007043;401001
29;01;2011;AT11;40;0;5;1;4000030000002633;400003
3;04;2011;AT14;55;0;2;1;4010010000006624;401001
5;05;2010;AT21;100;0;4;1;4000020000006574;400002
11;02;2012;AT02;55;0;2;1;4010010000003434;401001
14;08;2010;AT03;250;0;2;1;4000030000002010;400003
17;03;2010;AT25;45;0;1;1;4000010000004365;400001
21;06;2010;AT05;65;0;1;1;4010020000009471;401002
9;10;2011;AT21;100;0;5;1;4000020000007599;400002
27;09;2010;AT17;70;0;4;1;4000020000002266;400002
3;04;2011;AT02;70;0;1;1;4010020000002878;401002
22;12;2011;AT17;135;0;2;1;4000030000003531;400003
23;02;2010;AT05;115;0;5;1;4010020000005697;401002
5;07;2010;AT19;25;0;5;1;4000020000003094;400002
26;06;2010;AT14;40;0;1;1;4010020000002027;401002
18;04;2010;AT11;175;0;5;1;4010020000008191;401002
27;10;2010;AT25;375;0;1;1;4000040000003301;400004
15;03;2010;AT16;70;0;3;1;4000020000008574;400002
5;10;2010;AT03;450;0;1;1;4010010000007847;401001
5;03;2012;AT18;200;0;3;1;4010020000004402;401002
26;08;2012;AT09;75;0;2;1;4010010000006006;401001
28;06;2010;AT24;75;0;4;1;4010020000009415;401002
25;03;2011;AT24;105;0;5;1;4010020000006505;401002
30;10;2010;AT17;80;0;2;1;4010010000006254;401001
9;05;2011;AT05;300;0;3;1;4000020000008428;400002
27;08;2010;AT02;55;0;3;1;4000030000006705;400003
2;06;2012;AT06;200;1;5;1;4300050000008026;430005
1;03;2011;AT22;40;0;2;1;4300030000001605;430003
31;10;2010;AT05;35;1;1;1;4300050000008200;430005
29;01;2012;AT20;135;0;4;1;4100010000004081;410001
16;08;2010;AT24;150;0;2;1;4200030000004359;420003
16;04;2010;AT12;35;0;1;1;4200040000003796;420004
20;10;2012;AT12;100;1;5;1;4200010000008743;420001
2;07;2011;AT15;120;0;3;1;4200040000009938;420004
15;10;2010;AT03;45;1;3;1;4200040000008329;420004
7;11;2010;AT02;375;1;3;1;4100030000006652;410003
28;02;2011;AT12;150;0;2;1;4100020000006171;410002
10;01;2010;AT17;90;0;5;1;4300010000009645;430001
14;10;2010;AT03;75;1;2;1;4300040000003780;430004
10;01;2011;AT25;150;1;5;1;4010020000002377;401002
15;03;2010;AT21;105;1;2;1;4100030000007336;410003
27;07;2010;AT18;115;0;5;1;4200020000003143;420002
21;07;2011;AT02;150;1;1;1;4200030000008634;420003
3;11;2010;AT16;145;0;5;1;4300050000003473;430005
13;11;2010;AT24;375;1;1;1;4300010000007548;430001
28;06;2012;AT12;45;1;1;1;4300050000001874;430005
7;08;2010;AT08;250;1;3;1;4010020000006756;401002
26;02;2011;AT14;40;0;4;1;4100020000006171;410002
4;12;2012;AT17;70;1;4;1;4100010000008355;410001
21;05;2010;AT03;65;1;2;1;4010010000003765;401001
16;07;2012;AT06;20;0;1;1;4100010000009315;410001
11;12;2011;AT08;5;0;4;1;4100030000006641;410003
10;11;2012;AT09;10;1;2;1;4010010000007636;401001
3;05;2011;AT22;15;1;2;1;4300050000003184;430005
15;05;2012;AT17;120;1;2;1;4100020000008870;410002
25;09;2010;AT05;300;1;4;1;4200040000002817;420004
4;09;2011;AT14;115;1;5;1;4300060000007437;430006
26;10;2010;AT16;110;1;5;1;4010010000009342;401001
2;09;2010;AT22;65;1;1;1;4300040000008031;430004
16;10;2010;AT04;95;0;1;1;4200020000005210;420002
10;04;2010;AT02;145;1;4;1;4100010000002255;410001
4;11;2012;AT13;250;1;1;1;4300060000002515;430006
28;08;2012;AT18;70;1;1;1;4200020000001483;420002
24;12;2011;AT18;120;0;5;1;4300040000001141;430004
24;03;2010;AT19;65;1;1;1;4300050000009458;430005
7;07;2012;AT19;75;0;5;1;4200010000005440;420001
11;05;2010;AT09;70;0;3;1;4300020000008065;430002
26;01;2011;AT11;100;0;3;1;4300010000005318;430001
20;11;2011;AT24;15;0;3;1;4300060000001821;430006
8;04;2011;AT08;15;0;1;1;4010010000009154;401001
9;03;2012;AT24;5;1;4;1;4300040000006990;430004
9;04;2011;AT15;145;1;1;1;4200020000001089;420002
11;06;2012;AT03;80;1;2;1;4100020000004490;410002
2;08;2010;AT24;85;0;1;1;4200020000003524;420002
3;05;2010;AT13;5;0;3;1;4300030000008984;430003
17;03;2010;AT20;120;0;5;1;4100030000006701;410003
23;02;2011;AT19;35;0;1;1;4200030000003236;420003
7;03;2012;AT24;105;1;2;1;4010010000008921;401001
7;05;2012;AT11;450;0;4;1;4300040000006906;430004
11;11;2010;AT20;75;0;5;1;4200040000008410;420004
1;09;2010;AT03;145;1;4;1;4200030000009841;420003
17;07;2010;AT10;70;0;4;1;4200030000006821;420003
17;12;2012;AT09;150;1;3;1;4200040000009293;420004
8;04;2010;AT06;105;0;2;1;4100030000008569;410003
18;06;2012;AT17;175;0;3;1;4100010000002086;410001
2;06;2011;AT17;50;1;5;1;4200010000007670;420001
6;05;2011;AT23;55;1;2;1;4100030000009567;410003
2;11;2011;AT22;85;1;3;1;4200030000009964;420003
17;02;2012;AT06;300;0;1;1;4100010000001747;410001
4;02;2010;AT06;10;1;1;1;4100030000002661;410003
2;05;2010;AT22;55;1;2;1;4100010000001503;410001
14;10;2010;AT23;20;1;2;1;4300050000003285;430005
24;03;2010;AT24;65;0;1;1;4300040000009669;430004
23;04;2011;AT20;45;1;5;1;4010020000004385;401002
18;10;2012;AT14;175;0;3;1;4100010000004095;410001
14;12;2011;AT09;450;0;5;1;4200010000005092;420001
2;08;2010;AT15;80;1;4;1;4300020000002330;430002
20;10;2012;AT17;85;1;2;1;4200020000005983;420002
28;02;2012;AT09;150;1;2;1;4300030000006802;430003
6;03;2010;AT08;300;0;1;1;4300050000002409;430005
24;05;2010;AT17;90;0;1;1;4300050000001135;430005
19;09;2012;AT14;65;0;5;1;4200030000002915;420003
30;09;2011;AT13;95;1;1;1;4010010000007061;401001
9;09;2010;AT24;70;1;4;1;4300020000002371;430002
30;08;2011;AT10;500;0;4;1;4010020000007484;401002
17;02;2010;AT19;120;1;2;1;4100030000008930;410003
24;06;2011;AT04;250;0;5;1;4200030000009812;420003
21;04;2012;AT17;500;0;5;1;4200040000002025;420004
5;08;2010;AT05;375;0;1;1;4300020000009678;430002
3;03;2010;AT17;175;1;4;1;4300040000005083;430004
23;08;2012;AT13;60;1;4;1;4300020000008162;430002
17;10;2012;AT22;60;0;4;1;4300030000006048;430003
28;02;2010;AT20;90;0;1;1;4300020000002656;430002
19;10;2011;AT11;125;1;1;1;4200010000004225;420001
17;05;2012;AT12;175;1;3;1;4200020000008485;420002
21;09;2012;AT04;45;0;1;1;4100020000008994;410002
3;09;2012;AT14;135;0;5;1;4100010000001696;410001
8;05;2011;AT08;175;0;5;1;4300030000002382;430003
12;09;2011;AT03;375;0;4;1;4300010000003289;430001
3;12;2012;AT16;50;1;2;1;4200040000009430;420004
26;02;2011;AT14;200;0;5;1;4010020000005464;401002
8;12;2010;AT01;145;1;4;1;4100010000007193;410001
18;08;2011;AT20;90;1;5;1;4100020000009684;410002
13;10;2012;AT24;135;1;2;1;4200010000007229;420001
20;02;2012;AT11;375;0;5;1;4200030000007585;420003
29;09;2012;AT09;25;0;4;1;4200030000007676;420003
22;08;2012;AT23;120;1;3;1;4100030000009902;410003
30;05;2011;AT17;55;0;1;1;4100020000005946;410002
9;04;2011;AT04;55;0;2;1;4200040000003673;420004
28;02;2010;AT08;125;0;5;1;4200040000006893;420004
14;01;2010;AT05;85;1;2;1;4100030000003442;410003
4;06;2011;AT08;20;1;3;1;4300060000001916;430006
15;11;2012;AT16;85;0;3;1;4100020000008262;410002
10;02;2012;AT05;105;1;4;1;4200040000009423;420004
12;10;2011;AT17;30;1;3;1;4300050000002830;430005
14;03;2010;AT08;45;1;1;1;4010010000003280;401001
30;07;2012;AT21;60;1;5;1;4010020000002711;401002
11;05;2011;AT23;375;0;2;1;4300010000003086;430001
22;06;2011;AT24;200;1;2;1;4200030000008369;420003
16;06;2012;AT21;450;0;2;1;4300050000002870;430005
13;04;2011;AT20;125;1;5;1;4010020000007457;401002
27;06;2011;AT09;250;1;4;1;4010010000007949;401001
6;05;2011;AT02;90;0;5;1;4300050000008248;430005
1;11;2012;AT25;50;0;5;1;4200040000007346;420004
30;12;2012;AT07;35;1;3;1;4200020000001919;420002
10;10;2012;AT24;85;1;2;1;4010010000003699;401001
30;11;2012;AT22;105;0;4;1;4100020000006624;410002
20;01;2010;AT20;80;1;5;1;4200010000001173;420001
30;04;2012;AT04;250;1;5;1;4300060000005209;430006
24;10;2012;AT25;10;1;4;1;4100010000006558;410001
25;04;2012;AT15;20;0;3;1;4010010000003428;401001
2;03;2012;AT25;50;1;4;1;4100030000002026;410003
23;05;2010;AT08;35;1;4;1;4100030000008113;410003
23;03;2010;AT23;120;0;1;1;4300030000004337;430003
6;11;2011;AT09;150;1;2;1;4010010000003006;401001
10;11;2010;AT02;375;0;1;1;4200040000009543;420004
6;07;2012;AT03;105;0;5;1;4100030000003254;410003
18;03;2010;AT17;30;1;4;1;4010020000008257;401002
22;09;2010;AT01;450;1;3;1;4300010000009243;430001
25;07;2012;AT05;20;0;2;1;4200020000004244;420002
21;08;2011;AT18;15;1;4;1;4300050000005162;430005
11;08;2012;AT24;30;0;4;1;4010010000003281;401001
18;03;2011;AT21;10;1;1;1;4010010000006101;401001
5;04;2010;AT03;40;0;2;1;4100030000008574;410003
13;11;2010;AT03;105;0;4;1;4300040000008482;430004
26;02;2012;AT15;90;0;2;1;4200030000008103;420003
18;03;2011;AT05;40;1;5;1;4300050000008876;430005
15;08;2010;AT04;65;1;1;1;4200020000008906;420002
30;12;2012;AT17;75;1;3;1;4300020000007498;430002
7;11;2010;AT05;35;0;2;1;4200010000001855;420001
28;03;2012;AT08;375;0;2;1;4200020000007186;420002
17;09;2011;AT22;55;0;4;1;4010010000002722;401001
4;12;2012;AT17;75;0;5;1;4200020000007607;420002
9;08;2010;AT14;150;0;4;1;4200040000001031;420004
19;11;2010;AT06;100;1;3;1;4200010000003130;420001
10;05;2011;AT06;20;1;2;1;4010010000006997;401001
17;04;2012;AT24;85;1;1;1;4010010000004705;401001
8;03;2012;AT19;90;1;2;1;4300050000004933;430005
27;07;2012;AT12;375;1;1;1;4300010000004462;430001
4;12;2012;AT02;150;0;3;1;4300010000003014;430001
2;10;2010;AT03;110;0;4;1;4300040000002518;430004
9;07;2012;AT08;500;0;5;1;4100030000006699;410003
6;11;2010;AT04;45;1;3;1;4100010000004670;410001
27;09;2010;AT17;15;1;5;1;4300010000008515;430001
16;07;2012;AT12;250;0;4;1;4300010000005913;430001
6;08;2010;AT13;75;1;4;1;4300040000002610;430004
31;08;2010;AT24;450;1;5;1;4300030000004781;430003
8;02;2011;AT07;120;1;5;1;4200040000003606;420004
28;02;2010;AT01;20;1;1;1;4100030000004754;410003
21;02;2012;AT17;110;1;2;1;4300040000009540;430004
19;06;2011;AT12;85;0;3;1;4100010000008882;410001
2;03;2012;AT04;65;1;3;1;4300010000002691;430001
9;10;2011;AT09;40;1;1;1;4300040000003312;430004
30;09;2010;AT05;70;1;4;1;4300050000005606;430005
28;02;2011;AT15;25;1;1;1;4300010000001654;430001
27;11;2011;AT12;20;1;5;1;4300010000002473;430001
8;08;2012;AT12;40;1;2;1;4300060000009058;430006
26;02;2010;AT09;25;0;3;1;4200010000008991;420001
7;08;2011;AT12;15;0;4;1;4300050000005213;430005
9;11;2012;AT24;100;0;3;1;4100030000005496;410003
22;02;2012;AT09;115;0;5;1;4010020000006603;401002
28;05;2010;AT17;145;1;2;1;4300050000003980;430005
16;05;2012;AT23;450;1;3;1;4300050000008113;430005
20;09;2012;AT24;95;1;5;1;4100030000003961;410003
3;04;2011;AT04;500;1;1;1;4200010000003771;420001
17;12;2010;AT23;135;0;3;1;4300040000005760;430004
19;08;2012;AT11;40;0;3;1;4300050000005075;430005
25;03;2011;AT22;60;1;1;1;4010010000007115;401001
2;11;2011;AT10;25;0;1;1;4010010000001689;401001
5;08;2012;AT17;55;1;5;1;4200010000006542;420001
3;03;2011;AT08;120;1;1;1;4100030000001379;410003
20;04;2012;AT05;35;0;1;1;4100020000009683;410002
27;04;2012;AT12;250;1;3;1;4200020000007143;420002
27;12;2010;AT18;35;1;3;1;4300060000008827;430006
29;08;2012;AT12;150;0;3;1;4200040000006787;420004
15;02;2011;AT17;60;0;4;1;4300030000001452;430003
23;01;2010;AT17;135;0;3;1;4300040000003382;430004
27;11;2010;AT07;250;1;4;1;4100010000005135;410001
5;11;2012;AT11;125;0;5;1;4100030000008500;410003
10;01;2011;AT21;80;0;5;1;4300030000002439;430003
4;09;2012;AT17;65;1;1;1;4200030000008545;420003
27;12;2010;AT25;450;0;1;1;4300020000003745;430002
11;09;2011;AT16;135;0;4;1;4100010000004459;410001
27;03;2012;AT03;75;1;4;1;4200010000003107;420001
14;04;2011;AT09;300;1;5;1;4200010000009036;420001
11;03;2012;AT21;55;0;3;1;4300010000001490;430001
10;07;2012;AT10;60;1;3;1;4300050000004845;430005
10;04;2011;AT14;35;1;2;1;4300040000007472;430004
18;09;2012;AT21;15;0;4;1;4300010000002604;430001
18;05;2011;AT15;450;1;5;1;4100020000009246;410002
27;01;2012;AT14;95;1;1;1;4300050000003245;430005
3;10;2012;AT13;60;0;4;1;4200040000003251;420004
9;02;2011;AT12;75;1;5;1;4100030000008729;410003
25;07;2010;AT18;115;0;3;1;4010020000009378;401002
27;11;2012;AT09;65;1;2;1;4300010000009085;430001
24;05;2012;AT12;65;1;3;1;4010020000001137;401002
28;06;2010;AT15;35;0;2;1;4100020000008884;410002
5;10;2010;AT18;20;0;2;1;4300010000007046;430001
18;12;2012;AT03;60;0;3;1;4200020000001262;420002
22;11;2012;AT02;135;0;2;1;4010020000008267;401002
26;09;2011;AT21;65;1;5;1;4100020000008141;410002
10;09;2012;AT02;145;0;4;1;4200010000002219;420001
23;12;2012;AT08;145;1;1;1;4300010000006361;430001
2;10;2011;AT14;150;0;3;1;4100030000008363;410003
10;11;2012;AT17;145;0;5;1;4100010000005286;410001
4;08;2012;AT02;175;0;5;1;4200020000006384;420002
10;11;2011;AT25;35;1;2;1;4200010000002225;420001
17;05;2012;AT25;200;1;2;1;4300030000009275;430003
22;11;2012;AT25;300;0;1;1;4100030000009029;410003
9;02;2011;AT11;55;0;1;1;4200030000007340;420003
4;11;2010;AT19;65;1;3;1;4200010000007111;420001
5;05;2010;AT25;50;1;4;1;4300050000005329;430005
4;07;2011;AT03;115;1;5;1;4300050000008082;430005
26;10;2011;AT20;135;1;1;1;4300030000007188;430003
30;04;2012;AT05;10;0;5;1;4300020000007261;430002
9;10;2010;AT15;135;0;4;1;4200020000008962;420002
21;07;2012;AT04;85;1;2;1;4200040000009305;420004
28;04;2011;AT22;145;0;3;1;4010020000002612;401002
28;11;2012;AT02;250;1;1;1;4200010000007095;420001
22;11;2011;AT05;120;0;2;1;4010010000002790;401001
28;02;2012;AT04;450;0;3;1;4100010000005838;410001
23;02;2011;AT02;30;1;2;1;4200010000002469;420001
10;03;2010;AT03;40;0;2;1;4200010000005060;420001
26;11;2012;AT11;100;0;5;1;4300040000004574;430004
31;07;2010;AT03;85;1;3;1;4100030000006396;410003
18;02;2011;AT21;300;1;4;1;4200030000003659;420003
6;08;2012;AT02;135;0;1;1;4010020000007151;401002
3;03;2010;AT23;80;1;1;1;4100030000009298;410003
13;03;2012;AT25;90;0;5;1;4200040000007985;420004
27;11;2012;AT17;200;1;3;1;4100010000001655;410001
6;02;2012;AT08;10;0;5;1;4300060000003281;430006
25;11;2011;AT06;250;1;5;1;4300040000005174;430004
22;12;2012;AT11;25;0;2;1;4300010000002657;430001
30;06;2010;AT16;5;0;1;1;4200020000005066;420002
16;02;2011;AT05;95;0;5;1;4200020000001857;420002
9;06;2011;AT22;35;0;5;1;4010020000007938;401002
18;08;2011;AT14;300;1;3;1;4300010000007945;430001
18;05;2010;AT08;500;1;3;1;4100010000009791;410001
20;08;2010;AT19;30;1;2;1;4100030000005826;410003
2;09;2011;AT23;85;0;5;1;4200030000002479;420003
28;06;2010;AT21;85;0;1;1;4010020000001728;401002
12;05;2010;AT24;150;0;4;1;4300060000003504;430006
22;11;2012;AT01;150;1;1;1;4200040000004036;420004
29;04;2010;AT03;175;0;4;1;4100010000004892;410001
13;06;2010;AT23;105;1;5;1;4300060000002408;430006
30;03;2012;AT09;500;0;5;1;4200040000002083;420004
6;08;2010;AT21;175;0;1;1;4200040000006439;420004
9;12;2011;AT21;25;0;5;1;4300040000005428;430004
18;06;2011;AT24;120;0;1;1;4200030000009574;420003
23;02;2012;AT18;90;1;4;1;4300030000008423;430003
10;09;2010;AT02;90;0;2;1;4300050000004650;430005
2;08;2010;AT04;95;0;2;1;4200020000003477;420002
19;04;2010;AT25;35;1;1;1;4200010000006592;420001
12;06;2011;AT22;25;1;3;1;4300020000009838;430002
6;01;2010;AT17;20;0;2;1;4010020000009610;401002
6;09;2010;AT19;250;1;4;1;4010010000006876;401001
31;12;2012;AT18;125;1;5;1;4100030000001907;410003
27;07;2010;AT13;150;1;4;1;4200010000009446;420001
29;06;2012;AT09;125;0;3;1;4300020000003650;430002
20;10;2011;AT15;55;0;3;1;4200040000009085;420004
17;11;2011;AT07;15;0;1;1;4100020000004725;410002
23;05;2011;AT05;300;0;2;1;4200010000002527;420001
21;10;2011;AT12;135;0;1;1;4010010000009653;401001
21;01;2011;AT19;175;0;2;1;4010010000004242;401001
28;10;2011;AT03;135;0;3;1;4300040000001032;430004
24;11;2011;AT06;60;1;4;1;4010020000008084;401002
13;06;2012;AT16;450;1;2;1;4010020000002254;401002
6;10;2012;AT05;65;0;3;1;4010020000004684;401002
30;04;2012;AT08;45;0;5;1;4300020000007635;430002
23;11;2012;AT11;75;1;4;1;4200010000006525;420001
19;09;2010;AT16;15;1;5;1;4200030000003926;420003
13;09;2012;AT16;300;1;2;1;4300050000007954;430005
13;05;2012;AT01;55;1;2;1;4100010000004367;410001
25;08;2011;AT05;45;1;5;1;4300020000005843;430002
23;12;2010;AT02;175;1;2;1;4200020000009551;420002
28;06;2011;AT05;95;0;5;1;4100030000008348;410003
28;08;2012;AT23;70;1;5;1;4200030000009228;420003
30;09;2012;AT25;15;1;2;1;4200040000001305;420004
25;07;2010;AT06;115;0;2;1;4100010000004365;410001
5;08;2010;AT23;45;0;2;1;4010020000006606;401002
6;08;2010;AT15;500;0;2;1;4300020000007370;430002
18;11;2011;AT06;35;1;3;1;4300050000005859;430005
15;03;2011;AT11;125;0;4;1;4300060000009846;430006
10;07;2012;AT05;145;1;3;1;4200010000005172;420001
20;06;2012;AT25;40;1;2;1;4200010000004880;420001
29;05;2011;AT23;115;0;4;1;4010010000003530;401001
30;01;2012;AT24;250;0;1;1;4300040000002339;430004
2;06;2012;AT14;65;0;5;1;4100020000002802;410002
12;02;2010;AT21;5;1;4;1;4200030000003019;420003
26;10;2011;AT12;50;1;4;1;4300060000005882;430006
2;05;2012;AT19;115;1;1;1;4100030000002312;410003
24;06;2011;AT20;105;0;4;1;4300030000005424;430003
6;07;2010;AT13;105;0;3;1;4300050000009274;430005
14;05;2010;AT22;65;1;1;1;4300040000008657;430004
11;05;2010;AT20;50;0;2;1;4200030000007675;420003
30;06;2010;AT21;40;1;2;1;4300010000006535;430001
2;03;2012;AT11;105;1;2;1;4300030000003738;430003
19;10;2012;AT08;90;0;2;1;4200010000004424;420001
20;01;2010;AT23;25;0;3;1;4200020000009899;420002
3;06;2010;AT02;55;0;2;1;4010020000003617;401002
25;11;2010;AT13;30;1;1;1;4300050000003685;430005
14;07;2012;AT22;50;1;4;1;4100010000007550;410001
28;05;2010;AT20;10;1;3;1;4010010000008662;401001
12;02;2012;AT24;50;1;5;1;4200030000001669;420003
2;10;2011;AT25;55;0;1;1;4300020000001931;430002
2;07;2010;AT21;45;0;4;1;4300030000003836;430003
18;04;2011;AT13;70;1;1;1;4300020000003006;430002
9;05;2011;AT06;110;1;4;1;4010010000004236;401001
17;08;2011;AT15;375;0;3;1;4200020000002940;420002
27;10;2012;AT04;375;1;2;1;4100020000002362;410002
26;07;2011;AT08;175;0;1;1;4300030000007910;430003
29;08;2012;AT17;250;1;3;1;4200040000004953;420004
29;09;2012;AT06;40;1;5;1;4100020000003134;410002
20;09;2012;AT05;100;0;4;1;4200040000008360;420004
25;11;2012;AT16;175;0;2;1;4100030000001975;410003
17;11;2011;AT04;200;0;5;1;4200030000002752;420003
6;05;2011;AT23;125;0;2;1;4200030000006819;420003
2;11;2011;AT09;40;0;2;1;4300030000009951;430003
19;08;2012;AT03;110;0;3;1;4300040000005665;430004
11;09;2010;AT04;35;0;3;1;4100030000006060;410003
28;02;2012;AT22;50;1;5;1;4200010000004020;420001
10;08;2011;AT17;5;0;5;1;4300020000001452;430002
28;09;2012;AT10;105;0;4;1;4200030000001174;420003
13;01;2010;AT09;5;0;1;1;4300050000009059;430005
1;01;2010;AT14;50;1;1;1;4300020000008920;430002
27;03;2011;AT16;500;1;3;1;4300010000006722;430001
27;08;2012;AT21;120;0;5;1;4010020000006507;401002
8;03;2012;AT12;200;0;4;1;4200040000005988;420004
16;06;2012;AT06;125;0;3;1;4010010000008860;401001
13;12;2012;AT06;85;1;4;1;4200040000005651;420004
21;03;2010;AT12;20;0;1;1;4300030000009581;430003
9;08;2012;AT24;55;1;3;1;4300020000009547;430002
5;05;2012;AT04;90;1;1;1;4200010000001855;420001
19;02;2012;AT07;30;0;1;1;4300030000009038;430003
16;02;2012;AT06;75;0;3;1;4300020000009336;430002
5;09;2011;AT11;110;0;3;1;4100010000008420;410001
16;03;2012;AT01;30;0;1;1;4300010000006001;430001
26;02;2012;AT20;120;0;5;1;4100010000007361;410001
1;03;2010;AT11;50;0;3;1;4010020000001168;401002
2;02;2010;AT24;65;1;4;1;4100020000006809;410002
6;07;2012;AT13;145;0;1;1;4100030000003534;410003
24;06;2011;AT19;115;0;1;1;4300040000003449;430004
12;10;2011;AT24;25;1;3;1;4300060000004216;430006
28;09;2011;AT06;20;1;1;1;4200020000002549;420002
11;02;2012;AT06;95;0;1;1;4100020000004454;410002
28;09;2010;AT02;20;0;4;1;4300050000006193;430005
4;09;2010;AT19;70;0;3;1;4010020000003628;401002
26;12;2011;AT19;60;1;1;1;4010020000008979;401002
17;12;2011;AT06;40;0;4;1;4010020000008944;401002
30;11;2012;AT24;60;0;1;1;4300020000002478;430002
18;06;2010;AT21;80;0;1;1;4200010000003269;420001
5;11;2012;AT12;100;1;4;1;4200010000001438;420001
9;07;2011;AT10;5;1;1;1;4200010000008451;420001
30;08;2012;AT19;110;0;1;1;4200040000008687;420004
17;07;2012;AT12;45;0;5;1;4300060000004203;430006
26;05;2010;AT24;105;1;3;1;4200020000007923;420002
26;03;2010;AT25;25;1;1;1;4300060000005547;430006
22;02;2011;AT10;175;0;1;1;4200040000009581;420004
15;11;2012;AT06;450;0;5;1;4200010000006612;420001
29;07;2010;AT10;200;1;3;1;4300030000009333;430003
19;01;2012;AT24;75;1;5;1;4200020000007421;420002
14;07;2010;AT07;100;0;1;1;4200010000003306;420001
13;08;2010;AT25;120;0;5;1;4300050000003409;430005
20;05;2011;AT15;10;0;1;1;4200020000003342;420002
10;07;2011;AT21;120;0;3;1;4300060000007141;430006
10;03;2010;AT15;30;0;2;1;4300050000001792;430005
2;04;2011;AT04;55;0;5;1;4300050000009962;430005
8;09;2010;AT22;55;1;1;1;4200020000005124;420002
13;03;2012;AT19;450;0;4;1;4300060000005545;430006
13;11;2011;AT17;105;1;1;1;4100010000007389;410001
25;10;2011;AT04;450;1;4;1;4300010000003715;430001
7;07;2010;AT07;175;0;5;1;4100030000009987;410003
10;04;2012;AT25;15;1;5;1;4010010000009783;401001
18;07;2011;AT08;70;1;3;1;4010020000009991;401002
16;07;2010;AT18;70;1;4;1;4200040000008139;420004
10;05;2010;AT08;55;0;2;1;4300030000006354;430003
14;08;2010;AT23;35;1;5;1;4100010000009562;410001
26;10;2011;AT13;80;1;2;1;4300060000009536;430006
28;07;2011;AT17;25;1;1;1;4100030000009017;410003
26;02;2011;AT22;45;1;1;1;4100020000005689;410002
27;08;2011;AT04;300;1;4;1;4100020000005307;410002
14;08;2011;AT21;5;1;4;1;4300040000003809;430004
3;07;2010;AT04;5;1;3;1;4100010000001063;410001
17;09;2010;AT16;65;1;4;1;4200010000006041;420001
19;11;2012;AT08;115;1;1;1;4200040000002363;420004
28;08;2012;AT21;35;1;2;1;4300030000002358;430003
13;02;2012;AT25;175;0;2;1;4100030000005946;410003
12;10;2011;AT09;15;0;2;1;4200030000003948;420003
6;11;2011;AT04;375;0;4;1;4010010000007647;401001
3;02;2010;AT11;60;0;4;1;4300010000009639;430001
6;12;2012;AT24;85;0;3;1;4300060000006389;430006
10;07;2012;AT09;15;0;1;1;4100010000006140;410001
24;04;2011;AT13;300;0;4;1;4010020000004888;401002
20;04;2011;AT11;450;1;1;1;4200010000008508;420001
25;11;2010;AT09;95;0;5;1;4300040000009354;430004
8;12;2012;AT20;65;0;1;1;4200040000009084;420004
12;01;2012;AT02;10;0;5;1;4200040000005326;420004
12;11;2010;AT21;250;1;5;1;4200030000003678;420003
4;11;2011;AT02;10;0;1;1;4010010000005786;401001
10;09;2012;AT25;90;0;3;1;4100010000002155;410001
12;06;2012;AT17;200;1;4;1;4010020000009014;401002
10;06;2010;AT01;60;1;5;1;4300050000004515;430005
21;06;2011;AT22;115;1;3;1;4010010000006663;401001
17;10;2010;AT10;95;1;4;1;4200010000007154;420001
15;02;2011;AT21;450;1;1;1;4300050000006699;430005
16;01;2010;AT01;5;0;5;1;4300030000007484;430003
5;02;2010;AT04;70;0;5;1;4300020000006916;430002
28;03;2012;AT24;105;1;3;1;4200040000008103;420004
9;05;2012;AT02;110;1;2;1;4300040000006049;430004
8;12;2010;AT18;85;1;4;1;4100020000002138;410002
22;05;2012;AT20;500;0;5;1;4200030000007379;420003
12;01;2011;AT20;70;1;1;1;4200020000009743;420002
30;05;2010;AT19;50;0;3;1;4100020000004301;410002
4;09;2011;AT19;15;1;3;1;4100020000002023;410002
23;02;2010;AT20;175;0;4;1;4300050000008668;430005
29;04;2010;AT14;85;1;3;1;4300060000002930;430006
13;09;2010;AT14;10;0;2;1;4100020000002627;410002
24;03;2011;AT03;5;1;4;1;4300050000008147;430005
24;05;2010;AT22;250;0;4;1;4300010000004585;430001
5;06;2012;AT15;25;1;5;1;4200010000008935;420001
8;07;2012;AT04;50;1;1;1;4300040000006859;430004
29;07;2012;AT20;105;1;4;1;4300020000007159;430002
15;03;2011;AT03;500;0;1;1;4200040000003736;420004
29;10;2010;AT19;10;1;3;1;4300010000001624;430001
5;06;2012;AT10;95;1;5;1;4300040000001206;430004
16;12;2011;AT17;175;1;4;1;4300020000004321;430002
27;08;2010;AT23;45;0;5;1;4010010000009455;401001
6;09;2012;AT07;175;0;3;1;4200010000005323;420001
9;08;2010;AT03;85;0;1;1;4300030000002630;430003
15;06;2010;AT19;100;1;2;1;4010020000009221;401002
6;09;2012;AT09;375;1;5;1;4300020000005976;430002
12;05;2010;AT13;375;1;4;1;4010010000007645;401001
28;03;2010;AT25;85;1;2;1;4300050000005652;430005
19;08;2010;AT15;150;0;2;1;4010010000009627;401001
14;02;2012;AT25;25;0;1;1;4200010000002884;420001
25;11;2010;AT07;20;1;3;1;4300010000001204;430001
15;05;2011;AT07;35;1;3;1;4010020000006983;401002
27;08;2010;AT16;250;0;5;1;4300050000004616;430005
16;04;2011;AT06;375;0;4;1;4300040000006754;430004
19;12;2012;AT20;120;0;2;1;4010020000007061;401002
23;02;2012;AT19;80;0;2;1;4200030000009079;420003
31;10;2010;AT11;50;1;5;1;4200020000002507;420002
18;11;2012;AT19;150;1;2;1;4200020000008290;420002
19;05;2011;AT25;150;1;4;1;4200010000003544;420001
8;05;2010;AT19;375;1;4;1;4010020000009627;401002
19;10;2010;AT02;40;0;2;1;4200010000003827;420001
7;02;2012;AT14;375;1;5;1;4300020000007132;430002
8;03;2012;AT14;100;0;3;1;4200020000002472;420002
13;09;2012;AT21;95;0;3;1;4300060000006815;430006
5;12;2011;AT11;175;1;2;1;4100030000003147;410003
4;08;2010;AT17;15;1;2;1;4010010000003863;401001
31;03;2011;AT03;120;0;4;1;4010010000005863;401001
9;02;2010;AT09;45;1;5;1;4300060000009110;430006
16;10;2011;AT22;30;0;4;1;4200010000007502;420001
5;02;2012;AT08;50;0;1;1;4300050000005144;430005
1;03;2010;AT21;30;0;2;1;4100010000004023;410001
3;07;2012;AT17;145;1;5;1;4300060000007714;430006
22;08;2012;AT07;30;1;3;1;4300010000008392;430001
20;06;2011;AT08;110;1;3;1;4300040000004191;430004
18;11;2012;AT09;300;0;2;1;4100010000008882;410001
28;12;2012;AT05;90;0;1;1;4100020000007440;410002
28;02;2011;AT11;375;0;2;1;4300060000009843;430006
7;09;2010;AT16;75;1;3;1;4100010000002585;410001
16;05;2011;AT10;85;0;4;1;4200020000003148;420002
28;12;2012;AT12;80;0;3;1;4010010000003619;401001
13;02;2012;AT13;20;1;5;1;4010020000004035;401002
7;04;2011;AT11;115;0;3;1;4300020000007597;430002
21;08;2012;AT25;145;1;5;1;4300020000009026;430002
5;06;2010;AT15;100;1;5;1;4010010000005364;401001
12;05;2010;AT01;5;1;2;1;4200020000008374;420002
24;04;2010;AT22;40;1;2;1;4300030000009669;430003
9;08;2011;AT02;35;1;3;1;4100020000006132;410002
15;04;2010;AT12;50;1;1;1;4300010000006479;430001
28;07;2011;AT17;80;0;3;1;4300030000001692;430003
11;11;2010;AT03;100;0;5;1;4200010000008192;420001
21;07;2012;AT22;300;1;2;1;4300050000001768;430005
10;04;2012;AT04;175;1;3;1;4300010000005526;430001
6;11;2012;AT09;35;1;4;1;4200030000006307;420003
28;11;2010;AT08;10;0;1;1;4200040000004478;420004
3;12;2011;AT13;450;1;4;1;4100030000001557;410003
10;05;2012;AT08;50;0;2;1;4100030000004776;410003
12;05;2010;AT05;135;0;5;1;4300020000009089;430002
14;05;2010;AT07;450;1;4;1;4100030000005186;410003
7;04;2011;AT21;95;1;5;1;4010010000009729;401001
30;04;2012;AT16;50;0;4;1;4300060000003570;430006
3;07;2010;AT08;10;0;4;1;4300050000008097;430005
16;11;2011;AT23;75;0;3;1;4200020000007859;420002
19;05;2011;AT24;45;0;5;1;4100020000008530;410002
20;03;2012;AT24;25;1;3;1;4200030000003886;420003
10;08;2010;AT21;85;0;2;1;4300020000004322;430002
3;10;2011;AT23;500;0;3;1;4200010000006187;420001
24;11;2011;AT14;110;0;2;1;4010010000005734;401001
20;02;2011;AT14;80;1;4;1;4100020000005681;410002
12;09;2012;AT15;115;1;3;1;4010020000006521;401002
21;01;2010;AT22;10;1;2;1;4300010000002887;430001
5;09;2010;AT15;100;1;2;1;4100030000003043;410003
25;09;2012;AT09;30;0;3;1;4100010000007558;410001
6;06;2010;AT19;50;0;2;1;4100010000008014;410001
18;04;2012;AT24;90;0;5;1;4010020000007309;401002
24;03;2010;AT24;80;1;1;1;4100030000005724;410003
14;09;2012;AT23;95;0;3;1;4300010000009612;430001
4;11;2012;AT14;100;0;4;1;4200030000001162;420003
26;11;2010;AT01;35;0;2;1;4200040000004105;420004
8;08;2011;AT06;85;0;1;1;4300010000007680;430001
16;07;2011;AT16;95;0;5;1;4200020000004943;420002
4;10;2010;AT12;5;1;1;1;4010010000003378;401001
10;07;2012;AT06;135;0;5;1;4100020000006898;410002
7;04;2012;AT25;10;0;2;1;4100030000001863;410003
4;01;2012;AT09;25;1;2;1;4300030000004672;430003
21;07;2012;AT19;105;0;2;1;4100030000003711;410003
13;11;2010;AT21;90;0;5;1;4200010000008339;420001
7;04;2010;AT11;90;0;5;1;4200030000002781;420003
16;02;2012;AT02;500;0;4;1;4300040000009186;430004
17;03;2010;AT09;80;0;4;1;4300010000005643;430001
23;03;2012;AT04;115;0;4;1;4300060000005211;430006
9;01;2012;AT06;35;0;4;1;4200020000007253;420002
5;03;2011;AT23;125;0;3;1;4300030000005853;430003
20;10;2010;AT05;125;0;1;1;4100030000002558;410003
5;01;2012;AT14;105;1;5;1;4200040000004301;420004
23;02;2010;AT01;45;1;2;1;4300050000004574;430005
5;01;2012;AT19;85;0;1;1;4300040000009008;430004
2;11;2012;AT03;75;0;3;1;4100020000003019;410002
25;03;2012;AT02;135;0;3;1;4300010000005261;430001
13;04;2010;AT11;300;1;4;1;4100020000002263;410002
26;10;2010;AT18;250;1;5;1;4200030000003903;420003
19;04;2012;AT21;50;0;1;1;4100030000002162;410003
24;04;2012;AT05;35;0;5;1;4010010000004056;401001
24;10;2011;AT21;5;1;3;1;4200010000002827;420001
19;11;2010;AT10;85;0;1;1;4200040000005225;420004
9;04;2011;AT02;175;0;5;1;4300060000007427;430006
11;09;2011;AT19;200;1;4;1;4100020000006475;410002
13;03;2010;AT03;70;1;3;1;4200040000008243;420004
8;10;2010;AT16;500;0;1;1;4010010000003153;401001
26;09;2012;AT18;30;1;4;1;4200030000003484;420003
26;02;2010;AT06;90;0;1;1;4300010000008020;430001
13;11;2012;AT18;250;1;5;1;4010010000007340;401001
19;01;2011;AT01;300;0;4;1;4300040000005097;430004
28;10;2011;AT03;70;1;1;1;4300040000002100;430004
5;06;2012;AT11;35;1;1;1;4300030000005992;430003
23;02;2010;AT12;500;1;1;1;4100010000003458;410001
5;10;2010;AT09;100;1;3;1;4300060000009043;430006
15;09;2010;AT23;250;0;4;1;4300040000005089;430004
3;04;2010;AT24;65;0;4;1;4200020000007471;420002
8;09;2010;AT22;135;1;3;1;4300050000009811;430005
30;09;2012;AT21;150;0;1;1;4300050000007733;430005
7;09;2010;AT10;105;1;3;1;4300010000003861;430001
11;10;2011;AT21;115;0;3;1;4200040000005066;420004
8;02;2012;AT08;35;0;2;1;4100030000008596;410003
28;04;2012;AT02;70;1;4;1;4010020000008597;401002
27;11;2010;AT07;60;0;5;1;4300010000009481;430001
23;08;2012;AT19;35;0;5;1;4300030000001312;430003
1;11;2012;AT04;250;1;4;1;4200030000005131;420003
22;06;2011;AT05;100;0;1;1;4300020000008310;430002
15;10;2012;AT04;300;0;4;1;4300050000004874;430005
1;04;2011;AT11;70;0;3;1;4300030000007061;430003
11;02;2012;AT18;125;1;3;1;4010020000005712;401002
5;10;2012;AT09;15;0;1;1;4300030000009799;430003
20;02;2010;AT14;125;0;5;1;4300010000004875;430001
16;06;2010;AT18;250;0;5;1;4010020000009981;401002
7;03;2010;AT12;145;1;3;1;4300040000005135;430004
22;07;2011;AT08;55;1;2;1;4010010000001614;401001
30;09;2010;AT21;75;1;3;1;4010020000001367;401002
29;12;2011;AT15;135;0;3;1;4300030000004125;430003
6;03;2011;AT15;105;1;5;1;4300040000005603;430004
24;10;2012;AT09;55;1;1;1;4300030000005749;430003
4;10;2011;AT14;115;1;2;1;4300030000003131;430003
11;04;2010;AT02;35;0;2;1;4200020000001825;420002
28;03;2012;AT09;135;0;3;1;4300060000009450;430006
14;03;2012;AT01;150;0;1;1;4200030000009714;420003
26;07;2012;AT10;35;1;1;1;4100020000008343;410002
23;12;2012;AT20;120;1;3;1;4200010000003703;420001
26;11;2010;AT15;15;0;4;1;4100030000007758;410003
24;02;2012;AT04;20;0;1;1;4200030000002376;420003
1;01;2011;AT13;50;0;4;1;4300060000005195;430006
6;04;2010;AT16;110;0;2;1;4200020000004580;420002
16;07;2010;AT14;120;0;5;1;4010020000004688;401002
31;03;2012;AT11;200;1;4;1;4200020000002290;420002
7;07;2010;AT01;50;1;2;1;4300050000007299;430005
2;06;2012;AT16;65;1;4;1;4100020000004972;410002
21;06;2012;AT11;135;1;3;1;4300060000004165;430006
15;10;2012;AT06;60;0;2;1;4100020000002858;410002
12;11;2012;AT03;85;0;3;1;4200020000009447;420002
2;12;2012;AT03;200;0;3;1;4300030000007780;430003
22;02;2011;AT17;120;1;3;1;4300060000007034;430006
23;06;2012;AT22;120;0;2;1;4300060000004998;430006
2;08;2011;AT05;50;1;2;1;4200010000001440;420001
9;05;2010;AT21;45;1;2;1;4010010000001961;401001
29;07;2011;AT18;85;1;1;1;4200030000001665;420003
17;10;2012;AT06;105;1;3;1;4300010000002549;430001
18;03;2010;AT20;135;0;4;1;4300050000004642;430005
14;08;2012;AT18;110;0;2;1;4300020000007180;430002
16;09;2012;AT14;175;0;3;1;4200040000003773;420004
8;05;2010;AT10;100;1;5;1;4300050000007485;430005
12;03;2010;AT21;500;0;5;1;4100030000007724;410003
30;06;2011;AT04;35;1;2;1;4100010000007170;410001
22;05;2012;AT12;125;1;5;1;4010010000007453;401001
5;05;2012;AT23;115;1;1;1;4300030000005535;430003
1;06;2011;AT09;15;1;3;1;4200040000009594;420004
4;05;2011;AT16;145;0;2;1;4010010000001813;401001
1;12;2010;AT06;250;1;4;1;4300040000009472;430004
13;10;2010;AT18;65;1;4;1;4100010000007951;410001
14;06;2011;AT03;80;1;2;1;4300040000006657;430004
25;07;2010;AT12;175;1;4;1;4100010000007995;410001
18;05;2011;AT13;15;1;4;1;4300030000006242;430003
28;02;2012;AT03;150;0;4;1;4200020000009554;420002
9;03;2012;AT14;95;0;1;1;4100010000004455;410001
28;07;2012;AT10;95;0;2;1;4010020000006426;401002
14;05;2011;AT25;145;0;4;1;4200020000005658;420002
23;06;2012;AT05;175;0;2;1;4100020000002667;410002
14;05;2011;AT09;75;1;3;1;4200030000008548;420003
15;04;2011;AT12;125;1;3;1;4100010000009961;410001
28;10;2012;AT11;110;0;3;1;4300020000002584;430002
20;12;2011;AT02;15;0;5;1;4300020000001134;430002
15;04;2011;AT07;125;0;4;1;4300020000003093;430002
30;07;2010;AT09;250;0;4;1;4100030000009649;410003
27;02;2011;AT15;125;1;3;1;4300010000008719;430001
9;01;2012;AT18;20;0;5;1;4300010000007552;430001
22;10;2012;AT10;105;0;1;1;4100020000002424;410002
9;01;2010;AT02;150;1;2;1;4200040000005566;420004
19;12;2012;AT20;145;1;2;1;4200030000002458;420003
3;03;2012;AT22;150;0;3;1;4200020000008034;420002
17;07;2010;AT20;10;0;1;1;4200040000005697;420004
16;05;2012;AT20;300;0;3;1;4100020000001027;410002
21;03;2010;AT15;25;0;4;1;4300010000002592;430001
24;06;2011;AT10;105;1;3;1;4010020000006876;401002
15;01;2011;AT21;50;0;5;1;4100020000002341;410002
28;11;2010;AT06;60;1;5;1;4200010000004020;420001
19;04;2010;AT18;15;0;2;1;4300010000001789;430001
30;08;2010;AT07;95;0;3;1;4300040000005134;430004
27;11;2011;AT24;175;1;5;1;4100010000007208;410001
11;05;2010;AT03;50;1;4;1;4010020000005484;401002
5;04;2012;AT15;150;1;1;1;4200020000004323;420002
30;03;2011;AT24;105;0;5;1;4300060000008903;430006
1;02;2012;AT22;135;1;1;1;4100030000003075;410003
15;03;2011;AT25;25;1;4;1;4010010000008445;401001
14;09;2010;AT22;145;0;4;1;4100020000008651;410002
24;11;2010;AT14;175;1;4;1;4200030000003076;420003
6;03;2011;AT22;15;0;2;1;4300060000001533;430006
15;04;2010;AT13;450;1;5;1;4010020000008133;401002
27;03;2010;AT08;135;0;2;1;4300020000008909;430002
10;03;2011;AT07;65;0;1;1;4100020000007210;410002
15;03;2010;AT15;95;0;4;1;4300040000005418;430004
27;03;2011;AT21;50;1;3;1;4200030000003914;420003
12;11;2012;AT24;110;1;3;1;4300010000002992;430001
8;04;2010;AT24;375;1;2;1;4200030000006778;420003
9;08;2010;AT25;60;0;5;1;4300020000007376;430002
13;03;2011;AT03;100;0;3;1;4200030000006376;420003
3;04;2012;AT23;120;0;4;1;4200020000009353;420002
3;02;2011;AT02;120;0;5;1;4200030000006817;420003
15;05;2010;AT09;175;0;4;1;4200020000005997;420002
20;06;2011;AT12;60;1;1;1;4100030000001658;410003
10;01;2011;AT20;85;1;5;1;4200010000003385;420001
22;04;2010;AT03;450;0;4;1;4200030000005104;420003
8;07;2012;AT16;40;0;4;1;4200010000001587;420001
23;01;2010;AT18;200;0;4;1;4100010000009946;410001
5;04;2011;AT16;200;0;3;1;4100030000006440;410003
7;07;2012;AT17;115;0;3;1;4200040000005147;420004
26;02;2012;AT03;80;1;1;1;4100010000003487;410001
23;08;2012;AT22;110;0;1;1;4300050000002787;430005
13;08;2011;AT12;45;1;3;1;4200040000006972;420004
26;05;2011;AT12;45;1;5;1;4200040000009076;420004
6;09;2012;AT09;95;0;5;1;4100010000009899;410001
12;03;2012;AT01;45;0;3;1;4100030000002158;410003
9;11;2011;AT23;450;0;5;1;4300050000004003;430005
4;05;2010;AT02;60;1;5;1;4300040000001942;430004
26;03;2010;AT17;50;1;1;1;4100030000008665;410003
26;11;2010;AT19;45;1;4;1;4300030000006639;430003
20;07;2010;AT11;20;1;3;1;4300060000003570;430006
20;05;2011;AT12;500;0;4;1;4200010000001933;420001
19;08;2010;AT15;60;0;5;1;4100010000002300;410001
30;07;2010;AT04;20;1;4;1;4200030000005809;420003
25;07;2010;AT12;500;0;4;1;4300020000003866;430002
20;11;2010;AT10;200;0;5;1;4100010000008107;410001
26;07;2010;AT16;95;0;1;1;4100010000008468;410001
26;03;2012;AT08;80;0;3;1;4200040000009162;420004
16;09;2011;AT17;50;0;3;1;4200030000003663;420003
31;07;2010;AT23;100;0;4;1;4010020000001771;401002
29;09;2012;AT01;105;1;5;1;4200010000009896;420001
24;09;2012;AT07;90;1;3;1;4300020000009476;430002
23;08;2011;AT25;75;1;2;1;4300010000004480;430001
18;10;2012;AT05;135;1;1;1;4100010000009871;410001
16;03;2012;AT25;90;0;4;1;4100010000002373;410001
20;11;2011;AT04;70;1;2;1;4100010000004751;410001
28;11;2010;AT04;175;1;1;1;4300010000002016;430001
1;08;2010;AT14;450;0;4;1;4300040000002854;430004
8;07;2011;AT24;150;1;5;1;4200040000006036;420004
5;10;2010;AT04;125;0;5;1;4300060000009238;430006
9;09;2010;AT17;110;0;1;1;4200010000002722;420001
30;05;2011;AT14;30;0;2;1;4200010000009769;420001
13;09;2011;AT21;100;0;3;1;4200020000004862;420002
9;05;2012;AT24;85;0;2;1;4300060000003215;430006
7;07;2012;AT16;120;0;4;1;4200040000004327;420004
1;06;2012;AT16;110;0;3;1;4200010000007052;420001
25;11;2010;AT14;450;1;1;1;4100020000005500;410002
24;09;2011;AT22;80;0;4;1;4200030000009040;420003
7;12;2010;AT11;200;0;3;1;4100020000003911;410002
12;04;2011;AT18;80;0;1;1;4200010000007321;420001
19;07;2010;AT16;15;0;1;1;4200040000004274;420004
17;05;2011;AT16;250;1;4;1;4200030000008822;420003
30;05;2011;AT13;125;0;3;1;4100010000008024;410001
29;03;2010;AT05;5;1;1;1;4300030000006391;430003
20;05;2012;AT07;145;1;1;1;4300040000006781;430004
30;11;2011;AT13;450;1;4;1;4100020000001152;410002
20;02;2012;AT08;60;1;5;1;4300010000003082;430001
4;11;2010;AT08;20;1;5;1;4300050000007603;430005
21;03;2012;AT12;30;1;1;1;4200040000008009;420004
24;02;2011;AT02;250;1;4;1;4100030000004005;410003
5;05;2010;AT21;175;0;3;1;4200010000002183;420001
22;10;2011;AT17;50;0;5;1;4010010000008605;401001
11;06;2010;AT25;50;0;1;1;4200020000007918;420002
14;10;2010;AT12;80;1;1;1;4300030000002599;430003
31;01;2010;AT14;375;1;1;1;4100020000003775;410002
13;05;2012;AT19;500;0;1;1;4300020000003908;430002
29;08;2010;AT01;110;1;5;1;4010020000009079;401002
7;09;2011;AT12;175;0;2;1;4100020000002061;410002
26;07;2011;AT08;375;0;4;1;4200020000007793;420002
30;11;2012;AT10;65;1;4;1;4100030000004720;410003
14;02;2010;AT14;105;0;2;1;4100020000001019;410002
13;08;2010;AT21;20;1;4;1;4200010000001356;420001
18;11;2011;AT21;80;0;2;1;4300060000008493;430006
29;05;2012;AT07;10;1;2;1;4300020000005949;430002
8;04;2010;AT14;10;1;4;1;4010020000004011;401002
18;06;2011;AT19;10;1;5;1;4010010000006258;401001
21;11;2012;AT17;150;0;2;1;4300050000006261;430005
14;05;2012;AT20;5;0;4;1;4200030000008896;420003
11;10;2010;AT02;55;0;2;1;4010020000001990;401002
27;10;2012;AT17;100;0;3;1;4100020000006437;410002
16;03;2012;AT20;55;0;4;1;4300050000001322;430005
15;02;2011;AT24;85;1;5;1;4300030000007381;430003
14;11;2010;AT22;45;0;4;1;4100030000001907;410003
8;02;2012;AT18;55;1;1;1;4300030000004328;430003
14;10;2011;AT10;115;0;3;1;4200020000006088;420002
22;08;2010;AT12;95;0;4;1;4200010000008980;420001
18;05;2010;AT09;65;0;4;1;4200030000005830;420003
8;03;2011;AT05;10;1;5;1;4300050000009680;430005
29;10;2010;AT09;55;1;2;1;4200020000008332;420002
24;03;2011;AT07;40;0;3;1;4100010000008174;410001
21;08;2010;AT07;40;0;5;1;4010010000009873;401001
16;03;2010;AT08;300;0;4;1;4300030000002735;430003
6;01;2010;AT20;175;1;1;1;4200040000007196;420004
11;11;2011;AT08;300;1;5;1;4200020000002177;420002
9;11;2011;AT05;115;0;2;1;4200020000003816;420002
15;06;2010;AT01;30;0;2;1;4300050000002420;430005
21;05;2012;AT19;135;0;5;1;4300040000009818;430004
26;12;2011;AT01;120;0;4;1;4100020000008650;410002
30;07;2011;AT14;250;0;4;1;4100030000003789;410003
22;03;2010;AT19;105;0;1;1;4300050000003726;430005
28;03;2011;AT04;175;0;2;1;4100030000005320;410003
18;02;2010;AT13;375;0;4;1;4200030000007239;420003
27;03;2011;AT14;85;0;3;1;4010010000008430;401001
16;12;2011;AT14;125;1;4;1;4010020000006422;401002
10;07;2012;AT19;35;0;1;1;4300040000007169;430004
30;09;2011;AT09;65;1;3;1;4010010000008027;401001
3;02;2012;AT23;150;0;3;1;4100030000006062;410003
22;04;2012;AT07;45;0;2;1;4200040000009509;420004
18;08;2011;AT23;95;1;1;1;4300010000006041;430001
10;04;2012;AT09;110;0;5;1;4200030000002249;420003
26;04;2012;AT03;25;1;5;1;4200040000005332;420004
6;11;2011;AT17;120;1;5;1;4300030000001112;430003
8;07;2010;AT16;5;0;1;1;4010020000002874;401002
16;09;2011;AT08;75;0;4;1;4010010000002952;401001
6;05;2012;AT22;70;0;4;1;4100020000007522;410002
5;06;2012;AT03;30;0;5;1;4300020000002527;430002
15;06;2010;AT05;120;0;3;1;4100030000003405;410003
19;07;2011;AT25;105;0;2;1;4100020000003411;410002
9;05;2012;AT02;115;0;2;1;4100030000001243;410003
12;05;2012;AT10;120;1;2;1;4100010000001768;410001
12;04;2010;AT06;30;1;2;1;4010010000007649;401001
17;04;2011;AT01;55;1;2;1;4010020000008453;401002
6;06;2011;AT16;70;0;4;1;4200010000002887;420001
12;06;2011;AT07;125;0;4;1;4100030000004475;410003
26;09;2010;AT24;75;1;2;1;4300060000008296;430006
24;07;2010;AT15;85;0;5;1;4200020000006751;420002
28;11;2010;AT15;30;1;5;1;4200020000008897;420002
22;06;2011;AT05;60;0;1;1;4300030000003588;430003
24;07;2010;AT22;450;1;5;1;4200010000003605;420001
9;09;2010;AT02;95;1;3;1;4010020000004110;401002
10;10;2011;AT22;250;1;2;1;4300060000007221;430006
5;06;2012;AT21;45;1;3;1;4300020000004469;430002
14;10;2012;AT19;5;1;4;1;4010020000001108;401002
30;06;2010;AT07;65;0;1;1;4200030000006982;420003
31;08;2011;AT06;115;0;3;1;4100030000005262;410003
9;08;2010;AT24;125;0;3;1;4100030000003259;410003
8;07;2012;AT07;25;1;1;1;4200010000002144;420001
10;08;2010;AT10;35;0;3;1;4100010000006210;410001
4;03;2011;AT09;20;0;4;1;4200020000003835;420002
15;12;2011;AT03;300;0;5;1;4200020000006629;420002
17;11;2012;AT18;75;0;1;1;4200010000003218;420001
20;05;2010;AT03;135;1;2;1;4010020000001505;401002
27;02;2010;AT09;20;0;1;1;4010020000003490;401002
11;05;2010;AT12;85;1;1;1;4100030000008269;410003
23;03;2011;AT06;125;1;3;1;4300040000007194;430004
15;04;2011;AT21;85;0;2;1;4300030000005906;430003
5;07;2011;AT24;5;0;5;1;4300030000008680;430003
26;06;2011;AT24;150;0;3;1;4300060000005337;430006
13;04;2011;AT14;115;1;2;1;4200040000002429;420004
19;05;2011;AT22;120;0;2;1;4100020000001898;410002
11;01;2010;AT25;10;0;2;1;4300030000002551;430003
23;11;2011;AT03;50;1;5;1;4300050000007954;430005
2;05;2012;AT04;10;1;4;1;4010020000007256;401002
6;08;2012;AT16;300;1;1;1;4200040000004122;420004
22;10;2011;AT05;175;0;3;1;4300010000008114;430001
18;10;2011;AT02;10;1;1;1;4010020000003346;401002
2;10;2010;AT09;120;1;5;1;4300010000009442;430001
13;08;2010;AT23;15;1;2;1;4100020000007010;410002
6;11;2011;AT17;55;0;4;1;4200020000007805;420002
28;03;2011;AT11;120;1;3;1;4100020000006804;410002
21;05;2012;AT03;30;0;2;1;4100030000005197;410003
6;02;2011;AT08;145;0;1;1;4010020000009651;401002
11;05;2011;AT22;95;1;2;1;4300010000008957;430001
9;03;2011;AT25;450;0;4;1;4010010000002503;401001
12;04;2012;AT23;200;1;4;1;4300010000006988;430001
13;07;2012;AT03;250;0;3;1;4010020000007514;401002
14;03;2011;AT22;150;0;1;1;4200020000001593;420002
18;07;2010;AT11;105;0;4;1;4100030000007888;410003
18;05;2010;AT05;30;1;3;1;4010010000004513;401001
21;10;2011;AT16;50;0;5;1;4100010000008165;410001
19;01;2012;AT04;5;0;3;1;4200020000004124;420002
13;04;2011;AT02;375;1;2;1;4200020000001279;420002
3;06;2010;AT06;150;1;2;1;4300060000004563;430006
18;04;2012;AT13;60;0;4;1;4300030000001989;430003
25;11;2011;AT23;45;0;3;1;4100010000005619;410001
1;05;2012;AT20;20;0;4;1;4010020000006283;401002
17;11;2010;AT15;15;1;1;1;4100010000008095;410001
8;04;2012;AT20;450;0;2;1;4200010000001250;420001
18;06;2011;AT14;150;0;3;1;4200020000006992;420002
16;11;2011;AT14;25;1;5;1;4300030000006420;430003
12;09;2011;AT04;300;0;3;1;4100030000002760;410003
20;07;2011;AT23;100;0;2;1;4300040000003091;430004
19;11;2010;AT02;55;0;2;1;4100010000002203;410001
13;09;2012;AT08;10;0;5;1;4200020000002031;420002
21;10;2011;AT04;150;1;5;1;4300040000006271;430004
12;04;2010;AT19;300;0;1;1;4300010000009847;430001
8;01;2012;AT23;450;0;1;1;4100010000001953;410001
19;09;2012;AT06;115;1;3;1;4200030000002930;420003
16;05;2011;AT02;100;0;2;1;4300040000001649;430004
30;04;2011;AT19;110;1;5;1;4100030000001684;410003
25;02;2011;AT03;500;1;1;1;4100030000004134;410003
18;02;2011;AT08;125;0;1;1;4300030000003724;430003
24;05;2011;AT15;500;1;4;1;4100030000006023;410003
12;09;2012;AT25;450;0;3;1;4100010000002631;410001
18;05;2012;AT06;5;1;1;1;4100020000007615;410002
18;03;2012;AT10;110;1;5;1;4300020000003354;430002
18;10;2010;AT08;20;1;1;1;4200030000001815;420003
15;07;2012;AT13;80;1;3;1;4010010000009274;401001
2;06;2010;AT08;5;0;5;1;4300020000004785;430002
21;08;2010;AT05;45;1;1;1;4200030000009606;420003
12;08;2012;AT06;25;1;5;1;4010010000007178;401001
28;07;2011;AT24;40;0;5;1;4300030000005288;430003
6;09;2011;AT21;35;0;4;1;4200020000003115;420002
17;09;2010;AT03;10;1;1;1;4010020000002521;401002
1;04;2010;AT06;30;0;2;1;4010010000008680;401001
28;03;2012;AT10;120;1;2;1;4100020000009187;410002
11;02;2011;AT03;250;0;4;1;4100030000007294;410003
24;10;2010;AT23;100;1;4;1;4100010000009671;410001
4;04;2010;AT14;75;0;1;1;4200020000009240;420002
19;03;2010;AT05;75;0;4;1;4300010000004991;430001
18;08;2011;AT14;500;0;1;1;4200020000001811;420002
24;05;2010;AT12;95;1;4;1;4010020000002993;401002
29;04;2012;AT21;105;0;5;1;4300060000002676;430006
6;11;2012;AT04;20;1;1;1;4300010000005871;430001
29;08;2010;AT16;145;0;5;1;4300030000008367;430003
23;11;2012;AT22;300;0;2;1;4200030000009559;420003
5;05;2012;AT22;30;1;2;1;4300060000002166;430006
19;02;2011;AT21;80;0;3;1;4200040000008633;420004
3;11;2010;AT02;135;0;2;1;4100010000006750;410001
29;04;2011;AT10;25;0;4;1;4100020000008954;410002
19;12;2011;AT24;115;1;3;1;4200020000009188;420002
3;02;2010;AT08;110;1;2;1;4100010000006097;410001
14;02;2010;AT24;135;0;1;1;4200030000005209;420003
24;08;2011;AT07;105;1;1;1;4200030000006959;420003
28;02;2010;AT21;250;0;3;1;4100020000004210;410002
29;09;2010;AT19;10;0;1;1;4100020000003163;410002
21;09;2010;AT11;115;1;3;1;4100020000008313;410002
24;04;2011;AT23;300;0;5;1;4200010000008995;420001
20;10;2011;AT13;15;1;3;1;4100030000003454;410003
10;08;2011;AT03;90;0;5;1;4010020000005272;401002
17;01;2010;AT13;200;1;2;1;4010010000009041;401001
23;02;2010;AT18;120;0;2;1;4300050000001976;430005
1;05;2011;AT01;375;1;2;1;4300050000006957;430005
13;06;2011;AT18;100;0;2;1;4100030000001686;410003
27;09;2011;AT20;175;0;1;1;4100030000006405;410003
13;01;2010;AT04;500;1;2;1;4200010000003358;420001
11;10;2010;AT02;10;0;4;1;4300030000003473;430003
6;06;2012;AT16;30;1;4;1;4300010000007697;430001
8;12;2010;AT24;250;0;1;1;4010010000002908;401001
8;07;2011;AT10;30;0;1;1;4100020000005305;410002
15;02;2010;AT01;105;0;2;1;4300020000003571;430002
5;09;2012;AT11;55;0;4;1;4300010000009531;430001
13;09;2012;AT23;10;0;2;1;4200040000002950;420004
13;04;2011;AT22;70;0;5;1;4010020000005887;401002
23;04;2012;AT04;300;0;5;1;4300060000006866;430006
6;09;2012;AT11;95;1;4;1;4300050000008830;430005
8;06;2010;AT18;450;0;4;1;4300010000005275;430001
29;03;2010;AT06;30;0;1;1;4200020000005730;420002
5;04;2010;AT15;145;0;1;1;4100020000004476;410002
8;11;2012;AT24;110;0;1;1;4300020000002145;430002
5;12;2010;AT18;35;1;5;1;4200030000005240;420003
13;09;2012;AT02;25;1;1;1;4100010000001100;410001
28;05;2012;AT25;30;0;4;1;4100030000003140;410003
3;07;2012;AT25;150;1;5;1;4010020000002740;401002
16;11;2010;AT17;175;0;5;1;4200040000007432;420004
3;07;2012;AT22;25;0;5;1;4100030000009417;410003
28;08;2011;AT03;500;0;1;1;4200040000007536;420004
21;05;2012;AT10;200;1;4;1;4100020000006433;410002
10;05;2012;AT22;65;1;4;1;4200020000008256;420002
24;10;2012;AT01;500;1;3;1;4200040000003372;420004
29;10;2011;AT20;105;1;2;1;4010020000009902;401002
26;03;2010;AT22;175;0;5;1;4010020000005686;401002
10;11;2012;AT25;500;1;5;1;4100020000004539;410002
14;08;2012;AT15;80;0;2;1;4300020000007774;430002
28;06;2010;AT13;250;1;2;1;4100010000006946;410001
9;11;2010;AT03;50;1;5;1;4300040000007838;430004
12;05;2011;AT11;95;1;1;1;4100020000003965;410002
29;04;2010;AT25;15;1;3;1;4300030000005818;430003
20;02;2011;AT20;30;0;4;1;4200030000002185;420003
6;10;2010;AT05;95;1;2;1;4200030000003918;420003
16;10;2010;AT21;25;1;4;1;4010010000006257;401001
7;04;2012;AT01;100;1;2;1;4100030000007413;410003
10;08;2010;AT08;85;1;3;1;4200030000003765;420003
14;05;2011;AT22;80;1;4;1;4200030000009638;420003
27;04;2011;AT19;500;0;3;1;4300020000009362;430002
3;05;2012;AT15;60;0;5;1;4100010000007584;410001
20;07;2011;AT03;90;1;1;1;4300010000002419;430001
8;06;2010;AT02;75;1;5;1;4100030000008690;410003
6;06;2010;AT24;145;1;5;1;4200020000001852;420002
4;05;2011;AT18;100;1;1;1;4300060000006850;430006
23;02;2010;AT17;30;1;1;1;4300040000001920;430004
15;11;2012;AT15;500;1;2;1;4300050000006408;430005
14;03;2011;AT15;300;0;2;1;4300010000009089;430001
2;09;2012;AT15;65;1;1;1;4200030000004506;420003
10;03;2011;AT24;100;1;5;1;4300050000008327;430005
19;07;2012;AT23;65;1;2;1;4200010000007556;420001
9;09;2010;AT18;35;0;5;1;4300060000005256;430006
6;01;2010;AT20;40;0;5;1;4300040000006720;430004
6;03;2012;AT08;95;1;1;1;4300010000005924;430001
11;10;2012;AT15;100;0;3;1;4100020000003911;410002
3;08;2010;AT10;135;0;4;1;4300030000002260;430003
15;10;2011;AT06;20;1;5;1;4100030000003740;410003
4;07;2012;AT21;145;0;5;1;4200030000008668;420003
28;02;2012;AT09;115;1;3;1;4010010000002995;401001
15;09;2011;AT04;100;0;3;1;4300040000008228;430004
5;03;2011;AT05;500;0;4;1;4300050000005247;430005
28;05;2011;AT08;200;0;2;1;4300060000006757;430006
5;05;2012;AT25;30;0;1;1;4100020000003612;410002
14;08;2011;AT14;110;0;2;1;4300040000005741;430004
9;10;2011;AT25;35;0;5;1;4200010000004311;420001
24;07;2010;AT16;85;0;5;1;4300040000001950;430004
28;02;2012;AT22;200;0;2;1;4300030000007375;430003
20;04;2012;AT16;200;0;5;1;4200020000009966;420002
10;06;2011;AT06;80;0;2;1;4200030000008320;420003
9;12;2010;AT01;95;1;2;1;4010020000001372;401002
30;11;2010;AT17;135;1;3;1;4100030000009642;410003
4;10;2011;AT04;110;1;1;1;4300040000008360;430004
21;06;2010;AT22;110;0;1;1;4300020000006113;430002
6;11;2012;AT25;80;0;4;1;4300040000004043;430004
26;04;2011;AT16;110;1;5;1;4300040000001024;430004
22;07;2012;AT04;120;0;2;1;4100020000009297;410002
13;08;2012;AT10;175;1;3;1;4300050000006543;430005
30;07;2011;AT18;300;1;3;1;4300050000003531;430005
29;03;2010;AT19;200;1;4;1;4300060000001144;430006
12;12;2012;AT24;10;0;2;1;4200020000005414;420002
21;01;2010;AT14;135;1;4;1;4100030000006850;410003
19;07;2012;AT12;65;1;3;1;4300060000004497;430006
2;07;2012;AT19;105;1;5;1;4010020000008523;401002
24;04;2011;AT22;300;0;4;1;4300040000009979;430004
5;09;2012;AT07;60;0;2;1;4200010000004874;420001
20;08;2010;AT11;10;0;3;1;4200030000001711;420003
19;01;2012;AT08;40;1;5;1;4200040000006541;420004
5;04;2012;AT08;100;0;2;1;4300010000002879;430001
23;10;2010;AT14;100;1;4;1;4200040000007266;420004
21;11;2011;AT13;125;1;3;1;4200010000007272;420001
14;06;2011;AT20;105;1;3;1;4100020000003113;410002
24;11;2012;AT08;175;1;5;1;4200020000008916;420002
23;10;2011;AT09;135;1;4;1;4300020000007233;430002
13;09;2010;AT17;375;0;1;1;4200040000006402;420004
10;06;2011;AT20;120;1;2;1;4200030000002948;420003
3;09;2010;AT21;70;1;4;1;4300040000007336;430004
9;11;2010;AT25;200;0;4;1;4010010000003661;401001
3;09;2011;AT04;70;0;3;1;4300010000005475;430001
28;02;2012;AT12;20;0;4;1;4200030000006052;420003
21;03;2011;AT25;35;1;5;1;4010010000009028;401001
8;07;2010;AT14;200;0;4;1;4200020000006838;420002
12;05;2010;AT14;30;0;3;1;4010020000006408;401002
4;02;2010;AT06;65;0;2;1;4200010000009676;420001
14;09;2012;AT20;375;0;2;1;4100010000002460;410001
12;05;2011;AT17;105;1;5;1;4700010000001955;470001
21;11;2010;AT03;75;1;4;1;4600020000004653;460002
5;12;2010;AT16;25;1;1;1;4700010000005417;470001
11;08;2010;AT25;105;1;1;1;4700010000007147;470001
7;07;2010;AT06;200;1;1;1;4700030000005988;470003
9;05;2010;AT08;135;1;5;1;4510020000007063;451002
12;07;2012;AT15;150;1;3;1;4510010000001911;451001
25;07;2010;AT21;175;1;1;1;4600010000009630;460001
27;02;2011;AT22;450;1;4;1;4500030000009948;450003
25;09;2010;AT10;95;1;4;1;4800030000006524;480003
17;04;2010;AT12;300;1;5;1;4500040000008882;450004
21;09;2011;AT25;70;1;3;1;4800020000009586;480002
12;09;2011;AT06;90;1;5;1;4800020000004879;480002
18;06;2012;AT15;125;1;3;1;4500030000005889;450003
16;09;2012;AT09;65;1;4;1;4700010000002669;470001
14;02;2010;AT11;50;1;1;1;4600020000001800;460002
8;06;2011;AT14;45;1;2;1;4700010000006231;470001
27;02;2010;AT11;5;1;4;1;4600010000003872;460001
20;03;2012;AT14;75;1;2;1;4800020000003096;480002
28;02;2010;AT07;40;1;5;1;4700010000005346;470001
25;01;2011;AT14;45;1;5;1;4700020000004848;470002
30;06;2010;AT25;95;1;2;1;4800030000005632;480003
18;10;2011;AT07;25;1;3;1;4700010000007144;470001
7;11;2010;AT14;75;1;2;1;4510020000007033;451002
22;07;2011;AT12;45;1;2;1;4800030000004589;480003
16;06;2011;AT04;145;1;1;1;4800010000008311;480001
15;01;2010;AT19;65;1;1;1;4500040000001934;450004
24;10;2010;AT05;40;1;1;1;4700020000008820;470002
28;02;2011;AT19;120;1;1;1;4800010000009732;480001
12;06;2012;AT23;135;1;5;1;4700010000007300;470001
16;07;2011;AT05;175;1;3;1;4600030000003312;460003
20;04;2012;AT08;500;1;1;1;4800040000001960;480004
24;04;2012;AT06;55;1;4;1;4700020000009287;470002
26;05;2010;AT11;45;1;1;1;4800020000003590;480002
7;11;2012;AT18;150;1;4;1;4500040000004771;450004
21;01;2011;AT03;120;1;3;1;4800020000002222;480002
19;06;2011;AT21;115;1;5;1;4700030000002327;470003
9;10;2012;AT15;20;1;1;1;4700040000003923;470004
16;01;2010;AT20;40;1;3;1;4800020000008577;480002
21;04;2010;AT15;40;1;4;1;4700030000007689;470003
26;10;2010;AT15;25;1;3;1;4510010000007354;451001
20;02;2012;AT18;30;1;1;1;4800020000001125;480002
16;08;2012;AT04;120;1;3;1;4600010000009203;460001
20;03;2010;AT25;120;1;5;1;4700040000007730;470004
13;10;2012;AT05;250;1;4;1;4600030000005439;460003
26;02;2011;AT16;5;1;2;1;4500030000005517;450003
5;02;2010;AT23;85;1;1;1;4600030000004499;460003
5;08;2012;AT11;10;1;3;1;4700020000007847;470002
12;05;2010;AT22;500;1;1;1;4700030000003527;470003
7;09;2011;AT13;85;1;2;1;4800040000008750;480004
19;10;2010;AT24;40;1;3;1;4510020000006030;451002
30;06;2010;AT25;110;1;2;1;4800020000006105;480002
22;10;2011;AT14;65;1;5;1;4800040000003576;480004
10;03;2010;AT20;45;1;2;1;4800040000002502;480004
19;04;2012;AT07;15;1;3;1;4600030000004793;460003
10;06;2010;AT18;55;1;3;1;4800010000008954;480001
26;12;2010;AT17;60;1;5;1;4600020000004112;460002
22;08;2012;AT06;450;1;5;1;4700030000006506;470003
16;09;2012;AT03;110;1;1;1;4600030000004614;460003
3;01;2012;AT24;110;1;4;1;4700010000008745;470001
10;10;2010;AT03;50;1;4;1;4600020000003640;460002
22;07;2011;AT11;95;1;1;1;4600010000006885;460001
11;10;2011;AT24;110;1;2;1;4510020000006951;451002
24;02;2010;AT25;55;1;3;1;4800020000006866;480002
21;07;2010;AT06;10;1;1;1;4700040000006356;470004
28;11;2010;AT22;90;1;1;1;4600010000004361;460001
23;08;2011;AT18;200;1;4;1;4800010000004757;480001
9;10;2011;AT07;15;1;1;1;4600030000008300;460003
8;07;2011;AT14;50;1;2;1;4510020000002609;451002
14;09;2012;AT02;105;1;5;1;4700030000007116;470003
15;04;2010;AT25;135;1;1;1;4700020000001001;470002
30;03;2010;AT05;120;1;1;1;4500030000003191;450003
26;04;2010;AT14;50;1;4;1;4510020000007643;451002
5;11;2011;AT09;65;1;3;1;4500030000001151;450003
24;09;2010;AT25;80;1;3;1;4600010000005593;460001
8;04;2012;AT01;100;1;4;1;4800020000005158;480002
5;04;2012;AT24;175;1;2;1;4600020000009877;460002
10;08;2012;AT24;65;1;4;1;4500040000006285;450004
17;02;2012;AT02;15;1;3;1;4510010000008308;451001
24;07;2011;AT04;250;1;1;1;4800030000003808;480003
25;07;2010;AT25;175;1;3;1;4700010000001972;470001
6;03;2011;AT24;375;1;2;1;4800020000005071;480002
27;05;2012;AT20;10;1;5;1;4800010000009824;480001
13;07;2011;AT15;30;1;1;1;4700010000005733;470001
22;02;2011;AT24;200;1;1;1;4700010000003815;470001
2;02;2010;AT15;75;1;2;1;4700030000002638;470003
13;06;2012;AT01;85;1;4;1;4700020000007863;470002
13;03;2011;AT08;135;1;3;1;4510010000003913;451001
24;04;2011;AT06;95;1;2;1;4600010000009556;460001
27;03;2012;AT20;100;1;1;1;4800020000001827;480002
22;01;2012;AT22;30;1;2;1;4500030000002476;450003
19;01;2012;AT01;150;1;4;1;4600030000007741;460003
3;10;2012;AT07;65;1;1;1;4800020000004847;480002
23;07;2011;AT11;70;1;5;1;4500040000008707;450004
7;03;2010;AT18;40;1;3;1;4700040000005153;470004
27;09;2011;AT07;135;1;1;1;4800020000001146;480002
10;03;2012;AT02;450;1;4;1;4500030000003498;450003
29;07;2011;AT25;55;1;1;1;4510020000001829;451002
23;04;2012;AT08;175;1;2;1;4510020000006124;451002
1;07;2012;AT21;70;1;3;1;4800040000001792;480004
6;05;2012;AT15;200;1;5;1;4500040000002988;450004
5;07;2012;AT07;145;1;1;1;4700010000008026;470001
28;10;2012;AT04;15;1;2;1;4600020000001361;460002
25;10;2012;AT02;115;1;3;1;4700040000003713;470004
14;05;2012;AT11;135;1;1;1;4510020000007349;451002
9;10;2012;AT02;150;1;2;1;4700010000001217;470001
31;01;2010;AT23;110;1;2;1;4700030000001172;470003
8;04;2010;AT23;100;1;2;1;4700010000005293;470001
28;07;2011;AT08;450;1;2;1;4500030000007828;450003
11;11;2010;AT02;90;1;1;1;4500030000008719;450003
24;03;2011;AT17;45;1;2;1;4600020000006244;460002
30;01;2010;AT19;95;1;1;1;4800030000001249;480003
24;02;2010;AT08;30;1;1;1;4600030000009320;460003
27;03;2010;AT05;15;1;3;1;4500040000005661;450004
13;04;2010;AT20;450;1;5;1;4800040000003331;480004
16;09;2012;AT15;95;1;4;1;4800040000007195;480004
11;02;2011;AT17;250;1;5;1;4700010000005999;470001
3;08;2011;AT02;120;1;5;1;4800030000003283;480003
14;10;2012;AT03;75;1;5;1;4800020000008570;480002
23;06;2010;AT19;250;1;5;1;4600010000004962;460001
25;02;2010;AT09;90;1;2;1;4700030000001220;470003
26;04;2012;AT01;5;1;2;1;4510010000007911;451001
28;09;2011;AT22;45;1;1;1;4500030000007479;450003
14;04;2012;AT16;65;1;5;1;4700040000004378;470004
13;11;2011;AT14;75;1;4;1;4800010000006785;480001
28;03;2011;AT22;85;1;1;1;4500040000008209;450004
4;08;2011;AT02;15;1;4;1;4500030000005380;450003
19;02;2012;AT20;60;1;5;1;4800040000003643;480004
18;10;2010;AT09;250;1;5;1;4600030000009311;460003
16;06;2011;AT01;300;1;5;1;4700030000008785;470003
30;08;2011;AT01;120;1;5;1;4700020000002734;470002
25;09;2012;AT06;110;1;1;1;4510020000004240;451002
8;04;2010;AT18;50;1;3;1;4700020000004699;470002
1;04;2011;AT18;500;1;3;1;4700020000003480;470002
8;02;2010;AT18;135;1;5;1;4500040000004484;450004
5;08;2010;AT10;100;1;1;1;4600020000008182;460002
25;02;2011;AT19;150;1;5;1;4800020000009843;480002
11;03;2011;AT09;375;1;2;1;4800010000006697;480001
10;05;2010;AT19;500;1;2;1;4700040000008589;470004
26;05;2011;AT13;10;1;4;1;4500030000008515;450003
10;06;2010;AT14;115;1;4;1;4510010000007171;451001
14;06;2011;AT06;175;1;4;1;4700040000004393;470004
28;07;2010;AT18;145;1;3;1;4800030000009311;480003
15;02;2010;AT15;450;1;3;1;4600010000003593;460001
28;01;2011;AT24;10;1;2;1;4600030000008528;460003
15;03;2012;AT06;145;1;5;1;4700020000002642;470002
20;10;2011;AT07;120;1;3;1;4800010000001539;480001
3;08;2010;AT19;100;1;1;1;4600030000004989;460003
9;05;2012;AT09;70;1;4;1;4800030000008798;480003
2;03;2012;AT23;10;1;5;1;4700040000009861;470004
4;06;2011;AT15;25;1;4;1;4800040000009852;480004
16;09;2010;AT02;10;1;3;1;4800010000007901;480001
20;06;2011;AT22;110;1;2;1;4500030000008030;450003
14;09;2011;AT04;135;1;3;1;4600010000008440;460001
5;04;2011;AT21;120;1;4;1;4500040000007268;450004
25;02;2012;AT10;500;1;3;1;4600010000009542;460001
6;10;2012;AT13;15;1;2;1;4700020000003050;470002
19;11;2011;AT06;105;1;4;1;4700010000002842;470001
17;04;2010;AT03;145;1;5;1;4800010000003213;480001
5;04;2011;AT07;500;1;2;1;4600030000005811;460003
3;05;2011;AT21;25;1;4;1;4700020000007435;470002
25;07;2011;AT22;70;1;3;1;4510010000004198;451001
1;11;2012;AT02;45;1;4;1;4800040000002781;480004
22;09;2012;AT25;135;1;2;1;4600030000002669;460003
10;08;2010;AT19;450;1;1;1;4700040000009394;470004
30;11;2010;AT22;15;1;2;1;4500030000006152;450003
23;01;2012;AT15;10;1;4;1;4600020000009905;460002
26;06;2010;AT07;200;1;5;1;4700030000001743;470003
26;03;2011;AT06;150;1;1;1;4600030000002261;460003
9;12;2011;AT05;450;1;4;1;4500030000004511;450003
27;08;2010;AT01;5;1;5;1;4600030000003031;460003
13;08;2010;AT06;200;1;1;1;4600020000004528;460002
7;05;2010;AT23;10;1;1;1;4600020000007559;460002
28;05;2012;AT07;35;1;3;1;4800040000009290;480004
27;10;2010;AT24;300;1;5;1;4700020000005192;470002
8;07;2011;AT22;500;1;3;1;4600010000003111;460001
11;10;2011;AT10;100;1;2;1;4800040000007038;480004
4;10;2012;AT23;30;1;2;1;4800040000009963;480004
13;09;2012;AT02;115;1;2;1;4510020000005238;451002
20;03;2012;AT13;85;1;5;1;4500040000008978;450004
17;08;2012;AT10;300;1;4;1;4800010000008112;480001
3;02;2010;AT10;60;1;2;1;4700020000003151;470002
4;07;2011;AT22;125;1;1;1;4700030000007858;470003
27;10;2011;AT15;10;1;3;1;4800020000002675;480002
15;12;2012;AT03;10;1;4;1;4500030000003042;450003
22;11;2010;AT22;450;1;1;1;4800020000008283;480002
19;04;2010;AT08;50;1;3;1;4600030000006769;460003
9;06;2012;AT14;135;1;2;1;4700010000008429;470001
13;10;2011;AT10;95;1;3;1;4600010000005414;460001
26;08;2011;AT15;75;1;4;1;4700030000002100;470003
15;02;2011;AT23;70;1;1;1;4700040000008121;470004
19;04;2010;AT11;55;1;5;1;4800040000001390;480004
2;04;2011;AT20;5;1;4;1;4800040000009336;480004
12;06;2012;AT17;90;1;1;1;4700010000006536;470001
15;07;2011;AT02;105;1;3;1;4510010000003281;451001
18;01;2012;AT15;70;1;1;1;4500040000005250;450004
25;04;2012;AT14;450;1;4;1;4800010000007678;480001
6;04;2010;AT13;55;1;3;1;4800020000009696;480002
16;10;2011;AT06;60;1;2;1;4700020000008040;470002
14;07;2010;AT24;450;1;3;1;4800030000009715;480003
4;09;2010;AT14;90;1;2;1;4510020000003123;451002
27;10;2010;AT13;375;1;2;1;4600030000009202;460003
28;04;2012;AT04;120;1;2;1;4800030000001449;480003
27;12;2010;AT12;500;1;4;1;4600010000009397;460001
8;05;2012;AT03;55;1;5;1;4700030000001959;470003
7;02;2011;AT18;45;1;1;1;4800010000001418;480001
20;11;2012;AT14;135;1;5;1;4800030000001115;480003
18;02;2010;AT12;45;1;3;1;4700030000009511;470003
24;11;2012;AT14;30;1;2;1;4800010000002991;480001
25;11;2010;AT03;25;1;1;1;4700040000005689;470004
4;08;2010;AT11;20;1;2;1;4800030000008309;480003
18;06;2012;AT20;125;1;4;1;4600030000001360;460003
16;01;2011;AT08;10;1;3;1;4800010000006598;480001
18;05;2012;AT03;200;1;3;1;4700020000005031;470002
16;10;2011;AT12;200;1;2;1;4800020000008908;480002
13;06;2012;AT15;120;1;4;1;4510010000006638;451001
10;07;2010;AT05;105;1;2;1;4700010000005603;470001
15;04;2010;AT14;5;1;4;1;4800010000004329;480001
8;12;2010;AT25;145;1;4;1;4510010000001790;451001
10;06;2012;AT17;300;1;2;1;4510020000004913;451002
9;03;2011;AT03;30;1;2;1;4500040000008511;450004
17;07;2010;AT06;5;1;5;1;4700020000007816;470002
22;05;2010;AT04;300;1;5;1;4600030000005910;460003
19;06;2012;AT24;20;1;2;1;4700020000001287;470002
5;08;2011;AT25;115;1;2;1;4800030000006472;480003
7;05;2012;AT20;95;1;4;1;4700030000006888;470003
20;06;2012;AT15;105;1;4;1;4800020000003101;480002
27;06;2010;AT04;5;1;1;1;4500040000002059;450004
28;06;2010;AT14;15;1;4;1;4800040000001871;480004
4;09;2011;AT10;75;1;5;1;4510010000008545;451001
1;11;2012;AT11;200;1;3;1;4800010000001703;480001
19;11;2011;AT07;120;1;5;1;4500030000004215;450003
24;05;2012;AT01;45;1;1;1;4700030000006489;470003
2;04;2012;AT20;125;1;1;1;4510010000008402;451001
9;02;2010;AT21;65;1;4;1;4510020000005665;451002
23;04;2011;AT21;125;1;5;1;4700010000003365;470001
17;04;2012;AT06;50;1;2;1;4700010000008154;470001
24;08;2011;AT04;35;1;4;1;4510010000006649;451001
27;01;2011;AT15;95;1;2;1;4510020000001051;451002
27;04;2010;AT04;30;1;5;1;4800030000007753;480003
12;04;2011;AT04;25;1;4;1;4800040000006982;480004
20;09;2010;AT23;5;1;3;1;4800030000003216;480003
7;05;2011;AT17;500;1;5;1;4700010000004204;470001
23;08;2012;AT17;120;1;4;1;4800040000009556;480004
4;05;2011;AT11;500;1;1;1;4700020000002373;470002
6;03;2012;AT11;145;1;1;1;4800030000008318;480003
9;11;2011;AT21;105;1;5;1;4510020000004957;451002
9;04;2012;AT22;150;1;2;1;4600010000003589;460001
29;09;2010;AT12;95;1;4;1;4700040000003140;470004
10;09;2011;AT06;175;1;2;1;4510010000003135;451001
9;07;2010;AT03;55;1;4;1;4500040000008162;450004
20;07;2010;AT16;50;1;2;1;4700010000001846;470001
14;10;2010;AT09;15;1;3;1;4600030000001249;460003
17;02;2011;AT19;25;1;1;1;4800040000007132;480004
12;11;2011;AT08;200;1;1;1;4800030000008231;480003
21;06;2012;AT11;10;1;1;1;4800030000005009;480003
27;03;2010;AT25;450;1;4;1;4510010000006503;451001
31;12;2011;AT24;15;1;4;1;4800020000004620;480002
14;03;2011;AT01;250;1;3;1;4510010000005000;451001
27;01;2010;AT05;200;1;3;1;4800030000001089;480003
11;11;2011;AT21;120;1;3;1;4700010000002333;470001
14;05;2010;AT19;95;1;4;1;4800030000008671;480003
10;02;2012;AT21;40;1;5;1;4700040000005498;470004
9;09;2010;AT10;80;1;1;1;4800010000006588;480001
25;02;2011;AT16;40;1;4;1;4500030000005361;450003
14;07;2012;AT19;80;1;5;1;4600010000007174;460001
23;04;2011;AT06;105;1;5;1;4600030000007397;460003
22;07;2010;AT08;65;1;3;1;4800010000006231;480001
7;11;2011;AT11;145;1;2;1;4700020000009264;470002
24;04;2012;AT22;90;1;2;1;4700020000003147;470002
19;07;2012;AT14;150;1;4;1;4510020000003277;451002
29;04;2010;AT04;95;1;5;1;4500040000006912;450004
8;09;2010;AT18;40;1;1;1;4700040000004692;470004
20;11;2011;AT13;175;1;2;1;4600010000003405;460001
11;03;2011;AT03;100;1;4;1;4600010000001982;460001
29;08;2010;AT15;45;1;2;1;4800030000007243;480003
31;08;2010;AT20;375;1;2;1;4500040000003561;450004
1;09;2010;AT12;135;1;3;1;4510020000009579;451002
19;02;2011;AT17;110;1;2;1;4600010000007338;460001
5;11;2011;AT08;100;1;5;1;4600030000007759;460003
17;12;2012;AT15;50;1;1;1;4510020000005503;451002
9;11;2010;AT01;90;1;4;1;4800020000002202;480002
3;12;2011;AT04;60;1;3;1;4500040000007776;450004
2;02;2012;AT11;375;1;5;1;4700040000004981;470004
22;03;2010;AT16;35;1;1;1;4700030000008530;470003
22;04;2010;AT05;50;1;4;1;4500040000004274;450004
19;10;2010;AT20;135;1;5;1;4800040000007133;480004
29;11;2011;AT25;5;1;5;1;4800010000003348;480001
12;08;2011;AT07;10;1;1;1;4600020000004663;460002
14;09;2011;AT12;15;1;4;1;4800030000003332;480003
19;12;2011;AT20;120;1;1;1;4800040000006558;480004
5;08;2010;AT13;10;1;5;1;4510010000006601;451001
12;02;2010;AT18;40;1;1;1;4600020000007530;460002
10;06;2011;AT11;200;1;4;1;4600010000009684;460001
5;09;2011;AT18;110;1;5;1;4600020000004082;460002
24;12;2012;AT21;5;1;4;1;4800010000003505;480001
3;03;2011;AT18;145;1;5;1;4600020000004813;460002
17;05;2011;AT07;75;1;1;1;4700030000004590;470003
6;09;2010;AT21;250;1;3;1;4510010000008804;451001
25;10;2011;AT05;115;1;4;1;4700020000001021;470002
11;04;2012;AT13;100;1;2;1;4700030000009756;470003
25;02;2011;AT01;25;1;3;1;4800030000001472;480003
12;06;2012;AT22;125;1;4;1;4500040000004909;450004
29;06;2011;AT20;105;1;1;1;4700030000006386;470003
15;09;2010;AT24;375;1;4;1;4700040000009321;470004
25;05;2011;AT02;50;1;3;1;4600030000001791;460003
13;03;2012;AT20;75;1;1;1;4700010000001679;470001
28;06;2012;AT08;120;1;2;1;4600010000001012;460001
26;07;2012;AT18;100;1;3;1;4600020000006086;460002
16;09;2010;AT11;25;1;1;1;4600030000005801;460003
28;02;2010;AT16;30;1;2;1;4510010000009496;451001
17;06;2011;AT05;40;1;1;1;4600010000006932;460001
15;03;2010;AT19;80;1;2;1;4800010000009003;480001
28;02;2012;AT02;110;1;4;1;4700020000002890;470002
26;01;2010;AT15;110;1;3;1;4600020000002996;460002
27;05;2010;AT04;100;1;2;1;4800030000002700;480003
30;11;2010;AT11;375;1;2;1;4600010000001134;460001
16;09;2010;AT20;65;1;2;1;4510010000007495;451001
3;07;2011;AT15;135;1;2;1;4700040000001967;470004
14;06;2012;AT08;135;1;1;1;4800040000001315;480004
1;07;2012;AT18;60;1;1;1;4800010000001104;480001
16;09;2010;AT24;55;1;3;1;4500030000009427;450003
29;04;2011;AT06;80;1;4;1;4800020000002294;480002
19;01;2010;AT06;80;1;4;1;4500030000007832;450003
13;04;2012;AT16;150;1;2;1;4500030000009552;450003
29;04;2010;AT01;145;1;1;1;4600030000002495;460003
16;09;2010;AT02;450;1;5;1;4800010000004647;480001
20;09;2012;AT02;10;1;5;1;4510020000001120;451002
28;02;2012;AT18;450;1;5;1;4600020000008585;460002
17;09;2011;AT08;15;1;1;1;4700030000003648;470003
20;06;2011;AT11;10;1;1;1;4600030000008862;460003
6;02;2010;AT19;10;1;5;1;4700010000003156;470001
20;03;2012;AT17;70;1;5;1;4700020000009405;470002
18;10;2011;AT20;10;1;1;1;4800030000008079;480003
4;09;2012;AT25;90;1;3;1;4600020000006017;460002
17;07;2012;AT09;65;1;4;1;4600010000007136;460001
12;04;2012;AT04;25;1;1;1;4600030000003156;460003
10;04;2011;AT20;175;1;4;1;4600020000002975;460002
13;08;2011;AT09;175;1;2;1;4510020000007684;451002
6;04;2010;AT03;250;1;5;1;4800020000005326;480002
15;06;2012;AT16;90;1;2;1;4700010000003670;470001
5;01;2011;AT21;95;1;1;1;4800010000001354;480001
11;04;2011;AT20;375;1;3;1;4800040000004147;480004
28;03;2010;AT17;115;1;2;1;4600020000001380;460002
8;06;2011;AT14;200;1;4;1;4800030000002557;480003
16;04;2012;AT15;25;1;2;1;4510010000001517;451001
29;05;2012;AT19;55;1;1;1;4600010000006671;460001
11;11;2011;AT07;200;1;3;1;4800010000003055;480001
26;02;2012;AT17;80;1;3;1;4700030000009186;470003
30;07;2010;AT08;115;1;5;1;4700040000006673;470004
18;11;2012;AT24;50;1;2;1;4600030000009200;460003
14;03;2010;AT25;150;1;1;1;4600030000007269;460003
7;10;2010;AT10;250;1;3;1;4800040000007112;480004
9;04;2010;AT07;145;1;3;1;4510020000002685;451002
15;11;2011;AT11;120;1;4;1;4600030000003322;460003
9;06;2011;AT13;45;1;3;1;4510010000006189;451001
4;06;2011;AT20;375;1;3;1;4800020000005724;480002
8;10;2011;AT14;300;1;2;1;4800020000001914;480002
25;04;2011;AT03;20;1;3;1;4800030000007468;480003
9;05;2011;AT18;85;1;2;1;4600030000005741;460003
19;11;2010;AT16;35;1;1;1;4800040000002059;480004
11;05;2012;AT18;5;1;2;1;4700020000005642;470002
4;05;2012;AT17;40;1;2;1;4700030000005672;470003
20;07;2010;AT23;30;1;3;1;4800020000006867;480002
12;11;2010;AT21;250;1;4;1;4800020000009615;480002
10;08;2010;AT15;40;1;1;1;4600030000002184;460003
24;01;2010;AT24;60;1;3;1;4800020000005473;480002
6;08;2011;AT25;135;1;2;1;4800040000003712;480004
10;09;2010;AT12;5;1;4;1;4600010000007658;460001
12;10;2010;AT16;25;1;5;1;4510020000008746;451002
10;09;2012;AT14;80;1;2;1;4700040000002398;470004
1;08;2012;AT20;10;1;4;1;4600010000002968;460001
8;08;2011;AT10;55;1;2;1;4600020000005350;460002
22;04;2012;AT16;90;1;5;1;4800020000005120;480002
6;11;2011;AT07;35;1;5;1;4500040000007682;450004
15;08;2010;AT12;65;1;3;1;4600030000003348;460003
14;04;2011;AT06;95;1;2;1;4700030000008718;470003
24;03;2011;AT18;200;1;3;1;4800020000004489;480002
4;07;2010;AT09;95;1;2;1;4800030000005684;480003
16;01;2012;AT07;375;1;4;1;4600020000001621;460002
17;03;2011;AT07;175;1;5;1;4500040000003521;450004
28;06;2010;AT18;200;1;3;1;4700030000002734;470003
25;04;2010;AT11;500;1;3;1;4700040000006358;470004
17;04;2010;AT11;90;1;3;1;4800010000009711;480001
19;03;2012;AT19;450;1;5;1;4500040000005692;450004
24;05;2010;AT02;100;1;4;1;4510010000002771;451001
2;10;2011;AT12;100;1;4;1;4600010000004834;460001
14;08;2011;AT10;75;1;4;1;4500030000002056;450003
12;08;2011;AT15;300;1;4;1;4700010000001925;470001
5;10;2010;AT20;70;1;1;1;4700040000006161;470004
15;08;2011;AT03;55;1;5;1;4600030000007697;460003
26;02;2011;AT17;450;1;3;1;4800030000002824;480003
27;05;2010;AT06;50;1;5;1;4500030000006322;450003
15;03;2011;AT14;100;1;3;1;4800020000009628;480002
13;01;2012;AT11;175;1;5;1;4600020000002445;460002
23;03;2012;AT18;85;1;3;1;4700010000008691;470001
20;04;2011;AT20;5;1;2;1;4510010000006419;451001
12;10;2010;AT24;145;1;3;1;4700040000006855;470004
29;09;2012;AT16;300;1;5;1;4600010000001064;460001
8;08;2010;AT20;375;1;1;1;4600030000003633;460003
21;08;2011;AT18;110;1;4;1;4510010000001593;451001
6;11;2011;AT21;35;1;1;1;4800040000005508;480004
7;05;2011;AT13;300;1;5;1;4600030000007173;460003
3;09;2012;AT01;500;1;1;1;4510010000001412;451001
22;07;2011;AT16;500;1;4;1;4800030000005081;480003
26;03;2010;AT22;110;1;4;1;4500040000009072;450004
28;02;2011;AT11;90;1;3;1;4800010000007036;480001
22;05;2010;AT23;110;1;4;1;4510010000003786;451001
10;08;2010;AT08;375;1;4;1;4700010000004334;470001
18;04;2010;AT02;375;1;3;1;4600020000002503;460002
23;07;2012;AT20;300;1;5;1;4800040000001656;480004
30;11;2012;AT06;500;1;4;1;4700010000003125;470001
30;09;2011;AT02;120;1;5;1;4700030000009387;470003
18;09;2012;AT24;25;1;4;1;4500040000006059;450004
14;04;2011;AT22;15;1;1;1;4600020000008109;460002
6;03;2012;AT13;150;1;5;1;4510010000009620;451001
7;10;2010;AT21;35;1;2;1;4800030000006527;480003
20;05;2011;AT21;110;1;2;1;4800010000007123;480001
4;11;2011;AT23;55;1;2;1;4800010000007465;480001
16;09;2010;AT20;10;1;2;1;4800030000009486;480003
17;06;2010;AT08;120;1;1;1;4800010000006868;480001
27;04;2011;AT20;30;1;5;1;4700010000004593;470001
18;09;2012;AT22;125;1;4;1;4700030000006112;470003
8;02;2010;AT09;95;1;3;1;4800040000007264;480004
28;12;2012;AT20;50;1;1;1;4700030000007761;470003
30;07;2012;AT02;450;1;5;1;4800040000006046;480004
8;09;2011;AT08;115;1;3;1;4600010000002968;460001
13;11;2011;AT10;120;1;1;1;4800040000008964;480004
9;09;2010;AT20;120;1;1;1;4500030000006779;450003
22;10;2011;AT09;35;1;1;1;4700040000008534;470004
30;10;2011;AT02;115;1;5;1;4600010000006028;460001
10;08;2011;AT08;145;1;3;1;4600030000006646;460003
9;02;2011;AT15;175;1;3;1;4700010000006727;470001
24;10;2012;AT23;95;1;3;1;4700010000003020;470001
26;02;2012;AT17;145;1;5;1;4510010000004048;451001
17;04;2012;AT02;105;1;3;1;4600020000004240;460002
7;03;2011;AT07;30;1;1;1;4800030000003356;480003
14;07;2011;AT11;110;1;1;1;4500030000008917;450003
30;09;2010;AT19;135;1;4;1;4700030000008508;470003
11;02;2012;AT23;30;1;2;1;4600010000009177;460001
27;04;2012;AT20;25;1;3;1;4700040000006494;470004
6;11;2012;AT06;200;1;2;1;4800010000009981;480001
29;10;2011;AT10;150;1;4;1;4700020000001114;470002
3;07;2010;AT14;375;1;5;1;4800010000009006;480001
6;10;2011;AT22;175;1;1;1;4800020000004095;480002
6;07;2010;AT09;175;1;1;1;4500030000001532;450003
15;03;2011;AT22;50;1;2;1;4700030000006536;470003
29;04;2012;AT06;200;1;4;1;4600010000006801;460001
14;03;2012;AT20;45;1;3;1;4500040000009717;450004
24;11;2012;AT09;200;1;2;1;4800020000006850;480002
12;12;2011;AT21;150;1;5;1;4510010000002197;451001
17;03;2010;AT21;20;1;1;1;4800030000005141;480003
16;01;2011;AT25;500;1;3;1;4700020000004455;470002
2;11;2011;AT07;70;1;3;1;4600030000002065;460003
29;11;2011;AT22;100;1;2;1;4600010000009944;460001
18;04;2012;AT14;40;1;3;1;4700020000008275;470002
4;11;2010;AT16;120;1;2;1;4800030000004289;480003
20;12;2012;AT22;5;1;1;1;4510020000001791;451002
4;08;2012;AT12;250;1;1;1;4500040000008973;450004
5;09;2012;AT23;145;1;4;1;4700030000005830;470003
18;06;2012;AT09;15;1;3;1;4800010000006032;480001
13;02;2011;AT19;200;1;1;1;4800030000005350;480003
20;09;2010;AT15;70;1;1;1;4500040000001440;450004
1;06;2012;AT17;55;1;1;1;4800040000001002;480004
23;01;2010;AT08;135;1;3;1;4800020000003851;480002
24;06;2011;AT07;10;1;2;1;4700010000005123;470001
24;12;2010;AT11;135;1;2;1;4600030000004161;460003
9;04;2011;AT24;90;1;5;1;4800010000001133;480001
11;09;2010;AT20;150;1;4;1;4600010000008856;460001
30;08;2012;AT15;125;1;4;1;4500040000002078;450004
14;09;2010;AT12;120;1;3;1;4500030000007040;450003
8;05;2012;AT20;45;1;2;1;4500030000001713;450003
27;06;2011;AT06;120;1;2;1;4600020000008913;460002
30;11;2010;AT20;25;1;3;1;4700040000005634;470004
30;10;2010;AT17;300;1;1;1;4800030000002963;480003
25;05;2011;AT19;60;1;1;1;4500040000003938;450004
24;10;2010;AT10;250;1;5;1;4700010000002104;470001
3;02;2012;AT11;90;1;3;1;4800040000007860;480004
26;06;2012;AT06;60;1;1;1;4510020000003738;451002
22;07;2010;AT09;45;1;4;1;4600010000005858;460001
23;06;2011;AT22;20;1;2;1;4600030000001954;460003
24;11;2010;AT14;30;1;3;1;4700040000001043;470004
6;10;2012;AT12;5;1;5;1;4600030000008149;460003
13;04;2011;AT24;65;1;3;1;4700030000002176;470003
15;07;2012;AT19;5;1;2;1;4600010000001303;460001
13;05;2012;AT09;35;1;1;1;4800020000009105;480002
24;10;2011;AT22;50;1;5;1;4800010000008445;480001
22;07;2011;AT06;125;1;3;1;4700040000006809;470004
26;06;2011;AT12;250;1;2;1;4510010000004862;451001
30;07;2010;AT20;15;1;3;1;4800010000008109;480001
27;11;2010;AT24;20;1;4;1;4700040000006282;470004
24;06;2011;AT07;125;1;3;1;4800030000005692;480003
15;11;2011;AT20;200;1;5;1;4600030000001614;460003
23;02;2010;AT07;85;1;4;1;4700030000008730;470003
25;03;2012;AT11;5;1;1;1;4800040000007216;480004
4;07;2010;AT01;105;1;1;1;4500030000004593;450003
1;09;2010;AT06;80;1;2;1;4600010000008624;460001
28;07;2010;AT21;100;1;3;1;4500030000005359;450003
19;11;2010;AT05;25;1;1;1;4700010000007224;470001
30;10;2011;AT06;10;1;2;1;4510010000002184;451001
8;06;2011;AT08;95;1;5;1;4800030000006681;480003
11;06;2011;AT20;125;1;3;1;4500030000001231;450003
7;07;2012;AT19;85;1;4;1;4800040000008904;480004
10;07;2012;AT25;100;1;4;1;4500040000009352;450004
15;10;2011;AT24;90;1;2;1;4800030000003226;480003
9;08;2012;AT08;110;1;3;1;4800040000001319;480004
12;03;2011;AT16;200;1;4;1;4800010000002054;480001
12;10;2011;AT12;70;1;3;1;4700010000004075;470001
13;05;2010;AT22;95;1;3;1;4510020000009587;451002
5;05;2010;AT01;30;1;5;1;4500030000005514;450003
3;05;2012;AT19;80;1;2;1;4600020000005226;460002
11;07;2010;AT09;50;1;2;1;4500040000009037;450004
30;08;2010;AT03;150;1;2;1;4600010000002009;460001
18;07;2012;AT21;145;1;3;1;4600030000005133;460003
28;02;2011;AT05;50;1;1;1;4510010000001247;451001
13;05;2011;AT02;500;1;1;1;4800030000001692;480003
22;10;2011;AT16;450;1;1;1;4800020000003713;480002
6;07;2012;AT22;30;1;3;1;4700020000002703;470002
4;09;2012;AT03;375;1;4;1;4510020000005456;451002
20;10;2010;AT22;30;1;3;1;4700030000004734;470003
6;06;2011;AT10;55;1;4;1;4500040000004425;450004
24;09;2010;AT05;120;1;2;1;4510020000002302;451002
28;01;2010;AT06;300;1;3;1;4800040000008027;480004
20;06;2012;AT03;100;1;4;1;4700030000008276;470003
21;10;2011;AT05;80;1;1;1;4800030000002945;480003
23;09;2010;AT11;200;1;3;1;4700040000006211;470004
21;12;2012;AT01;80;1;2;1;4700020000009404;470002
20;03;2011;AT01;75;1;5;1;4500040000005052;450004
4;04;2011;AT19;50;1;4;1;4700040000005590;470004
9;09;2010;AT25;70;1;3;1;4800010000009002;480001
29;05;2012;AT15;120;1;4;1;4600020000005409;460002
12;01;2012;AT18;95;1;4;1;4510010000001992;451001
2;09;2010;AT07;125;1;3;1;4500040000008904;450004
15;09;2010;AT06;175;1;1;1;4600010000005646;460001
13;04;2011;AT25;90;1;1;1;4800010000006467;480001
23;05;2010;AT10;200;1;2;1;4510010000009944;451001
15;10;2012;AT05;5;1;1;1;4700040000004222;470004
20;12;2010;AT05;10;1;2;1;4800030000002276;480003
5;05;2012;AT10;45;1;5;1;4600020000008513;460002
20;09;2010;AT15;200;1;3;1;4500040000004763;450004
20;04;2010;AT11;500;1;3;1;4600020000009517;460002
17;01;2011;AT17;125;1;3;1;4600010000006938;460001
6;09;2012;AT05;75;1;2;1;4800030000002438;480003
18;07;2011;AT22;115;1;1;1;4800010000007365;480001
21;01;2011;AT12;75;1;2;1;4800010000009886;480001
20;04;2011;AT14;70;1;5;1;4800040000006083;480004
13;10;2012;AT08;300;1;2;1;4700030000009112;470003
20;11;2011;AT11;70;1;4;1;4600010000003125;460001
4;02;2010;AT05;50;1;5;1;4800040000009675;480004
24;09;2012;AT17;450;1;4;1;4700030000007043;470003
28;02;2011;AT07;85;1;4;1;4500030000005919;450003
22;03;2010;AT15;85;1;5;1;4600010000007227;460001
16;04;2010;AT11;25;1;4;1;4510010000004800;451001
13;02;2011;AT16;60;1;5;1;4800040000005452;480004
21;05;2010;AT14;125;1;2;1;4500030000009177;450003
3;04;2011;AT05;60;1;2;1;4500040000008940;450004
2;11;2012;AT15;125;1;1;1;4500030000001727;450003
15;05;2011;AT11;135;1;5;1;4700040000006321;470004
6;02;2012;AT15;10;1;5;1;4510010000004449;451001
5;10;2011;AT16;75;1;2;1;4800010000008052;480001
25;06;2010;AT02;450;1;2;1;4600020000007422;460002
5;09;2011;AT17;500;1;2;1;4700020000003413;470002
18;10;2010;AT11;150;1;1;1;4510020000009275;451002
4;04;2011;AT17;150;1;2;1;4800010000002028;480001
26;05;2012;AT10;30;1;3;1;4500040000003902;450004
6;08;2012;AT24;200;1;2;1;4600010000002463;460001
4;03;2010;AT14;375;1;1;1;4600010000009639;460001
10;05;2010;AT22;35;1;4;1;4800020000004844;480002
6;05;2011;AT15;100;1;3;1;4700010000002861;470001
10;03;2011;AT07;25;1;3;1;4500040000006038;450004
23;10;2011;AT12;30;1;3;1;4600010000001321;460001
11;11;2012;AT05;65;1;5;1;4500030000007803;450003
2;07;2010;AT20;40;1;5;1;4800010000008252;480001
6;12;2012;AT03;15;1;5;1;4500040000009572;450004
12;08;2012;AT23;15;1;1;1;4600020000007803;460002
18;02;2011;AT11;80;1;3;1;4500040000004804;450004
24;03;2012;AT18;95;1;1;1;4510010000005510;451001
21;05;2012;AT16;135;1;4;1;4600020000007810;460002
12;10;2011;AT13;500;1;4;1;4500040000007243;450004
26;10;2010;AT21;60;1;4;1;4700030000005185;470003
23;09;2011;AT08;5;1;5;1;4800010000001154;480001
30;10;2012;AT23;70;1;5;1;4500040000006464;450004
24;12;2010;AT10;100;1;2;1;4800010000009476;480001
3;06;2012;AT24;150;1;3;1;4800030000006353;480003
26;10;2012;AT01;175;1;3;1;4500030000009334;450003
17;03;2012;AT11;145;1;2;1;4800010000005756;480001
15;11;2011;AT25;250;1;1;1;4600010000004799;460001
15;05;2012;AT24;100;1;5;1;4510010000003259;451001
9;06;2010;AT24;375;1;3;1;4510010000005757;451001
6;05;2012;AT20;125;1;4;1;4800020000001087;480002
25;04;2011;AT20;110;1;4;1;4500030000007147;450003
1;08;2010;AT13;175;1;4;1;4800040000009967;480004
22;11;2012;AT19;40;1;4;1;4800030000006240;480003
22;03;2010;AT13;300;1;3;1;4500030000002448;450003
18;11;2011;AT22;35;1;1;1;4510010000005480;451001
11;10;2012;AT23;55;1;4;1;4700020000001621;470002
11;03;2010;AT24;25;1;3;1;4500030000004357;450003
27;09;2012;AT20;10;1;1;1;4800020000003841;480002
8;07;2010;AT04;10;1;3;1;4800020000002674;480002
10;04;2011;AT02;45;1;1;1;4800040000007674;480004
7;07;2011;AT12;150;1;5;1;4800040000001136;480004
1;09;2011;AT04;30;1;3;1;4800020000006144;480002
15;10;2011;AT18;300;1;5;1;4800020000008955;480002
29;09;2011;AT01;20;1;5;1;4700040000004360;470004
19;05;2010;AT24;105;1;3;1;4700030000001742;470003
22;02;2010;AT03;65;1;1;1;4700010000007523;470001
21;10;2011;AT11;60;1;1;1;4700010000002813;470001
14;05;2010;AT05;125;1;5;1;4510020000002526;451002
14;02;2011;AT04;200;1;4;1;4700040000005538;470004
25;10;2010;AT18;125;1;1;1;4600020000006204;460002
16;05;2010;AT20;65;1;4;1;4510020000006242;451002
9;07;2010;AT13;500;1;2;1;4800040000009948;480004
4;03;2010;AT05;250;1;2;1;4600020000002292;460002
13;03;2010;AT05;175;1;2;1;4600010000006673;460001
12;01;2011;AT25;60;1;5;1;4510010000006604;451001
28;06;2012;AT04;90;1;1;1;4700010000008590;470001
2;03;2010;AT11;60;1;2;1;4500030000006107;450003
3;04;2012;AT19;500;1;5;1;4600010000004145;460001
12;08;2012;AT21;250;1;1;1;4510010000002665;451001
24;03;2012;AT18;50;1;2;1;4700020000005559;470002
7;06;2011;AT11;450;1;3;1;4700040000003064;470004
18;11;2011;AT21;85;1;4;1;4800020000009294;480002
13;11;2011;AT20;450;1;3;1;4700010000003589;470001
16;10;2012;AT22;90;1;4;1;4700030000002134;470003
24;07;2010;AT12;105;1;5;1;4700020000007691;470002
4;11;2010;AT02;30;1;5;1;4800020000008602;480002
27;10;2011;AT24;175;1;5;1;4800020000004680;480002
11;02;2011;AT20;85;1;2;1;4500030000009727;450003
12;12;2011;AT11;80;1;1;1;4800030000008076;480003
24;01;2012;AT19;15;1;1;1;4510010000008220;451001
1;08;2012;AT12;90;1;2;1;4500030000001368;450003
14;02;2011;AT19;5;1;3;1;4700040000001830;470004
28;08;2011;AT03;200;1;4;1;4510010000005844;451001
5;11;2010;AT06;15;1;3;1;4700040000005179;470004
24;08;2011;AT18;175;1;1;1;4600030000008938;460003
15;10;2012;AT18;30;1;3;1;4500040000002383;450004
2;11;2012;AT22;175;1;1;1;4700030000002308;470003
29;10;2010;AT25;15;1;5;1;4700030000005065;470003
29;03;2010;AT14;80;1;3;1;4510010000002480;451001
19;02;2010;AT24;5;1;5;1;4510020000004312;451002
5;08;2012;AT24;45;1;5;1;4800040000009753;480004
24;11;2010;AT21;80;1;3;1;4800020000003365;480002
6;10;2011;AT14;25;1;2;1;4600010000007812;460001
26;04;2012;AT16;45;1;4;1;4500040000009328;450004
5;08;2010;AT16;145;1;3;1;4500040000004037;450004
19;07;2010;AT04;20;1;2;1;4700020000004345;470002
22;02;2011;AT19;200;1;1;1;4700010000001326;470001
8;08;2010;AT04;250;1;5;1;4800030000002549;480003
26;06;2011;AT20;85;1;1;1;4500030000007124;450003
25;03;2010;AT11;450;1;1;1;4500040000005826;450004
28;03;2011;AT24;15;1;5;1;4510020000001046;451002
6;09;2011;AT01;120;1;4;1;4800030000001479;480003
9;12;2010;AT19;5;1;3;1;4800010000002013;480001
7;02;2010;AT05;125;1;5;1;4800030000004942;480003
5;02;2012;AT01;65;1;4;1;4700030000002861;470003
22;09;2012;AT07;40;1;5;1;4800030000001253;480003
14;09;2011;AT15;250;1;2;1;4700010000006179;470001
25;10;2010;AT22;25;1;3;1;4700040000002137;470004
21;11;2010;AT10;25;1;2;1;4510020000008077;451002
21;04;2010;AT16;105;1;2;1;4500030000008637;450003
15;02;2011;AT10;10;1;4;1;4800030000001454;480003
28;11;2011;AT07;120;1;2;1;4700030000004851;470003
29;07;2011;AT14;110;1;4;1;4800040000009059;480004
10;11;2012;AT03;135;1;1;1;4800030000006012;480003
17;06;2011;AT04;110;1;4;1;4510010000006770;451001
9;06;2012;AT12;145;1;2;1;4500040000004082;450004
1;08;2010;AT15;75;1;2;1;4510010000001598;451001
4;10;2011;AT02;135;1;2;1;4600020000001960;460002
4;06;2012;AT22;200;1;2;1;4800020000009138;480002
18;06;2011;AT14;125;1;2;1;4700010000008797;470001
11;07;2012;AT02;70;1;5;1;4800040000001103;480004
5;10;2012;AT06;105;1;5;1;4500030000008134;450003
30;01;2011;AT11;60;1;5;1;4800020000005933;480002
10;01;2012;AT25;55;1;5;1;4500040000007606;450004
30;10;2011;AT03;105;1;5;1;4700010000007844;470001
23;02;2010;AT05;375;1;5;1;4800010000003401;480001
24;02;2010;AT14;25;1;2;1;4700030000004727;470003
12;11;2010;AT20;105;1;2;1;4700040000002752;470004
9;08;2012;AT16;450;1;5;1;4510010000001413;451001
13;03;2012;AT11;90;1;3;1;4700030000003030;470003
21;03;2010;AT08;80;1;1;1;4500040000006478;450004
3;07;2011;AT23;65;1;5;1;4800030000001546;480003
13;08;2011;AT24;125;1;5;1;4700030000003218;470003
23;09;2011;AT18;200;1;4;1;4800020000008129;480002
10;09;2011;AT17;110;1;3;1;4800030000009815;480003
9;04;2012;AT15;115;1;2;1;4510010000005309;451001
26;01;2012;AT12;120;1;4;1;4700020000006224;470002
17;02;2010;AT14;80;1;5;1;4800040000004320;480004
6;01;2010;AT25;105;1;1;1;4700020000003191;470002
27;08;2012;AT20;70;1;2;1;4700040000003091;470004
25;06;2010;AT13;115;1;3;1;4510020000006133;451002
21;07;2010;AT18;135;1;3;1;4700030000006769;470003
20;05;2010;AT21;105;1;1;1;4800040000007423;480004
27;06;2011;AT03;50;1;5;1;4700040000002546;470004
2;02;2011;AT18;120;1;2;1;4600010000003492;460001
8;04;2010;AT07;300;1;3;1;4500040000009349;450004
26;11;2011;AT16;85;1;4;1;4600020000008258;460002
7;03;2012;AT10;110;1;5;1;4510010000003730;451001
15;07;2010;AT02;55;1;3;1;4510020000006370;451002
22;11;2010;AT16;300;1;3;1;4700040000006983;470004
6;06;2010;AT18;175;1;1;1;4510010000008946;451001
18;05;2011;AT13;60;1;2;1;4600030000003650;460003
28;05;2011;AT22;85;1;4;1;4800030000006198;480003
10;10;2011;AT23;65;1;5;1;4700020000001586;470002
18;11;2011;AT02;15;1;2;1;4600030000005430;460003
2;05;2010;AT18;250;1;5;1;4800020000009876;480002
13;10;2010;AT24;145;1;2;1;4600030000005452;460003
11;05;2011;AT03;145;1;4;1;4700020000005335;470002
2;04;2010;AT05;10;1;5;1;4700020000003662;470002
24;04;2010;AT22;175;1;4;1;4510010000001799;451001
21;06;2012;AT02;70;1;4;1;4800030000008155;480003
3;08;2012;AT05;30;1;2;1;4800030000005652;480003
16;09;2010;AT07;55;1;2;1;4800040000009250;480004
4;06;2011;AT20;90;1;1;1;4600030000007969;460003
30;04;2010;AT23;85;1;1;1;4700030000005017;470003
2;07;2012;AT14;25;1;4;1;4600010000004626;460001
26;07;2010;AT17;35;1;1;1;4510010000004384;451001
18;10;2012;AT10;100;1;3;1;4700030000007124;470003
1;03;2011;AT08;75;1;2;1;4500030000009612;450003
2;05;2012;AT12;500;1;1;1;4800020000006654;480002
24;10;2010;AT19;70;1;1;1;4600030000002175;460003
4;09;2010;AT03;80;1;2;1;4510020000002603;451002
30;08;2012;AT23;95;1;5;1;4600020000007941;460002
7;05;2010;AT24;15;1;2;1;4800010000006301;480001
4;09;2011;AT17;500;1;3;1;4510010000006015;451001
22;05;2012;AT04;250;1;3;1;4800030000009913;480003
16;09;2012;AT16;145;1;5;1;4800030000001992;480003
27;06;2012;AT01;60;1;2;1;4500040000003293;450004
19;07;2011;AT25;75;1;5;1;4510020000007297;451002
5;05;2010;AT21;35;1;2;1;4500030000007881;450003
3;02;2011;AT25;150;1;4;1;4510010000007193;451001
18;06;2010;AT08;120;1;3;1;4800030000006925;480003
11;03;2011;AT04;25;1;5;1;4700030000002645;470003
19;06;2012;AT18;95;1;1;1;4510010000003693;451001
4;11;2010;AT21;250;1;3;1;4700030000006705;470003
22;04;2010;AT17;30;1;3;1;4700020000002358;470002
3;01;2012;AT15;65;1;2;1;4800040000005477;480004
4;11;2012;AT14;25;1;2;1;4600010000008853;460001
14;04;2010;AT12;95;1;4;1;4510020000001645;451002
7;06;2010;AT11;110;1;4;1;4510010000003364;451001
21;09;2012;AT14;95;1;3;1;4500040000002135;450004
15;03;2012;AT05;55;1;5;1;4500030000009244;450003
3;02;2010;AT20;90;1;3;1;4600010000003638;460001
9;02;2012;AT07;35;1;2;1;4500030000007880;450003
29;12;2012;AT20;65;1;1;1;4700040000006479;470004
5;03;2011;AT06;55;1;2;1;4800010000001277;480001
25;06;2011;AT23;450;1;4;1;4510010000001610;451001
14;06;2012;AT21;5;1;3;1;4500040000009747;450004
23;05;2012;AT04;50;1;3;1;4800030000005420;480003
22;07;2010;AT14;175;1;2;1;4700040000008718;470004
18;08;2011;AT23;50;1;5;1;4800040000003986;480004
30;11;2012;AT11;70;1;5;1;4700020000003652;470002
23;11;2010;AT17;115;1;3;1;4500030000004753;450003
17;11;2010;AT23;110;1;4;1;4500040000004311;450004
3;09;2012;AT18;20;1;4;1;4510010000008227;451001
27;10;2010;AT24;55;1;1;1;4700010000006569;470001
4;08;2011;AT15;145;1;1;1;4600010000008331;460001
19;05;2011;AT07;145;1;3;1;4500030000008921;450003
23;05;2012;AT10;115;1;2;1;4700010000006497;470001
14;05;2012;AT04;5;1;2;1;4700020000006042;470002
20;03;2010;AT04;65;1;2;1;4700020000008674;470002
9;10;2012;AT21;45;1;1;1;4700030000004953;470003
10;03;2012;AT20;15;1;3;1;4600020000005610;460002
7;08;2011;AT10;500;1;3;1;4510020000005433;451002
16;11;2010;AT10;55;1;5;1;4500030000007365;450003
9;02;2011;AT09;30;1;2;1;4600030000009691;460003
5;09;2010;AT17;110;1;5;1;4600030000004116;460003
18;10;2010;AT08;375;1;2;1;4800020000005964;480002
11;10;2012;AT05;20;1;1;1;4500030000008263;450003
27;11;2010;AT08;85;1;2;1;4600030000007520;460003
9;08;2010;AT14;30;1;4;1;4800030000004697;480003
5;05;2012;AT20;60;1;4;1;4600010000009944;460001
17;07;2010;AT14;40;1;2;1;4700030000009946;470003
11;07;2011;AT08;110;1;3;1;4800010000004466;480001
14;04;2010;AT07;500;1;5;1;4500040000001114;450004
15;06;2011;AT05;145;1;3;1;4700040000007508;470004
12;02;2011;AT02;100;1;3;1;4600030000009051;460003
6;09;2011;AT20;375;1;5;1;4700010000007320;470001
10;03;2010;AT08;500;1;5;1;4800010000005738;480001
20;07;2012;AT07;65;1;1;1;4500040000003602;450004
21;08;2012;AT21;55;1;1;1;4800020000005211;480002
16;11;2010;AT07;35;1;1;1;4600020000003892;460002
26;01;2012;AT09;65;1;2;1;4800030000001533;480003
17;05;2010;AT05;60;1;1;1;4800040000007821;480004
22;09;2012;AT25;30;1;2;1;4500040000002213;450004
19;10;2012;AT23;110;1;4;1;4510010000006717;451001
1;04;2011;AT12;80;1;3;1;4700020000002021;470002
3;11;2010;AT20;250;1;5;1;4510010000009573;451001
22;06;2011;AT18;150;1;5;1;4800020000007465;480002
3;08;2010;AT08;5;1;2;1;4700010000009684;470001
16;02;2010;AT22;100;1;4;1;4500030000002655;450003
22;01;2012;AT17;80;1;1;1;4800010000009872;480001
6;09;2011;AT01;15;1;2;1;4700030000004142;470003
23;04;2012;AT13;135;1;3;1;4500040000005027;450004
13;02;2012;AT11;75;1;5;1;4600010000004188;460001
19;09;2010;AT22;70;1;1;1;4800040000003672;480004
14;09;2010;AT01;110;1;4;1;4800010000003098;480001
19;05;2012;AT21;80;1;2;1;4510020000006983;451002
8;02;2012;AT23;50;1;5;1;4800040000002071;480004
3;11;2012;AT12;10;1;3;1;4700030000008820;470003
12;11;2010;AT07;40;1;4;1;4800030000008566;480003
25;05;2011;AT23;20;1;5;1;4600030000002219;460003
2;10;2012;AT08;250;1;1;1;4700030000005007;470003
1;10;2010;AT15;25;1;3;1;4600020000008176;460002
9;09;2011;AT08;10;1;5;1;4800030000002305;480003
7;06;2012;AT01;90;1;1;1;4700040000002643;470004
7;08;2011;AT19;105;1;4;1;4700020000007617;470002
3;02;2010;AT14;115;1;3;1;4800020000006844;480002
16;01;2012;AT18;150;1;4;1;4700030000006416;470003
29;04;2011;AT21;135;1;4;1;4600020000004141;460002
7;12;2011;AT02;85;1;5;1;4510020000001982;451002
31;03;2012;AT22;15;1;4;1;4700010000006179;470001
19;07;2010;AT09;10;1;3;1;4700020000004730;470002
13;05;2010;AT13;55;1;1;1;4700030000003338;470003
15;11;2010;AT13;250;1;4;1;4800010000007454;480001
29;05;2010;AT13;5;1;4;1;4510020000006315;451002
7;05;2012;AT08;75;1;1;1;4600020000006825;460002
30;12;2010;AT09;60;1;1;1;4500030000003154;450003
14;09;2012;AT13;145;1;4;1;4800040000003085;480004
13;05;2010;AT05;55;1;3;1;4500040000005856;450004
26;08;2012;AT02;85;1;2;1;4700020000004315;470002
7;04;2012;AT22;90;1;4;1;4500040000005585;450004
6;07;2012;AT24;45;1;2;1;4800040000005763;480004
9;04;2011;AT09;50;1;5;1;4800040000002064;480004
30;06;2011;AT07;450;1;1;1;4700030000008148;470003
18;09;2012;AT04;95;1;3;1;4800010000007299;480001
8;04;2010;AT02;35;1;1;1;4700010000006119;470001
28;09;2011;AT19;450;1;2;1;4700020000005552;470002
28;02;2012;AT02;35;1;5;1;4700040000001110;470004
24;06;2012;AT12;55;1;1;1;4510010000006011;451001
3;07;2010;AT17;70;1;1;1;4500040000009331;450004
20;05;2011;AT06;60;1;2;1;4600020000004190;460002
26;03;2012;AT09;45;1;4;1;4510020000007189;451002
29;03;2010;AT13;95;1;5;1;4510010000007328;451001
26;01;2012;AT21;110;1;2;1;4700010000002385;470001
30;11;2010;AT17;125;1;4;1;4510020000002332;451002
13;09;2012;AT25;15;1;3;1;4700040000009535;470004
3;04;2010;AT07;200;1;4;1;4800040000004558;480004
3;12;2012;AT07;450;1;5;1;4500040000009974;450004
1;04;2010;AT24;120;1;5;1;4800020000008690;480002
14;08;2011;AT13;65;1;4;1;4500040000004456;450004
20;02;2012;AT07;90;1;5;1;4800030000009901;480003
23;09;2010;AT04;80;1;5;1;4800040000006437;480004
17;04;2010;AT19;120;1;5;1;4510010000003221;451001
12;03;2010;AT07;75;1;1;1;4510020000001726;451002
12;06;2010;AT10;175;1;4;1;4800040000006910;480004
27;11;2011;AT19;150;1;4;1;4700020000001604;470002
26;03;2012;AT20;15;1;1;1;4510010000009466;451001
22;05;2011;AT20;450;1;2;1;4800020000002636;480002
5;06;2010;AT22;70;1;4;1;4600030000002017;460003
23;08;2011;AT15;55;1;5;1;4500030000007914;450003
29;04;2011;AT20;105;1;4;1;4700040000003315;470004
15;06;2011;AT02;10;1;3;1;4800040000002233;480004
21;04;2011;AT02;95;1;4;1;4800010000007035;480001
1;10;2012;AT12;50;1;2;1;4600030000004826;460003
6;02;2010;AT19;135;1;2;1;4510020000003721;451002
28;02;2012;AT20;10;1;5;1;4800020000008163;480002
21;07;2011;AT25;150;1;5;1;4600020000004933;460002
11;08;2010;AT25;250;1;2;1;4600010000007328;460001
24;02;2010;AT11;35;1;5;1;4800020000003351;480002
12;09;2010;AT21;75;1;3;1;4700040000009704;470004
29;06;2012;AT17;95;1;3;1;4600030000005856;460003
26;07;2012;AT03;250;1;4;1;4500040000008412;450004
13;05;2010;AT08;200;1;1;1;4500040000006725;450004
1;07;2011;AT22;250;1;2;1;4500040000006953;450004
9;04;2010;AT22;250;1;5;1;4800030000002103;480003
9;05;2012;AT04;150;1;1;1;4600010000004035;460001
2;06;2011;AT02;75;1;4;1;4700020000001334;470002
25;04;2010;AT09;15;1;5;1;4800030000004767;480003
6;06;2012;AT18;120;1;4;1;4800030000006483;480003
22;10;2012;AT18;70;1;4;1;4500040000008951;450004
5;08;2012;AT19;300;1;5;1;4800020000002621;480002
6;03;2010;AT06;70;1;5;1;4700030000008587;470003
4;05;2011;AT02;375;1;5;1;4700040000001886;470004
27;08;2012;AT09;115;1;2;1;4600030000006949;460003
6;02;2011;AT02;300;1;1;1;4800010000008517;480001
4;03;2012;AT05;60;1;5;1;4600020000001181;460002
11;06;2012;AT17;90;1;2;1;4800040000002758;480004
13;01;2011;AT12;120;1;3;1;4510020000004129;451002
11;10;2012;AT09;55;1;3;1;4600020000006068;460002
4;05;2012;AT18;175;1;5;1;4510020000002025;451002
7;05;2011;AT11;50;1;2;1;4700030000001021;470003
12;06;2010;AT22;25;1;1;1;4700040000001523;470004
23;08;2012;AT12;145;1;1;1;4500040000009173;450004
14;03;2012;AT09;45;1;5;1;4700030000001050;470003
12;09;2010;AT02;135;1;2;1;4800010000004713;480001
19;12;2011;AT06;300;1;4;1;4800040000004306;480004
30;11;2011;AT03;65;1;2;1;4510020000004290;451002
17;11;2011;AT19;115;1;1;1;4600010000007726;460001
3;05;2011;AT09;100;1;5;1;4500030000006527;450003
20;06;2012;AT11;5;1;2;1;4800030000001210;480003
25;11;2010;AT19;10;1;3;1;4800020000008678;480002
9;10;2011;AT24;145;1;2;1;4700010000008485;470001
18;09;2010;AT20;30;1;4;1;4700010000004438;470001
17;02;2010;AT16;125;1;3;1;4600030000002037;460003
8;02;2011;AT16;85;1;3;1;4700030000004197;470003
30;09;2010;AT25;150;1;1;1;4600010000006788;460001
1;10;2011;AT22;95;1;2;1;4510020000002655;451002
13;05;2012;AT06;115;1;4;1;4800040000007368;480004
3;04;2011;AT09;145;1;5;1;4510020000006303;451002
6;10;2010;AT09;5;1;3;1;4800040000002750;480004
21;10;2010;AT12;40;1;5;1;4800030000003545;480003
7;02;2012;AT20;50;1;2;1;4700030000008577;470003
21;11;2010;AT13;50;1;3;1;4700020000002179;470002
15;04;2012;AT06;110;1;1;1;4800040000001459;480004
16;06;2010;AT13;120;1;3;1;4800040000004060;480004
1;04;2012;AT21;60;1;1;1;4700030000009983;470003
30;08;2010;AT10;55;1;4;1;4800010000004402;480001
29;10;2010;AT13;90;1;3;1;4800030000002866;480003
18;03;2010;AT15;125;1;3;1;4500030000009265;450003
25;05;2010;AT21;115;1;2;1;4700010000003992;470001
6;11;2012;AT15;150;1;3;1;4500030000003076;450003
15;10;2011;AT05;70;1;4;1;4700030000005464;470003
17;07;2010;AT07;135;1;2;1;4700030000001982;470003
15;12;2010;AT13;500;1;1;1;4510020000009240;451002
3;08;2010;AT20;450;1;1;1;4700020000007337;470002
28;01;2012;AT12;115;1;3;1;4700030000002157;470003
26;02;2010;AT13;135;1;4;1;4700030000004317;470003
9;06;2010;AT24;5;1;5;1;4500030000006543;450003
12;02;2012;AT23;80;1;1;1;4600010000009691;460001
21;07;2010;AT25;135;1;1;1;4510010000008359;451001
28;03;2011;AT03;250;1;5;1;4600020000001790;460002
14;07;2011;AT09;135;1;5;1;4510020000006293;451002
9;10;2010;AT09;125;1;4;1;4600030000002464;460003
7;11;2011;AT13;75;1;1;1;4600020000008766;460002
23;03;2011;AT25;110;1;1;1;4600020000006799;460002
29;10;2010;AT02;70;1;4;1;4600030000001846;460003
5;03;2010;AT22;150;1;4;1;4800020000004025;480002
10;10;2011;AT18;10;1;1;1;4800020000009296;480002
6;11;2011;AT21;100;1;4;1;4700010000006840;470001
1;02;2011;AT15;115;1;3;1;4700040000002040;470004
21;11;2011;AT09;375;1;2;1;4700040000009792;470004
11;03;2010;AT11;200;1;5;1;4600020000002299;460002
30;04;2012;AT08;65;1;5;1;4600020000004947;460002
23;04;2012;AT21;50;1;2;1;4500040000008942;450004
13;10;2010;AT24;375;1;3;1;4500030000001737;450003
30;10;2010;AT17;5;1;5;1;4510020000007600;451002
9;07;2011;AT25;10;1;2;1;4600020000008043;460002
12;05;2012;AT13;25;1;1;1;4700040000007554;470004
13;04;2012;AT06;35;1;2;1;4600010000006977;460001
23;07;2012;AT04;175;1;4;1;4800040000003863;480004
15;11;2010;AT18;80;1;5;1;4500030000005868;450003
7;03;2012;AT24;145;1;4;1;4510020000007933;451002
19;10;2010;AT09;40;1;3;1;4510020000002714;451002
13;03;2012;AT19;175;1;3;1;4800020000001291;480002
8;10;2011;AT04;65;1;5;1;4600030000008305;460003
30;11;2011;AT13;375;1;2;1;4700040000007812;470004
18;06;2012;AT12;15;1;5;1;4800030000006131;480003
26;09;2012;AT24;15;1;4;1;4600030000006268;460003
26;06;2011;AT17;105;1;1;1;4500040000006651;450004
7;03;2011;AT22;95;1;1;1;4800040000001546;480004
16;06;2011;AT08;20;1;2;1;4700010000009965;470001
5;07;2010;AT01;120;1;5;1;4500030000009282;450003
23;06;2012;AT02;20;1;5;1;4800030000007819;480003
29;11;2012;AT13;15;1;2;1;4700020000004914;470002
10;10;2010;AT25;65;1;1;1;4700030000009007;470003
4;06;2011;AT03;20;1;1;1;4510010000006177;451001
28;02;2011;AT23;450;1;4;1;4500030000008945;450003
22;09;2012;AT04;150;1;3;1;4700020000006949;470002
18;06;2010;AT13;40;1;5;1;4510010000002178;451001
17;12;2012;AT15;70;1;1;1;4800010000003618;480001
11;04;2010;AT17;135;1;5;1;4600010000002560;460001
9;08;2012;AT17;135;1;5;1;4700020000001167;470002
27;10;2011;AT08;10;1;2;1;4500040000002364;450004
19;05;2011;AT21;30;1;4;1;4510010000002612;451001
28;04;2012;AT12;120;1;5;1;4700040000008813;470004
17;11;2011;AT14;115;1;5;1;4700040000006423;470004
24;12;2011;AT03;100;1;2;1;4700040000001584;470004
7;01;2010;AT02;25;1;1;1;4800010000005599;480001
26;11;2010;AT01;70;1;1;1;4600020000003903;460002
11;05;2010;AT12;135;1;4;1;4510010000003579;451001
5;06;2011;AT04;115;1;1;1;4700010000003303;470001
3;04;2012;AT05;175;1;5;1;4700040000002220;470004
19;03;2012;AT13;250;1;2;1;4800040000006198;480004
18;04;2010;AT21;115;1;5;1;4510010000004948;451001
4;11;2010;AT07;15;1;2;1;4700040000002715;470004
4;03;2012;AT06;85;1;2;1;4700030000003069;470003
17;04;2010;AT16;40;1;2;1;4700040000004345;470004
23;10;2010;AT11;375;1;1;1;4700030000004119;470003
10;10;2010;AT05;60;1;1;1;4600020000005030;460002
2;01;2012;AT01;115;1;5;1;4800020000004625;480002
19;08;2012;AT09;500;1;5;1;4700040000003236;470004
30;04;2011;AT09;175;1;4;1;4700040000006900;470004
31;12;2012;AT04;175;1;5;1;4700040000008968;470004
14;01;2011;AT04;135;1;5;1;4600030000008709;460003
27;06;2010;AT03;85;1;3;1;4700030000007719;470003
24;10;2010;AT17;250;1;2;1;4800010000004257;480001
14;09;2011;AT10;175;1;3;1;4600010000009108;460001
26;11;2010;AT16;175;1;4;1;4500040000004130;450004
29;10;2010;AT24;135;1;1;1;4700020000007921;470002
21;06;2010;AT22;250;1;5;1;4600010000006408;460001
25;08;2010;AT17;85;1;2;1;4510010000005104;451001
5;01;2010;AT01;135;1;2;1;4600030000006452;460003
7;09;2010;AT21;200;1;5;1;4700020000002507;470002
21;07;2011;AT23;105;1;4;1;4700040000003961;470004
22;03;2010;AT16;50;1;3;1;4700030000008466;470003
2;09;2010;AT22;145;1;1;1;4800040000008544;480004
20;11;2010;AT08;110;1;1;1;4700040000003404;470004
22;07;2010;AT24;500;1;1;1;4700020000003468;470002
1;08;2010;AT20;60;1;1;1;4500040000008559;450004
29;10;2012;AT11;175;1;4;1;4000010000002030;400001
8;07;2010;AT02;105;1;3;1;4010010000005161;401001
30;11;2010;AT08;90;1;1;1;4010010000006125;401001
10;02;2010;AT15;10;1;1;1;4010010000007745;401001
11;05;2011;AT08;115;1;4;1;4010010000004560;401001
15;11;2011;AT16;60;1;3;1;4010020000003351;401002
12;10;2012;AT25;125;1;5;1;4010020000007716;401002
24;03;2010;AT21;250;1;2;1;4010010000002212;401001
30;06;2010;AT11;250;1;2;1;4010020000003127;401002
25;08;2012;AT11;20;1;3;1;4010020000003294;401002
20;03;2012;AT24;95;1;2;1;4010020000006239;401002
4;05;2010;AT14;110;1;4;1;4010020000009184;401002
8;04;2012;AT02;200;1;3;1;4010020000003284;401002
2;02;2010;AT12;85;1;3;1;4010010000005506;401001
29;03;2012;AT17;450;1;2;1;4010010000003835;401001
17;03;2011;AT12;95;1;3;1;4010010000007954;401001
24;11;2010;AT04;25;1;1;1;4010020000008333;401002
30;06;2011;AT05;200;1;1;1;4010020000008368;401002
17;04;2012;AT07;20;1;1;1;4010020000006016;401002
28;02;2011;AT16;110;1;2;1;4010020000002824;401002
30;05;2012;AT09;100;1;3;1;4010020000002984;401002
27;05;2010;AT16;175;1;1;1;4010020000001770;401002
16;04;2012;AT18;145;1;4;1;4010010000005889;401001
2;10;2012;AT17;55;1;3;1;4010020000001571;401002
16;01;2010;AT02;85;1;1;1;4010010000006507;401001
3;04;2011;AT18;115;1;5;1;4010010000004655;401001
19;07;2010;AT02;145;1;5;1;4010010000009487;401001
27;05;2010;AT10;95;1;4;1;4010020000001841;401002
19;05;2011;AT07;95;1;1;1;4010020000004682;401002
18;06;2012;AT16;115;1;1;1;4010020000005105;401002
17;09;2011;AT24;500;1;4;1;4010010000008131;401001
10;04;2012;AT08;375;1;1;1;4010010000003954;401001
5;11;2011;AT08;85;1;3;1;4010020000001737;401002
31;08;2011;AT15;300;1;1;1;4010020000008500;401002
4;10;2011;AT02;80;1;2;1;4010010000001417;401001
13;07;2012;AT08;60;1;5;1;4010020000004127;401002
22;11;2012;AT10;135;1;1;1;4010020000002593;401002
29;03;2011;AT20;110;1;4;1;4010020000002522;401002
3;07;2012;AT21;115;1;3;1;4010010000009199;401001
26;05;2011;AT24;100;1;5;1;4010010000004829;401001
13;07;2012;AT03;60;1;3;1;4010010000002006;401001
7;01;2012;AT17;25;1;2;1;4010020000001443;401002
15;08;2011;AT07;20;1;1;1;4010010000008041;401001
8;09;2011;AT04;45;1;4;1;4010010000003394;401001
4;08;2011;AT19;300;1;4;1;4010010000007604;401001
8;05;2012;AT12;100;1;1;1;4010020000003019;401002
3;10;2011;AT06;55;1;5;1;4010020000007052;401002
21;11;2010;AT22;40;1;3;1;4010010000009545;401001
15;08;2010;AT23;300;1;5;1;4010010000009366;401001
20;09;2012;AT02;15;1;5;1;4010020000003557;401002
22;06;2010;AT11;135;1;4;1;4010020000004018;401002
4;08;2011;AT01;30;1;2;1;4010010000007603;401001
9;08;2010;AT06;250;1;1;1;4010020000003031;401002
17;08;2011;AT15;80;1;4;1;4010010000005543;401001
21;04;2012;AT23;375;1;4;1;4010020000009690;401002
19;10;2011;AT02;85;1;2;1;4010010000004316;401001
23;07;2012;AT20;100;1;5;1;4010020000008891;401002
26;03;2012;AT23;500;1;3;1;4010020000006649;401002
28;07;2010;AT20;35;1;5;1;4010010000003824;401001
18;07;2010;AT20;500;1;3;1;4010020000001017;401002
1;11;2010;AT11;125;1;3;1;4010020000002096;401002
20;04;2010;AT03;450;1;1;1;4010020000005155;401002
2;07;2011;AT25;20;1;4;1;4010020000002419;401002
4;09;2012;AT03;85;1;3;1;4010010000001324;401001
9;03;2011;AT06;450;1;1;1;4010010000001421;401001
6;01;2012;AT01;40;1;2;1;4010020000001296;401002
18;06;2010;AT17;40;1;5;1;4010020000001328;401002
30;03;2012;AT09;300;1;1;1;4010010000005508;401001
12;09;2012;AT19;175;1;1;1;4010010000002956;401001
14;08;2010;AT12;70;1;1;1;4010010000003938;401001
13;08;2011;AT03;145;1;5;1;4010010000002079;401001
3;11;2011;AT07;30;1;3;1;4010010000005575;401001
18;12;2010;AT03;125;1;2;1;4010020000005607;401002
5;07;2010;AT10;60;1;5;1;4010010000008570;401001
13;10;2012;AT19;125;1;5;1;4010020000008049;401002
20;04;2012;AT19;65;1;3;1;4010020000004741;401002
10;08;2010;AT07;30;1;4;1;4010020000005459;401002
20;04;2011;AT04;450;1;3;1;4010010000002811;401001
9;03;2010;AT02;250;1;1;1;4010020000001681;401002
2;09;2010;AT23;135;1;1;1;4010010000007520;401001
17;01;2011;AT09;15;1;2;1;4010020000009342;401002
28;08;2010;AT12;15;1;4;1;4010020000009492;401002
28;02;2010;AT20;50;1;3;1;4010020000002044;401002
31;10;2011;AT24;30;1;2;1;4010010000002845;401001
28;03;2011;AT21;95;1;1;1;4010010000004757;401001
16;10;2011;AT08;30;1;5;1;4010020000006303;401002
11;11;2011;AT25;120;1;3;1;4010010000006812;401001
28;04;2011;AT10;300;1;4;1;4010010000009752;401001
7;10;2011;AT21;150;1;1;1;4010010000006882;401001
11;08;2012;AT18;20;1;4;1;4010020000006253;401002
10;04;2010;AT14;250;1;2;1;4010010000001274;401001
27;03;2010;AT24;90;1;5;1;4010010000006211;401001
28;02;2011;AT22;450;1;3;1;4010010000004382;401001
4;06;2012;AT13;105;1;5;1;4010020000008289;401002
2;04;2011;AT06;40;1;2;1;4010010000003242;401001
12;10;2010;AT18;450;1;3;1;4010010000005304;401001
26;01;2011;AT18;40;1;3;1;4010010000004086;401001
21;03;2010;AT18;300;1;4;1;4010020000004334;401002
15;05;2010;AT07;5;1;3;1;4010020000005700;401002
17;06;2011;AT13;200;1;3;1;4010010000002244;401001
18;03;2011;AT22;25;1;3;1;4010010000001565;401001
20;02;2012;AT16;90;1;3;1;4010010000004490;401001
27;08;2010;AT12;30;1;4;1;4010020000007158;401002
21;01;2012;AT06;45;1;4;1;4010020000004000;401002
26;10;2012;AT09;145;1;3;1;4010020000004340;401002
11;11;2011;AT20;175;1;5;1;4010020000001473;401002
15;02;2011;AT16;500;1;2;1;4010010000009833;401001
8;08;2012;AT21;10;1;1;1;4010020000006737;401002
5;08;2012;AT09;90;1;5;1;4010010000006393;401001
4;07;2010;AT25;150;1;3;1;4010010000001461;401001
25;05;2012;AT15;75;1;2;1;4010020000001996;401002
16;12;2010;AT02;70;1;2;1;4010020000008675;401002
17;10;2011;AT04;70;1;3;1;4010020000008734;401002
26;12;2010;AT22;145;1;3;1;4010010000005945;401001
7;08;2010;AT19;375;1;4;1;4010010000004953;401001
30;10;2010;AT21;30;1;1;1;4010020000002853;401002
1;06;2011;AT03;95;1;3;1;4010020000006704;401002
22;04;2010;AT22;80;1;2;1;4010010000002086;401001
5;03;2011;AT01;120;1;1;1;4010010000002456;401001
1;08;2012;AT12;30;1;3;1;4010020000007724;401002
26;03;2012;AT15;25;1;1;1;4010010000002700;401001
4;10;2012;AT16;375;1;5;1;4010010000001880;401001
6;03;2012;AT04;15;1;1;1;4010020000009689;401002
8;01;2011;AT21;500;1;2;1;4010020000003251;401002
4;03;2010;AT23;40;1;5;1;4010010000007231;401001
9;03;2010;AT15;110;1;5;1;4010010000006981;401001
29;10;2012;AT02;60;1;3;1;4010010000001573;401001
24;05;2011;AT02;175;1;1;1;4010020000001556;401002
18;09;2010;AT08;95;1;5;1;4010010000001317;401001
1;03;2011;AT04;375;1;3;1;4010020000007707;401002
14;04;2010;AT03;25;1;2;1;4010010000003759;401001
4;06;2010;AT13;145;1;4;1;4010010000004852;401001
13;06;2010;AT23;100;1;5;1;4010020000004826;401002
29;11;2011;AT13;135;1;4;1;4010020000002388;401002
1;04;2010;AT01;85;1;3;1;4010010000005324;401001
13;12;2011;AT10;55;1;5;1;4010010000002236;401001
28;03;2012;AT04;300;1;4;1;4010020000003670;401002
29;08;2012;AT15;125;1;4;1;4010020000009936;401002
13;04;2012;AT13;85;1;5;1;4010020000006622;401002
4;12;2012;AT04;35;1;2;1;4010020000008583;401002
2;08;2011;AT01;90;1;5;1;4010020000002431;401002
4;12;2012;AT16;30;1;5;1;4010010000001315;401001
5;04;2012;AT14;145;1;2;1;4010020000003532;401002
7;10;2010;AT24;95;1;5;1;4010020000006393;401002
21;01;2011;AT17;55;1;2;1;4010020000009071;401002
29;05;2011;AT21;110;1;2;1;4010010000002638;401001
25;01;2012;AT05;125;1;1;1;4010020000003993;401002
24;12;2011;AT18;60;1;1;1;4010010000002297;401001
11;07;2011;AT02;90;1;5;1;4010020000005774;401002
4;07;2010;AT13;60;1;4;1;4010010000001079;401001
17;02;2012;AT14;5;1;3;1;4010020000008999;401002
31;07;2011;AT18;15;1;5;1;4010010000008784;401001
2;05;2010;AT04;85;1;2;1;4010010000007622;401001
2;08;2011;AT22;450;1;1;1;4010010000008692;401001
17;08;2012;AT18;375;1;3;1;4010010000007463;401001
21;05;2011;AT03;145;1;2;1;4010020000001829;401002
28;02;2010;AT12;250;1;2;1;4010020000006313;401002
27;05;2010;AT22;35;1;3;1;4010020000009745;401002
27;03;2011;AT19;105;1;4;1;4010020000009427;401002
29;10;2011;AT10;450;1;3;1;4010010000004362;401001
22;03;2011;AT17;105;1;5;1;4010010000004121;401001
2;06;2012;AT25;200;1;3;1;4010020000004582;401002
10;05;2011;AT18;70;1;3;1;4010010000009801;401001
10;05;2010;AT20;145;1;4;1;4010020000005274;401002
8;03;2011;AT01;105;1;5;1;4010020000003245;401002
28;12;2011;AT14;35;1;5;1;4010010000001500;401001
3;05;2012;AT03;110;1;4;1;4010010000009030;401001
16;01;2010;AT24;50;1;1;1;4010010000008609;401001
22;09;2011;AT09;115;1;5;1;4010010000007737;401001
26;05;2012;AT16;35;1;5;1;4010020000006147;401002
4;06;2011;AT12;35;1;1;1;4010010000009910;401001
18;08;2011;AT10;30;1;5;1;4010010000005331;401001
14;07;2011;AT16;80;1;4;1;4010020000006337;401002
19;10;2010;AT25;65;1;5;1;4010010000003122;401001
15;09;2010;AT06;125;1;3;1;4010020000005807;401002
30;03;2011;AT06;300;1;1;1;4010010000009837;401001
27;06;2012;AT23;10;1;4;1;4010010000005267;401001
5;07;2012;AT21;145;1;1;1;4010010000004574;401001
28;10;2012;AT18;20;1;3;1;4010020000009133;401002
6;10;2012;AT21;25;1;3;1;4010010000008419;401001
17;06;2012;AT06;125;1;2;1;4010020000001212;401002
6;04;2010;AT10;75;1;4;1;4010010000005761;401001
23;08;2010;AT08;55;1;5;1;4010010000002900;401001
16;08;2010;AT19;300;1;3;1;4010020000002315;401002
27;11;2010;AT22;75;1;3;1;4010010000009447;401001
14;11;2011;AT18;145;1;2;1;4010010000008459;401001
3;09;2010;AT16;55;1;2;1;4010020000001956;401002
22;02;2012;AT18;120;1;5;1;4010010000007381;401001
11;04;2012;AT18;115;1;5;1;4010010000008525;401001
4;06;2010;AT11;50;1;1;1;4010010000007383;401001
3;11;2011;AT18;40;1;2;1;4010010000004875;401001
3;11;2012;AT14;5;1;1;1;4010010000005181;401001
15;08;2012;AT09;45;1;4;1;4010010000005785;401001
3;06;2012;AT20;450;1;4;1;4010020000007977;401002
12;04;2012;AT10;135;1;3;1;4010010000009572;401001
23;06;2011;AT08;95;1;2;1;4010010000003780;401001
22;11;2012;AT20;135;1;3;1;4010020000009568;401002
27;06;2012;AT06;15;1;4;1;4010010000006917;401001
24;09;2010;AT04;150;1;5;1;4010020000009528;401002
6;05;2010;AT22;85;1;1;1;4010020000008976;401002
24;08;2010;AT16;90;1;1;1;4010010000007803;401001
30;11;2010;AT22;200;1;1;1;4010020000001947;401002
22;12;2010;AT09;35;1;1;1;4010020000005402;401002
3;01;2011;AT19;110;1;3;1;4010020000002383;401002
18;11;2012;AT14;5;1;2;1;4010020000004608;401002
19;01;2011;AT17;500;1;3;1;4010010000009809;401001
30;07;2012;AT19;150;1;2;1;4010020000003623;401002
24;04;2012;AT20;85;1;4;1;4010020000005098;401002
17;05;2011;AT15;115;1;5;1;4010020000003068;401002
6;09;2010;AT01;65;1;4;1;4010010000002174;401001
3;03;2012;AT08;100;1;1;1;4010020000001903;401002
1;05;2010;AT22;250;1;5;1;4010020000003913;401002
8;06;2012;AT20;45;1;3;1;4010010000005661;401001
9;08;2010;AT14;15;1;2;1;4010010000009081;401001
26;01;2011;AT01;30;1;2;1;4010010000008891;401001
11;03;2011;AT24;35;1;2;1;4010010000006557;401001
16;09;2012;AT19;250;1;4;1;4010010000008828;401001
11;11;2012;AT15;250;1;1;1;4010020000001068;401002
2;02;2012;AT09;250;1;2;1;4010010000007466;401001
18;11;2011;AT02;45;1;2;1;4010020000009440;401002
8;08;2010;AT14;105;1;1;1;4010020000002290;401002
27;11;2010;AT03;375;1;3;1;4010010000002990;401001
10;08;2011;AT18;45;1;2;1;4010010000009596;401001
27;06;2010;AT14;135;1;1;1;4010010000008341;401001
4;10;2010;AT19;145;1;1;1;4010010000006165;401001
5;11;2012;AT24;125;1;3;1;4010010000009339;401001
24;03;2010;AT03;200;1;4;1;4010010000008240;401001
5;05;2011;AT05;450;1;5;1;4010020000006856;401002
2;02;2011;AT15;80;1;5;1;4010020000008379;401002
9;07;2010;AT21;150;1;4;1;4010020000001900;401002
10;12;2010;AT11;500;1;4;1;4010020000009686;401002
31;01;2010;AT12;375;1;1;1;4010020000006214;401002
8;07;2011;AT06;40;1;3;1;4010010000009066;401001
8;07;2010;AT13;5;1;2;1;4010010000007769;401001
14;12;2010;AT18;105;1;1;1;4010010000001680;401001
14;08;2012;AT05;25;1;1;1;4010010000006845;401001
27;02;2012;AT25;105;1;2;1;4010010000005481;401001
7;03;2012;AT14;115;1;1;1;4010010000003706;401001
8;07;2012;AT12;65;1;3;1;4010020000003653;401002
29;04;2012;AT16;145;1;2;1;4010020000005275;401002
21;09;2012;AT16;95;1;2;1;4010010000008174;401001
15;11;2010;AT11;150;1;2;1;4010020000009120;401002
3;05;2012;AT13;250;1;4;1;4010020000006522;401002
29;04;2012;AT08;30;1;3;1;4010010000007633;401001
22;02;2012;AT07;10;1;1;1;4010010000001151;401001
17;09;2010;AT06;95;1;5;1;4010020000002894;401002
17;06;2010;AT11;105;1;3;1;4010020000003886;401002
28;10;2011;AT13;110;1;4;1;4010020000003795;401002
16;10;2011;AT23;45;1;2;1;4010020000009910;401002
17;04;2010;AT09;15;1;2;1;4010010000007574;401001
1;01;2010;AT13;115;1;3;1;4010020000006349;401002
6;08;2011;AT21;150;1;1;1;4010010000001697;401001
13;04;2011;AT22;85;1;3;1;4010020000002295;401002
7;02;2012;AT13;15;1;1;1;4010010000004974;401001
17;06;2010;AT19;300;1;4;1;4010020000001518;401002
30;11;2010;AT25;95;1;2;1;4010020000008516;401002
4;03;2011;AT23;95;1;5;1;4010020000005998;401002
22;07;2012;AT14;5;1;5;1;4010020000001169;401002
2;10;2012;AT06;10;1;1;1;4010010000008681;401001
16;12;2011;AT22;35;1;5;1;4010010000002182;401001
4;12;2010;AT08;55;1;3;1;4010020000002816;401002
11;08;2010;AT08;80;1;2;1;4010010000001415;401001
1;10;2010;AT07;500;1;3;1;4010020000009628;401002
2;10;2012;AT21;500;1;1;1;4010010000006229;401001
1;08;2012;AT07;300;1;5;1;4010020000009897;401002
15;11;2012;AT19;90;1;2;1;4010020000004594;401002
23;03;2011;AT25;200;1;3;1;4010010000001328;401001
20;05;2010;AT09;500;1;5;1;4010010000009627;401001
29;09;2012;AT09;25;1;4;1;4010020000006270;401002
8;06;2012;AT18;375;1;1;1;4010020000009796;401002
2;12;2010;AT15;20;1;2;1;4010010000007624;401001
9;02;2011;AT23;25;1;3;1;4010010000009494;401001
13;05;2012;AT11;450;1;5;1;4010010000006356;401001
26;04;2012;AT19;5;1;2;1;4010010000008756;401001
8;07;2012;AT15;120;1;5;1;4010010000008852;401001
17;07;2010;AT13;65;1;2;1;4010020000008299;401002
12;01;2010;AT02;75;1;5;1;4010020000001011;401002
19;04;2010;AT10;115;1;2;1;4010020000009967;401002
28;08;2011;AT22;250;1;3;1;4010020000003315;401002
11;04;2012;AT01;150;1;1;1;4010010000008140;401001
4;07;2012;AT17;120;1;5;1;4010010000005208;401001
29;04;2010;AT17;55;1;2;1;4010010000002178;401001
15;04;2010;AT03;10;1;4;1;4010010000005730;401001
7;12;2012;AT10;135;1;2;1;4010020000002735;401002
4;06;2012;AT10;200;1;4;1;4010010000007604;401001
14;04;2012;AT11;75;1;1;1;4010010000002159;401001
9;04;2011;AT08;55;1;3;1;4010020000006019;401002
6;07;2010;AT24;90;1;3;1;4010010000008441;401001
22;10;2011;AT19;20;1;2;1;4010020000002857;401002
19;06;2010;AT03;35;1;4;1;4010010000001831;401001
6;06;2012;AT06;45;1;4;1;4010020000006178;401002
29;10;2010;AT04;50;1;2;1;4010020000009188;401002
6;03;2010;AT01;40;1;5;1;4010020000008900;401002
2;05;2010;AT25;115;1;4;1;4010020000009868;401002
5;01;2010;AT04;145;1;4;1;4010010000006938;401001
9;03;2012;AT20;115;1;4;1;4010010000003688;401001
19;04;2012;AT19;80;1;2;1;4010010000001129;401001
18;08;2010;AT15;500;1;5;1;4010020000001712;401002
30;09;2011;AT19;15;1;3;1;4010010000003806;401001
16;09;2010;AT07;300;1;5;1;4010020000002538;401002
1;04;2010;AT22;70;1;2;1;4010020000005949;401002
21;11;2011;AT25;105;1;1;1;4010010000002396;401001
2;05;2011;AT01;10;1;4;1;4010010000006977;401001
18;03;2012;AT04;90;1;2;1;4010010000001292;401001
19;02;2012;AT09;95;1;1;1;4010020000007897;401002
19;01;2010;AT09;95;1;4;1;4010020000008891;401002
25;02;2010;AT02;15;1;5;1;4010020000006159;401002
30;10;2012;AT17;70;1;1;1;4010020000006651;401002
1;01;2011;AT18;60;1;1;1;4010010000003230;401001
9;04;2012;AT17;200;1;5;1;4010020000006968;401002
31;01;2012;AT13;70;1;4;1;4010020000004493;401002
19;06;2011;AT11;120;1;4;1;4010010000001406;401001
19;10;2012;AT08;105;1;4;1;4010010000004312;401001
30;12;2012;AT17;40;1;4;1;4010010000004997;401001
25;05;2012;AT21;375;1;1;1;4010020000008151;401002
4;10;2012;AT09;90;1;5;1;4010010000009065;401001
13;08;2010;AT05;375;1;3;1;4010020000002952;401002
10;10;2010;AT15;135;1;2;1;4010010000005858;401001
7;03;2012;AT22;55;1;1;1;4010020000009833;401002
15;04;2011;AT02;135;1;4;1;4010020000004561;401002
18;06;2010;AT24;250;1;3;1;4010020000007534;401002
15;07;2011;AT19;55;1;5;1;4010010000001497;401001
14;06;2010;AT12;120;1;3;1;4010010000006190;401001
23;11;2011;AT12;40;1;5;1;4010010000004230;401001
27;05;2012;AT05;20;1;4;1;4010020000009339;401002
9;08;2010;AT25;20;1;3;1;4010010000006258;401001
28;08;2011;AT03;90;1;4;1;4010020000002539;401002
8;01;2011;AT06;115;1;2;1;4010010000009667;401001
1;09;2012;AT15;100;1;5;1;4010020000005604;401002
27;01;2011;AT11;20;1;4;1;4010020000002150;401002
26;08;2010;AT02;20;1;3;1;4010010000005073;401001
8;09;2010;AT22;95;1;1;1;4010020000004256;401002
18;06;2012;AT22;120;1;3;1;4010020000005068;401002
28;07;2010;AT15;125;1;4;1;4010020000006025;401002
13;07;2010;AT09;75;1;3;1;4010010000006136;401001
8;09;2011;AT22;75;1;3;1;4010010000005254;401001
24;08;2010;AT24;300;1;3;1;4010020000001082;401002
15;11;2011;AT24;110;1;5;1;4010010000004738;401001
11;12;2010;AT25;25;1;5;1;4010020000002135;401002
20;04;2011;AT16;10;1;2;1;4010010000003865;401001
22;03;2011;AT06;40;1;3;1;4010010000002529;401001
23;05;2010;AT17;110;1;1;1;4010020000006590;401002
11;04;2012;AT21;10;1;5;1;4010020000002038;401002
26;11;2012;AT08;65;1;1;1;4010020000006928;401002
18;03;2010;AT11;70;1;4;1;4010020000007858;401002
18;11;2010;AT03;85;1;1;1;4010010000002816;401001
18;11;2012;AT25;450;1;3;1;4010010000008856;401001
14;11;2011;AT09;70;1;1;1;4010020000001544;401002
5;04;2010;AT17;40;1;4;1;4010010000002810;401001
8;05;2012;AT16;450;1;2;1;4010020000006135;401002
3;04;2010;AT15;200;1;3;1;4010020000002499;401002
16;03;2012;AT19;45;1;4;1;4010020000005201;401002
1;09;2011;AT22;125;1;3;1;4010020000004708;401002
21;07;2012;AT03;250;1;4;1;4010020000004077;401002
8;03;2010;AT16;80;1;5;1;4010020000002235;401002
18;09;2012;AT06;500;1;4;1;4010010000002069;401001
23;10;2010;AT05;375;1;1;1;4010020000003578;401002
12;11;2012;AT05;50;1;4;1;4010010000005097;401001
24;10;2010;AT23;85;1;3;1;4010010000004721;401001
24;10;2011;AT01;35;1;5;1;4010020000005301;401002
23;09;2012;AT25;145;1;3;1;4010020000002704;401002
7;03;2011;AT08;115;1;3;1;4010020000006811;401002
23;08;2011;AT17;115;1;2;1;4010010000005196;401001
17;06;2010;AT19;60;1;3;1;4010010000003586;401001
26;04;2010;AT23;450;1;2;1;4010020000005825;401002
9;04;2010;AT03;120;1;4;1;4010010000002321;401001
23;07;2012;AT10;15;1;2;1;4010020000002326;401002
3;01;2011;AT21;450;1;5;1;4010020000009648;401002
22;09;2011;AT23;60;1;3;1;4010010000009649;401001
5;03;2010;AT02;300;1;1;1;4010020000006558;401002
18;10;2011;AT02;75;1;3;1;4010010000007979;401001
14;06;2012;AT06;15;1;3;1;4010020000003177;401002
6;07;2012;AT11;150;1;2;1;4010010000004954;401001
6;02;2011;AT05;45;1;3;1;4010020000008589;401002
5;03;2010;AT02;250;1;3;1;4010020000008060;401002
11;04;2010;AT25;250;1;3;1;4010010000001120;401001
24;07;2012;AT08;110;1;2;1;4010010000008399;401001
23;03;2010;AT24;10;1;5;1;4010010000006952;401001
19;06;2010;AT19;145;1;2;1;4010010000001272;401001
3;08;2011;AT24;125;1;2;1;4010020000008198;401002
3;03;2012;AT05;60;1;2;1;4010010000005690;401001
25;08;2010;AT12;120;1;3;1;4010010000008659;401001
29;04;2011;AT15;60;1;2;1;4010010000001363;401001
18;11;2012;AT04;105;1;4;1;4010020000009236;401002
10;03;2011;AT16;15;1;3;1;4010020000009188;401002
27;02;2010;AT02;30;1;3;1;4010020000008785;401002
16;06;2011;AT15;60;1;3;1;4010010000007988;401001
13;04;2010;AT23;125;1;5;1;4010020000008684;401002
25;08;2011;AT07;55;1;1;1;4010010000006929;401001
25;07;2010;AT07;50;1;5;1;4010020000007186;401002
29;04;2011;AT04;135;1;1;1;4010020000008604;401002
13;04;2012;AT03;5;1;2;1;4010020000001906;401002
4;03;2011;AT24;500;1;4;1;4010020000008652;401002
14;10;2010;AT09;25;1;5;1;4010020000005269;401002
8;10;2011;AT25;120;1;5;1;4010010000006653;401001
17;05;2011;AT07;115;1;1;1;4010020000007594;401002
22;03;2011;AT15;20;1;2;1;4010010000007560;401001
17;12;2011;AT24;250;1;3;1;4010010000004345;401001
25;11;2012;AT05;30;1;1;1;4010010000001841;401001
12;09;2012;AT24;80;1;2;1;4010020000006573;401002
10;04;2012;AT12;95;1;1;1;4010010000008738;401001
18;12;2010;AT09;50;1;3;1;4010020000009024;401002
27;10;2012;AT14;100;1;4;1;4010020000008693;401002
17;05;2010;AT16;125;1;2;1;4010010000007069;401001
27;06;2012;AT05;85;1;5;1;4010020000003217;401002
8;05;2010;AT23;15;1;4;1;4010020000001948;401002
27;03;2012;AT05;250;1;1;1;4010010000007495;401001
18;05;2010;AT07;300;1;5;1;4010020000001104;401002
15;03;2011;AT03;100;1;2;1;4010010000008632;401001
10;08;2012;AT05;10;1;1;1;4010010000005332;401001
25;11;2010;AT22;105;1;3;1;4010020000002801;401002
17;04;2010;AT14;70;1;3;1;4010010000001835;401001
8;01;2011;AT13;250;1;5;1;4010010000004659;401001
3;10;2011;AT06;105;1;3;1;4010020000004906;401002
10;06;2012;AT01;15;1;1;1;4010010000008506;401001
16;03;2010;AT17;50;1;1;1;4010020000009737;401002
2;05;2011;AT07;25;1;1;1;4010020000005825;401002
31;10;2011;AT25;45;1;4;1;4010020000005348;401002
13;02;2012;AT05;40;1;3;1;4010010000005570;401001
8;09;2010;AT19;60;1;5;1;4010010000001112;401001
1;10;2012;AT10;25;1;2;1;4010020000006054;401002
26;06;2012;AT19;70;1;2;1;4010020000008880;401002
18;10;2010;AT12;70;1;3;1;4010020000006120;401002
5;05;2012;AT12;120;1;4;1;4010020000005507;401002
4;05;2012;AT08;90;1;3;1;4010010000003116;401001
29;05;2010;AT13;5;1;1;1;4010010000009349;401001
25;08;2011;AT23;105;1;3;1;4010020000007140;401002
9;06;2010;AT04;145;1;3;1;4010020000008938;401002
19;03;2011;AT21;115;1;2;1;4010020000003859;401002
28;02;2010;AT14;60;1;4;1;4010020000002791;401002
8;06;2010;AT24;50;1;4;1;4010020000007004;401002
12;09;2012;AT11;45;1;2;1;4010020000003871;401002
4;06;2012;AT22;40;1;1;1;4010020000008489;401002
24;06;2010;AT01;150;1;1;1;4010010000004805;401001
23;06;2011;AT16;450;1;2;1;4010020000002260;401002
21;03;2012;AT23;60;1;4;1;4010020000005623;401002
4;12;2010;AT11;25;1;2;1;4010020000007570;401002
9;05;2011;AT20;120;1;4;1;4010010000005057;401001
29;10;2012;AT22;50;1;5;1;4010010000001514;401001
13;06;2010;AT13;25;1;2;1;4010010000002306;401001
20;03;2011;AT13;95;1;3;1;4010020000004211;401002
16;11;2011;AT04;125;1;1;1;4010010000008788;401001
26;03;2010;AT17;35;1;2;1;4010010000008236;401001
24;08;2011;AT17;175;1;1;1;4010010000006143;401001
18;07;2011;AT04;500;1;5;1;4010020000002926;401002
7;09;2011;AT15;25;1;4;1;4010010000002785;401001
21;10;2012;AT21;115;1;4;1;4010020000003211;401002
13;09;2012;AT11;60;1;5;1;4010010000008860;401001
12;01;2012;AT03;175;1;4;1;4010010000001104;401001
26;11;2011;AT17;90;1;1;1;4010020000006109;401002
23;01;2012;AT09;500;1;3;1;4010020000009896;401002
21;07;2011;AT08;90;1;1;1;4010010000001880;401001
24;11;2012;AT05;65;1;3;1;4010020000003516;401002
17;05;2011;AT08;300;1;1;1;4010010000006724;401001
5;10;2010;AT16;60;1;3;1;4010020000008917;401002
28;06;2012;AT05;450;1;3;1;4010010000007793;401001
20;06;2012;AT10;300;1;1;1;4010020000005519;401002
11;11;2011;AT09;90;1;1;1;4010010000006167;401001
7;05;2012;AT22;95;1;3;1;4010020000004323;401002
30;08;2011;AT15;90;1;1;1;4010010000003568;401001
16;04;2011;AT20;25;1;4;1;4010010000008479;401001
18;04;2010;AT10;30;1;4;1;4010010000005748;401001
17;09;2011;AT22;90;1;1;1;4010010000003418;401001
4;09;2011;AT17;150;1;4;1;4010010000008538;401001
11;06;2012;AT12;85;1;4;1;4010010000004364;401001
19;05;2010;AT11;200;1;5;1;4010010000009818;401001
31;01;2011;AT09;250;1;1;1;4010010000001794;401001
13;08;2010;AT03;95;1;4;1;4010010000009123;401001
18;07;2012;AT24;35;1;3;1;4010010000007123;401001
13;08;2011;AT12;90;1;5;1;4010010000005668;401001
15;02;2012;AT15;250;1;2;1;4010020000009869;401002
21;12;2012;AT22;450;1;4;1;4010010000002656;401001
21;06;2012;AT14;45;1;5;1;4010020000002132;401002
22;08;2010;AT02;105;1;5;1;4010010000004496;401001
27;03;2011;AT04;70;1;1;1;4010010000002889;401001
16;02;2011;AT19;450;1;3;1;4010010000004032;401001
19;09;2012;AT12;10;1;3;1;4010020000008712;401002
24;02;2012;AT02;125;1;2;1;4010020000001555;401002
14;05;2010;AT22;45;1;4;1;4010020000005828;401002
2;03;2012;AT11;40;1;5;1;4010010000002892;401001
4;05;2011;AT21;375;1;2;1;4010020000006577;401002
28;09;2010;AT22;75;1;5;1;4010020000005608;401002
11;06;2010;AT04;450;1;4;1;4010020000003957;401002
12;11;2012;AT23;120;1;2;1;4010010000009737;401001
9;12;2011;AT10;145;1;3;1;4010020000007193;401002
25;01;2011;AT24;135;1;3;1;4010020000007701;401002
9;10;2011;AT07;100;1;5;1;4010020000001413;401002
17;02;2011;AT01;70;1;1;1;4010010000001808;401001
9;08;2010;AT12;145;1;3;1;4010020000005591;401002
27;11;2010;AT15;25;1;5;1;4010010000003807;401001
31;05;2010;AT16;85;1;4;1;4010020000001561;401002
16;08;2010;AT21;50;1;2;1;4010010000008538;401001
3;09;2011;AT05;500;1;2;1;4010010000005160;401001
30;09;2011;AT16;250;1;5;1;4010020000004315;401002
15;11;2010;AT24;40;1;2;1;4010020000007147;401002
3;10;2012;AT10;50;1;3;1;4010010000003033;401001
19;10;2011;AT05;70;1;5;1;4010020000001158;401002
30;11;2012;AT09;95;1;4;1;4010010000006582;401001
19;10;2012;AT03;450;1;5;1;4010010000003618;401001
17;05;2012;AT25;30;1;4;1;4010020000003437;401002
13;06;2011;AT06;300;1;1;1;4010020000002248;401002
17;02;2010;AT12;115;1;4;1;4010010000002530;401001
7;10;2011;AT08;25;1;2;1;4010010000003647;401001
4;07;2011;AT15;25;1;1;1;4010010000005594;401001
18;02;2012;AT04;10;1;1;1;4010010000001314;401001
31;12;2011;AT13;20;1;1;1;4010010000005322;401001
23;04;2011;AT20;105;1;2;1;4010010000007629;401001
22;11;2012;AT20;125;1;4;1;4010020000005650;401002
2;03;2011;AT15;500;1;3;1;4010020000003108;401002
22;10;2011;AT24;30;1;5;1;4010020000004485;401002
26;10;2010;AT16;30;1;5;1;4010020000004575;401002
11;03;2010;AT01;10;1;4;1;4010010000009428;401001
15;02;2010;AT05;45;1;1;1;4010010000005108;401001
18;10;2010;AT11;125;1;5;1;4010020000008970;401002
21;04;2012;AT10;55;1;4;1;4010020000004767;401002
14;03;2010;AT05;50;1;4;1;4010010000006154;401001
7;01;2012;AT05;115;1;2;1;4010020000002877;401002
16;04;2011;AT18;175;1;1;1;4010020000002590;401002
29;04;2012;AT01;45;1;4;1;4010010000003196;401001
14;02;2011;AT07;145;1;1;1;4010010000003042;401001
20;02;2012;AT03;55;1;4;1;4010020000008302;401002
17;11;2012;AT11;75;1;5;1;4010020000006294;401002
10;08;2010;AT05;115;1;1;1;4010010000007882;401001
27;06;2011;AT06;200;1;4;1;4010020000003496;401002
9;06;2011;AT04;115;1;4;1;4010020000006284;401002
6;05;2011;AT05;35;1;5;1;4010010000005487;401001
9;10;2012;AT07;85;1;4;1;4010020000007302;401002
7;07;2011;AT15;55;1;2;1;4010020000003177;401002
5;12;2011;AT13;40;1;1;1;4010020000001484;401002
24;12;2011;AT03;200;1;3;1;4010010000006367;401001
29;06;2011;AT14;175;1;2;1;4010020000008714;401002
30;05;2012;AT12;375;1;4;1;4010020000001796;401002
11;07;2011;AT05;90;1;1;1;4010020000004894;401002
26;10;2011;AT22;115;1;5;1;4010020000003310;401002
15;08;2011;AT10;45;1;4;1;4010020000004934;401002
16;06;2011;AT03;375;1;4;1;4010020000008644;401002
12;11;2011;AT08;10;1;4;1;4010020000009442;401002
9;07;2010;AT20;45;1;4;1;4010010000007002;401001
19;10;2011;AT06;375;1;5;1;4010020000007495;401002
22;05;2010;AT24;35;1;4;1;4010010000009292;401001
30;10;2012;AT09;35;1;3;1;4010020000006242;401002
19;02;2010;AT23;65;1;2;1;4010020000008845;401002
6;09;2011;AT04;45;1;2;1;4010020000005024;401002
18;07;2010;AT01;80;1;3;1;4010010000004053;401001
8;03;2012;AT18;300;1;4;1;4010010000003568;401001
16;07;2012;AT20;125;1;5;1;4010020000001619;401002
11;08;2010;AT23;200;1;1;1;4010010000003372;401001
17;03;2011;AT25;450;1;5;1;4010020000006545;401002
23;05;2012;AT13;200;1;4;1;4010010000005020;401001
12;08;2011;AT25;150;1;4;1;4010010000008879;401001
28;10;2010;AT15;175;1;5;1;4010020000007623;401002
19;02;2012;AT12;75;1;5;1;4010010000005424;401001
20;11;2012;AT10;300;1;5;1;4010010000004967;401001
24;12;2010;AT17;95;1;5;1;4010020000007763;401002
22;05;2011;AT09;450;1;2;1;4010010000003243;401001
14;11;2012;AT10;115;1;1;1;4010010000003458;401001
15;10;2011;AT14;115;1;1;1;4010010000003227;401001
12;04;2010;AT21;50;1;2;1;4010010000009004;401001
26;08;2011;AT16;35;1;5;1;4010020000003564;401002
19;09;2012;AT13;80;1;5;1;4010010000006556;401001
8;06;2012;AT25;55;1;2;1;4010020000003436;401002
7;04;2010;AT15;500;1;5;1;4010020000002782;401002
4;10;2010;AT25;110;1;3;1;4010010000001423;401001
31;10;2011;AT24;55;1;1;1;4010010000001824;401001
29;05;2012;AT05;5;1;3;1;4010010000001872;401001
22;02;2011;AT13;115;1;3;1;4010010000006775;401001
22;01;2010;AT18;45;1;5;1;4010020000008893;401002
25;10;2012;AT24;5;1;1;1;4010010000001990;401001
21;02;2011;AT17;375;1;3;1;4010010000008394;401001
18;07;2010;AT05;55;1;2;1;4010010000001141;401001
14;04;2012;AT01;30;1;1;1;4010010000006702;401001
14;08;2010;AT14;115;1;1;1;4010010000004022;401001
16;11;2012;AT02;450;1;4;1;4010010000004923;401001
21;07;2011;AT02;55;1;1;1;4010010000001233;401001
16;02;2012;AT17;50;1;4;1;4010020000002982;401002
13;04;2010;AT14;100;1;3;1;4010010000007216;401001
26;12;2010;AT09;30;1;4;1;4010010000009575;401001
7;02;2010;AT16;105;1;1;1;4010010000006698;401001
28;11;2012;AT17;60;1;3;1;4010010000007463;401001
26;08;2012;AT11;45;1;4;1;4010020000007988;401002
14;03;2011;AT04;10;1;3;1;4010010000009995;401001
27;08;2012;AT19;150;1;5;1;4010010000005586;401001
16;06;2010;AT05;450;1;2;1;4010010000002797;401001
23;09;2010;AT20;175;1;4;1;4010010000004090;401001
3;08;2011;AT13;110;1;4;1;4010020000002506;401002
18;06;2012;AT18;15;1;5;1;4010010000005004;401001
12;03;2010;AT10;90;1;5;1;4010010000009997;401001
9;11;2012;AT21;25;1;3;1;4010020000009081;401002
20;07;2011;AT21;250;1;2;1;4010010000004803;401001
7;11;2012;AT18;95;1;2;1;4010020000004724;401002
5;03;2011;AT17;500;1;4;1;4010020000009717;401002
23;10;2011;AT22;95;1;3;1;4010010000006253;401001
20;04;2012;AT21;200;1;1;1;4010010000008435;401001
19;12;2012;AT17;100;1;1;1;4010010000004476;401001
21;04;2010;AT22;10;1;4;1;4010020000008557;401002
18;12;2011;AT05;70;1;2;1;4010010000006844;401001
4;10;2010;AT19;115;1;4;1;4010020000006984;401002
18;03;2010;AT20;40;1;1;1;4010020000004742;401002
11;05;2012;AT25;50;1;4;1;4010010000006525;401001
24;01;2012;AT05;100;1;1;1;4010020000009318;401002
20;11;2011;AT06;50;1;2;1;4010010000005646;401001
9;09;2011;AT23;55;1;1;1;4010020000007354;401002
8;02;2010;AT19;35;1;4;1;4010020000003890;401002
8;10;2010;AT15;20;1;4;1;4010020000005957;401002
22;03;2010;AT06;115;1;5;1;4010020000003229;401002
13;08;2011;AT22;80;1;4;1;4010010000006964;401001
26;11;2011;AT24;10;1;1;1;4010010000001114;401001
6;06;2011;AT22;80;1;3;1;4010010000005868;401001
11;09;2011;AT20;450;1;3;1;4010020000008304;401002
18;03;2011;AT13;15;1;5;1;4010020000002264;401002
27;07;2012;AT03;95;1;4;1;4010020000006317;401002
12;02;2012;AT02;15;1;2;1;4010020000003909;401002
14;09;2012;AT13;5;1;4;1;4010020000009188;401002
22;02;2011;AT06;500;1;3;1;4010020000005628;401002
1;02;2010;AT10;90;1;4;1;4010010000004047;401001
23;02;2012;AT18;65;1;5;1;4010020000004607;401002
2;04;2012;AT13;85;1;1;1;4010010000004067;401001
28;09;2010;AT21;45;1;1;1;4010010000006843;401001
29;03;2011;AT06;50;1;2;1;4010010000008237;401001
4;10;2012;AT22;120;1;4;1;4010020000007397;401002
14;07;2012;AT07;20;1;1;1;4010010000007789;401001
13;11;2012;AT14;300;1;5;1;4010010000005908;401001
18;01;2012;AT02;45;1;5;1;4010020000008071;401002
23;11;2012;AT07;20;1;1;1;4010010000008180;401001
28;06;2011;AT16;175;1;4;1;4010020000007436;401002
10;04;2011;AT05;10;1;5;1;4010020000001813;401002
4;12;2012;AT25;115;1;2;1;4010020000001066;401002
7;09;2012;AT12;300;1;5;1;4010010000003832;401001
23;10;2012;AT21;90;1;1;1;4010010000001196;401001
31;08;2012;AT18;70;1;2;1;4010020000003243;401002
2;02;2011;AT23;70;1;5;1;4010010000003207;401001
4;12;2010;AT21;105;1;4;1;4010020000009816;401002
19;11;2011;AT21;300;1;2;1;4010020000007636;401002
15;03;2011;AT22;40;1;1;1;4010010000009193;401001
22;06;2010;AT21;40;1;5;1;4010020000004627;401002
3;10;2010;AT19;110;1;1;1;4010010000008201;401001
25;12;2012;AT19;25;1;2;1;4010020000007015;401002
16;10;2010;AT18;65;1;3;1;4010020000004806;401002
6;11;2012;AT12;95;1;3;1;4010020000008400;401002
7;11;2010;AT07;125;1;3;1;4010010000001787;401001
8;09;2011;AT16;90;1;5;1;4010010000005679;401001
30;07;2010;AT23;175;1;3;1;4010010000009106;401001
16;06;2012;AT08;200;1;1;1;4010020000009693;401002
9;10;2012;AT18;105;1;1;1;4010020000008882;401002
20;10;2012;AT13;105;1;4;1;4010020000002657;401002
16;07;2011;AT13;50;1;2;1;4010010000007699;401001
4;07;2010;AT03;25;1;1;1;4010020000005749;401002
16;10;2012;AT04;115;1;4;1;4010010000008914;401001
15;12;2011;AT16;75;1;3;1;4010010000009646;401001
25;03;2011;AT07;375;1;5;1;4010020000004939;401002
20;11;2011;AT11;25;1;1;1;4010010000006218;401001
21;07;2011;AT01;200;1;2;1;4010010000003136;401001
28;02;2010;AT13;5;1;2;1;4010020000007082;401002
1;05;2011;AT19;175;1;1;1;4010010000007251;401001
2;05;2012;AT03;300;1;1;1;4010020000007584;401002
24;11;2010;AT19;95;1;5;1;4010010000004161;401001
26;12;2012;AT23;55;1;2;1;4010020000004539;401002
8;07;2011;AT22;50;1;2;1;4010020000006172;401002
15;05;2011;AT02;375;1;4;1;4010020000001301;401002
18;03;2011;AT17;45;1;4;1;4010010000009372;401001
29;06;2010;AT11;200;1;3;1;4010010000004649;401001
10;02;2011;AT03;95;1;5;1;4010020000001231;401002
1;08;2012;AT09;105;1;2;1;4010020000006541;401002
17;08;2012;AT19;15;1;1;1;4010010000009801;401001
16;09;2012;AT23;450;1;2;1;4010020000003889;401002
23;03;2010;AT05;75;1;3;1;4010020000001131;401002
10;11;2010;AT10;115;1;1;1;4010010000005675;401001
27;08;2012;AT03;450;1;4;1;4010010000003483;401001
27;06;2010;AT23;100;1;1;1;4010010000004163;401001
4;06;2011;AT25;110;1;4;1;4010020000005571;401002
10;04;2010;AT13;65;1;5;1;4010010000006377;401001
30;09;2011;AT01;70;1;1;1;4010010000001777;401001
22;04;2010;AT12;110;1;3;1;4010020000001820;401002
16;07;2010;AT10;125;1;3;1;4010010000003604;401001
30;01;2010;AT07;105;1;5;1;4010020000005717;401002
29;04;2010;AT16;5;1;2;1;4010010000009719;401001
3;06;2011;AT07;115;1;2;1;4010020000002580;401002
7;11;2011;AT07;90;1;3;1;4010010000002099;401001
24;02;2010;AT06;95;1;5;1;4010010000006065;401001
22;09;2010;AT23;55;1;4;1;4010010000003335;401001
19;04;2010;AT14;15;1;2;1;4010010000001547;401001
6;10;2012;AT19;250;1;3;1;4010020000002959;401002
27;10;2010;AT23;55;1;4;1;4010020000002050;401002
27;08;2012;AT08;500;1;4;1;4010020000001851;401002
6;03;2012;AT23;125;1;3;1;4010010000009208;401001
6;08;2012;AT16;30;1;2;1;4010010000006455;401001
1;03;2012;AT24;115;1;4;1;4010010000002198;401001
2;08;2012;AT07;250;1;2;1;4010020000006893;401002
22;10;2011;AT22;500;1;5;1;4010020000009942;401002
29;01;2010;AT21;450;1;1;1;4010020000005456;401002
17;02;2010;AT04;30;1;3;1;4010020000007418;401002
23;05;2011;AT04;75;1;2;1;4010010000006108;401001
25;08;2012;AT20;20;1;4;1;4010020000008912;401002
26;08;2010;AT08;110;1;3;1;4010010000004985;401001
8;10;2012;AT22;115;1;2;1;4010020000009017;401002
9;09;2012;AT14;15;1;1;1;4010010000006580;401001
19;11;2012;AT23;175;1;4;1;4010010000004705;401001
9;03;2012;AT21;20;1;2;1;4010010000003519;401001
19;10;2011;AT16;135;1;1;1;4010010000001817;401001
28;05;2011;AT10;80;1;4;1;4010010000004610;401001
29;10;2010;AT22;75;1;4;1;4010010000008982;401001
9;07;2010;AT05;500;1;3;1;4010020000006907;401002
30;08;2011;AT07;15;1;1;1;4010010000008723;401001
23;09;2012;AT12;250;1;4;1;4010010000004922;401001
13;03;2011;AT08;10;1;5;1;4010020000009375;401002
17;05;2012;AT25;105;1;4;1;4010010000003003;401001
25;09;2012;AT12;35;1;4;1;4010020000006233;401002
4;07;2012;AT22;250;1;4;1;4010020000007769;401002
10;11;2011;AT25;135;1;4;1;4010020000001107;401002
11;06;2012;AT22;60;1;3;1;4010020000005908;401002
15;07;2012;AT17;135;1;2;1;4010010000003169;401001
23;10;2010;AT18;120;1;3;1;4010020000006286;401002
6;12;2011;AT25;125;1;4;1;4010020000002929;401002
20;10;2010;AT20;110;1;1;1;4010020000001939;401002
28;02;2011;AT17;25;1;1;1;4010010000001621;401001
11;05;2010;AT22;40;1;4;1;4010020000008250;401002
9;07;2010;AT03;150;1;4;1;4010020000005097;401002
9;09;2010;AT19;45;1;1;1;4010020000008582;401002
27;12;2011;AT02;300;1;1;1;4010020000001039;401002
6;06;2012;AT17;10;1;3;1;4010020000004134;401002
12;08;2010;AT13;35;1;1;1;4010020000001784;401002
8;05;2011;AT18;80;1;4;1;4010010000007433;401001
15;07;2011;AT21;75;1;4;1;4010020000008815;401002
3;07;2012;AT07;250;1;3;1;4010020000009444;401002
5;12;2010;AT15;45;1;1;1;4010010000007508;401001
19;12;2011;AT20;20;1;2;1;4010020000003056;401002
9;03;2012;AT22;450;1;3;1;4010020000007337;401002
16;06;2011;AT09;95;1;5;1;4010010000005159;401001
25;03;2010;AT16;40;1;4;1;4010010000002881;401001
3;03;2010;AT24;300;1;1;1;4010020000003126;401002
9;11;2012;AT07;105;1;3;1;4010020000001353;401002
28;04;2012;AT07;85;1;1;1;4010010000008973;401001
22;03;2011;AT22;115;1;1;1;4010010000007763;401001
26;12;2011;AT18;105;1;5;1;4010020000005538;401002
17;02;2011;AT01;45;1;3;1;4010020000007452;401002
25;02;2012;AT16;200;1;5;1;4010010000003124;401001
17;05;2010;AT01;125;1;3;1;4010020000005974;401002
3;05;2012;AT01;65;1;2;1;4010010000009486;401001
9;03;2010;AT08;375;1;1;1;4010020000001585;401002
9;11;2010;AT20;105;1;2;1;4010020000007558;401002
29;07;2010;AT19;175;1;3;1;4010010000005391;401001
21;04;2012;AT15;40;1;5;1;4010010000002506;401001
30;04;2011;AT09;75;1;1;1;4010020000008893;401002
4;06;2011;AT21;110;1;2;1;4010010000009727;401001
24;01;2011;AT17;450;1;3;1;4010020000002076;401002
26;11;2012;AT02;70;1;5;1;4010010000005321;401001
19;08;2011;AT13;55;1;2;1;4010010000005293;401001
25;10;2010;AT05;85;1;4;1;4010020000008529;401002
28;01;2010;AT12;200;1;5;1;4010020000002710;401002
10;03;2011;AT17;45;1;1;1;4010010000008154;401001
19;09;2011;AT14;35;1;4;1;4010020000003787;401002
11;09;2011;AT15;15;1;1;1;4010010000005497;401001
15;12;2012;AT09;5;1;3;1;4010020000006667;401002
18;11;2010;AT10;90;1;3;1;4010010000001835;401001
8;06;2012;AT22;85;1;4;1;4010010000008552;401001
6;02;2010;AT13;70;1;5;1;4010020000004867;401002
25;11;2012;AT20;50;1;1;1;4010010000003615;401001
7;12;2010;AT02;105;1;4;1;4010020000007247;401002
12;03;2010;AT10;25;1;4;1;4010020000004110;401002
30;04;2011;AT06;300;1;5;1;4010010000004424;401001
17;03;2012;AT20;5;1;1;1;4010020000006088;401002
8;08;2011;AT12;100;1;2;1;4010010000008941;401001
23;07;2011;AT10;45;1;3;1;4010020000002041;401002
12;04;2012;AT08;175;1;4;1;4010010000004689;401001
9;07;2010;AT07;10;1;3;1;4010010000009091;401001
2;10;2011;AT23;75;1;2;1;4010020000008384;401002
6;10;2012;AT12;55;1;1;1;4010010000009518;401001
17;12;2011;AT05;40;1;5;1;4010020000001915;401002
1;02;2010;AT03;10;1;2;1;4010010000003662;401001
3;03;2010;AT01;300;1;5;1;4010010000008144;401001
27;04;2010;AT09;50;1;5;1;4010020000008866;401002
30;06;2012;AT12;5;1;4;1;4010010000004181;401001
31;03;2011;AT02;120;1;3;1;4010010000006849;401001
11;09;2011;AT24;145;1;5;1;4010010000007776;401001
16;11;2010;AT01;300;1;5;1;4010020000005660;401002
5;06;2012;AT08;45;1;3;1;4010020000009696;401002
29;06;2012;AT03;125;1;3;1;4010010000004730;401001
4;12;2010;AT09;125;1;1;1;4010010000002669;401001
19;07;2012;AT20;145;1;4;1;4010010000002994;401001
27;11;2011;AT02;500;1;4;1;4010020000005605;401002
23;05;2012;AT12;75;1;2;1;4010010000003072;401001
7;05;2010;AT19;450;1;5;1;4010010000007149;401001
6;01;2011;AT16;110;1;2;1;4010010000007691;401001
2;09;2011;AT07;150;1;5;1;4010020000002416;401002
14;02;2012;AT20;450;1;5;1;4010020000001263;401002
19;08;2010;AT25;30;1;4;1;4010020000007458;401002
10;04;2012;AT13;135;1;1;1;4010020000002744;401002
13;02;2012;AT07;5;1;5;1;4010020000004237;401002
18;09;2010;AT03;25;1;3;1;4010020000005595;401002
3;01;2012;AT16;50;1;3;1;4010010000008485;401001
20;02;2011;AT19;25;1;5;1;4010020000008717;401002
22;09;2010;AT02;90;1;3;1;4010010000003771;401001
11;10;2010;AT14;375;1;1;1;4010010000001806;401001
2;03;2011;AT10;40;1;3;1;4010010000004641;401001
2;01;2010;AT18;10;1;1;1;4010010000009460;401001
20;08;2010;AT25;500;1;5;1;4010010000005508;401001
4;05;2010;AT21;250;1;5;1;4010010000007391;401001
24;06;2012;AT10;15;1;5;1;4010010000003719;401001
18;11;2012;AT19;65;1;2;1;4010020000007262;401002
8;08;2010;AT24;5;1;5;1;4010020000003597;401002
26;07;2012;AT08;65;1;3;1;4010010000007739;401001
16;10;2010;AT11;35;1;4;1;4010020000001534;401002
9;09;2011;AT03;250;1;4;1;4010010000005988;401001
17;05;2010;AT02;145;1;3;1;4010020000006994;401002
25;09;2011;AT05;50;1;1;1;4010010000003446;401001
7;07;2010;AT09;200;1;2;1;4010020000006726;401002
21;07;2012;AT08;375;1;2;1;4010010000004471;401001
19;03;2011;AT05;200;1;2;1;4010010000009698;401001
8;11;2012;AT12;35;1;3;1;4010010000004102;401001
29;05;2011;AT09;50;1;5;1;4010020000002344;401002
27;03;2011;AT08;50;1;3;1;4010010000003813;401001
22;04;2011;AT11;55;1;1;1;4010020000006643;401002
3;07;2012;AT19;65;1;1;1;4010010000002709;401001
5;02;2010;AT02;115;1;2;1;4010010000008653;401001
8;06;2012;AT21;145;1;1;1;4010020000002419;401002
16;07;2012;AT23;20;1;2;1;4010020000007108;401002
23;11;2011;AT11;20;1;2;1;4010020000002109;401002
5;09;2010;AT02;125;1;1;1;4010010000006751;401001
5;05;2011;AT12;65;1;5;1;4010020000006858;401002
26;07;2011;AT12;75;1;4;1;4010020000004533;401002
9;03;2010;AT22;20;1;3;1;4010010000008835;401001
25;01;2011;AT22;85;1;4;1;4010010000003952;401001
11;11;2011;AT17;450;1;4;1;4010010000009763;401001
27;10;2011;AT05;30;1;3;1;4010020000005051;401002
22;09;2011;AT06;50;1;5;1;4010020000005790;401002
4;06;2010;AT04;25;1;5;1;4010020000007403;401002
6;03;2011;AT02;75;1;1;1;4010020000003954;401002
20;07;2012;AT13;5;1;4;1;4010010000007935;401001
8;10;2012;AT02;5;1;5;1;4010010000006311;401001
15;05;2010;AT10;30;1;5;1;4010020000005924;401002
10;07;2011;AT06;60;1;5;1;4010020000002714;401002
18;05;2010;AT08;40;1;5;1;4010010000007367;401001
1;12;2010;AT10;200;1;2;1;4010010000008533;401001
18;01;2010;AT12;65;1;2;1;4010010000007497;401001
25;06;2010;AT12;60;1;5;1;4010020000002279;401002
30;10;2012;AT21;55;1;5;1;4010010000009833;401001
13;09;2010;AT22;50;1;4;1;4010010000003672;401001
23;10;2012;AT04;20;1;5;1;4010020000008473;401002
16;11;2011;AT13;200;1;5;1;4010010000002868;401001
18;08;2011;AT06;40;1;1;1;4010010000003445;401001
25;02;2011;AT24;60;1;5;1;4010010000003481;401001
27;04;2010;AT15;65;1;3;1;4010020000007641;401002
15;06;2012;AT25;85;1;3;1;4010010000001243;401001
4;10;2012;AT12;90;1;4;1;4010020000005687;401002
19;03;2012;AT07;375;1;3;1;4010010000005472;401001
5;03;2010;AT18;175;1;1;1;4010010000008760;401001
24;03;2010;AT08;110;1;4;1;4010010000007279;401001
13;10;2011;AT09;35;1;3;1;4010020000006738;401002
17;11;2010;AT09;375;1;5;1;4010020000008282;401002
27;03;2011;AT23;175;1;5;1;4010020000008179;401002
3;09;2012;AT01;120;1;4;1;4010010000005673;401001
6;06;2011;AT02;300;1;1;1;4010010000005706;401001
14;06;2010;AT15;115;1;5;1;4010020000009800;401002
7;10;2010;AT08;35;1;4;1;4010020000005174;401002
3;06;2012;AT08;300;1;5;1;4010010000004773;401001
17;05;2010;AT22;135;1;5;1;4010020000006265;401002
5;05;2010;AT14;95;1;2;1;4010010000009812;401001
2;11;2010;AT14;450;1;3;1;4010010000005261;401001
28;08;2011;AT01;110;1;4;1;4010020000001258;401002
14;04;2011;AT12;115;1;5;1;4010010000003274;401001
17;10;2011;AT14;95;1;4;1;4010010000006472;401001
12;09;2011;AT03;145;1;2;1;4010010000005530;401001
5;05;2012;AT10;110;1;3;1;4010010000001626;401001
8;03;2012;AT06;55;1;4;1;4010010000009386;401001
6;05;2010;AT13;200;1;1;1;4010010000002022;401001
15;11;2012;AT06;85;1;2;1;4010010000009510;401001
17;05;2011;AT24;200;1;1;1;4010010000001875;401001
30;08;2010;AT14;25;1;4;1;4010010000005558;401001
16;06;2010;AT15;65;1;1;1;4010010000008646;401001
9;11;2011;AT16;250;1;5;1;4010010000005475;401001
23;08;2010;AT21;115;1;2;1;4010020000005481;401002
2;04;2011;AT15;250;1;1;1;4010010000009856;401001
6;09;2010;AT07;70;1;3;1;4010020000003061;401002
21;11;2012;AT23;80;1;5;1;4010020000001011;401002
7;10;2011;AT07;50;1;2;1;4010020000003246;401002
15;09;2010;AT11;55;1;1;1;4010020000003343;401002
25;04;2012;AT24;500;1;5;1;4010020000006320;401002
6;04;2012;AT21;85;1;5;1;4010020000002084;401002
5;04;2011;AT15;15;1;4;1;4010020000001971;401002
14;05;2011;AT07;10;1;4;1;4010020000009399;401002
20;11;2011;AT21;85;1;3;1;4010020000007777;401002
28;02;2010;AT21;125;1;4;1;4010020000004838;401002
2;06;2011;AT16;100;1;4;1;4010010000008061;401001
17;09;2010;AT04;85;1;2;1;4010010000005152;401001
30;03;2011;AT21;15;1;2;1;4010020000006998;401002
19;04;2012;AT20;135;1;3;1;4010020000005244;401002
30;06;2011;AT16;40;1;3;1;4010020000008166;401002
11;05;2010;AT25;45;1;4;1;4010010000005828;401001
15;04;2011;AT02;100;1;4;1;4010010000009030;401001
12;06;2011;AT24;145;1;2;1;4010020000008390;401002
2;02;2010;AT13;75;1;2;1;4010010000002656;401001
17;01;2012;AT24;135;1;3;1;4010010000005928;401001
27;06;2011;AT19;45;1;2;1;4010010000007003;401001
27;09;2011;AT08;300;1;1;1;4010010000003472;401001
30;11;2010;AT19;135;1;1;1;4010010000004567;401001
5;07;2011;AT25;50;1;1;1;4010010000001744;401001
24;03;2011;AT24;135;1;4;1;4010010000001430;401001
15;04;2011;AT02;85;1;5;1;4010020000005222;401002
15;03;2011;AT09;115;1;5;1;4010010000005202;401001
22;04;2012;AT23;115;1;5;1;4010020000001415;401002
15;02;2010;AT10;85;1;1;1;4010020000009272;401002
1;12;2011;AT07;125;1;3;1;4010010000009835;401001
5;10;2010;AT07;20;1;3;1;4010020000008533;401002
1;06;2011;AT05;85;1;2;1;4010020000005871;401002
1;10;2010;AT17;120;1;5;1;4010020000002063;401002
6;08;2011;AT06;85;1;2;1;4010010000003176;401001
5;10;2011;AT19;60;1;4;1;4010020000001205;401002
4;07;2012;AT16;85;1;3;1;4010020000001746;401002
11;06;2010;AT18;200;1;3;1;4010010000001653;401001
18;07;2012;AT02;300;1;1;1;4010020000004720;401002
30;12;2010;AT01;15;1;5;1;4010010000007545;401001
17;10;2011;AT05;20;1;5;1;4010020000007055;401002
29;06;2011;AT23;175;1;5;1;4010010000002394;401001
7;07;2010;AT06;120;1;1;1;4010010000009574;401001
29;06;2012;AT11;115;1;2;1;4010020000007085;401002
29;06;2010;AT07;175;1;3;1;4010020000007733;401002
9;07;2011;AT24;200;1;3;1;4010020000006124;401002
17;07;2010;AT24;15;1;3;1;4010010000002441;401001
27;02;2010;AT06;375;1;2;1;4010020000009423;401002
16;04;2010;AT07;55;1;5;1;4010010000003559;401001
7;02;2010;AT04;450;1;1;1;4010010000006233;401001
7;06;2011;AT08;50;1;4;1;4010020000005071;401002
23;01;2012;AT11;100;1;5;1;4010010000004771;401001
6;04;2011;AT21;30;1;4;1;4010020000001365;401002
18;09;2012;AT12;115;1;4;1;4010020000005896;401002
15;03;2010;AT10;35;1;5;1;4010010000008528;401001
4;11;2012;AT23;110;1;4;1;4010010000005388;401001
20;10;2011;AT06;100;1;4;1;4010010000004282;401001
18;09;2010;AT12;150;1;5;1;4010010000009011;401001
24;01;2011;AT25;135;1;4;1;4010020000008122;401002
4;02;2012;AT04;20;1;5;1;4010020000005949;401002
13;06;2012;AT09;45;1;3;1;4010010000005955;401001
10;06;2011;AT01;10;1;2;1;4010020000001748;401002
28;09;2010;AT13;85;1;2;1;4010020000007418;401002
29;01;2012;AT23;450;1;5;1;4010010000005982;401001
3;03;2011;AT01;100;1;5;1;4010020000006504;401002
25;12;2011;AT20;10;1;1;1;4010010000003606;401001
25;01;2012;AT24;70;1;4;1;4010020000007257;401002
10;07;2012;AT13;70;1;1;1;4010020000002201;401002
16;06;2011;AT22;10;1;5;1;4010020000009306;401002
4;10;2012;AT21;95;1;3;1;4010020000006696;401002
15;11;2012;AT07;110;1;4;1;4010020000007270;401002
20;06;2010;AT19;75;1;3;1;4010010000001081;401001
25;06;2011;AT04;80;1;1;1;4010020000003925;401002
23;11;2010;AT14;90;1;1;1;4010010000001688;401001
9;04;2010;AT09;145;1;3;1;4010010000002709;401001
29;01;2010;AT25;95;1;2;1;4010020000006810;401002
6;09;2012;AT06;5;1;2;1;4010020000004272;401002
20;03;2010;AT05;45;1;2;1;4010010000003743;401001
26;08;2011;AT06;50;1;5;1;4010010000001437;401001
26;02;2010;AT10;5;1;2;1;4010010000001618;401001
4;03;2012;AT16;135;1;3;1;4010010000005772;401001
18;03;2011;AT07;300;1;2;1;4010020000004882;401002
26;09;2011;AT18;80;1;1;1;4010010000009056;401001
13;08;2011;AT09;105;1;1;1;4010020000007604;401002
5;08;2010;AT06;90;1;4;1;4010010000003104;401001
11;10;2011;AT10;45;1;4;1;4010010000002897;401001
22;05;2011;AT15;300;1;3;1;4010020000009533;401002
10;04;2011;AT23;10;1;3;1;4010020000004852;401002
19;07;2010;AT18;15;1;1;1;4010020000005542;401002
23;05;2012;AT25;25;1;4;1;4010010000007555;401001
28;02;2011;AT11;105;1;5;1;4010020000008024;401002
20;04;2012;AT05;65;1;3;1;4010020000004831;401002
14;01;2011;AT01;175;1;4;1;4010010000008709;401001
24;09;2011;AT20;30;1;5;1;4010010000004334;401001
2;11;2011;AT07;200;1;5;1;4010010000002950;401001
25;06;2010;AT16;20;1;4;1;4010010000001978;401001
11;06;2011;AT07;5;1;4;1;4010020000005685;401002
27;10;2010;AT24;450;1;3;1;4010010000003098;401001
18;05;2011;AT18;60;1;2;1;4010020000007608;401002
17;01;2011;AT11;95;1;3;1;4010020000005655;401002
12;09;2012;AT02;55;1;4;1;4010020000004840;401002
18;05;2010;AT02;65;1;5;1;4010010000008136;401001
19;01;2010;AT17;35;1;2;1;4010010000007465;401001
7;08;2012;AT12;135;1;1;1;4010020000001941;401002
13;04;2010;AT24;95;1;5;1;4010010000009685;401001
15;03;2010;AT18;115;1;3;1;4010020000001274;401002
21;09;2010;AT14;135;1;5;1;4010010000002421;401001
7;11;2011;AT25;135;1;4;1;4010010000002125;401001
24;04;2011;AT21;90;1;2;1;4010010000008386;401001
4;09;2010;AT08;300;1;4;1;4010020000007224;401002
7;09;2012;AT20;135;1;4;1;4010010000003466;401001
15;03;2011;AT04;175;1;4;1;4010010000008037;401001
18;11;2010;AT16;5;1;3;1;4010020000007115;401002
30;01;2011;AT11;250;1;5;1;4010010000001602;401001
9;01;2011;AT11;120;1;2;1;4010010000009891;401001
18;08;2011;AT04;110;1;2;1;4010010000007394;401001
13;07;2011;AT21;70;1;1;1;4010010000002077;401001
13;10;2010;AT05;90;1;4;1;4010020000004732;401002
27;07;2012;AT06;25;1;3;1;4010020000006828;401002
10;06;2012;AT08;500;1;3;1;4010020000006031;401002
18;01;2012;AT02;25;1;3;1;4010020000009757;401002
2;05;2011;AT23;110;1;3;1;4010010000003324;401001
22;06;2010;AT08;5;1;3;1;4010020000008321;401002
28;02;2011;AT21;35;1;4;1;4010020000005157;401002
23;06;2010;AT03;85;1;1;1;4010010000008552;401001
2;03;2011;AT05;145;1;3;1;4010020000008716;401002
14;01;2012;AT22;30;1;5;1;4010020000009755;401002
11;11;2012;AT22;300;1;3;1;4010010000004224;401001
19;06;2011;AT06;120;1;1;1;4010020000005870;401002
7;02;2012;AT24;20;1;1;1;4010010000008393;401001
18;09;2010;AT02;175;1;3;1;4010010000007400;401001
18;10;2012;AT12;250;1;1;2;4010020000003839;401002
24;03;2011;AT09;125;1;4;2;4010010000001565;401001
27;11;2012;AT20;20;1;5;2;4010010000005114;401001
6;10;2011;AT16;375;1;3;1;4010020000002680;401002
10;03;2012;AT04;85;1;2;1;4010020000001274;401002
28;04;2012;AT06;40;1;2;2;4010020000008348;401002
13;11;2012;AT15;115;1;3;2;4010010000007198;401001
1;07;2012;AT20;450;1;2;1;4010020000001998;401002
2;11;2012;AT16;120;1;5;1;4010020000007398;401002
24;09;2012;AT05;70;1;2;1;4010010000007954;401001
19;10;2012;AT19;120;1;3;2;4010010000002636;401001
6;09;2011;AT24;50;1;3;1;4010010000001639;401001
12;06;2011;AT23;145;1;1;2;4010010000006404;401001
30;11;2012;AT11;5;1;5;2;4010020000001081;401002
26;11;2011;AT18;200;1;1;2;4010010000009182;401001
5;04;2012;AT18;20;1;4;1;4010010000001476;401001
28;10;2010;AT15;35;1;4;2;4010010000005177;401001
11;10;2010;AT20;30;1;5;1;4010010000001950;401001
21;03;2011;AT11;95;1;4;1;4010010000009323;401001
4;05;2012;AT20;25;1;2;1;4010010000002949;401001
25;10;2011;AT10;115;1;5;2;4010010000009408;401001
9;12;2011;AT06;105;1;1;1;4010010000005901;401001
10;06;2010;AT19;10;1;1;1;4010020000003036;401002
29;08;2010;AT06;145;1;4;2;4010020000001360;401002
8;11;2011;AT22;60;1;5;1;4010020000007447;401002
27;05;2012;AT17;90;1;4;1;4010020000004843;401002
28;01;2012;AT10;300;1;3;2;4010020000003769;401002
6;06;2010;AT01;20;1;4;1;4010010000002203;401001
30;03;2011;AT05;110;1;3;1;4010020000006255;401002
29;08;2010;AT21;105;1;3;2;4010010000004803;401001
27;02;2011;AT04;125;1;5;1;4010020000006455;401002
24;05;2010;AT24;40;1;2;1;4010020000007208;401002
16;06;2012;AT22;35;1;1;1;4010020000008280;401002
2;01;2010;AT23;10;1;2;1;4010020000001413;401002
3;04;2011;AT11;90;1;1;2;4010020000002846;401002
15;07;2011;AT04;250;1;5;2;4010020000001569;401002
15;10;2010;AT23;110;1;1;1;4010020000007489;401002
29;08;2010;AT25;120;1;1;1;4010010000008343;401001
4;04;2010;AT09;75;1;4;2;4010020000007112;401002
24;11;2012;AT24;100;1;1;2;4010010000002463;401001
10;04;2011;AT05;375;1;3;1;4010010000004574;401001
3;08;2011;AT10;100;1;5;1;4010020000008497;401002
29;08;2012;AT09;55;1;3;2;4010010000006047;401001
25;06;2011;AT20;5;1;5;2;4010020000003893;401002
24;12;2012;AT13;50;1;3;2;4010020000001544;401002
2;09;2011;AT12;30;1;2;2;4010010000005190;401001
10;02;2011;AT04;300;1;4;1;4010020000002411;401002
2;02;2010;AT20;120;1;3;2;4010020000009404;401002
7;11;2011;AT06;35;1;1;2;4010020000003763;401002
17;03;2010;AT02;45;1;3;1;4010010000008738;401001
8;05;2011;AT05;250;1;1;1;4010010000003704;401001
8;07;2012;AT23;25;1;2;2;4010020000004497;401002
30;09;2012;AT02;70;1;5;2;4010020000004712;401002
13;05;2012;AT01;450;1;2;1;4010020000002932;401002
8;10;2010;AT05;85;1;5;2;4010010000007957;401001
19;04;2012;AT04;50;1;3;2;4010010000007137;401001
2;06;2011;AT06;30;1;2;1;4010010000001210;401001
10;06;2010;AT20;30;1;1;1;4010010000002628;401001
1;09;2012;AT16;375;1;2;2;4010020000005110;401002
26;05;2012;AT20;45;1;1;2;4010010000009338;401001
24;12;2012;AT20;25;1;1;1;4010020000002493;401002
28;02;2011;AT06;110;1;5;1;4010020000007845;401002
5;02;2010;AT16;80;1;2;2;4010010000008766;401001
26;03;2012;AT21;10;1;2;1;4010020000003773;401002
21;06;2012;AT07;200;1;2;2;4010020000004194;401002
14;02;2010;AT20;110;1;2;1;4010010000007705;401001
1;04;2010;AT08;70;1;4;2;4010020000002592;401002
5;06;2010;AT16;10;1;1;1;4010020000004181;401002
23;05;2010;AT14;250;1;1;2;4010020000005350;401002
5;05;2010;AT04;120;1;1;2;4010020000005180;401002
25;11;2010;AT01;150;1;1;1;4010010000006723;401001
18;04;2010;AT24;70;1;2;1;4010010000005980;401001
20;10;2010;AT10;30;1;4;1;4010010000002200;401001
10;09;2011;AT13;20;1;2;1;4010020000007385;401002
9;09;2012;AT06;145;1;4;2;4010020000003241;401002
20;07;2012;AT24;40;1;5;1;4010010000005052;401001
22;03;2011;AT01;175;1;5;1;4010010000007925;401001
27;03;2011;AT09;65;1;2;1;4010020000004282;401002
15;10;2010;AT25;375;1;1;1;4010020000009427;401002
18;07;2011;AT22;500;1;3;1;4010020000006733;401002
28;02;2011;AT06;145;1;3;1;4010010000004823;401001
17;02;2011;AT20;150;1;5;1;4010020000006596;401002
25;03;2012;AT24;145;1;4;1;4010020000006987;401002
5;04;2011;AT21;375;1;5;1;4010010000007275;401001
14;02;2012;AT23;10;1;3;2;4010020000009700;401002
2;10;2011;AT11;125;1;3;1;4010010000009548;401001
11;12;2011;AT04;200;1;1;1;4010010000006118;401001
12;09;2012;AT06;45;1;3;2;4010020000007855;401002
4;03;2010;AT25;125;1;4;1;4010010000001883;401001
27;07;2011;AT15;105;1;5;2;4010010000001360;401001
16;06;2012;AT15;20;1;5;2;4010020000002168;401002
27;01;2012;AT10;115;1;1;2;4010020000001545;401002
16;04;2011;AT22;60;1;2;1;4010010000009526;401001
5;09;2011;AT20;50;1;3;1;4010010000006328;401001
18;05;2012;AT12;500;1;4;1;4010020000009561;401002
11;08;2012;AT14;500;1;3;2;4010010000006518;401001
22;08;2010;AT21;65;1;4;1;4010020000006096;401002
12;07;2012;AT22;250;1;5;1;4010020000008538;401002
12;08;2012;AT21;5;1;1;1;4010020000001308;401002
16;07;2010;AT03;65;1;3;2;4010010000001733;401001
13;01;2010;AT08;40;1;2;1;4010010000003422;401001
5;01;2011;AT06;10;1;4;2;4010020000007012;401002
25;06;2010;AT15;15;1;2;1;4010020000001794;401002
14;08;2011;AT20;110;1;4;1;4010020000004501;401002
30;06;2011;AT25;450;1;5;1;4010020000002032;401002
10;11;2011;AT16;375;1;5;2;4010010000006194;401001
14;06;2010;AT04;200;1;1;1;4010020000009123;401002
30;12;2010;AT08;65;1;4;2;4010020000003981;401002
28;10;2012;AT14;95;1;2;1;4010010000006969;401001
20;06;2012;AT17;125;1;3;2;4010010000009385;401001
18;09;2011;AT01;60;1;3;2;4010010000007785;401001
7;02;2012;AT15;90;1;4;1;4010010000007970;401001
19;04;2010;AT02;60;1;3;2;4010020000009178;401002
12;03;2012;AT19;55;1;4;2;4010020000001291;401002
24;06;2011;AT20;45;1;2;2;4010010000005816;401001
15;09;2010;AT17;250;1;2;1;4010010000009171;401001
10;04;2012;AT12;25;1;3;1;4010010000003370;401001
22;12;2011;AT04;80;1;3;1;4010010000009967;401001
13;12;2010;AT16;300;1;1;2;4010020000008045;401002
25;11;2010;AT23;90;1;1;1;4010020000004633;401002
9;10;2012;AT12;100;1;3;1;4010010000009896;401001
17;06;2011;AT05;125;1;5;1;4010010000006650;401001
19;02;2012;AT02;135;1;4;1;4010020000008293;401002
21;10;2011;AT12;145;1;4;2;4010020000002200;401002
12;05;2012;AT09;55;1;2;2;4010010000001944;401001
19;10;2010;AT13;105;1;5;1;4010020000004071;401002
7;01;2011;AT08;90;1;4;1;4010020000007550;401002
7;09;2011;AT25;65;1;5;2;4010020000004288;401002
2;04;2010;AT09;70;1;1;2;4010010000009808;401001
3;04;2011;AT17;30;1;5;2;4010020000009604;401002
21;05;2010;AT22;50;1;1;2;4010020000002484;401002
15;08;2012;AT16;145;1;3;2;4010020000009881;401002
16;03;2010;AT24;100;1;5;2;4010010000009563;401001
18;10;2011;AT18;105;1;1;1;4010020000003727;401002
14;08;2012;AT24;5;1;1;2;4010010000001616;401001
21;10;2011;AT17;30;1;5;2;4010010000009781;401001
5;10;2010;AT22;60;1;1;2;4010010000004625;401001
26;02;2012;AT06;10;1;1;1;4010020000009085;401002
9;08;2012;AT01;15;1;3;2;4010010000005379;401001
20;09;2012;AT23;500;1;3;2;4010010000001429;401001
28;02;2010;AT09;90;1;1;2;4010010000005045;401001
28;05;2010;AT24;105;1;1;2;4010020000002372;401002
30;10;2012;AT02;115;1;2;2;4010010000007446;401001
25;02;2010;AT06;120;1;5;1;4010020000001671;401002
6;09;2012;AT13;375;1;5;2;4010020000007420;401002
12;08;2011;AT17;50;1;5;1;4010010000004041;401001
20;07;2010;AT04;450;1;4;1;4010010000002315;401001
11;11;2012;AT05;375;1;3;2;4010010000004452;401001
28;09;2012;AT02;30;1;2;1;4010020000008211;401002
10;11;2011;AT16;20;1;1;1;4010010000005284;401001
5;02;2012;AT23;105;1;4;1;4010020000004567;401002
9;10;2010;AT04;500;1;2;2;4010010000002471;401001
28;04;2010;AT22;55;1;5;1;4010020000004511;401002
4;12;2012;AT05;85;1;5;1;4010020000002772;401002
6;09;2010;AT07;200;1;4;2;4010010000005295;401001
21;10;2010;AT14;200;1;2;1;4010020000005785;401002
11;09;2010;AT01;65;1;5;1;4010010000005295;401001
29;12;2010;AT18;30;1;3;1;4010010000005574;401001
11;08;2011;AT03;90;1;4;2;4010020000005832;401002
22;10;2012;AT21;175;1;1;2;4010010000004647;401001
22;02;2011;AT12;175;1;2;2;4010020000001052;401002
12;02;2010;AT10;45;1;3;2;4010020000007922;401002
28;08;2012;AT09;105;1;1;2;4010020000002783;401002
16;07;2012;AT25;100;1;1;1;4010020000004362;401002
20;12;2010;AT05;135;1;2;2;4010010000004155;401001
24;11;2010;AT10;25;1;5;2;4010020000009703;401002
10;02;2010;AT24;75;1;1;1;4010010000007576;401001
15;04;2010;AT09;100;1;3;1;4010010000008843;401001
5;12;2012;AT09;175;1;5;2;4010020000009274;401002
1;12;2010;AT18;15;1;3;2;4010010000004867;401001
3;04;2012;AT24;75;1;1;2;4010020000004542;401002
2;02;2010;AT09;15;1;2;1;4010020000006926;401002
25;10;2012;AT04;80;1;1;2;4010010000006822;401001
15;04;2011;AT11;500;1;2;1;4010010000003599;401001
11;07;2012;AT02;135;1;2;2;4010020000004164;401002
22;04;2010;AT01;120;1;2;2;4010020000002044;401002
4;12;2012;AT20;120;1;4;2;4010020000006177;401002
10;05;2010;AT17;40;1;5;2;4010010000009688;401001
29;10;2011;AT25;40;1;4;1;4010020000005220;401002
3;02;2012;AT09;95;1;5;1;4010020000007493;401002
15;11;2010;AT09;200;1;4;2;4010010000005290;401001
13;02;2012;AT09;25;1;4;1;4010010000008203;401001
29;03;2010;AT25;75;1;4;2;4010020000008714;401002
13;02;2012;AT16;10;1;1;2;4010010000001050;401001
19;07;2012;AT08;40;1;1;2;4010010000009738;401001
26;08;2011;AT19;110;1;4;2;4010010000005324;401001
17;08;2010;AT15;75;1;3;2;4010010000007999;401001
26;10;2012;AT25;75;1;2;2;4010020000005790;401002
18;08;2011;AT18;90;1;4;2;4010020000008675;401002
23;05;2011;AT19;90;1;2;1;4010020000007153;401002
14;10;2010;AT06;40;1;2;1;4010010000007170;401001
10;05;2011;AT06;250;1;5;1;4010020000001889;401002
3;10;2012;AT07;500;1;5;1;4010020000008962;401002
25;07;2012;AT09;25;1;5;2;4010010000008252;401001
15;05;2011;AT01;65;1;2;2;4010010000005333;401001
17;09;2011;AT03;10;1;1;1;4010010000001175;401001
30;11;2012;AT23;45;1;1;2;4010010000002338;401001
17;09;2011;AT25;5;1;1;2;4010010000001636;401001
12;08;2010;AT16;450;1;1;2;4010010000003294;401001
8;11;2012;AT12;250;1;3;2;4010020000006895;401002
4;03;2012;AT17;105;1;5;1;4010020000004317;401002
7;04;2011;AT07;105;1;1;2;4010020000008957;401002
29;03;2012;AT11;80;1;1;2;4010010000009878;401001
8;02;2011;AT02;125;1;1;1;4010010000003622;401001
24;04;2010;AT09;25;1;2;2;4010010000008038;401001
3;02;2011;AT11;50;1;5;2;4010020000009384;401002
8;04;2012;AT23;50;1;5;1;4010010000003949;401001
13;11;2010;AT05;105;1;5;1;4010010000009491;401001
17;03;2012;AT15;85;1;3;1;4010010000001307;401001
22;09;2012;AT08;175;1;1;1;4010020000003684;401002
26;11;2012;AT07;200;1;3;1;4010020000002911;401002
21;12;2010;AT24;450;1;2;1;4010010000002821;401001
9;02;2011;AT10;175;1;1;2;4010010000002946;401001
5;06;2010;AT14;120;1;5;1;4010020000007571;401002
16;01;2010;AT04;60;1;4;2;4010020000006710;401002
22;11;2012;AT17;125;1;4;2;4010010000008812;401001
24;12;2012;AT19;120;1;4;2;4010020000002999;401002
21;07;2011;AT13;145;1;3;2;4010020000003907;401002
26;02;2012;AT20;80;1;3;1;4010010000008970;401001
7;03;2011;AT03;10;1;5;2;4010010000002825;401001
24;11;2011;AT20;200;1;1;2;4010020000001766;401002
3;08;2010;AT13;110;1;3;1;4010020000006158;401002
8;06;2011;AT18;55;1;2;2;4010020000009418;401002
1;03;2010;AT15;30;1;5;1;4010020000005773;401002
22;07;2012;AT15;125;1;1;1;4010020000003947;401002
28;02;2010;AT23;75;1;4;1;4010020000005043;401002
15;03;2010;AT10;120;1;5;1;4010020000007639;401002
4;10;2011;AT16;105;1;1;2;4010020000007534;401002
4;05;2010;AT08;60;1;2;2;4010010000009143;401001
12;03;2012;AT22;100;1;2;1;4010020000008319;401002
28;04;2012;AT10;25;1;1;1;4010020000004118;401002
15;04;2011;AT21;15;1;1;1;4010010000005438;401001
22;12;2011;AT24;15;1;2;1;4010010000005508;401001
9;05;2012;AT02;15;1;5;2;4010020000002220;401002
7;10;2011;AT05;50;1;4;2;4010020000002813;401002
2;08;2010;AT16;85;1;4;2;4010010000007983;401001
7;10;2012;AT07;110;1;5;2;4010010000005212;401001
4;05;2011;AT14;500;1;2;1;4010020000002558;401002
8;12;2010;AT25;10;1;4;2;4010010000002210;401001
8;09;2010;AT14;60;1;5;1;4010020000002542;401002
18;05;2012;AT16;65;1;2;1;4010020000005264;401002
5;07;2011;AT10;300;1;3;1;4010010000003609;401001
31;03;2010;AT21;145;1;5;2;4010020000003632;401002
25;09;2011;AT25;175;1;4;1;4010010000005240;401001
26;11;2012;AT19;75;1;5;1;4010010000001246;401001
21;11;2011;AT17;115;1;1;2;4010010000006813;401001
6;11;2010;AT17;10;1;1;2;4010010000007749;401001
21;09;2012;AT04;15;1;1;2;4010010000004698;401001
16;10;2012;AT10;450;1;3;2;4010020000005831;401002
25;04;2012;AT10;35;1;1;2;4010010000003953;401001
27;08;2011;AT16;20;1;4;1;4010020000004607;401002
19;07;2011;AT18;65;1;4;1;4010020000009331;401002
20;11;2010;AT15;100;1;4;1;4010020000007231;401002
28;11;2011;AT13;150;1;3;1;4010020000006393;401002
22;03;2011;AT15;65;1;3;1;4010010000003527;401001
7;06;2010;AT03;85;1;1;2;4010020000007258;401002
14;02;2010;AT06;70;1;5;2;4010020000003176;401002
16;06;2012;AT15;95;1;5;1;4010010000006881;401001
15;05;2010;AT23;115;1;2;2;4010020000007706;401002
25;09;2011;AT05;80;1;2;2;4010010000008166;401001
28;08;2010;AT22;120;1;4;2;4010010000009718;401001
25;09;2011;AT12;60;1;3;2;4010020000005229;401002
28;07;2012;AT13;90;1;3;1;4010020000002467;401002
10;09;2012;AT21;45;1;4;1;4010020000001958;401002
26;05;2010;AT12;50;1;4;1;4010020000003006;401002
6;06;2010;AT01;200;1;5;2;4010020000004772;401002
15;10;2012;AT09;115;1;2;1;4010010000004176;401001
8;07;2010;AT09;5;1;2;1;4010020000009750;401002
15;11;2011;AT02;250;1;4;2;4010020000006932;401002
1;10;2012;AT13;135;1;2;1;4010020000002110;401002
19;10;2010;AT25;5;1;5;2;4010010000002720;401001
8;06;2011;AT07;375;1;3;1;4010020000002613;401002
21;05;2011;AT20;150;1;5;2;4010020000002399;401002
20;12;2012;AT15;300;1;2;2;4010010000001681;401001
31;07;2010;AT20;95;1;2;2;4010010000008425;401001
23;03;2012;AT11;125;1;3;2;4010020000009645;401002
10;01;2012;AT12;450;1;5;2;4010020000009432;401002
9;10;2012;AT04;100;1;4;1;4010020000008517;401002
17;05;2011;AT15;450;1;2;1;4010020000007217;401002
25;11;2011;AT24;95;1;5;2;4010020000003429;401002
4;06;2011;AT06;55;1;3;1;4010010000006854;401001
28;10;2010;AT10;85;1;2;2;4010020000008416;401002
22;07;2010;AT19;50;1;1;2;4010020000007608;401002
8;07;2010;AT18;75;1;5;2;4010010000006213;401001
27;02;2010;AT01;25;1;3;1;4010010000005544;401001
5;02;2010;AT13;70;1;4;2;4010010000002225;401001
27;09;2012;AT20;125;1;2;2;4010020000002686;401002
11;11;2012;AT04;95;1;5;1;4010020000008499;401002
24;04;2011;AT25;30;1;3;1;4010020000005725;401002
19;07;2011;AT08;90;1;2;1;4010010000002021;401001
26;12;2010;AT21;110;1;5;2;4010010000004815;401001
11;08;2012;AT14;145;1;1;2;4010020000008609;401002
5;04;2012;AT15;80;1;5;2;4010010000007756;401001
2;06;2012;AT14;15;1;5;1;4010010000001319;401001
20;03;2012;AT11;60;1;3;2;4010020000008568;401002
9;05;2011;AT01;145;1;4;1;4010010000004505;401001
24;09;2012;AT13;175;1;2;1;4010010000009957;401001
12;05;2011;AT16;375;1;3;1;4010010000008110;401001
10;08;2010;AT18;80;1;5;1;4010020000006013;401002
6;09;2012;AT05;55;1;4;2;4010010000002461;401001
27;11;2012;AT03;250;1;4;2;4010020000006686;401002
31;05;2012;AT20;50;1;1;2;4010010000001926;401001
10;08;2011;AT14;250;1;3;2;4010010000009595;401001
3;07;2010;AT22;25;1;2;1;4010020000006446;401002
9;01;2012;AT12;500;1;3;1;4010020000007886;401002
23;03;2012;AT01;75;1;2;1;4010010000008357;401001
22;08;2012;AT02;5;1;2;2;4010010000003669;401001
29;03;2011;AT09;125;1;3;2;4010020000004382;401002
20;01;2012;AT10;55;1;5;1;4010020000007229;401002
14;11;2012;AT04;300;1;2;1;4010010000006403;401001
20;01;2011;AT21;70;1;5;1;4010010000006761;401001
22;05;2010;AT01;110;1;4;1;4010020000009220;401002
13;09;2010;AT15;40;1;5;2;4010020000001423;401002
16;05;2012;AT20;115;1;4;2;4010010000009151;401001
25;04;2012;AT24;105;1;5;1;4010010000005309;401001
19;03;2010;AT09;85;1;4;2;4010010000004587;401001
21;05;2010;AT06;80;1;4;1;4010010000003651;401001
13;09;2011;AT14;115;1;1;2;4010020000001026;401002
11;06;2011;AT20;25;1;1;2;4010010000004944;401001
20;04;2011;AT06;145;1;2;2;4010020000006561;401002
16;06;2011;AT13;120;1;1;1;4010010000006007;401001
12;11;2010;AT09;175;1;2;2;4010010000002930;401001
23;04;2011;AT19;40;1;4;1;4010020000001654;401002
25;10;2010;AT18;375;1;3;2;4010010000008604;401001
24;12;2012;AT20;15;1;4;1;4010010000007437;401001
13;11;2012;AT05;30;1;2;1;4010010000002667;401001
17;11;2010;AT10;15;1;1;1;4010020000002059;401002
4;05;2011;AT01;125;1;3;1;4010010000009667;401001
17;06;2011;AT18;45;1;2;2;4010020000009491;401002
17;05;2012;AT09;85;1;5;1;4010020000003283;401002
2;10;2012;AT12;5;1;4;2;4010020000003228;401002
1;02;2010;AT09;50;1;1;1;4010010000004295;401001
22;08;2012;AT12;175;1;1;1;4010020000001872;401002
8;09;2010;AT13;50;1;1;1;4010020000009768;401002
2;11;2010;AT06;80;1;1;1;4010020000009926;401002
21;06;2010;AT11;85;1;4;2;4010010000004329;401001
22;03;2010;AT22;55;1;3;1;4010010000009343;401001
26;04;2012;AT02;5;1;4;1;4010010000002783;401001
13;07;2012;AT25;40;1;4;1;4010020000001306;401002
29;04;2011;AT06;5;1;1;1;4010010000004863;401001
6;03;2012;AT17;55;1;5;2;4010020000002411;401002
13;05;2010;AT23;85;1;3;1;4010010000007120;401001
14;04;2011;AT05;175;1;2;1;4010010000008933;401001
14;05;2010;AT07;90;1;3;1;4010010000001005;401001
30;10;2012;AT09;150;1;1;2;4010020000001820;401002
6;05;2012;AT11;250;1;3;2;4010020000005664;401002
3;02;2011;AT09;95;1;2;1;4010020000002577;401002
3;07;2011;AT19;30;1;5;1;4010020000006128;401002
3;08;2011;AT02;100;1;5;2;4010010000008828;401001
6;04;2012;AT04;25;1;2;2;4010010000002403;401001
11;07;2012;AT13;375;1;1;2;4010010000006488;401001
12;05;2011;AT11;90;1;2;2;4010010000002157;401001
22;04;2010;AT22;70;1;2;2;4010010000009802;401001
20;04;2010;AT12;500;1;3;1;4010010000002351;401001
22;11;2012;AT15;135;1;1;1;4010010000008246;401001
21;06;2011;AT10;450;1;4;2;4010020000002752;401002
8;05;2010;AT09;25;1;3;1;4010010000001575;401001
27;01;2010;AT05;85;1;5;1;4010020000006549;401002
10;03;2011;AT13;115;1;1;2;4010020000009556;401002
18;02;2010;AT25;250;1;4;1;4010020000004047;401002
7;08;2010;AT18;375;1;3;1;4010020000001209;401002
20;07;2010;AT11;105;1;1;1;4010010000005387;401001
17;12;2010;AT09;25;1;2;1;4010010000006287;401001
10;03;2010;AT14;145;1;4;2;4010010000007307;401001
29;04;2012;AT04;300;1;4;2;4010010000006334;401001
16;07;2010;AT13;45;1;5;1;4010010000006861;401001
10;05;2010;AT12;25;1;5;2;4010010000004970;401001
27;09;2012;AT15;120;1;2;2;4010010000005299;401001
18;06;2011;AT03;175;1;3;1;4010020000002220;401002
12;06;2012;AT03;50;1;1;1;4010010000007443;401001
29;06;2012;AT03;45;1;3;1;4010010000007921;401001
13;02;2010;AT19;80;1;1;2;4010020000004123;401002
10;07;2010;AT07;200;1;5;2;4010010000009456;401001
26;07;2011;AT05;95;1;3;1;4010010000005645;401001
24;09;2011;AT05;5;1;5;2;4010010000006520;401001
5;08;2012;AT09;250;1;4;2;4010010000008410;401001
20;04;2012;AT22;450;1;1;1;4010020000008827;401002
6;02;2011;AT16;25;1;4;2;4010010000001807;401001
9;09;2012;AT21;20;1;5;1;4010020000003840;401002
16;11;2010;AT13;120;1;2;2;4010010000001900;401001
24;09;2012;AT19;55;1;1;1;4010010000003071;401001
20;07;2011;AT25;55;1;4;1;4010020000009435;401002
7;10;2011;AT23;15;1;1;2;4010020000002404;401002
22;10;2010;AT06;125;1;3;2;4010010000001607;401001
12;11;2011;AT17;500;1;3;2;4010020000008952;401002
21;11;2010;AT07;145;1;3;1;4010010000007575;401001
18;11;2010;AT11;125;1;4;2;4010020000007908;401002
14;02;2010;AT14;250;1;5;2;4010010000007472;401001
5;08;2010;AT09;45;1;5;1;4010020000004950;401002
8;12;2011;AT14;175;1;5;1;4010020000007856;401002
7;02;2010;AT03;375;1;3;1;4010010000004728;401001
20;03;2011;AT07;75;1;1;1;4010020000003705;401002
11;09;2011;AT19;450;1;1;2;4010020000008913;401002
3;11;2011;AT04;65;1;2;1;4010010000005995;401001
28;10;2011;AT20;135;1;3;1;4010010000009002;401001
25;06;2010;AT22;20;1;3;1;4010020000009688;401002
26;09;2012;AT22;500;1;3;1;4010020000002230;401002
1;04;2012;AT09;40;1;5;1;4010020000008509;401002
14;07;2011;AT12;60;1;3;2;4010010000008672;401001
5;06;2010;AT04;120;1;3;1;4010020000004689;401002
11;11;2011;AT04;150;1;4;2;4010020000004709;401002
3;08;2010;AT05;80;1;5;2;4010010000004719;401001
13;09;2010;AT05;145;1;2;2;4010020000008130;401002
19;07;2010;AT22;450;1;5;1;4010010000009921;401001
4;06;2012;AT21;200;1;2;2;4010010000005867;401001
6;10;2010;AT05;15;1;5;2;4010020000001113;401002
4;05;2011;AT07;70;1;2;1;4010010000003953;401001
24;05;2011;AT24;200;1;2;1;4010020000002268;401002
30;09;2011;AT07;175;1;4;1;4010020000005177;401002
14;09;2011;AT03;105;1;4;2;4010020000002979;401002
2;07;2010;AT13;15;1;2;1;4010020000005484;401002
9;01;2010;AT16;85;1;1;1;4010020000003870;401002
25;12;2012;AT12;375;1;2;2;4010010000007500;401001
4;04;2012;AT14;80;1;4;2;4010010000009700;401001
26;05;2010;AT04;125;1;4;2;4010020000008560;401002
26;05;2010;AT08;500;1;5;1;4010020000008343;401002
9;02;2010;AT13;200;1;2;2;4010010000004218;401001
27;06;2010;AT20;25;1;1;2;4010010000001131;401001
12;09;2012;AT07;500;1;3;1;4010020000006492;401002
15;09;2011;AT08;15;1;5;2;4010020000003743;401002
22;05;2012;AT08;105;1;1;2;4010020000001572;401002
4;05;2010;AT24;70;1;5;1;4010020000004163;401002
8;10;2011;AT21;120;1;5;2;4010020000007797;401002
25;04;2011;AT03;10;1;1;2;4010010000004882;401001
14;10;2011;AT09;25;1;2;1;4010020000009709;401002
22;09;2011;AT07;65;1;3;2;4010020000007135;401002
2;05;2012;AT07;20;1;1;1;4010010000005794;401001
31;08;2011;AT03;150;1;4;1;4010020000009553;401002
7;02;2011;AT04;145;1;3;1;4010020000007494;401002
14;10;2012;AT22;30;1;4;2;4010020000001818;401002
22;01;2010;AT06;200;1;3;2;4010020000008500;401002
12;07;2010;AT07;150;1;1;2;4010010000006246;401001
6;02;2011;AT13;65;1;1;2;4010010000007647;401001
3;04;2012;AT02;125;1;5;2;4010010000006007;401001
29;07;2010;AT14;145;1;1;1;4010020000006446;401002
20;06;2012;AT13;450;1;5;1;4010020000001503;401002
1;07;2011;AT20;15;1;2;1;4010010000005922;401001
15;03;2011;AT19;85;1;2;2;4010020000004329;401002
12;12;2012;AT07;35;1;1;2;4010020000002935;401002
9;10;2012;AT08;80;1;3;1;4010010000002355;401001
29;08;2011;AT01;90;1;4;1;4010010000001042;401001
9;06;2011;AT01;30;1;3;1;4010010000001243;401001
8;05;2012;AT07;80;1;3;2;4010020000003323;401002
23;07;2010;AT22;115;1;3;2;4010010000003331;401001
18;08;2010;AT07;175;1;5;2;4010010000002500;401001
18;09;2011;AT22;25;1;4;2;4010020000002253;401002
12;04;2012;AT05;65;1;2;1;4010010000002002;401001
25;09;2010;AT11;85;1;3;1;4010020000001260;401002
21;06;2011;AT07;95;1;5;1;4010010000001597;401001
24;09;2012;AT05;95;1;5;2;4010020000001447;401002
20;10;2010;AT17;10;1;2;1;4010020000007191;401002
8;12;2012;AT13;145;1;3;1;4010020000003610;401002
3;01;2010;AT21;90;1;4;2;4010020000008502;401002
4;05;2012;AT07;25;1;5;1;4010010000004036;401001
19;11;2012;AT22;55;1;2;2;4010010000003741;401001
13;10;2010;AT15;25;1;3;1;4010010000006958;401001
22;10;2011;AT25;20;1;1;2;4010020000007391;401002
2;01;2012;AT17;250;1;1;1;4010010000008347;401001
5;07;2012;AT23;145;1;4;2;4010010000008770;401001
15;05;2012;AT13;375;1;1;1;4010010000007296;401001
21;06;2011;AT02;65;1;1;1;4010010000003580;401001
13;10;2010;AT17;55;1;4;2;4010020000001422;401002
28;07;2010;AT04;500;1;2;2;4010010000007910;401001
16;08;2011;AT20;115;1;3;2;4010010000004459;401001
2;09;2011;AT23;135;1;1;2;4010020000008208;401002
18;03;2012;AT10;55;1;1;2;4010010000003603;401001
17;09;2012;AT12;450;1;2;2;4010020000001500;401002
21;08;2012;AT25;10;1;4;1;4010010000005881;401001
3;02;2012;AT02;175;1;3;2;4010020000009499;401002
13;12;2010;AT06;135;1;1;2;4010020000005667;401002
15;07;2010;AT25;30;1;3;2;4010020000008881;401002
25;08;2012;AT15;115;1;3;2;4010020000002016;401002
18;05;2010;AT11;5;1;3;2;4010010000002344;401001
24;10;2010;AT05;20;1;1;1;4010020000006394;401002
4;11;2012;AT12;135;1;4;2;4010020000008173;401002
9;09;2011;AT15;10;1;3;1;4010010000002047;401001
11;05;2011;AT16;65;1;2;1;4010020000009990;401002
13;09;2010;AT22;10;1;3;2;4010010000001390;401001
20;09;2011;AT22;30;1;5;1;4010020000008866;401002
30;07;2012;AT03;250;1;3;2;4010010000008873;401001
28;11;2010;AT10;250;1;5;2;4010010000008433;401001
30;05;2012;AT07;35;1;4;1;4010010000007455;401001
8;10;2011;AT09;135;1;2;2;4010020000008694;401002
13;09;2010;AT10;75;1;2;1;4010020000009926;401002
10;08;2011;AT08;150;1;4;1;4010020000006740;401002
11;01;2012;AT04;450;1;3;2;4010020000006375;401002
12;11;2010;AT19;145;1;3;2;4010010000009982;401001
11;05;2012;AT14;15;1;2;2;4010010000005098;401001
25;07;2012;AT07;125;1;1;2;4010020000007311;401002
3;11;2011;AT02;375;1;4;1;4010020000001865;401002
13;08;2011;AT18;300;1;5;2;4010010000009949;401001
16;06;2010;AT23;40;1;1;1;4010010000008291;401001
17;03;2010;AT12;145;1;1;2;4010020000004958;401002
7;11;2012;AT07;70;1;1;1;4010020000004243;401002
21;11;2010;AT18;150;1;5;2;4010010000005666;401001
30;07;2010;AT13;135;1;2;2;4010020000007315;401002
24;11;2011;AT10;80;1;3;1;4010020000007893;401002
21;08;2010;AT12;40;1;3;1;4010020000004330;401002
26;05;2012;AT09;85;1;1;1;4010010000008184;401001
19;03;2011;AT12;375;1;2;1;4010020000004807;401002
27;09;2012;AT13;75;1;5;1;4010010000005113;401001
7;07;2011;AT08;110;1;4;1;4010020000009425;401002
19;10;2010;AT07;30;1;5;1;4010010000004119;401001
14;04;2011;AT15;10;1;4;1;4010010000004412;401001
1;06;2012;AT11;85;1;5;2;4010010000006184;401001
22;06;2012;AT17;85;1;2;2;4010020000006730;401002
13;01;2010;AT09;15;1;2;2;4010010000002064;401001
27;07;2012;AT01;105;1;2;1;4010010000007693;401001
24;09;2010;AT06;15;1;3;2;4010020000001780;401002
6;08;2011;AT21;60;1;4;1;4010020000005462;401002
29;03;2012;AT05;35;1;5;2;4010020000003878;401002
29;04;2010;AT09;250;1;1;2;4010020000005408;401002
15;06;2011;AT19;50;1;3;2;4010010000003565;401001
5;04;2012;AT04;135;1;2;1;4010010000007289;401001
3;11;2012;AT23;200;1;4;1;4010010000007314;401001
23;08;2011;AT12;500;1;5;2;4010020000007332;401002
6;09;2010;AT08;175;1;3;2;4010020000008711;401002
1;08;2010;AT17;25;1;1;1;4010020000004305;401002
3;12;2012;AT22;30;1;1;2;4010010000005215;401001
28;03;2011;AT02;15;1;4;2;4010010000001529;401001
16;07;2012;AT13;135;1;1;1;4010010000004075;401001
22;10;2010;AT10;70;1;2;2;4010010000009108;401001
17;10;2011;AT02;150;1;1;1;4010010000004739;401001
3;03;2012;AT16;30;1;3;1;4010020000001684;401002
30;10;2011;AT17;15;1;2;2;4010010000006261;401001
18;12;2011;AT08;450;1;5;2;4010010000007972;401001
10;10;2012;AT20;375;1;4;1;4010010000002034;401001
20;03;2011;AT25;60;1;2;1;4010020000004115;401002
16;02;2012;AT11;70;1;2;1;4010010000004095;401001
13;10;2012;AT21;110;1;2;1;4010010000009766;401001
14;07;2010;AT16;200;1;1;2;4010020000001289;401002
15;03;2010;AT19;125;1;4;2;4010020000002819;401002
26;12;2011;AT04;55;1;5;2;4010010000007008;401001
23;05;2012;AT03;145;1;2;2;4010010000003262;401001
26;11;2012;AT10;200;1;5;1;4010010000004468;401001
6;02;2012;AT22;375;1;3;1;4010010000004409;401001
25;09;2012;AT04;55;1;5;2;4010020000007853;401002
10;09;2010;AT22;125;1;1;1;4010010000007669;401001
13;10;2010;AT16;250;1;1;2;4010010000005528;401001
23;06;2011;AT22;35;1;1;2;4010020000001125;401002
22;02;2011;AT13;95;1;5;2;4010020000002077;401002
27;06;2010;AT14;105;1;5;1;4010020000002206;401002
20;07;2011;AT12;135;1;1;2;4010010000006776;401001
3;11;2011;AT04;30;1;4;1;4010020000005790;401002
15;02;2012;AT04;175;1;3;2;4010020000008968;401002
27;06;2010;AT25;375;1;4;2;4010010000003618;401001
8;01;2012;AT20;175;1;1;1;4010020000001209;401002
17;03;2011;AT14;250;1;1;1;4010010000005982;401001
20;03;2010;AT20;90;1;3;2;4010020000005533;401002
19;05;2010;AT17;50;1;1;1;4010020000002721;401002
26;05;2011;AT10;145;1;4;1;4010020000001388;401002
10;06;2010;AT07;5;1;1;2;4010020000003751;401002
26;07;2010;AT02;70;1;4;2;4010010000007647;401001
14;02;2012;AT13;75;1;4;1;4010020000002506;401002
23;01;2012;AT12;145;1;4;2;4010010000007382;401001
6;10;2010;AT22;115;1;4;2;4010020000006103;401002
7;09;2010;AT23;500;1;4;1;4010010000004422;401001
25;12;2010;AT15;175;1;1;2;4010020000009307;401002
2;01;2010;AT14;200;1;1;1;4010020000009196;401002
23;03;2011;AT02;45;1;5;2;4010020000009444;401002
17;11;2010;AT18;10;1;1;2;4010020000003284;401002
3;10;2012;AT24;65;1;2;1;4010010000009028;401001
11;08;2011;AT13;10;1;1;1;4010010000005241;401001
3;06;2011;AT05;115;1;5;1;4010020000004170;401002
13;11;2011;AT17;375;1;2;2;4010020000003502;401002
1;05;2010;AT06;5;1;5;1;4010010000003094;401001
2;05;2011;AT20;200;1;4;1;4010010000008176;401001
24;06;2012;AT05;90;1;1;1;4010020000002955;401002
26;02;2010;AT24;250;1;3;1;4010010000004573;401001
18;06;2011;AT14;65;1;1;2;4010020000003687;401002
11;01;2010;AT01;80;1;5;2;4010020000003680;401002
30;08;2011;AT10;375;1;4;2;4010020000003872;401002
16;01;2012;AT18;90;1;5;2;4010020000001911;401002
5;11;2012;AT08;65;1;4;2;4010010000002684;401001
27;01;2011;AT14;500;1;2;2;4010010000009477;401001
11;10;2010;AT14;125;1;1;1;4010020000006069;401002
5;08;2012;AT22;135;1;2;2;4010010000005620;401001
11;02;2011;AT04;300;1;2;2;4010010000005636;401001
24;05;2011;AT23;35;1;4;1;4010020000009990;401002
27;08;2012;AT12;40;1;4;2;4010010000007646;401001
25;04;2012;AT22;40;1;2;1;4010010000001728;401001
4;07;2010;AT06;70;1;4;1;4010020000006069;401002
8;04;2012;AT16;35;1;5;2;4010010000005763;401001
3;03;2012;AT02;450;1;1;2;4010020000002939;401002
30;06;2012;AT02;250;1;5;2;4010010000003914;401001
4;09;2010;AT19;10;1;2;1;4010020000009652;401002
22;09;2010;AT16;70;1;4;2;4010020000003638;401002
27;07;2011;AT17;90;1;2;1;4010020000003208;401002
21;05;2010;AT05;500;1;3;1;4010010000007743;401001
26;08;2011;AT02;75;1;3;2;4010020000007209;401002
16;10;2012;AT07;95;1;1;2;4010010000003372;401001
18;02;2012;AT08;60;1;2;1;4010020000007581;401002
7;01;2012;AT21;500;1;2;2;4010010000007056;401001
3;09;2012;AT10;125;1;3;2;4010010000005529;401001
3;03;2012;AT04;15;1;2;1;4010010000008788;401001
4;11;2012;AT23;35;1;1;2;4010020000003838;401002
31;07;2012;AT12;135;1;3;1;4010010000005588;401001
29;09;2010;AT10;85;1;3;2;4010010000007197;401001
12;06;2012;AT10;75;1;1;1;4010010000004579;401001
2;06;2011;AT24;450;1;4;2;4010020000004946;401002
15;12;2011;AT16;125;1;3;2;4010010000008713;401001
3;07;2010;AT04;10;1;1;1;4010010000002920;401001
20;03;2010;AT25;125;1;4;1;4010010000003263;401001
11;11;2011;AT25;500;1;2;1;4010020000003376;401002
9;11;2010;AT03;15;1;3;2;4010010000005679;401001
26;08;2012;AT11;20;1;2;2;4010020000004227;401002
5;02;2010;AT22;20;1;2;1;4010020000009834;401002
11;02;2011;AT23;25;1;5;2;4010010000002191;401001
6;06;2011;AT19;35;1;5;1;4010020000004666;401002
25;06;2012;AT18;35;1;1;2;4010010000009244;401001
22;08;2010;AT08;95;1;5;1;4010020000002143;401002
6;02;2011;AT07;115;1;5;2;4010020000004291;401002
5;09;2010;AT05;35;1;3;1;4010020000003944;401002
23;03;2011;AT19;75;1;4;2;4010010000003341;401001
11;10;2010;AT07;200;1;4;2;4010020000007364;401002
28;10;2011;AT16;450;1;5;2;4010020000007367;401002
28;09;2010;AT09;55;1;2;1;4010010000005948;401001
24;03;2011;AT03;120;1;3;2;4010010000001163;401001
19;06;2012;AT25;65;1;3;2;4010020000007939;401002
5;06;2011;AT22;95;1;2;1;4010010000009265;401001
13;08;2010;AT23;15;1;4;2;4010010000009332;401001
3;02;2011;AT10;95;1;4;1;4010010000007637;401001
27;10;2010;AT21;250;1;1;1;4010020000004764;401002
14;05;2010;AT03;45;1;5;2;4010020000002176;401002
24;04;2010;AT22;70;1;2;2;4010010000002399;401001
29;09;2011;AT25;115;1;4;2;4010010000006476;401001
3;05;2011;AT10;500;1;1;1;4010020000001440;401002
16;12;2011;AT24;5;1;5;1;4010010000007442;401001
13;11;2012;AT11;250;1;3;2;4010020000009776;401002
20;06;2010;AT01;115;1;4;1;4010010000006781;401001
28;02;2010;AT19;500;1;2;1;4010020000009042;401002
29;04;2010;AT13;15;1;2;2;4010020000007407;401002
4;11;2012;AT04;80;1;1;2;4010020000002996;401002
13;04;2012;AT22;105;1;3;1;4010010000005509;401001
9;04;2011;AT05;15;1;3;1;4010020000002158;401002
22;06;2010;AT23;45;1;3;2;4010020000007895;401002
10;07;2010;AT17;105;1;5;1;4010020000003612;401002
21;11;2012;AT11;75;1;5;2;4010010000002202;401001
8;10;2010;AT03;175;1;3;1;4010010000004186;401001
10;02;2012;AT21;60;1;1;1;4010020000005130;401002
24;08;2011;AT22;50;1;5;2;4010010000006819;401001
11;10;2010;AT21;70;1;5;2;4010010000005569;401001
16;05;2010;AT25;5;1;1;2;4010020000008565;401002
5;10;2012;AT06;60;1;1;1;4010010000009274;401001
2;04;2011;AT04;55;1;2;2;4010020000004869;401002
20;12;2012;AT18;250;1;5;2;4010020000003592;401002
22;08;2012;AT08;65;1;5;1;4010020000005391;401002
20;09;2012;AT21;65;1;5;1;4010020000002272;401002
22;05;2011;AT07;105;1;3;1;4010010000007661;401001
24;05;2012;AT11;200;1;2;1;4010020000003509;401002
13;10;2010;AT01;5;1;3;2;4010010000003602;401001
3;09;2010;AT23;15;1;1;2;4010010000007601;401001
29;03;2010;AT13;30;1;5;1;4010010000004725;401001
28;02;2011;AT02;115;1;1;2;4010010000006295;401001
28;08;2011;AT07;450;1;4;2;4010010000001542;401001
24;07;2011;AT01;90;1;4;1;4010020000004596;401002
20;09;2011;AT10;35;1;4;1;4010020000007305;401002
14;04;2012;AT01;75;1;4;1;4010020000007984;401002
3;01;2012;AT23;500;1;5;1;4010010000004719;401001
18;01;2012;AT02;175;1;5;1;4010010000002086;401001
19;05;2010;AT17;125;1;3;1;4010020000002533;401002
18;11;2010;AT19;300;1;3;1;4010020000007430;401002
2;10;2011;AT17;125;1;4;2;4010010000006706;401001
22;08;2010;AT12;145;1;4;1;4010010000005536;401001
31;08;2012;AT24;105;1;2;2;4010010000001330;401001
22;02;2011;AT15;5;1;2;2;4010020000004787;401002
15;09;2011;AT13;10;1;3;2;4010020000006086;401002
18;03;2011;AT04;35;1;4;2;4010020000007446;401002
10;08;2012;AT06;45;1;2;2;4010020000006442;401002
21;08;2010;AT14;105;1;1;1;4010010000006740;401001
29;09;2012;AT17;450;1;4;1;4010010000009197;401001
12;04;2010;AT22;30;1;3;1;4010020000003944;401002
15;07;2010;AT04;175;1;5;2;4010010000004569;401001
11;05;2011;AT23;55;1;1;2;4010020000002194;401002
10;10;2010;AT21;150;1;4;2;4010020000001259;401002
22;03;2011;AT15;35;1;2;2;4010010000004027;401001
12;11;2012;AT14;15;1;4;1;4010020000006137;401002
16;02;2012;AT07;80;1;1;2;4010010000002205;401001
1;11;2011;AT05;25;1;3;2;4010010000005818;401001
30;09;2012;AT08;80;1;5;2;4010010000006690;401001
3;10;2012;AT20;85;1;2;1;4010010000009521;401001
14;06;2010;AT19;200;1;3;1;4010020000002107;401002
26;11;2011;AT11;60;1;1;1;4010010000004989;401001
24;01;2010;AT20;20;1;4;2;4010020000004781;401002
5;05;2012;AT08;105;1;5;1;4010010000004559;401001
7;10;2010;AT02;75;1;1;1;4010010000003750;401001
18;07;2012;AT02;500;1;5;1;4010020000005168;401002
10;08;2010;AT23;500;1;3;1;4010010000009126;401001
31;01;2012;AT19;5;1;1;2;4010010000006516;401001
14;05;2012;AT10;40;1;3;2;4010020000007669;401002
8;07;2012;AT25;45;1;4;2;4010010000001607;401001
22;11;2011;AT13;45;1;1;2;4010020000009899;401002
15;08;2010;AT08;300;1;3;2;4010010000002212;401001
24;06;2010;AT10;500;1;2;1;4010010000005704;401001
24;09;2010;AT13;115;1;3;1;4010010000003575;401001
23;05;2010;AT16;15;1;1;1;4010010000002674;401001
23;11;2012;AT11;110;1;1;1;4010010000002528;401001
27;10;2011;AT13;45;1;1;2;4010020000009780;401002
24;07;2010;AT24;250;1;1;1;4010010000007949;401001
22;11;2012;AT21;200;1;4;1;4010010000002892;401001
14;11;2012;AT10;250;1;5;1;4010010000005625;401001
30;06;2012;AT12;15;1;2;1;4010010000005753;401001
24;06;2012;AT20;45;1;1;2;4010010000006899;401001
22;11;2012;AT09;65;1;3;2;4010010000003412;401001
28;02;2011;AT15;100;1;3;2;4010020000003268;401002
13;04;2012;AT12;25;1;5;2;4010010000007789;401001
20;09;2011;AT03;135;1;2;1;4010010000007263;401001
24;09;2010;AT06;70;1;4;1;4010010000005385;401001
16;09;2012;AT22;5;1;5;2;4010010000004392;401001
21;04;2012;AT02;40;1;1;1;4010010000003190;401001
2;03;2011;AT23;375;1;3;1;4010020000001045;401002
16;09;2011;AT17;65;1;3;1;4010010000002339;401001
17;01;2011;AT20;105;1;5;1;4010020000003755;401002
8;06;2012;AT03;30;1;5;2;4010020000003400;401002
14;08;2012;AT20;145;1;5;2;4010020000004765;401002
7;01;2010;AT17;45;1;4;1;4010010000004394;401001
10;03;2012;AT15;175;1;1;1;4010020000004403;401002
26;06;2011;AT06;250;1;1;2;4010020000002422;401002
14;05;2010;AT15;150;1;2;2;4010020000001582;401002
26;02;2012;AT21;200;1;1;2;4010010000004963;401001
19;09;2011;AT08;175;1;5;2;4010020000003119;401002
14;06;2012;AT15;375;1;5;1;4010020000001550;401002
20;12;2011;AT18;65;1;3;2;4010020000001793;401002
19;02;2012;AT04;70;1;2;1;4010020000008842;401002
11;04;2011;AT25;175;1;4;1;4010010000005361;401001
17;04;2012;AT05;80;1;3;1;4010020000004510;401002
13;08;2010;AT20;45;1;5;1;4010020000007754;401002
18;09;2011;AT23;5;1;3;2;4010020000005428;401002
7;08;2012;AT17;70;1;1;2;4010010000006314;401001
22;11;2010;AT12;25;1;5;1;4010020000008904;401002
5;08;2010;AT09;125;1;2;1;4010020000004057;401002
7;10;2012;AT24;70;1;2;1;4010020000008348;401002
23;09;2012;AT08;500;1;5;2;4010020000002002;401002
14;06;2012;AT09;200;1;3;2;4010020000003366;401002
21;02;2011;AT25;15;1;2;2;4010020000009254;401002
12;02;2012;AT16;95;1;4;2;4010010000005317;401001
13;07;2012;AT21;50;1;5;2;4010020000006737;401002
18;08;2011;AT16;65;1;5;2;4010020000001256;401002
13;11;2011;AT09;450;1;2;1;4010020000001238;401002
3;10;2012;AT18;125;1;3;2;4010020000002149;401002
24;08;2012;AT19;105;1;3;1;4010010000008428;401001
22;11;2010;AT01;45;1;2;2;4010020000001050;401002
17;05;2010;AT18;250;1;5;1;4010010000006376;401001
6;04;2010;AT22;300;1;1;2;4010010000008021;401001
12;06;2012;AT12;250;1;2;2;4010010000005461;401001
19;09;2011;AT06;175;1;4;2;4010010000003152;401001
14;08;2012;AT08;30;1;1;1;4010010000004312;401001
21;06;2010;AT25;55;1;5;1;4010020000009121;401002
25;01;2012;AT05;150;1;1;1;4010010000005961;401001
12;11;2010;AT11;200;1;1;2;4010010000003661;401001
3;02;2010;AT19;300;1;2;1;4010010000001668;401001
19;12;2011;AT11;300;1;3;2;4010010000007327;401001
14;03;2012;AT01;105;1;4;2;4010020000008567;401002
23;02;2010;AT16;90;1;1;2;4010020000003933;401002
13;09;2011;AT10;150;1;5;1;4010020000008273;401002
3;09;2011;AT22;10;1;4;1;4010020000008466;401002
16;02;2012;AT07;60;1;5;1;4010010000006914;401001
12;07;2011;AT22;20;1;3;2;4010010000004941;401001
21;08;2011;AT03;100;1;4;1;4010010000003604;401001
28;04;2011;AT10;50;1;1;1;4010020000006512;401002
9;10;2010;AT01;55;1;2;2;4010010000007731;401001
27;11;2010;AT17;15;1;5;2;4010020000002985;401002
2;09;2010;AT15;15;1;4;2;4010010000008880;401001
6;04;2010;AT09;105;1;5;2;4010020000006609;401002
8;11;2010;AT19;135;1;2;1;4010020000004963;401002
5;06;2012;AT12;80;1;5;2;4010010000002489;401001
6;04;2012;AT16;200;1;5;2;4010010000007570;401001
19;04;2010;AT06;120;1;4;2;4010010000008757;401001
13;09;2012;AT13;40;1;1;2;4010020000005742;401002
5;07;2011;AT02;125;1;3;2;4010010000004409;401001
14;10;2011;AT16;85;1;1;1;4010010000009218;401001
10;07;2010;AT20;100;1;5;1;4010020000005354;401002
28;01;2012;AT24;45;1;5;2;4010020000007822;401002
3;10;2011;AT19;20;1;2;2;4010020000001300;401002
5;03;2010;AT10;70;1;3;1;4010010000001201;401001
25;06;2011;AT08;135;1;2;1;4010020000004164;401002
4;12;2012;AT07;50;1;2;1;4010010000005830;401001
30;07;2010;AT25;115;1;4;2;4010010000009179;401001
23;11;2011;AT03;60;1;1;2;4010010000003164;401001
30;04;2010;AT14;125;1;4;2;4010010000008546;401001
15;10;2012;AT09;250;1;2;1;4010010000002952;401001
23;07;2010;AT03;25;1;1;2;4010010000009438;401001
19;04;2010;AT18;375;1;2;1;4010020000003854;401002
16;03;2011;AT09;40;1;2;2;4010020000003892;401002
24;08;2012;AT14;110;1;2;1;4010020000003761;401002
14;01;2012;AT04;20;1;1;1;4010020000005349;401002
11;07;2010;AT13;5;1;4;2;4010020000004264;401002
11;04;2011;AT22;30;1;3;2;4010020000001510;401002
24;02;2011;AT25;105;1;4;1;4010020000006387;401002
28;03;2012;AT25;15;1;3;2;4010020000006782;401002
9;02;2010;AT14;90;1;3;1;4010020000007071;401002
30;06;2011;AT11;75;1;2;1;4010020000001449;401002
5;04;2010;AT21;150;1;5;1;4010020000008046;401002
18;07;2011;AT14;5;1;3;1;4010010000001675;401001
24;12;2011;AT23;45;1;5;1;4010010000006819;401001
20;01;2012;AT12;10;1;1;2;4010010000007996;401001
28;03;2010;AT10;80;1;1;2;4010010000004987;401001
11;10;2010;AT20;100;1;5;2;4010020000008297;401002
30;04;2010;AT18;100;1;5;1;4010010000007142;401001
20;11;2010;AT03;200;1;1;1;4010020000005184;401002
28;01;2012;AT03;45;1;1;2;4010010000006849;401001
13;05;2012;AT04;35;1;5;1;4010010000008576;401001
29;07;2012;AT20;20;1;3;2;4010010000001000;401001
4;08;2011;AT22;120;1;3;1;4010010000001212;401001
14;03;2012;AT19;65;1;5;1;4010010000008363;401001
26;08;2012;AT24;250;1;2;1;4010020000004405;401002
30;09;2010;AT15;125;1;1;2;4010020000004177;401002
29;12;2011;AT01;60;1;5;1;4010020000003492;401002
8;05;2011;AT09;150;1;3;1;4010010000007775;401001
25;10;2010;AT18;50;1;3;2;4010010000005502;401001
24;05;2012;AT13;15;1;5;2;4010020000009075;401002
25;07;2011;AT23;200;1;3;2;4010010000003204;401001
30;06;2010;AT06;120;1;4;1;4010010000005303;401001
17;10;2012;AT03;105;1;2;2;4010010000008847;401001
25;01;2011;AT16;500;1;2;2;4010020000002459;401002
4;08;2010;AT13;10;1;1;1;4010020000001382;401002
30;05;2012;AT02;125;1;2;1;4010020000007055;401002
16;11;2011;AT15;135;1;4;1;4010010000008098;401001
11;03;2010;AT06;150;1;1;1;4010010000001160;401001
12;09;2011;AT25;70;1;3;2;4010020000002865;401002
10;03;2011;AT02;115;1;2;1;4010020000007641;401002
31;01;2010;AT14;90;1;1;1;4010020000004993;401002
26;10;2011;AT23;115;1;3;1;4010020000003506;401002
11;08;2011;AT02;70;1;4;2;4010010000006690;401001
17;09;2012;AT08;70;1;2;1;4010010000001314;401001
28;02;2012;AT19;45;1;5;1;4010010000005046;401001
2;07;2010;AT15;375;1;3;2;4010020000001725;401002
17;10;2010;AT24;25;1;1;2;4010010000005467;401001
9;01;2011;AT10;200;1;3;1;4010020000002652;401002
19;05;2011;AT16;135;1;5;2;4010010000007304;401001
18;03;2010;AT21;250;1;2;2;4010010000008671;401001
3;10;2011;AT07;105;1;2;2;4010020000004490;401002
4;04;2012;AT15;15;1;1;1;4010010000008869;401001
13;03;2011;AT12;15;1;3;1;4010020000001870;401002
8;06;2010;AT23;115;1;1;2;4010020000003127;401002
27;09;2010;AT20;30;1;4;2;4010020000009589;401002
1;07;2011;AT13;375;1;5;2;4010020000005914;401002
13;10;2012;AT22;75;1;2;1;4010020000001187;401002
11;04;2011;AT25;60;1;2;1;4010020000008262;401002
21;10;2010;AT09;15;1;4;2;4010020000003999;401002
4;03;2012;AT24;50;1;2;2;4010010000006439;401001
25;11;2011;AT11;35;1;1;2;4010020000004355;401002
27;06;2010;AT03;70;1;1;1;4010020000002095;401002
7;09;2011;AT06;85;1;5;1;4010020000006049;401002
1;01;2011;AT09;150;1;5;2;4010010000005237;401001
9;09;2011;AT15;175;1;3;1;4010010000009700;401001
7;12;2012;AT10;450;1;5;1;4010010000004861;401001
19;05;2012;AT12;30;1;2;1;4010010000003136;401001
22;10;2011;AT01;55;1;3;1;4010010000001211;401001
18;08;2012;AT21;10;1;2;1;4010020000008881;401002
18;02;2011;AT19;30;1;3;2;4010020000004272;401002
4;06;2012;AT08;115;1;2;1;4010010000003461;401001
1;12;2011;AT07;450;1;5;1;4010020000007646;401002
29;11;2010;AT04;15;1;2;2;4010020000002910;401002
21;09;2011;AT08;110;1;2;2;4010010000003708;401001
4;02;2011;AT14;200;1;3;2;4010010000001990;401001
13;08;2011;AT21;70;1;4;1;4010020000007541;401002
24;10;2011;AT14;250;1;2;2;4010010000004958;401001
24;06;2012;AT19;65;1;3;1;4010010000007189;401001
28;10;2010;AT11;25;1;2;1;4010020000004736;401002
28;03;2010;AT23;95;1;3;2;4010010000002726;401001
2;12;2012;AT13;100;1;1;1;4010010000001592;401001
12;06;2010;AT01;100;1;2;2;4010010000007481;401001
18;03;2010;AT01;65;1;1;2;4010010000007122;401001
20;02;2012;AT04;5;1;1;2;4010010000007666;401001
24;03;2011;AT14;25;1;5;2;4010010000004986;401001
2;05;2011;AT06;70;1;3;2;4010010000006851;401001
14;03;2011;AT11;500;1;5;2;4010020000008096;401002
23;05;2012;AT25;135;1;1;2;4010020000008911;401002
25;11;2012;AT08;135;1;1;2;4010020000001448;401002
2;02;2010;AT16;30;1;5;2;4010020000009635;401002
9;05;2011;AT17;25;1;4;1;4010020000008672;401002
17;07;2011;AT16;15;1;4;2;4010020000004136;401002
26;09;2010;AT01;30;1;2;1;4010020000005350;401002
22;08;2012;AT12;135;1;1;1;4010010000003793;401001
8;10;2010;AT06;80;1;5;1;4010010000004023;401001
6;01;2011;AT03;80;1;2;2;4010010000006661;401001
24;06;2012;AT08;65;1;4;2;4010010000005003;401001
3;05;2010;AT06;70;1;3;1;4010010000001699;401001
20;01;2011;AT23;450;1;2;1;4010010000008383;401001
3;11;2012;AT16;135;1;2;1;4010010000003581;401001
13;01;2010;AT17;300;1;4;2;4010010000003138;401001
26;05;2012;AT01;50;1;1;1;4010010000007390;401001
13;06;2011;AT19;85;1;2;2;4010020000005145;401002
20;04;2010;AT20;175;1;3;2;4010010000001624;401001
3;02;2010;AT13;120;1;5;2;4010010000003901;401001
30;03;2012;AT03;90;1;2;2;4010020000004603;401002
13;01;2012;AT08;105;1;3;2;4010010000001489;401001
24;03;2011;AT24;135;1;1;1;4010020000008503;401002
29;07;2012;AT04;150;1;3;2;4010020000003752;401002
10;02;2012;AT12;135;1;4;2;4010010000007507;401001
12;02;2010;AT23;50;1;3;1;4010010000001187;401001
4;04;2010;AT05;65;1;2;2;4010020000004665;401002
28;10;2010;AT13;175;1;2;1;4010020000009287;401002
5;04;2012;AT11;250;1;1;2;4010010000006722;401001
13;02;2011;AT12;70;1;1;1;4010010000002192;401001
1;11;2011;AT05;145;1;3;1;4010010000007087;401001
25;04;2011;AT23;10;1;1;2;4010020000002647;401002
1;07;2012;AT06;450;1;2;2;4010020000001202;401002
2;09;2010;AT01;50;1;5;2;4010020000002731;401002
4;03;2012;AT08;250;1;2;1;4010010000001013;401001
26;07;2012;AT04;90;1;5;1;4010010000008701;401001
27;11;2012;AT09;120;1;4;1;4010020000003725;401002
1;06;2010;AT04;10;1;2;1;4010010000004217;401001
26;07;2010;AT10;100;1;3;2;4010010000001333;401001
10;04;2010;AT13;100;1;2;2;4010010000008272;401001
1;10;2010;AT01;15;1;4;1;4010010000006795;401001
30;06;2012;AT16;110;1;2;2;4010010000003037;401001
27;11;2012;AT22;65;1;1;2;4010010000005696;401001
28;05;2010;AT16;25;1;1;1;4010010000007112;401001
23;02;2012;AT13;75;1;4;1;4010020000008221;401002
28;04;2011;AT13;175;1;3;2;4010010000004378;401001
17;06;2010;AT25;105;1;3;1;4010010000002290;401001
11;05;2012;AT11;50;1;2;2;4010010000002903;401001
18;05;2012;AT20;110;1;4;2;4010020000002138;401002
8;07;2012;AT23;90;1;1;2;4010010000008731;401001
2;05;2010;AT16;125;1;5;2;4010010000007045;401001
9;04;2010;AT03;115;1;5;2;4010020000009379;401002
8;09;2011;AT17;145;1;2;1;4010020000003993;401002
25;02;2010;AT06;135;1;2;2;4010020000005663;401002
5;10;2012;AT21;20;1;4;2;4010020000005804;401002
6;06;2010;AT10;70;1;1;2;4010010000002966;401001
12;07;2010;AT13;145;1;5;2;4010020000002047;401002
27;01;2011;AT24;105;1;2;1;4010010000006552;401001
16;05;2011;AT02;250;1;4;2;4010010000009477;401001
25;07;2010;AT05;65;1;5;1;4010010000005913;401001
18;12;2011;AT22;35;1;5;2;4010020000002909;401002
31;05;2010;AT17;65;1;2;2;4010010000003185;401001
3;07;2010;AT13;125;1;4;2;4010010000009717;401001
3;08;2011;AT18;80;1;3;1;4010010000002100;401001
9;03;2010;AT03;200;1;5;2;4010010000002270;401001
27;12;2010;AT23;300;1;4;1;4010020000003976;401002
29;11;2010;AT24;150;1;5;2;4010010000009540;401001
25;01;2010;AT19;30;1;5;2;4010010000001254;401001
6;02;2011;AT14;135;1;4;2;4010010000004110;401001
22;02;2012;AT10;55;1;5;1;4010010000004198;401001
22;05;2012;AT15;120;1;5;1;4010010000003562;401001
19;05;2012;AT20;125;1;4;2;4010010000005494;401001
22;06;2012;AT04;95;1;3;2;4010010000001756;401001
16;02;2010;AT05;5;1;3;2;4010020000009110;401002
25;04;2010;AT02;35;1;3;2;4010020000001487;401002
26;06;2011;AT08;40;1;5;2;4010010000007013;401001
6;10;2012;AT21;10;1;4;2;4010010000003461;401001
22;05;2012;AT13;250;1;4;1;4010020000002695;401002
9;04;2012;AT01;120;1;4;2;4010010000006983;401001
9;05;2010;AT08;55;1;1;1;4010020000007680;401002
17;06;2011;AT09;15;1;5;2;4010020000001256;401002
15;04;2010;AT08;35;1;2;2;4010020000007213;401002
25;09;2010;AT10;150;1;4;1;4010010000008578;401001
4;03;2011;AT14;175;1;5;2;4010010000006108;401001
2;10;2010;AT16;40;1;4;2;4010010000001161;401001
19;07;2012;AT10;60;1;1;1;4010020000001675;401002
2;04;2011;AT03;145;1;3;1;4010020000009650;401002
14;04;2010;AT14;115;1;4;1;4010020000007696;401002
10;11;2011;AT07;30;1;5;1;4010010000003845;401001
31;01;2010;AT12;250;1;3;2;4010020000005566;401002
29;12;2012;AT03;35;1;3;1;4010010000004003;401001
29;07;2012;AT01;70;1;2;2;4010010000008183;401001
20;03;2011;AT08;35;1;5;2;4010020000009313;401002
7;07;2012;AT12;500;1;1;2;4010010000003942;401001
10;12;2011;AT03;45;1;3;2;4010010000002290;401001
7;04;2010;AT03;250;1;3;1;4010020000003698;401002
2;06;2010;AT16;115;1;5;2;4010010000001329;401001
26;08;2012;AT19;85;1;1;2;4010010000003600;401001
19;06;2012;AT14;80;1;4;2;4010020000009584;401002
14;08;2010;AT11;145;1;3;2;4010010000005459;401001
5;07;2010;AT04;120;1;4;1;4010020000002763;401002
8;02;2012;AT14;500;1;3;2;4010010000006986;401001
31;03;2012;AT04;45;1;1;1;4010010000008424;401001
28;05;2010;AT02;500;1;2;1;4010020000004111;401002
4;02;2010;AT01;100;1;4;2;4010010000009666;401001
24;09;2010;AT11;300;1;4;1;4010010000007499;401001
24;07;2010;AT19;200;1;3;2;4010010000003955;401001
20;06;2011;AT14;5;1;3;2;4010010000004531;401001
26;08;2010;AT11;20;1;1;2;4010020000002236;401002
26;08;2011;AT19;75;1;5;1;4010020000006619;401002
13;07;2012;AT16;15;1;1;1;4010010000008927;401001
25;05;2011;AT18;5;1;5;2;4010010000002837;401001
24;09;2011;AT11;175;1;1;1;4010010000006234;401001
24;10;2011;AT22;85;1;5;1;4010010000007714;401001
24;06;2012;AT01;75;1;4;1;4010020000006184;401002
5;04;2011;AT02;35;1;2;1;4010010000002846;401001
6;08;2010;AT09;90;1;3;1;4010020000009382;401002
27;11;2011;AT25;175;1;5;2;4010010000005704;401001
8;06;2012;AT01;175;1;5;2;4010020000003460;401002
19;05;2012;AT23;95;1;5;1;4010010000004448;401001
1;01;2012;AT18;135;1;5;2;4010010000006077;401001
17;09;2010;AT09;150;1;5;2;4010020000007785;401002
19;06;2010;AT13;20;1;4;1;4010020000003810;401002
27;06;2012;AT05;95;1;2;2;4010020000008300;401002
28;05;2011;AT13;450;1;2;1;4010010000002038;401001
24;07;2011;AT18;150;1;2;2;4010010000002909;401001
29;07;2011;AT02;135;1;2;2;4010020000006550;401002
17;11;2011;AT04;65;1;4;1;4010020000002636;401002
12;10;2012;AT18;125;1;3;2;4010010000005240;401001
27;11;2010;AT14;250;1;5;1;4010020000007106;401002
2;09;2012;AT25;65;1;1;2;4010010000003391;401001
6;08;2011;AT17;150;1;2;2;4010020000008206;401002
29;12;2012;AT07;250;1;2;1;4010020000003530;401002
2;08;2012;AT02;15;0;4;1;4010010000006331;401001
18;05;2011;AT12;50;0;3;1;4000020000007438;400002
6;07;2012;AT07;150;0;5;1;4010020000005357;401002
25;02;2012;AT23;45;0;3;1;4010010000006120;401001
25;06;2010;AT12;10;0;5;1;4000010000007369;400001
12;06;2010;AT11;135;0;2;1;4000030000007510;400003
17;12;2011;AT09;110;0;3;1;4000010000003708;400001
5;02;2010;AT18;135;0;3;1;4000010000008558;400001
19;08;2011;AT05;90;0;3;1;4000010000006851;400001
17;08;2010;AT07;15;0;2;1;4010010000009918;401001
16;07;2010;AT07;70;0;1;1;4000010000009959;400001
29;06;2011;AT24;115;0;1;1;4000040000007867;400004
28;02;2011;AT25;200;0;5;1;4000010000008108;400001
11;05;2011;AT17;80;0;2;1;4000010000007268;400001
30;06;2012;AT05;45;0;1;1;4000010000006949;400001
6;06;2012;AT16;200;0;1;1;4010010000009139;401001
6;03;2010;AT24;30;0;1;1;4010010000006342;401001
15;08;2012;AT23;135;0;1;1;4000010000005508;400001
12;08;2011;AT20;90;0;3;1;4000010000007724;400001
13;03;2010;AT07;15;0;2;1;4000020000008780;400002
20;04;2010;AT24;90;0;2;1;4000030000009571;400003
10;02;2012;AT10;375;0;3;1;4000030000007139;400003
27;04;2010;AT09;55;0;5;1;4000040000009958;400004
23;10;2012;AT20;80;0;1;1;4000010000007432;400001
29;11;2010;AT16;30;0;1;1;4000030000003698;400003
3;02;2010;AT08;5;0;2;1;4000030000008709;400003
25;04;2010;AT09;175;0;5;1;4000040000003505;400004
27;05;2012;AT05;120;0;5;1;4000030000003719;400003
21;06;2010;AT04;375;0;4;1;4000020000001052;400002
14;11;2011;AT18;80;0;4;1;4000020000004018;400002
29;09;2010;AT01;60;0;4;1;4010010000005469;401001
16;08;2010;AT05;85;0;2;1;4000010000006832;400001
3;03;2010;AT12;125;0;4;1;4010010000006988;401001
19;07;2012;AT12;375;0;4;1;4000010000008616;400001
27;12;2012;AT18;145;0;3;1;4000020000007063;400002
1;06;2010;AT09;85;0;4;1;4000010000004239;400001
18;03;2011;AT09;105;0;2;1;4010010000002189;401001
13;11;2010;AT25;55;0;5;1;4000010000009832;400001
16;02;2012;AT05;85;0;1;1;4010020000009935;401002
24;01;2011;AT16;200;0;4;1;4010020000001313;401002
29;04;2012;AT24;175;0;4;1;4000030000002099;400003
24;10;2011;AT24;300;0;4;1;4010010000004943;401001
30;06;2012;AT20;65;0;2;1;4000010000006010;400001
9;05;2011;AT19;90;0;4;1;4010010000008713;401001
29;11;2011;AT24;110;0;1;1;4010020000004913;401002
24;02;2012;AT17;80;0;3;1;4000010000001482;400001
14;05;2010;AT13;30;0;5;1;4000040000001761;400004
7;07;2012;AT08;115;0;5;1;4000040000001540;400004
3;04;2011;AT10;450;0;1;1;4010010000009157;401001
16;01;2010;AT07;85;0;4;1;4010010000003371;401001
25;05;2011;AT23;35;0;2;1;4010020000008864;401002
13;09;2010;AT25;45;0;1;1;4010010000003355;401001
30;11;2010;AT04;135;0;1;1;4000040000003829;400004
18;03;2011;AT15;150;0;1;1;4000020000003566;400002
18;08;2010;AT25;450;0;2;1;4000030000007733;400003
25;02;2011;AT12;375;0;5;1;4000040000008366;400004
1;05;2012;AT05;35;0;1;1;4000030000005917;400003
30;09;2011;AT02;175;0;5;1;4010020000004612;401002
3;12;2012;AT22;300;0;4;1;4000030000005616;400003
17;06;2010;AT10;65;0;4;1;4000030000007168;400003
17;10;2011;AT13;35;0;1;1;4010010000006387;401001
23;03;2011;AT11;125;0;4;1;4000040000009907;400004
11;06;2011;AT02;60;0;5;1;4000040000007706;400004
3;10;2010;AT10;250;0;4;1;4000040000007789;400004
11;11;2011;AT03;105;0;2;1;4000010000004099;400001
16;02;2011;AT18;35;0;5;1;4010010000001321;401001
21;07;2012;AT03;45;0;5;1;4010020000001607;401002
13;05;2012;AT22;250;0;3;1;4010010000008011;401001
7;08;2011;AT08;65;0;4;1;4010020000004411;401002
8;09;2010;AT23;75;0;4;1;4000010000006112;400001
6;10;2012;AT09;65;0;1;1;4010020000005530;401002
11;03;2012;AT20;90;0;4;1;4000020000003044;400002
9;11;2011;AT09;75;0;5;1;4000010000005388;400001
26;04;2011;AT05;70;0;3;1;4010010000005423;401001
1;11;2011;AT04;100;0;4;1;4000040000007826;400004
10;05;2012;AT05;300;0;5;1;4000020000007548;400002
2;11;2011;AT15;145;0;3;1;4000030000004683;400003
26;11;2011;AT03;150;0;3;1;4010020000008828;401002
30;11;2010;AT07;45;0;2;1;4010010000009971;401001
22;07;2011;AT04;175;0;2;1;4000010000007750;400001
24;10;2012;AT10;5;0;5;1;4000010000003028;400001
23;11;2012;AT19;85;0;3;1;4010010000005183;401001
14;10;2011;AT14;10;0;2;1;4010020000006489;401002
10;08;2010;AT03;35;0;4;1;4000040000002345;400004
20;04;2012;AT09;10;0;2;1;4000010000005472;400001
3;10;2012;AT05;50;0;5;1;4000020000008189;400002
17;03;2010;AT24;5;0;5;1;4000010000006795;400001
3;04;2012;AT20;25;0;4;1;4000010000006343;400001
13;11;2012;AT13;5;0;2;1;4000040000005234;400004
10;03;2010;AT10;70;0;2;1;4000010000003523;400001
3;10;2010;AT06;150;0;1;1;4000020000003482;400002
3;11;2012;AT11;20;0;5;1;4000010000009142;400001
25;05;2012;AT03;150;0;2;1;4010020000004150;401002
9;04;2010;AT25;145;0;5;1;4000010000007946;400001
16;01;2012;AT07;115;0;4;1;4000030000009135;400003
20;10;2011;AT20;15;0;5;1;4000010000006498;400001
31;05;2011;AT22;40;0;1;1;4000010000003646;400001
18;08;2012;AT21;105;0;3;1;4000040000003408;400004
14;12;2011;AT14;145;0;4;1;4000030000007528;400003
30;05;2011;AT25;50;0;1;1;4000020000004611;400002
17;07;2010;AT03;55;0;5;1;4000030000009178;400003
23;01;2011;AT15;80;0;1;1;4010020000007431;401002
9;08;2011;AT12;10;0;4;1;4010010000004687;401001
19;06;2010;AT01;40;0;1;1;4000030000004174;400003
7;03;2012;AT20;15;0;1;1;4000040000009495;400004
29;05;2010;AT09;500;0;4;1;4010020000006645;401002
3;10;2010;AT04;105;0;2;1;4000040000007203;400004
17;11;2010;AT14;70;0;3;1;4000030000006540;400003
2;10;2011;AT06;300;0;4;1;4010020000003284;401002
13;10;2011;AT02;80;0;1;1;4000020000004571;400002
19;02;2010;AT03;55;0;1;1;4000010000004811;400001
18;01;2011;AT24;500;0;4;1;4000030000004536;400003
18;02;2012;AT07;450;0;2;1;4000010000002537;400001
10;05;2010;AT01;250;0;4;1;4000030000006195;400003
8;04;2012;AT25;150;0;4;1;4000040000008675;400004
3;05;2011;AT05;250;0;4;1;4000030000004687;400003
19;10;2012;AT20;20;0;4;1;4010020000006578;401002
10;11;2010;AT08;40;0;2;1;4010010000007037;401001
17;08;2011;AT11;90;0;3;1;4000040000005328;400004
19;10;2011;AT05;90;0;4;1;4000040000001473;400004
15;02;2012;AT07;45;0;1;1;4010010000003341;401001
22;09;2011;AT14;90;0;4;1;4010020000004899;401002
24;05;2010;AT20;115;0;1;1;4000020000008579;400002
4;08;2012;AT23;85;0;5;1;4000020000001881;400002
14;09;2012;AT09;250;0;4;1;4010010000002471;401001
15;08;2010;AT22;35;0;4;1;4000040000008736;400004
23;02;2012;AT25;250;0;2;1;4000030000007760;400003
9;11;2011;AT21;450;0;3;1;4000040000001877;400004
29;07;2010;AT14;450;0;4;1;4000040000002432;400004
3;06;2012;AT04;55;0;3;1;4000040000005297;400004
9;09;2011;AT22;50;0;4;1;4010010000003961;401001
12;06;2010;AT04;90;0;1;1;4010010000005362;401001
9;02;2011;AT08;75;0;3;1;4010020000004208;401002
17;03;2012;AT02;95;0;2;1;4000040000005041;400004
22;06;2011;AT11;110;0;3;1;4010020000006506;401002
30;10;2011;AT11;100;0;4;1;4000020000001219;400002
11;05;2011;AT06;115;0;2;1;4010020000005451;401002
23;02;2011;AT05;450;0;1;1;4000030000006109;400003
26;11;2012;AT20;35;0;5;1;4000020000002474;400002
20;06;2011;AT02;5;0;2;1;4010010000009662;401001
14;04;2010;AT07;10;0;1;1;4010020000003355;401002
27;02;2010;AT16;95;0;2;1;4000010000003017;400001
22;05;2010;AT13;5;0;3;1;4010010000001390;401001
22;05;2010;AT12;50;0;4;1;4000020000001870;400002
16;10;2010;AT11;5;0;1;1;4000010000006589;400001
28;02;2010;AT24;200;0;4;1;4000040000008624;400004
19;09;2011;AT09;175;0;1;1;4010020000004808;401002
7;03;2011;AT22;200;0;2;1;4000030000007861;400003
5;11;2012;AT21;105;0;4;1;4010020000001167;401002
3;06;2010;AT14;110;0;5;1;4000030000004288;400003
25;10;2011;AT07;120;0;3;1;4000030000002197;400003
25;09;2012;AT05;45;0;4;1;4000010000008856;400001
24;05;2010;AT21;50;0;1;1;4000040000001991;400004
8;08;2011;AT01;40;0;5;1;4000040000002097;400004
5;08;2010;AT01;45;0;3;1;4000030000002572;400003
12;11;2012;AT20;55;0;3;1;4010020000002398;401002
17;02;2012;AT06;115;0;2;1;4010020000008444;401002
7;02;2011;AT07;45;0;2;1;4000030000001185;400003
21;01;2010;AT18;65;0;4;1;4000040000008379;400004
12;10;2011;AT22;20;0;2;1;4010020000009575;401002
10;08;2012;AT22;125;0;3;1;4000030000005784;400003
5;11;2011;AT06;145;0;1;1;4000020000007828;400002
21;09;2011;AT09;10;0;3;1;4000020000002756;400002
27;12;2010;AT18;110;0;3;1;4010020000002102;401002
7;06;2011;AT21;5;0;3;1;4000010000004998;400001
18;06;2011;AT06;175;0;2;1;4000020000003234;400002
4;09;2011;AT09;25;0;3;1;4000020000001880;400002
24;07;2012;AT21;70;0;4;1;4000030000003781;400003
2;01;2010;AT23;45;0;2;1;4010010000002519;401001
9;05;2011;AT16;70;0;2;1;4000040000004632;400004
25;05;2012;AT12;70;0;5;1;4000020000006983;400002
14;10;2010;AT21;55;0;5;1;4000030000005407;400003
6;06;2012;AT14;10;0;4;1;4010010000005366;401001
24;06;2012;AT03;90;0;1;1;4010010000005260;401001
25;05;2011;AT02;15;0;3;1;4010010000007134;401001
25;02;2012;AT19;110;0;4;1;4000010000003114;400001
14;05;2011;AT21;10;0;2;1;4000010000009388;400001
11;05;2011;AT06;500;0;5;1;4010020000008320;401002
7;10;2011;AT05;65;0;1;1;4010020000004630;401002
27;11;2011;AT02;120;0;4;1;4000040000005418;400004
3;07;2010;AT02;30;0;2;1;4000030000007599;400003
9;02;2010;AT10;115;0;4;1;4010020000003480;401002
18;06;2011;AT10;70;0;4;1;4010020000005298;401002
26;04;2010;AT15;75;0;2;1;4000010000004927;400001
16;04;2012;AT18;90;0;4;1;4000020000006326;400002
8;05;2012;AT02;55;0;3;1;4010010000006644;401001
24;11;2010;AT14;20;0;4;1;4000030000008384;400003
6;09;2011;AT06;150;0;3;1;4010020000005258;401002
19;11;2011;AT18;135;0;3;1;4000040000005691;400004
28;08;2012;AT25;125;0;1;1;4010010000005625;401001
4;12;2011;AT06;80;0;3;1;4000040000002810;400004
17;06;2012;AT06;200;0;4;1;4010020000005804;401002
8;07;2011;AT13;25;0;4;1;4000010000003623;400001
16;06;2010;AT21;85;0;1;1;4010020000008074;401002
30;06;2012;AT22;135;0;2;1;4000020000002821;400002
27;07;2012;AT02;60;0;4;1;4000020000005756;400002
11;08;2012;AT13;65;0;1;1;4010010000007199;401001
8;12;2011;AT03;5;0;5;1;4010020000007961;401002
25;11;2011;AT25;15;0;5;1;4000030000003656;400003
15;02;2011;AT21;75;0;1;1;4010020000002473;401002
7;03;2011;AT25;70;0;5;1;4000020000004103;400002
17;03;2011;AT17;150;0;2;1;4010010000002478;401001
30;08;2010;AT14;150;0;1;1;4000040000003269;400004
3;01;2012;AT16;450;0;3;1;4000030000007289;400003
14;07;2010;AT20;145;0;3;1;4000040000005832;400004
17;02;2010;AT19;5;0;4;1;4000010000003898;400001
26;06;2012;AT25;70;0;1;1;4000030000003783;400003
22;03;2012;AT08;35;0;1;1;4010010000005792;401001
16;08;2012;AT10;60;0;3;1;4000010000007346;400001
4;04;2011;AT05;95;0;1;1;4000010000007805;400001
8;11;2011;AT22;5;0;5;1;4000010000005788;400001
3;04;2011;AT16;175;0;1;1;4010020000006084;401002
21;04;2012;AT12;300;0;4;1;4000020000002779;400002
4;10;2010;AT22;250;0;5;1;4010010000001160;401001
13;12;2010;AT02;40;0;4;1;4000020000007285;400002
11;04;2012;AT02;75;0;1;1;4000020000005105;400002
28;02;2012;AT09;250;0;5;1;4010010000002282;401001
23;12;2012;AT20;15;0;4;1;4000020000001073;400002
9;11;2010;AT19;115;0;5;1;4000010000001377;400001
3;12;2012;AT23;15;0;5;1;4000010000009395;400001
5;04;2011;AT20;35;0;4;1;4010020000007974;401002
18;07;2012;AT12;110;0;2;1;4010020000001305;401002
10;09;2012;AT21;95;0;1;1;4000010000006818;400001
5;03;2012;AT06;110;0;1;1;4000040000005108;400004
14;07;2012;AT16;40;0;5;1;4000020000005386;400002
26;11;2011;AT01;50;0;2;1;4000030000005359;400003
1;05;2011;AT12;5;0;2;1;4000010000008512;400001
16;08;2010;AT06;55;0;4;1;4000010000008358;400001
24;03;2011;AT06;5;0;1;1;4000030000001715;400003
30;09;2010;AT19;95;0;2;1;4000040000009282;400004
24;06;2011;AT21;200;0;2;1;4000040000008307;400004
23;02;2012;AT25;55;0;3;1;4000040000006240;400004
11;02;2011;AT17;80;0;1;1;4000030000006975;400003
19;08;2010;AT24;40;0;4;1;4010010000003048;401001
19;02;2011;AT01;30;0;4;1;4000010000009411;400001
17;05;2012;AT01;375;0;1;1;4000040000004834;400004
20;09;2010;AT22;25;0;4;1;4010010000009167;401001
31;10;2011;AT16;45;0;2;1;4000030000006730;400003
2;11;2010;AT01;300;0;3;1;4010020000001728;401002
11;04;2010;AT05;120;0;5;1;4000030000006219;400003
31;01;2010;AT22;300;0;4;1;4010020000003094;401002
29;12;2010;AT15;70;0;4;1;4010010000006308;401001
8;03;2010;AT23;100;0;4;1;4000040000009674;400004
11;04;2010;AT07;500;0;1;1;4010020000003981;401002
23;06;2010;AT23;500;0;2;1;4000030000007666;400003
10;09;2010;AT21;250;0;4;1;4000040000001029;400004
6;03;2011;AT12;55;0;4;1;4010010000009826;401001
2;07;2011;AT22;50;0;5;1;4000010000009763;400001
6;09;2011;AT01;15;0;4;1;4010010000003334;401001
19;04;2010;AT01;40;0;2;1;4000010000005528;400001
5;07;2012;AT01;20;0;3;1;4000010000005777;400001
29;10;2010;AT13;135;0;5;1;4000030000001592;400003
21;11;2011;AT20;250;0;4;1;4000010000004872;400001
5;07;2011;AT18;65;0;4;1;4000030000005836;400003
3;08;2011;AT21;65;0;5;1;4000040000001602;400004
23;11;2011;AT17;35;0;2;1;4000040000002005;400004
8;08;2012;AT12;110;0;3;1;4010010000006792;401001
5;11;2011;AT24;115;0;5;1;4010010000007428;401001
6;04;2011;AT08;85;0;1;1;4000020000002379;400002
17;04;2012;AT25;95;0;1;1;4000010000003072;400001
7;06;2012;AT02;20;0;4;1;4010020000009697;401002
15;08;2011;AT06;85;0;2;1;4000010000007648;400001
12;03;2012;AT22;135;0;1;1;4000020000003995;400002
23;07;2010;AT14;65;0;4;1;4000010000003754;400001
17;10;2011;AT14;110;0;5;1;4000040000006603;400004
5;11;2011;AT14;10;0;5;1;4000010000008260;400001
28;02;2011;AT17;145;0;4;1;4000020000005844;400002
25;03;2012;AT17;110;0;3;1;4000030000003380;400003
22;02;2010;AT02;135;0;2;1;4010020000005111;401002
8;11;2010;AT25;55;0;1;1;4010010000001199;401001
20;09;2012;AT11;90;0;5;1;4010010000008653;401001
5;08;2012;AT18;110;0;5;1;4000030000003121;400003
22;04;2011;AT22;55;0;3;1;4000040000008300;400004
21;05;2012;AT19;115;0;3;1;4000020000001635;400002
9;06;2012;AT10;150;0;4;1;4010020000001725;401002
5;07;2011;AT10;80;0;2;1;4010010000008620;401001
4;11;2011;AT17;120;0;4;1;4010020000003727;401002
17;02;2010;AT12;25;0;3;1;4000030000005538;400003
6;04;2011;AT05;60;0;1;1;4010010000006332;401001
12;01;2012;AT14;135;0;5;1;4010020000001068;401002
21;04;2011;AT17;95;0;4;1;4000020000004306;400002
8;10;2012;AT11;5;0;2;1;4010020000008414;401002
5;09;2010;AT21;10;0;2;1;4000010000004861;400001
14;09;2010;AT06;300;0;1;1;4000030000005486;400003
23;03;2012;AT23;200;0;2;1;4010020000005423;401002
11;04;2012;AT16;15;0;1;1;4010020000003412;401002
6;09;2011;AT06;135;0;3;1;4000010000008736;400001
21;08;2010;AT11;150;0;4;1;4000010000004329;400001
23;11;2011;AT03;100;0;1;1;4000010000009990;400001
8;10;2012;AT12;90;0;5;1;4000010000009520;400001
7;01;2011;AT12;150;0;3;1;4010010000003589;401001
3;06;2012;AT14;125;0;4;1;4010010000009990;401001
21;03;2010;AT12;250;0;4;1;4000020000001648;400002
7;08;2010;AT23;125;0;3;1;4010010000008513;401001
19;10;2011;AT15;85;0;1;1;4000020000001081;400002
5;05;2012;AT19;105;0;4;1;4000010000007413;400001
23;04;2012;AT23;250;0;2;1;4000030000005176;400003
27;01;2012;AT14;110;0;4;1;4000010000006843;400001
23;03;2011;AT17;65;0;3;1;4010020000002994;401002
6;05;2010;AT18;150;0;3;1;4000040000002049;400004
27;03;2010;AT24;120;0;5;1;4010010000004517;401001
8;09;2010;AT09;450;0;5;1;4000010000006101;400001
30;04;2011;AT05;15;0;2;1;4000030000006961;400003
14;09;2010;AT11;90;0;5;1;4000010000004862;400001
6;09;2012;AT21;75;0;4;1;4010020000006513;401002
21;12;2010;AT23;375;0;1;1;4000040000001072;400004
3;05;2010;AT23;90;0;4;1;4010020000004700;401002
10;09;2010;AT15;115;0;5;1;4000040000003154;400004
6;05;2010;AT02;125;0;1;1;4000020000002318;400002
2;08;2012;AT09;25;0;4;1;4010020000009397;401002
8;12;2010;AT12;15;0;4;1;4010020000004503;401002
24;07;2010;AT16;80;0;4;1;4000040000004969;400004
19;09;2012;AT02;75;0;1;1;4010020000002886;401002
10;06;2011;AT16;40;0;2;1;4000020000001283;400002
5;06;2011;AT25;120;0;5;1;4000020000008784;400002
19;02;2012;AT02;450;0;4;1;4000030000002678;400003
10;09;2010;AT06;75;0;2;1;4000030000003762;400003
12;09;2011;AT17;10;0;4;1;4000010000002706;400001
6;07;2011;AT20;175;0;4;1;4010020000005569;401002
8;11;2010;AT13;95;0;3;1;4000040000005709;400004
26;04;2010;AT11;40;0;1;1;4000020000009265;400002
18;02;2010;AT17;120;0;3;1;4000020000002670;400002
29;08;2010;AT20;110;0;2;1;4000020000006635;400002
25;03;2011;AT08;175;0;5;1;4000010000006699;400001
28;10;2010;AT04;500;0;2;1;4000030000003427;400003
29;04;2010;AT18;175;0;3;1;4000020000007041;400002
21;08;2011;AT01;15;0;4;1;4010020000009074;401002
9;07;2010;AT16;175;0;5;1;4000030000006481;400003
21;09;2010;AT03;100;0;2;1;4000040000006865;400004
21;06;2010;AT07;250;0;4;1;4010010000003543;401001
28;08;2010;AT21;35;0;4;1;4000040000003695;400004
17;04;2012;AT16;375;0;3;1;4000020000005498;400002
5;04;2010;AT12;120;0;2;1;4000020000003217;400002
23;10;2012;AT04;75;0;4;1;4000030000009537;400003
8;11;2010;AT07;80;0;2;1;4000010000001998;400001
3;11;2010;AT06;35;0;4;1;4000020000001243;400002
26;09;2010;AT04;90;0;5;1;4000020000008769;400002
5;08;2012;AT07;100;0;2;1;4000010000007915;400001
8;10;2010;AT24;450;0;5;1;4000020000008110;400002
28;06;2012;AT05;120;0;2;1;4010010000005523;401001
29;08;2010;AT07;70;0;2;1;4010010000001146;401001
24;08;2011;AT24;20;0;4;1;4000040000001787;400004
18;05;2010;AT20;55;0;3;1;4000020000001020;400002
15;10;2010;AT17;450;0;4;1;4010020000008115;401002
30;03;2010;AT19;125;0;1;1;4000040000001952;400004
30;05;2011;AT07;85;0;4;1;4000040000003549;400004
14;11;2010;AT23;90;0;4;1;4010020000001851;401002
30;10;2010;AT23;60;0;4;1;4000020000004476;400002
11;05;2010;AT07;70;0;4;1;4010010000006858;401001
16;04;2010;AT02;175;0;3;1;4000010000002132;400001
18;07;2011;AT10;65;0;4;1;4000020000003621;400002
1;10;2011;AT08;25;0;3;1;4000020000008865;400002
8;08;2012;AT09;85;0;1;1;4000030000002021;400003
13;02;2012;AT23;175;0;2;1;4000010000006302;400001
6;07;2012;AT16;20;0;4;1;4010020000002521;401002
19;12;2011;AT19;20;0;5;1;4010020000004101;401002
1;03;2010;AT11;85;0;5;1;4000040000009663;400004
29;06;2012;AT04;80;0;3;1;4000020000009082;400002
6;03;2012;AT12;85;0;2;1;4010010000004127;401001
19;02;2011;AT23;300;0;1;1;4010010000002289;401001
16;12;2012;AT20;30;0;5;1;4000020000001609;400002
28;08;2010;AT11;70;0;4;1;4010020000002007;401002
17;02;2012;AT06;25;0;3;1;4010020000007920;401002
7;04;2011;AT24;100;0;3;1;4010010000002713;401001
18;11;2010;AT02;95;0;5;1;4000020000009809;400002
8;11;2012;AT13;15;0;2;1;4010020000002874;401002
13;10;2010;AT18;35;0;4;1;4010020000005246;401002
29;03;2010;AT05;25;0;4;1;4000020000002057;400002
8;02;2011;AT03;135;0;2;1;4000010000005824;400001
16;04;2011;AT06;10;0;2;1;4000040000007550;400004
30;04;2012;AT02;60;0;1;1;4000020000005421;400002
18;07;2010;AT07;200;0;3;1;4000020000007894;400002
21;12;2010;AT23;25;0;3;1;4000030000007040;400003
25;03;2010;AT05;25;0;4;1;4010010000002179;401001
7;03;2011;AT13;250;0;5;1;4000040000005907;400004
25;03;2012;AT16;100;0;5;1;4000020000001121;400002
23;03;2012;AT01;20;0;4;1;4000020000004869;400002
7;10;2011;AT19;95;0;5;1;4000030000009122;400003
9;02;2011;AT10;75;0;3;1;4000040000007696;400004
12;02;2012;AT07;70;0;2;1;4000020000007302;400002
27;02;2012;AT18;95;0;4;1;4000020000006860;400002
27;07;2011;AT18;90;0;3;1;4000020000002693;400002
17;11;2011;AT03;75;0;5;1;4010010000005684;401001
13;09;2010;AT10;175;0;1;1;4000020000008698;400002
23;10;2010;AT19;20;0;3;1;4000020000005571;400002
27;10;2010;AT25;175;0;1;1;4000010000001561;400001
2;11;2011;AT14;45;0;4;1;4000030000005513;400003
17;02;2010;AT03;300;0;1;1;4000040000005071;400004
5;11;2011;AT05;20;0;1;1;4010010000008686;401001
2;09;2011;AT01;40;0;1;1;4000040000008583;400004
16;10;2012;AT20;70;0;4;1;4000040000006783;400004
15;07;2011;AT17;15;0;1;1;4010010000009971;401001
3;10;2010;AT21;175;0;3;1;4000040000003229;400004
3;09;2011;AT06;135;0;3;1;4000020000007571;400002
3;12;2011;AT20;250;0;4;1;4000010000002059;400001
1;11;2011;AT04;135;0;3;1;4000020000005839;400002
11;11;2012;AT16;120;0;4;1;4000010000006774;400001
26;06;2011;AT19;35;0;3;1;4000020000001325;400002
22;02;2010;AT03;500;0;2;1;4000030000001195;400003
25;03;2010;AT13;30;0;3;1;4010020000007081;401002
12;09;2011;AT17;55;0;1;1;4010010000002914;401001
8;03;2011;AT19;80;0;4;1;4000040000005911;400004
8;09;2011;AT23;115;0;5;1;4000030000009894;400003
1;08;2012;AT18;55;0;2;1;4000030000002156;400003
6;08;2012;AT22;40;0;2;1;4010020000006584;401002
23;02;2011;AT04;145;0;2;1;4000040000004758;400004
12;08;2010;AT16;30;0;3;1;4010010000002004;401001
1;08;2010;AT18;125;0;2;1;4010020000008978;401002
28;04;2011;AT01;100;0;5;1;4000040000006564;400004
24;03;2012;AT07;30;0;5;1;4000030000002772;400003
6;11;2012;AT16;125;0;4;1;4010020000008031;401002
23;12;2011;AT09;50;0;3;1;4000040000003471;400004
5;10;2010;AT13;375;0;1;1;4000040000003323;400004
10;09;2012;AT08;55;0;4;1;4000020000001403;400002
3;07;2011;AT06;75;0;3;1;4010020000009697;401002
29;10;2011;AT05;65;0;4;1;4000010000007304;400001
19;11;2011;AT12;450;0;1;1;4000030000008194;400003
6;02;2012;AT15;105;0;5;1;4010020000003443;401002
13;08;2011;AT15;105;0;4;1;4010010000001334;401001
9;09;2011;AT13;175;0;4;1;4000010000005297;400001
15;02;2011;AT22;40;0;1;1;4010010000001156;401001
9;07;2010;AT07;100;0;1;1;4000030000001623;400003
30;03;2012;AT04;105;0;4;1;4000010000006983;400001
10;06;2010;AT04;90;0;2;1;4000020000008790;400002
8;01;2012;AT19;110;0;4;1;4000040000009060;400004
18;07;2010;AT16;95;0;5;1;4000020000008798;400002
28;04;2010;AT02;85;0;3;1;4000010000006816;400001
24;07;2010;AT18;110;0;2;1;4010020000008007;401002
21;07;2012;AT22;65;0;4;1;4000030000005498;400003
20;04;2011;AT02;30;0;5;1;4010010000009341;401001
14;04;2010;AT05;85;0;3;1;4000030000008658;400003
12;12;2010;AT13;5;0;1;1;4010020000004696;401002
19;03;2011;AT09;25;0;2;1;4010020000002518;401002
27;01;2010;AT16;500;0;1;1;4010020000001725;401002
7;07;2011;AT19;90;0;3;1;4000010000001218;400001
5;06;2010;AT10;45;0;1;1;4000020000008289;400002
6;01;2011;AT16;65;0;4;1;4000020000002619;400002
19;09;2011;AT21;110;0;5;1;4000010000008750;400001
19;09;2010;AT07;80;0;5;1;4000040000004515;400004
3;06;2011;AT01;145;0;1;1;4000020000006194;400002
24;06;2010;AT13;65;0;4;1;4000040000002148;400004
30;10;2012;AT04;60;0;5;1;4000020000007961;400002
25;09;2012;AT01;50;0;4;1;4010010000001663;401001
14;02;2012;AT21;75;0;1;1;4010020000004936;401002
23;02;2011;AT23;15;0;2;1;4000030000009388;400003
17;06;2011;AT20;145;0;2;1;4010020000008150;401002
17;03;2012;AT23;105;0;5;1;4000030000003250;400003
11;11;2010;AT02;55;0;1;1;4010010000004968;401001
28;04;2011;AT12;15;0;5;1;4000030000006830;400003
15;07;2011;AT22;450;0;2;1;4010010000006209;401001
29;06;2012;AT11;15;0;2;1;4000010000006579;400001
31;10;2012;AT12;105;0;3;1;4000030000003162;400003
7;09;2010;AT22;135;0;3;1;4000030000007034;400003
2;05;2010;AT20;300;0;1;1;4010010000004887;401001
28;09;2011;AT04;175;0;2;1;4000020000005231;400002
26;06;2011;AT21;250;0;2;1;4000020000002246;400002
25;08;2012;AT02;150;0;5;1;4000040000006201;400004
11;05;2011;AT10;90;0;4;1;4010010000009903;401001
11;09;2010;AT13;5;0;4;1;4000030000004938;400003
3;04;2010;AT01;375;0;2;1;4000040000003691;400004
24;02;2011;AT12;50;0;5;1;4000030000004622;400003
6;05;2012;AT07;85;0;4;1;4000020000003102;400002
16;04;2011;AT02;65;0;5;1;4000010000002459;400001
20;03;2011;AT16;105;0;5;1;4000020000007721;400002
11;11;2010;AT25;55;0;1;1;4010020000009127;401002
5;04;2012;AT07;45;0;2;1;4000030000008582;400003
30;12;2010;AT15;60;0;4;1;4010010000007232;401001
12;06;2010;AT12;70;0;5;1;4000040000009017;400004
30;07;2010;AT15;300;0;1;1;4010020000004227;401002
24;06;2012;AT15;25;0;2;1;4010020000006925;401002
19;05;2012;AT22;85;0;4;1;4000040000004353;400004
2;02;2011;AT18;95;0;5;1;4000010000009725;400001
11;03;2012;AT14;70;0;1;1;4000020000007254;400002
13;10;2011;AT12;25;0;5;1;4000040000006312;400004
7;03;2010;AT10;95;0;2;1;4010010000007110;401001
9;05;2011;AT23;125;0;3;1;4000040000002893;400004
13;11;2012;AT06;145;0;2;1;4000010000004791;400001
27;09;2011;AT01;375;0;5;1;4000040000007969;400004
3;12;2012;AT18;375;0;5;1;4000030000003655;400003
20;04;2012;AT06;25;0;2;1;4010020000001355;401002
4;07;2010;AT09;200;0;3;1;4000010000006946;400001
18;03;2012;AT01;55;0;3;1;4010010000001756;401001
24;11;2011;AT17;70;0;1;1;4000040000008137;400004
14;10;2010;AT04;40;0;3;1;4010010000005928;401001
8;10;2012;AT18;45;0;5;1;4010020000009089;401002
3;07;2010;AT05;20;0;2;1;4010010000006809;401001
29;09;2011;AT13;175;0;4;1;4000020000005212;400002
11;04;2011;AT22;70;0;4;1;4000040000001597;400004
17;05;2011;AT17;30;0;4;1;4010020000003830;401002
2;06;2011;AT09;25;0;1;1;4010020000001449;401002
24;11;2011;AT17;110;0;5;1;4000030000008165;400003
15;04;2010;AT01;500;0;1;1;4010010000007420;401001
19;02;2011;AT19;90;0;3;1;4000020000009281;400002
16;10;2011;AT05;95;0;3;1;4010010000008658;401001
26;06;2011;AT18;70;0;1;1;4010010000007704;401001
2;10;2012;AT16;65;0;2;1;4010020000009972;401002
29;01;2012;AT22;60;0;3;1;4010020000001980;401002
1;04;2011;AT06;5;0;2;1;4000020000009994;400002
12;12;2010;AT16;125;0;4;1;4010020000007980;401002
4;06;2010;AT19;55;0;1;1;4000040000001252;400004
20;10;2010;AT21;135;0;2;1;4000030000009771;400003
27;02;2011;AT02;115;0;5;1;4000020000001850;400002
25;05;2011;AT24;75;0;3;1;4010020000009010;401002
23;09;2012;AT05;300;0;5;1;4000030000009550;400003
31;03;2011;AT21;40;0;4;1;4000030000005678;400003
14;06;2010;AT03;175;0;5;1;4000020000009673;400002
7;11;2012;AT16;135;0;5;1;4000020000001182;400002
17;09;2010;AT10;40;0;4;1;4000040000007928;400004
22;10;2010;AT23;60;0;4;1;4000010000009168;400001
20;11;2011;AT18;250;0;4;1;4000010000002912;400001
15;09;2012;AT06;200;0;2;1;4000040000007363;400004
11;05;2011;AT16;25;0;4;1;4000010000004928;400001
29;09;2011;AT06;70;0;4;1;4000010000009328;400001
25;08;2010;AT03;500;0;4;1;4000040000001517;400004
2;03;2012;AT13;30;0;5;1;4010010000009032;401001
1;02;2011;AT06;135;0;2;1;4000040000007815;400004
10;01;2011;AT14;95;0;1;1;4000020000002035;400002
9;02;2011;AT13;175;0;4;1;4000040000005172;400004
17;04;2012;AT06;10;0;2;1;4000040000003596;400004
1;12;2012;AT07;110;0;5;1;4000030000004648;400003
11;04;2011;AT12;75;0;2;1;4010020000002637;401002
14;04;2011;AT12;100;0;4;1;4000020000002775;400002
5;10;2010;AT23;20;0;5;1;4010020000008660;401002
25;09;2011;AT21;450;0;1;1;4010010000007840;401001
6;04;2012;AT19;115;0;3;1;4000020000004322;400002
8;11;2011;AT09;45;0;5;1;4010020000002256;401002
11;05;2011;AT14;135;0;4;1;4000020000001903;400002
23;03;2011;AT09;10;0;4;1;4010020000007455;401002
18;11;2011;AT05;40;0;4;1;4000040000002074;400004
6;04;2012;AT03;70;0;3;1;4000040000003989;400004
13;05;2011;AT06;30;0;1;1;4010010000005851;401001
27;12;2012;AT10;115;0;4;1;4000010000009208;400001
28;06;2012;AT24;135;0;2;1;4000010000006372;400001
18;02;2012;AT08;80;0;4;1;4000040000007229;400004
28;07;2010;AT06;5;0;2;1;4000040000005101;400004
19;12;2010;AT09;20;0;3;1;4000040000001929;400004
30;06;2012;AT01;60;0;2;1;4010010000007404;401001
26;07;2012;AT20;150;0;1;1;4000030000006545;400003
18;11;2012;AT07;65;0;4;1;4000010000009607;400001
18;01;2011;AT19;55;0;3;1;4010010000002786;401001
14;10;2012;AT04;90;0;1;1;4010020000004477;401002
23;02;2011;AT13;5;0;4;1;4000020000005383;400002
28;11;2012;AT04;145;0;4;1;4000010000008552;400001
12;07;2012;AT20;250;0;2;1;4010010000002065;401001
26;02;2010;AT24;10;0;1;1;4000020000008592;400002
2;05;2011;AT12;25;0;1;1;4000040000006716;400004
1;07;2010;AT20;80;0;2;1;4010020000002135;401002
9;08;2012;AT07;450;0;5;1;4010010000003757;401001
30;11;2010;AT05;100;0;2;1;4000020000001023;400002
19;11;2012;AT11;75;0;3;1;4010020000003462;401002
11;03;2012;AT07;20;0;5;1;4000030000003099;400003
6;12;2011;AT11;10;0;3;1;4000030000004437;400003
12;06;2010;AT03;110;0;1;1;4010020000003627;401002
24;01;2011;AT01;55;0;1;1;4010010000001175;401001
14;08;2010;AT14;250;0;4;1;4000020000007519;400002
14;04;2010;AT06;450;0;1;1;4010010000002124;401001
17;07;2011;AT22;75;0;5;1;4000030000005093;400003
28;08;2012;AT09;110;0;4;1;4000040000005230;400004
22;11;2010;AT11;55;0;2;1;4010020000002502;401002
7;02;2011;AT17;120;0;3;1;4010020000008810;401002
5;09;2011;AT12;60;0;3;1;4000010000001527;400001
11;11;2011;AT14;75;0;1;1;4000010000001627;400001
7;10;2011;AT16;25;0;3;1;4000010000005400;400001
23;04;2010;AT03;175;0;2;1;4000010000009881;400001
22;07;2011;AT04;125;0;1;1;4000030000001780;400003
10;08;2012;AT09;145;0;5;1;4000030000003362;400003
7;10;2012;AT18;50;0;3;1;4000040000006234;400004
27;11;2012;AT16;85;0;3;1;4010020000005337;401002
6;11;2011;AT09;200;0;3;1;4000030000005368;400003
20;07;2012;AT02;85;0;1;1;4000040000003212;400004
13;04;2012;AT23;40;0;5;1;4000020000007783;400002
26;05;2010;AT24;30;0;2;1;4000030000007810;400003
15;09;2012;AT24;175;0;3;1;4000040000005700;400004
22;09;2012;AT22;45;0;3;1;4000010000003384;400001
28;07;2010;AT20;115;0;2;1;4000020000005243;400002
24;10;2011;AT08;45;0;4;1;4010020000002533;401002
2;07;2011;AT24;20;0;3;1;4000040000005294;400004
7;10;2010;AT14;65;0;2;1;4000030000005662;400003
30;11;2011;AT19;125;0;3;30;4000010000009765;400001
16;09;2012;AT15;55;0;2;1;4000030000007509;400003
6;04;2012;AT18;375;0;4;1;4000010000008719;400001
3;07;2011;AT13;120;0;3;1;4000020000006112;400002
24;04;2012;AT09;125;0;4;1;4000030000002252;400003
3;04;2010;AT15;30;0;1;1;4000040000004004;400004
14;10;2011;AT08;115;0;2;1;4010010000003766;401001
15;10;2010;AT13;35;0;5;1;4000020000003354;400002
28;04;2010;AT22;90;0;3;1;4000040000006188;400004
29;03;2010;AT21;5;0;2;1;4010010000001109;401001
11;12;2010;AT24;150;0;2;1;4000020000009621;400002
4;02;2010;AT23;10;0;5;1;4000010000007269;400001
13;09;2010;AT23;110;0;4;1;4000030000005566;400003
12;02;2010;AT20;95;0;3;1;4000010000001309;400001
24;03;2011;AT23;10;0;4;1;4000040000009438;400004
27;01;2011;AT01;500;0;4;1;4010020000004175;401002
15;10;2011;AT05;250;0;1;1;4000020000007479;400002
15;04;2010;AT06;10;0;4;1;4000020000001057;400002
6;10;2010;AT12;80;0;1;1;4000030000007965;400003
10;09;2012;AT21;115;0;4;1;4000030000003113;400003
26;03;2012;AT02;45;0;4;1;4000030000001408;400003
8;03;2012;AT06;150;0;1;1;4000030000005753;400003
23;07;2012;AT14;55;0;5;1;4000010000009902;400001
15;02;2012;AT21;175;0;2;1;4000030000007786;400003
8;08;2012;AT03;30;0;5;1;4010010000005310;401001
11;08;2011;AT11;5;0;2;1;4000020000004261;400002
23;07;2011;AT25;20;0;3;1;4000020000002132;400002
17;07;2010;AT02;100;0;2;1;4010020000008893;401002
26;03;2012;AT16;60;0;4;1;4010010000004693;401001
24;02;2010;AT10;125;0;1;1;4010020000003362;401002
12;11;2011;AT15;100;0;4;1;4000020000005624;400002
20;06;2010;AT02;30;0;1;1;4000020000008458;400002
29;11;2010;AT23;70;0;5;1;4000030000004553;400003
18;01;2012;AT21;145;0;3;1;4000040000001868;400004
18;07;2012;AT20;10;0;2;1;4010020000001649;401002
12;03;2012;AT19;375;0;5;1;4000030000005608;400003
25;09;2012;AT24;200;0;4;1;4000020000002803;400002
30;12;2012;AT07;115;0;3;1;4000030000009649;400003
9;12;2010;AT21;30;0;1;1;4010020000005865;401002
22;05;2011;AT17;150;0;3;1;4000020000006599;400002
2;07;2012;AT20;250;0;1;1;4010010000006142;401001
27;06;2010;AT11;65;0;5;1;4000020000005759;400002
19;05;2012;AT24;115;0;4;1;4010010000005326;401001
30;09;2010;AT03;115;0;2;1;4000010000005746;400001
13;02;2011;AT04;95;0;3;1;4000030000006642;400003
30;10;2010;AT11;30;0;1;1;4010010000008340;401001
5;07;2011;AT21;55;0;2;1;4000030000007131;400003
14;02;2012;AT01;30;0;1;1;4010010000007000;401001
25;10;2011;AT23;110;0;5;1;4010010000006483;401001
2;04;2011;AT10;50;0;4;1;4000030000004192;400003
9;06;2011;AT01;80;0;4;1;4000010000006701;400001
23;05;2010;AT03;55;0;2;1;4010010000003409;401001
2;07;2012;AT15;50;0;1;1;4000010000003436;400001
11;05;2010;AT08;60;0;2;1;4000030000005915;400003
3;12;2012;AT20;95;0;4;1;4000030000004297;400003
26;10;2011;AT09;120;0;3;1;4000040000005627;400004
23;04;2011;AT10;65;0;4;1;4000010000009573;400001
4;03;2011;AT05;70;0;2;1;4000020000003199;400002
18;05;2012;AT19;115;0;3;1;4000010000006557;400001
17;03;2012;AT20;105;0;2;1;4010010000008789;401001
15;02;2011;AT14;100;0;2;1;4010020000003049;401002
20;10;2012;AT16;250;0;2;1;4000020000004204;400002
16;07;2011;AT03;45;0;4;1;4010010000003583;401001
22;10;2011;AT22;25;0;4;1;4010010000007262;401001
18;12;2011;AT14;450;0;1;1;4000030000002545;400003
23;05;2011;AT02;20;0;4;1;4010020000008124;401002
25;07;2012;AT21;115;0;4;1;4000040000002189;400004
4;03;2010;AT13;300;0;5;1;4000040000007660;400004
23;06;2010;AT13;200;0;2;1;4010010000005525;401001
6;04;2011;AT19;45;0;4;1;4000030000005685;400003
20;10;2012;AT19;150;0;2;1;4000010000006920;400001
5;03;2010;AT10;105;0;5;1;4000030000007990;400003
15;11;2011;AT05;95;0;3;1;4000010000007140;400001
2;06;2012;AT15;10;0;2;1;4000020000005577;400002
26;10;2011;AT04;20;0;1;1;4000010000007742;400001
28;02;2012;AT04;145;0;1;1;4010020000006646;401002
4;04;2011;AT11;55;0;1;1;4000030000004657;400003
9;09;2010;AT22;200;0;1;1;4010010000002413;401001
8;12;2011;AT09;450;0;2;1;4010020000004193;401002
6;11;2011;AT15;110;0;1;1;4010010000005021;401001
5;08;2012;AT22;30;0;5;1;4000020000003284;400002
24;06;2011;AT15;25;0;2;1;4000020000006289;400002
11;04;2011;AT01;175;0;1;1;4000040000009965;400004
6;11;2010;AT25;450;0;4;1;4000020000001003;400002
21;03;2011;AT12;100;0;1;1;4010020000008309;401002
2;06;2012;AT25;150;0;2;1;4000030000002506;400003
29;07;2012;AT23;75;0;1;1;4000030000004541;400003
26;08;2010;AT02;10;0;2;1;4010010000007609;401001
17;07;2010;AT12;105;0;5;1;4000040000001477;400004
22;09;2011;AT21;300;0;4;1;4010010000003089;401001
16;06;2010;AT05;75;0;4;1;4000030000001061;400003
4;03;2011;AT14;50;0;2;1;4010010000006413;401001
28;09;2011;AT11;30;0;4;1;4000020000007302;400002
30;10;2011;AT07;250;0;1;1;4000020000007605;400002
28;05;2010;AT07;95;0;3;1;4010010000005798;401001
17;07;2010;AT24;85;0;1;1;4000040000004959;400004
2;01;2010;AT14;45;0;2;1;4000010000003011;400001
19;10;2010;AT12;450;0;3;1;4000010000008024;400001
6;05;2012;AT14;85;0;2;1;4000040000009963;400004
24;04;2010;AT02;50;0;2;1;4010010000008319;401001
27;03;2012;AT22;90;0;2;1;4010010000002896;401001
19;03;2011;AT10;500;0;3;1;4000030000003581;400003
28;09;2012;AT03;145;0;3;1;4000020000007097;400002
12;03;2010;AT08;70;0;1;1;4000040000001478;400004
13;08;2011;AT08;30;0;5;1;4010020000006419;401002
8;04;2012;AT04;55;0;4;1;4000040000005121;400004
15;04;2011;AT02;80;0;4;1;4000030000004909;400003
2;05;2012;AT02;95;0;3;1;4010010000008806;401001
17;04;2010;AT25;105;0;4;1;4000040000005845;400004
29;04;2010;AT08;40;0;4;1;4000010000009194;400001
7;02;2010;AT09;95;0;5;1;4000040000005733;400004
22;03;2012;AT06;55;0;4;1;4000040000007001;400004
28;09;2012;AT05;100;0;2;1;4010010000005736;401001
28;08;2011;AT18;5;0;2;1;4000030000006896;400003
12;06;2010;AT10;135;0;1;1;4010010000003217;401001
30;01;2010;AT25;20;0;2;1;4000020000003232;400002
28;02;2012;AT09;75;0;4;1;4010010000006018;401001
14;02;2012;AT01;85;0;3;1;4000040000009495;400004
24;08;2012;AT07;145;0;5;1;4000030000002794;400003
7;10;2010;AT03;70;0;5;1;4000020000006562;400002
29;03;2011;AT05;5;0;3;1;4000010000005111;400001
20;07;2012;AT04;40;0;3;1;4000020000009957;400002
18;12;2011;AT20;120;0;3;1;4000020000005778;400002
15;06;2012;AT15;10;0;5;1;4010020000004382;401002
26;06;2011;AT04;120;0;1;1;4010020000006158;401002
11;03;2010;AT16;30;0;4;1;4000010000008721;400001
3;11;2012;AT24;175;0;5;1;4010010000008937;401001
30;07;2011;AT16;10;0;2;1;4000030000004683;400003
30;07;2011;AT02;115;0;1;1;4010020000003988;401002
30;04;2012;AT22;50;0;2;1;4000040000009458;400004
27;05;2012;AT12;60;0;5;1;4010010000004183;401001
18;10;2010;AT03;500;0;5;1;4000010000007752;400001
8;08;2010;AT11;110;0;2;1;4000040000002027;400004
22;08;2012;AT17;70;0;5;1;4000020000002837;400002
13;02;2010;AT17;10;0;5;1;4000040000003666;400004
30;03;2011;AT03;110;0;2;1;4000040000004435;400004
24;02;2012;AT21;75;0;1;1;4000030000001410;400003
8;06;2012;AT14;450;0;1;1;4000040000008404;400004
30;05;2011;AT24;50;0;1;1;4000010000003649;400001
3;04;2010;AT13;200;0;5;1;4000010000009739;400001
18;09;2010;AT10;45;0;4;1;4000040000004155;400004
27;03;2011;AT24;375;0;1;1;4000040000008877;400004
14;11;2012;AT14;175;0;3;1;4000010000002982;400001
28;04;2010;AT23;105;0;1;1;4010020000002342;401002
30;03;2011;AT25;50;0;5;1;4000020000005506;400002
18;10;2010;AT16;75;0;3;1;4000040000001289;400004
3;08;2011;AT07;90;0;4;1;4000020000006899;400002
15;03;2012;AT14;375;0;2;1;4000030000009086;400003
19;03;2011;AT22;60;0;3;1;4000010000006055;400001
29;03;2012;AT17;70;0;4;1;4000020000004544;400002
10;08;2011;AT11;5;0;2;1;4000010000003001;400001
3;03;2010;AT05;120;0;5;1;4010020000004932;401002
16;10;2011;AT07;35;0;4;1;4000040000007969;400004
10;09;2010;AT25;55;0;3;1;4000030000007294;400003
3;10;2010;AT08;55;0;5;1;4000010000006398;400001
6;03;2010;AT13;375;0;2;1;4010010000003411;401001
8;08;2010;AT05;90;0;5;1;4010020000007176;401002
15;08;2010;AT15;100;0;2;1;4000030000006383;400003
24;07;2012;AT06;175;0;4;1;4000030000008759;400003
22;06;2012;AT05;80;0;2;1;4010010000002649;401001
8;11;2010;AT23;40;0;1;1;4000040000007522;400004
30;04;2012;AT08;90;0;2;1;4000040000004193;400004
19;10;2010;AT16;90;0;5;1;4010020000005553;401002
27;03;2012;AT16;200;0;3;1;4010020000001752;401002
18;02;2012;AT13;35;0;3;1;4010020000002830;401002
29;09;2011;AT04;25;0;5;1;4000020000003474;400002
30;08;2012;AT09;50;0;4;1;4010020000006884;401002
11;11;2012;AT13;500;0;2;1;4000010000009924;400001
30;11;2011;AT23;55;0;4;1;4000020000001458;400002
14;02;2011;AT14;145;0;3;1;4000040000009711;400004
6;10;2010;AT06;25;0;4;1;4000030000007946;400003
17;10;2012;AT23;70;0;1;1;4000040000006657;400004
17;11;2012;AT20;65;0;2;1;4010010000007468;401001
21;01;2012;AT16;95;0;1;1;4000020000005331;400002
29;07;2012;AT01;20;0;3;1;4000020000001722;400002
16;02;2010;AT10;125;0;1;1;4000020000003414;400002
21;03;2010;AT16;45;0;3;1;4000010000009501;400001
7;05;2011;AT22;60;0;5;1;4010020000008246;401002
10;09;2012;AT05;35;0;2;1;4000010000002017;400001
4;07;2012;AT01;20;0;3;1;4000020000003288;400002
24;06;2012;AT10;120;0;4;1;4000010000009431;400001
24;05;2012;AT17;65;0;2;1;4010010000004191;401001
13;01;2011;AT18;70;0;4;1;4000040000001576;400004
3;02;2011;AT15;75;0;2;1;4000040000009166;400004
10;09;2010;AT12;80;0;2;1;4000020000003989;400002
27;03;2010;AT03;300;0;1;1;4000040000008367;400004
30;04;2010;AT11;90;0;1;1;4000010000005725;400001
2;03;2010;AT12;10;0;5;1;4000040000002959;400004
3;12;2010;AT01;500;0;1;1;4000030000006174;400003
14;11;2011;AT11;200;0;2;1;4010020000008831;401002
4;08;2010;AT23;85;0;5;1;4000020000002568;400002
8;01;2012;AT17;90;0;1;1;4000030000006547;400003
16;09;2010;AT03;450;0;2;1;4000040000004067;400004
21;04;2012;AT02;5;0;4;1;4000010000006856;400001
6;03;2011;AT12;40;0;4;1;4000020000001043;400002
11;09;2012;AT24;5;0;4;1;4000030000007537;400003
10;07;2010;AT19;175;0;3;1;4010020000004593;401002
21;03;2012;AT25;95;0;1;1;4000040000004563;400004
13;06;2010;AT25;150;0;5;1;4010020000001235;401002
30;12;2010;AT24;110;0;2;1;4010010000008770;401001
31;01;2011;AT06;90;0;1;1;4010010000004605;401001
23;05;2010;AT23;30;0;1;1;4010020000008583;401002
1;01;2010;AT25;55;0;5;1;4000010000004485;400001
3;10;2011;AT16;30;0;1;1;4000020000009820;400002
25;07;2011;AT20;120;0;3;1;4000030000009894;400003
3;08;2011;AT08;450;0;5;1;4010010000008476;401001
17;05;2010;AT02;450;0;4;1;4000020000002805;400002
20;09;2011;AT08;10;0;1;1;4000020000003273;400002
4;07;2011;AT19;500;0;5;1;4000030000007761;400003
14;04;2012;AT23;250;0;5;1;4000040000007979;400004
25;06;2012;AT09;100;0;4;1;4000010000008265;400001
14;01;2010;AT25;125;0;5;1;4000010000005744;400001
14;12;2012;AT19;300;0;2;1;4000020000001032;400002
16;01;2012;AT25;105;0;3;1;4010020000009196;401002
28;04;2011;AT18;500;0;2;1;4000020000005439;400002
18;08;2012;AT21;75;0;1;1;4010010000007560;401001
10;06;2012;AT22;70;0;2;1;4000010000007503;400001
20;12;2012;AT06;150;0;5;1;4010020000006893;401002
19;11;2012;AT14;300;0;1;1;4000040000001075;400004
5;04;2012;AT22;10;0;1;1;4000020000007018;400002
9;11;2011;AT03;175;0;2;1;4010010000004292;401001
25;05;2010;AT24;100;0;3;1;4000010000005719;400001
9;09;2011;AT23;500;0;2;1;4010020000009457;401002
15;05;2012;AT04;200;0;4;1;4010010000002671;401001
23;02;2012;AT09;15;0;5;1;4000030000007488;400003
3;08;2012;AT23;145;0;2;1;4010010000006627;401001
3;08;2012;AT14;50;0;1;1;4010010000006355;401001
14;09;2012;AT14;175;0;4;1;4000040000005337;400004
30;05;2011;AT11;90;0;4;1;4000030000008924;400003
22;11;2012;AT20;120;0;2;1;4010010000007617;401001
18;04;2010;AT15;65;0;2;1;4010010000002689;401001
14;08;2010;AT17;150;0;1;1;4000010000009307;400001
20;12;2011;AT02;55;0;3;1;4010010000007744;401001
25;04;2012;AT14;120;0;2;1;4010010000002995;401001
15;04;2012;AT19;75;0;2;1;4000020000008891;400002
19;10;2010;AT21;30;0;2;1;4010020000006712;401002
28;12;2011;AT09;125;0;4;1;4000040000008703;400004
13;11;2011;AT20;500;0;3;1;4000010000006198;400001
24;10;2011;AT17;145;0;4;1;4000010000003596;400001
1;02;2010;AT04;450;0;5;1;4000020000008964;400002
18;01;2010;AT09;50;0;4;1;4000010000009162;400001
16;03;2011;AT08;10;0;4;1;4000030000001170;400003
20;03;2010;AT15;55;0;3;1;4000010000005412;400001
15;03;2010;AT18;85;0;2;1;4010020000006626;401002
24;11;2011;AT24;110;0;1;1;4010010000009741;401001
14;06;2012;AT03;300;0;1;1;4010020000009843;401002
13;09;2010;AT09;250;0;4;1;4000010000003272;400001
9;08;2011;AT07;15;0;3;1;4010020000009795;401002
12;01;2012;AT25;100;0;3;1;4000020000002114;400002
12;06;2010;AT03;30;0;5;1;4000020000005044;400002
17;08;2012;AT14;35;0;2;1;4000030000005869;400003
13;06;2010;AT06;125;0;4;1;4010010000008699;401001
18;08;2011;AT07;85;0;1;1;4000020000009998;400002
17;05;2012;AT11;65;0;3;1;4000020000005673;400002
9;02;2010;AT24;375;0;4;1;4000010000002576;400001
20;07;2010;AT18;50;0;4;1;4010020000004121;401002
23;03;2010;AT21;125;0;5;1;4000030000007627;400003
5;04;2010;AT17;135;0;2;1;4010010000008995;401001
30;04;2012;AT18;50;0;4;1;4000010000005362;400001
6;08;2010;AT15;145;0;5;1;4000020000001706;400002
26;10;2011;AT10;100;0;4;1;4010020000004483;401002
16;12;2011;AT22;60;0;4;1;4000040000005609;400004
30;07;2012;AT14;115;0;5;1;4000010000006061;400001
26;06;2010;AT06;80;0;1;1;4010020000002166;401002
14;07;2010;AT10;25;0;4;1;4010010000001501;401001
27;05;2010;AT13;65;0;4;1;4010020000006884;401002
2;09;2011;AT04;105;0;3;1;4000010000004214;400001
25;02;2010;AT20;60;0;5;1;4010010000007248;401001
19;07;2011;AT16;70;0;5;1;4000030000001825;400003
28;08;2010;AT21;90;0;1;1;4010010000003766;401001
21;03;2010;AT13;60;0;5;1;4000020000002447;400002
16;07;2012;AT05;200;0;5;1;4000030000009507;400003
15;10;2010;AT22;115;0;5;1;4000010000004479;400001
14;03;2010;AT19;75;0;2;1;4000010000009348;400001
12;04;2012;AT08;25;0;1;1;4010020000008199;401002
30;04;2011;AT20;375;0;1;1;4000030000008077;400003
9;02;2011;AT17;500;0;2;1;4000020000001101;400002
20;08;2011;AT08;90;0;3;1;4010010000001863;401001
23;09;2010;AT19;65;0;1;1;4000020000001886;400002
30;03;2012;AT11;45;0;5;1;4010010000006856;401001
16;09;2011;AT05;15;0;2;1;4000040000007350;400004
20;11;2012;AT01;90;0;1;1;4000030000001828;400003
9;02;2012;AT18;75;0;4;1;4000010000007942;400001
6;07;2011;AT23;105;0;3;1;4000020000001084;400002
27;05;2012;AT08;145;0;5;1;4010020000006966;401002
15;06;2010;AT18;55;0;3;1;4000040000003272;400004
20;11;2012;AT15;25;0;3;1;4000020000001571;400002
7;03;2011;AT12;55;0;3;1;4010010000009199;401001
13;07;2011;AT23;55;0;3;1;4010010000005523;401001
7;10;2012;AT02;300;0;4;1;4000010000002476;400001
13;05;2010;AT03;110;0;4;1;4000040000006268;400004
12;02;2011;AT06;60;0;1;1;4000040000006289;400004
13;10;2011;AT12;100;0;2;1;4010010000009763;401001
25;09;2012;AT11;300;0;3;1;4000020000007858;400002
26;12;2011;AT16;40;0;4;1;4000010000002459;400001
24;06;2010;AT14;25;0;1;1;4010010000007413;401001
7;09;2012;AT05;175;0;1;1;4000030000006349;400003
16;08;2011;AT13;60;0;2;1;4010010000002597;401001
17;06;2010;AT23;15;0;5;1;4000040000003362;400004
21;05;2012;AT05;75;0;5;1;4010010000002845;401001
8;04;2012;AT20;115;0;3;1;4000010000005031;400001
12;01;2012;AT08;150;0;5;1;4000010000001062;400001
24;04;2012;AT12;375;0;1;1;4000030000003158;400003
3;07;2012;AT20;105;0;4;1;4000010000007667;400001
17;07;2012;AT12;80;0;4;1;4000040000007440;400004
30;07;2011;AT24;50;0;3;1;4000040000008610;400004
9;11;2011;AT19;15;0;1;1;4000010000008980;400001
20;09;2011;AT10;15;0;3;1;4000010000001281;400001
23;02;2012;AT25;175;0;5;1;4010010000007975;401001
21;05;2010;AT11;60;0;2;1;4010020000004882;401002
15;03;2010;AT22;125;0;2;1;4010010000003406;401001
28;10;2012;AT02;20;0;4;1;4000020000006378;400002
27;06;2010;AT03;30;0;5;1;4000030000002874;400003
26;01;2010;AT08;65;0;5;1;4010020000003953;401002
3;09;2011;AT08;200;0;4;1;4000040000009008;400004
9;04;2011;AT08;20;0;1;1;4000020000007740;400002
20;11;2011;AT17;45;0;3;1;4000030000004995;400003
8;01;2011;AT22;125;0;2;1;4010010000006197;401001
16;11;2010;AT14;120;0;5;1;4000020000004272;400002
6;02;2011;AT03;135;0;5;1;4000040000008096;400004
26;08;2010;AT03;375;0;1;1;4010010000007771;401001
6;08;2010;AT17;110;0;1;1;4000040000005352;400004
21;01;2011;AT25;100;0;3;1;4010010000001620;401001
10;04;2012;AT07;60;0;2;1;4010010000001028;401001
6;10;2010;AT07;450;0;1;1;4000030000009326;400003
14;02;2012;AT09;60;0;4;1;4010010000008054;401001
16;09;2012;AT09;80;0;5;1;4000030000007759;400003
8;10;2011;AT13;45;0;1;1;4010020000002819;401002
24;03;2011;AT19;105;0;3;1;4000030000003000;400003
11;05;2010;AT23;95;0;3;1;4000030000001120;400003
16;06;2012;AT08;200;0;1;1;4010010000006763;401001
2;02;2011;AT12;500;0;3;1;4000030000003956;400003
8;05;2012;AT01;30;0;5;1;4000020000004529;400002
12;09;2011;AT01;500;0;4;1;4000010000004221;400001
4;07;2010;AT13;5;0;3;1;4010020000004804;401002
8;11;2012;AT21;120;0;3;1;4000040000004609;400004
10;11;2012;AT23;105;0;1;1;4000040000004614;400004
26;10;2012;AT20;95;0;3;1;4010020000001064;401002
16;11;2012;AT07;80;0;5;1;4000030000001991;400003
13;04;2012;AT05;250;0;4;1;4010010000005263;401001
10;09;2011;AT18;10;0;5;1;4000030000001091;400003
8;09;2010;AT07;35;0;3;1;4000040000007077;400004
29;09;2011;AT08;125;0;3;1;4000030000001612;400003
19;08;2011;AT07;35;0;3;1;4000040000003824;400004
24;12;2012;AT24;125;0;3;1;4000010000009656;400001
5;01;2010;AT21;35;0;3;1;4010010000002346;401001
24;02;2011;AT02;50;0;1;1;4000020000001110;400002
13;04;2011;AT23;30;0;1;1;4000020000008386;400002
17;12;2010;AT17;135;0;3;1;4010010000002036;401001
29;11;2012;AT15;120;0;5;1;4010020000003196;401002
28;06;2010;AT03;35;0;4;1;4000040000008080;400004
31;07;2012;AT10;135;0;5;1;4000010000001337;400001
19;03;2012;AT20;65;0;2;1;4000030000004512;400003
24;07;2010;AT21;145;0;2;1;4010020000002808;401002
27;07;2010;AT10;100;0;5;1;4010020000002614;401002
30;11;2012;AT07;95;0;2;1;4000010000008799;400001
23;05;2012;AT19;50;0;3;1;4010020000008584;401002
11;05;2011;AT10;45;0;1;1;4010010000005218;401001
16;02;2010;AT03;500;0;2;1;4010010000009836;401001
21;10;2010;AT19;120;0;3;1;4010020000002787;401002
14;04;2011;AT20;85;0;3;1;4000040000007249;400004
11;07;2012;AT08;300;0;3;1;4000020000002812;400002
13;02;2012;AT17;75;0;1;1;4000010000009250;400001
25;02;2010;AT17;55;0;4;1;4010020000009841;401002
14;04;2010;AT03;75;0;2;1;4010010000006471;401001
23;04;2010;AT07;40;0;1;1;4000030000008943;400003
13;09;2010;AT16;145;0;4;1;4000040000001718;400004
24;06;2011;AT07;50;0;1;1;4010010000002638;401001
25;11;2011;AT17;450;0;2;1;4000010000002253;400001
13;05;2011;AT06;70;0;5;1;4000040000009636;400004
24;08;2012;AT04;105;0;5;1;4000030000009339;400003
3;07;2011;AT06;450;0;1;1;4010020000001518;401002
21;07;2011;AT06;300;0;4;1;4000010000005112;400001
4;05;2011;AT21;30;0;1;1;4010020000006319;401002
27;03;2012;AT12;145;0;4;1;4000040000008505;400004
26;07;2011;AT12;110;0;1;1;4000020000006347;400002
18;09;2012;AT19;500;0;2;1;4010020000007456;401002
6;03;2010;AT05;115;0;3;1;4000010000009635;400001
28;07;2012;AT09;110;0;5;1;4000030000007028;400003
11;10;2010;AT13;250;0;5;1;4010010000004175;401001
19;08;2010;AT23;115;0;3;1;4000010000006761;400001
26;03;2010;AT20;10;0;4;1;4010010000003059;401001
18;01;2012;AT11;500;0;3;1;4010020000006757;401002
19;09;2011;AT20;70;0;3;1;4000010000003726;400001
10;09;2010;AT19;15;0;3;1;4000030000004686;400003
22;09;2010;AT23;175;0;4;1;4010020000001918;401002
5;06;2010;AT24;450;0;1;1;4000040000003338;400004
8;05;2010;AT03;175;0;1;1;4000010000006834;400001
2;06;2012;AT14;120;0;1;1;4010020000003627;401002
11;03;2010;AT07;55;0;4;1;4010010000008780;401001
5;01;2012;AT06;175;0;2;1;4010010000005366;401001
16;11;2011;AT25;65;0;5;1;4000010000005342;400001
18;08;2010;AT05;500;0;2;1;4000010000002685;400001
19;04;2012;AT24;45;0;4;1;4000040000001720;400004
14;10;2011;AT08;55;0;5;1;4000020000008272;400002
10;02;2010;AT15;45;0;5;1;4000040000001856;400004
22;10;2010;AT03;20;0;5;1;4010010000007043;401001
29;01;2011;AT11;40;0;1;1;4000030000002633;400003
3;04;2011;AT14;55;0;2;1;4010010000006624;401001
5;05;2010;AT21;100;0;1;1;4000020000006574;400002
11;02;2012;AT02;55;0;2;1;4010010000003434;401001
14;08;2010;AT03;250;0;5;1;4000030000002010;400003
17;03;2010;AT25;45;0;2;1;4000010000004365;400001
21;06;2010;AT05;65;0;5;1;4010020000009471;401002
9;10;2011;AT21;100;0;3;1;4000020000007599;400002
27;09;2010;AT17;70;0;2;1;4000020000002266;400002
3;04;2011;AT02;70;0;1;1;4010020000002878;401002
22;12;2011;AT17;135;0;4;1;4000030000003531;400003
23;02;2010;AT05;115;0;3;1;4010020000005697;401002
5;07;2010;AT19;25;0;4;1;4000020000003094;400002
26;06;2010;AT14;40;0;1;1;4010020000002027;401002
18;04;2010;AT11;175;0;1;1;4010020000008191;401002
27;10;2010;AT25;375;0;1;1;4000040000003301;400004
15;03;2010;AT16;70;0;3;1;4000020000008574;400002
5;10;2010;AT03;450;0;4;1;4010010000007847;401001
5;03;2012;AT18;200;0;1;1;4010020000004402;401002
26;08;2012;AT09;75;0;2;1;4010010000006006;401001
28;06;2010;AT24;75;0;5;1;4010020000009415;401002
25;03;2011;AT24;105;0;4;1;4010020000006505;401002
30;10;2010;AT17;80;0;2;1;4010010000006254;401001
9;05;2011;AT05;300;0;5;1;4000020000008428;400002
27;08;2010;AT02;55;0;3;1;4000030000006705;400003
2;06;2012;AT06;200;1;4;1;4300050000008026;430005
1;03;2011;AT22;40;0;2;1;4300030000001605;430003
31;10;2010;AT05;35;1;3;1;4300050000008200;430005
29;01;2012;AT20;135;0;4;1;4100010000004081;410001
16;08;2010;AT24;150;0;2;1;4200030000004359;420003
16;04;2010;AT12;35;0;3;1;4200040000003796;420004
20;10;2012;AT12;100;1;2;1;4200010000008743;420001
2;07;2011;AT15;120;0;4;1;4200040000009938;420004
15;10;2010;AT03;45;1;4;1;4200040000008329;420004
7;11;2010;AT02;375;1;2;1;4100030000006652;410003
28;02;2011;AT12;150;0;3;1;4100020000006171;410002
10;01;2010;AT17;90;0;4;1;4300010000009645;430001
14;10;2010;AT03;75;1;1;1;4300040000003780;430004
10;01;2011;AT25;150;1;1;1;4010020000002377;401002
15;03;2010;AT21;105;1;2;1;4100030000007336;410003
27;07;2010;AT18;115;0;1;1;4200020000003143;420002
21;07;2011;AT02;150;1;5;1;4200030000008634;420003
3;11;2010;AT16;145;0;3;1;4300050000003473;430005
13;11;2010;AT24;375;1;4;1;4300010000007548;430001
28;06;2012;AT12;45;1;2;1;4300050000001874;430005
7;08;2010;AT08;250;1;2;1;4010020000006756;401002
26;02;2011;AT14;40;0;5;1;4100020000006171;410002
4;12;2012;AT17;70;1;1;1;4100010000008355;410001
21;05;2010;AT03;65;1;2;1;4010010000003765;401001
16;07;2012;AT06;20;0;1;1;4100010000009315;410001
11;12;2011;AT08;5;0;1;1;4100030000006641;410003
10;11;2012;AT09;10;1;2;1;4010010000007636;401001
3;05;2011;AT22;15;1;3;1;4300050000003184;430005
15;05;2012;AT17;120;1;4;1;4100020000008870;410002
25;09;2010;AT05;300;1;4;1;4200040000002817;420004
4;09;2011;AT14;115;1;3;1;4300060000007437;430006
26;10;2010;AT16;110;1;4;1;4010010000009342;401001
2;09;2010;AT22;65;1;4;1;4300040000008031;430004
16;10;2010;AT04;95;0;3;1;4200020000005210;420002
10;04;2010;AT02;145;1;4;1;4100010000002255;410001
4;11;2012;AT13;250;1;2;1;4300060000002515;430006
28;08;2012;AT18;70;1;3;1;4200020000001483;420002
24;12;2011;AT18;120;0;2;1;4300040000001141;430004
24;03;2010;AT19;65;1;4;1;4300050000009458;430005
7;07;2012;AT19;75;0;1;1;4200010000005440;420001
11;05;2010;AT09;70;0;4;1;4300020000008065;430002
26;01;2011;AT11;100;0;2;1;4300010000005318;430001
20;11;2011;AT24;15;0;3;1;4300060000001821;430006
8;04;2011;AT08;15;0;4;1;4010010000009154;401001
9;03;2012;AT24;5;1;1;1;4300040000006990;430004
9;04;2011;AT15;145;1;2;1;4200020000001089;420002
11;06;2012;AT03;80;1;5;1;4100020000004490;410002
2;08;2010;AT24;85;0;4;1;4200020000003524;420002
3;05;2010;AT13;5;0;5;1;4300030000008984;430003
17;03;2010;AT20;120;0;5;1;4100030000006701;410003
23;02;2011;AT19;35;0;1;1;4200030000003236;420003
7;03;2012;AT24;105;1;2;1;4010010000008921;401001
7;05;2012;AT11;450;0;4;1;4300040000006906;430004
11;11;2010;AT20;75;0;1;1;4200040000008410;420004
1;09;2010;AT03;145;1;1;1;4200030000009841;420003
17;07;2010;AT10;70;0;1;1;4200030000006821;420003
17;12;2012;AT09;150;1;1;1;4200040000009293;420004
8;04;2010;AT06;105;0;5;1;4100030000008569;410003
18;06;2012;AT17;175;0;2;1;4100010000002086;410001
2;06;2011;AT17;50;1;4;1;4200010000007670;420001
6;05;2011;AT23;55;1;4;1;4100030000009567;410003
2;11;2011;AT22;85;1;2;1;4200030000009964;420003
17;02;2012;AT06;300;0;1;1;4100010000001747;410001
4;02;2010;AT06;10;1;5;1;4100030000002661;410003
2;05;2010;AT22;55;1;2;1;4100010000001503;410001
14;10;2010;AT23;20;1;1;1;4300050000003285;430005
24;03;2010;AT24;65;0;4;1;4300040000009669;430004
23;04;2011;AT20;45;1;1;1;4010020000004385;401002
18;10;2012;AT14;175;0;2;1;4100010000004095;410001
14;12;2011;AT09;450;0;5;1;4200010000005092;420001
2;08;2010;AT15;80;1;2;1;4300020000002330;430002
20;10;2012;AT17;85;1;5;1;4200020000005983;420002
28;02;2012;AT09;150;1;5;1;4300030000006802;430003
6;03;2010;AT08;300;0;5;1;4300050000002409;430005
24;05;2010;AT17;90;0;5;1;4300050000001135;430005
19;09;2012;AT14;65;0;5;1;4200030000002915;420003
30;09;2011;AT13;95;1;3;1;4010010000007061;401001
9;09;2010;AT24;70;1;5;1;4300020000002371;430002
30;08;2011;AT10;500;0;3;1;4010020000007484;401002
17;02;2010;AT19;120;1;3;1;4100030000008930;410003
24;06;2011;AT04;250;0;5;1;4200030000009812;420003
21;04;2012;AT17;500;0;3;1;4200040000002025;420004
5;08;2010;AT05;375;0;4;1;4300020000009678;430002
3;03;2010;AT17;175;1;2;1;4300040000005083;430004
23;08;2012;AT13;60;1;2;1;4300020000008162;430002
17;10;2012;AT22;60;0;3;1;4300030000006048;430003
28;02;2010;AT20;90;0;3;1;4300020000002656;430002
19;10;2011;AT11;125;1;1;1;4200010000004225;420001
17;05;2012;AT12;175;1;4;1;4200020000008485;420002
21;09;2012;AT04;45;0;3;1;4100020000008994;410002
3;09;2012;AT14;135;0;4;1;4100010000001696;410001
8;05;2011;AT08;175;0;1;1;4300030000002382;430003
12;09;2011;AT03;375;0;5;1;4300010000003289;430001
3;12;2012;AT16;50;1;3;1;4200040000009430;420004
26;02;2011;AT14;200;0;2;1;4010020000005464;401002
8;12;2010;AT01;145;1;2;1;4100010000007193;410001
18;08;2011;AT20;90;1;3;1;4100020000009684;410002
13;10;2012;AT24;135;1;4;1;4200010000007229;420001
20;02;2012;AT11;375;0;4;1;4200030000007585;420003
29;09;2012;AT09;25;0;5;1;4200030000007676;420003
22;08;2012;AT23;120;1;3;1;4100030000009902;410003
30;05;2011;AT17;55;0;3;1;4100020000005946;410002
9;04;2011;AT04;55;0;1;1;4200040000003673;420004
28;02;2010;AT08;125;0;5;1;4200040000006893;420004
14;01;2010;AT05;85;1;4;1;4100030000003442;410003
4;06;2011;AT08;20;1;1;1;4300060000001916;430006
15;11;2012;AT16;85;0;3;1;4100020000008262;410002
10;02;2012;AT05;105;1;3;1;4200040000009423;420004
12;10;2011;AT17;30;1;1;1;4300050000002830;430005
14;03;2010;AT08;45;1;5;1;4010010000003280;401001
30;07;2012;AT21;60;1;3;1;4010020000002711;401002
11;05;2011;AT23;375;0;5;1;4300010000003086;430001
22;06;2011;AT24;200;1;2;1;4200030000008369;420003
16;06;2012;AT21;450;0;5;1;4300050000002870;430005
13;04;2011;AT20;125;1;5;1;4010020000007457;401002
27;06;2011;AT09;250;1;5;1;4010010000007949;401001
6;05;2011;AT02;90;0;2;1;4300050000008248;430005
1;11;2012;AT25;50;0;3;1;4200040000007346;420004
30;12;2012;AT07;35;1;5;1;4200020000001919;420002
10;10;2012;AT24;85;1;3;1;4010010000003699;401001
30;11;2012;AT22;105;0;2;1;4100020000006624;410002
20;01;2010;AT20;80;1;1;1;4200010000001173;420001
30;04;2012;AT04;250;1;3;1;4300060000005209;430006
24;10;2012;AT25;10;1;1;1;4100010000006558;410001
25;04;2012;AT15;20;0;4;1;4010010000003428;401001
2;03;2012;AT25;50;1;1;1;4100030000002026;410003
23;05;2010;AT08;35;1;2;1;4100030000008113;410003
23;03;2010;AT23;120;0;3;1;4300030000004337;430003
6;11;2011;AT09;150;1;2;1;4010010000003006;401001
10;11;2010;AT02;375;0;3;1;4200040000009543;420004
6;07;2012;AT03;105;0;2;1;4100030000003254;410003
18;03;2010;AT17;30;1;2;1;4010020000008257;401002
22;09;2010;AT01;450;1;2;1;4300010000009243;430001
25;07;2012;AT05;20;0;4;1;4200020000004244;420002
21;08;2011;AT18;15;1;2;1;4300050000005162;430005
11;08;2012;AT24;30;0;1;1;4010010000003281;401001
18;03;2011;AT21;10;1;5;1;4010010000006101;401001
5;04;2010;AT03;40;0;4;1;4100030000008574;410003
13;11;2010;AT03;105;0;1;1;4300040000008482;430004
26;02;2012;AT15;90;0;4;1;4200030000008103;420003
18;03;2011;AT05;40;1;4;1;4300050000008876;430005
15;08;2010;AT04;65;1;3;1;4200020000008906;420002
30;12;2012;AT17;75;1;4;1;4300020000007498;430002
7;11;2010;AT05;35;0;4;1;4200010000001855;420001
28;03;2012;AT08;375;0;2;1;4200020000007186;420002
17;09;2011;AT22;55;0;3;1;4010010000002722;401001
4;12;2012;AT17;75;0;3;1;4200020000007607;420002
9;08;2010;AT14;150;0;5;1;4200040000001031;420004
19;11;2010;AT06;100;1;4;1;4200010000003130;420001
10;05;2011;AT06;20;1;5;1;4010010000006997;401001
17;04;2012;AT24;85;1;5;1;4010010000004705;401001
8;03;2012;AT19;90;1;1;1;4300050000004933;430005
27;07;2012;AT12;375;1;4;1;4300010000004462;430001
4;12;2012;AT02;150;0;1;1;4300010000003014;430001
2;10;2010;AT03;110;0;5;1;4300040000002518;430004
9;07;2012;AT08;500;0;4;1;4100030000006699;410003
6;11;2010;AT04;45;1;4;1;4100010000004670;410001
27;09;2010;AT17;15;1;1;1;4300010000008515;430001
16;07;2012;AT12;250;0;3;1;4300010000005913;430001
6;08;2010;AT13;75;1;5;1;4300040000002610;430004
31;08;2010;AT24;450;1;4;1;4300030000004781;430003
8;02;2011;AT07;120;1;1;1;4200040000003606;420004
28;02;2010;AT01;20;1;4;1;4100030000004754;410003
21;02;2012;AT17;110;1;3;1;4300040000009540;430004
19;06;2011;AT12;85;0;3;1;4100010000008882;410001
2;03;2012;AT04;65;1;4;1;4300010000002691;430001
9;10;2011;AT09;40;1;3;1;4300040000003312;430004
30;09;2010;AT05;70;1;3;1;4300050000005606;430005
28;02;2011;AT15;25;1;2;1;4300010000001654;430001
27;11;2011;AT12;20;1;5;1;4300010000002473;430001
8;08;2012;AT12;40;1;3;1;4300060000009058;430006
26;02;2010;AT09;25;0;2;1;4200010000008991;420001
7;08;2011;AT12;15;0;4;1;4300050000005213;430005
9;11;2012;AT24;100;0;3;1;4100030000005496;410003
22;02;2012;AT09;115;0;4;1;4010020000006603;401002
28;05;2010;AT17;145;1;4;1;4300050000003980;430005
16;05;2012;AT23;450;1;1;1;4300050000008113;430005
20;09;2012;AT24;95;1;4;1;4100030000003961;410003
3;04;2011;AT04;500;1;2;1;4200010000003771;420001
17;12;2010;AT23;135;0;5;1;4300040000005760;430004
19;08;2012;AT11;40;0;1;1;4300050000005075;430005
25;03;2011;AT22;60;1;3;1;4010010000007115;401001
2;11;2011;AT10;25;0;2;1;4010010000001689;401001
5;08;2012;AT17;55;1;3;1;4200010000006542;420001
3;03;2011;AT08;120;1;4;1;4100030000001379;410003
20;04;2012;AT05;35;0;3;1;4100020000009683;410002
27;04;2012;AT12;250;1;2;1;4200020000007143;420002
27;12;2010;AT18;35;1;1;1;4300060000008827;430006
29;08;2012;AT12;150;0;1;1;4200040000006787;420004
15;02;2011;AT17;60;0;1;1;4300030000001452;430003
23;01;2010;AT17;135;0;5;1;4300040000003382;430004
27;11;2010;AT07;250;1;1;1;4100010000005135;410001
5;11;2012;AT11;125;0;4;1;4100030000008500;410003
10;01;2011;AT21;80;0;5;1;4300030000002439;430003
4;09;2012;AT17;65;1;3;1;4200030000008545;420003
27;12;2010;AT25;450;0;5;1;4300020000003745;430002
11;09;2011;AT16;135;0;3;1;4100010000004459;410001
27;03;2012;AT03;75;1;2;1;4200010000003107;420001
14;04;2011;AT09;300;1;2;1;4200010000009036;420001
11;03;2012;AT21;55;0;4;1;4300010000001490;430001
10;07;2012;AT10;60;1;3;1;4300050000004845;430005
10;04;2011;AT14;35;1;4;1;4300040000007472;430004
18;09;2012;AT21;15;0;5;1;4300010000002604;430001
18;05;2011;AT15;450;1;2;1;4100020000009246;410002
27;01;2012;AT14;95;1;1;1;4300050000003245;430005
3;10;2012;AT13;60;0;4;1;4200040000003251;420004
9;02;2011;AT12;75;1;5;1;4100030000008729;410003
25;07;2010;AT18;115;0;3;1;4010020000009378;401002
27;11;2012;AT09;65;1;5;1;4300010000009085;430001
24;05;2012;AT12;65;1;4;1;4010020000001137;401002
28;06;2010;AT15;35;0;5;1;4100020000008884;410002
5;10;2010;AT18;20;0;2;1;4300010000007046;430001
18;12;2012;AT03;60;0;1;1;4200020000001262;420002
22;11;2012;AT02;135;0;3;1;4010020000008267;401002
26;09;2011;AT21;65;1;3;1;4100020000008141;410002
10;09;2012;AT02;145;0;3;1;4200010000002219;420001
23;12;2012;AT08;145;1;1;1;4300010000006361;430001
2;10;2011;AT14;150;0;4;1;4100030000008363;410003
10;11;2012;AT17;145;0;5;1;4100010000005286;410001
4;08;2012;AT02;175;0;5;1;4200020000006384;420002
10;11;2011;AT25;35;1;2;1;4200010000002225;420001
17;05;2012;AT25;200;1;3;1;4300030000009275;430003
22;11;2012;AT25;300;0;2;1;4100030000009029;410003
9;02;2011;AT11;55;0;5;1;4200030000007340;420003
4;11;2010;AT19;65;1;1;1;4200010000007111;420001
5;05;2010;AT25;50;1;5;1;4300050000005329;430005
4;07;2011;AT03;115;1;2;1;4300050000008082;430005
26;10;2011;AT20;135;1;1;1;4300030000007188;430003
30;04;2012;AT05;10;0;4;1;4300020000007261;430002
9;10;2010;AT15;135;0;1;1;4200020000008962;420002
21;07;2012;AT04;85;1;4;1;4200040000009305;420004
28;04;2011;AT22;145;0;5;1;4010020000002612;401002
28;11;2012;AT02;250;1;4;1;4200010000007095;420001
22;11;2011;AT05;120;0;2;1;4010010000002790;401001
28;02;2012;AT04;450;0;3;1;4100010000005838;410001
23;02;2011;AT02;30;1;2;1;4200010000002469;420001
10;03;2010;AT03;40;0;5;1;4200010000005060;420001
26;11;2012;AT11;100;0;4;1;4300040000004574;430004
31;07;2010;AT03;85;1;2;1;4100030000006396;410003
18;02;2011;AT21;300;1;3;1;4200030000003659;420003
6;08;2012;AT02;135;0;3;1;4010020000007151;401002
3;03;2010;AT23;80;1;3;1;4100030000009298;410003
13;03;2012;AT25;90;0;2;1;4200040000007985;420004
27;11;2012;AT17;200;1;3;1;4100010000001655;410001
6;02;2012;AT08;10;0;3;1;4300060000003281;430006
25;11;2011;AT06;250;1;4;1;4300040000005174;430004
22;12;2012;AT11;25;0;4;1;4300010000002657;430001
30;06;2010;AT16;5;0;4;1;4200020000005066;420002
16;02;2011;AT05;95;0;2;1;4200020000001857;420002
9;06;2011;AT22;35;0;2;1;4010020000007938;401002
18;08;2011;AT14;300;1;4;1;4300010000007945;430001
18;05;2010;AT08;500;1;4;1;4100010000009791;410001
20;08;2010;AT19;30;1;3;1;4100030000005826;410003
2;09;2011;AT23;85;0;2;1;4200030000002479;420003
28;06;2010;AT21;85;0;2;1;4010020000001728;401002
12;05;2010;AT24;150;0;5;1;4300060000003504;430006
22;11;2012;AT01;150;1;1;1;4200040000004036;420004
29;04;2010;AT03;175;0;4;1;4100010000004892;410001
13;06;2010;AT23;105;1;2;1;4300060000002408;430006
30;03;2012;AT09;500;0;2;1;4200040000002083;420004
6;08;2010;AT21;175;0;2;1;4200040000006439;420004
9;12;2011;AT21;25;0;2;1;4300040000005428;430004
18;06;2011;AT24;120;0;5;1;4200030000009574;420003
23;02;2012;AT18;90;1;2;1;4300030000008423;430003
10;09;2010;AT02;90;0;2;1;4300050000004650;430005
2;08;2010;AT04;95;0;5;1;4200020000003477;420002
19;04;2010;AT25;35;1;2;1;4200010000006592;420001
12;06;2011;AT22;25;1;2;1;4300020000009838;430002
6;01;2010;AT17;20;0;3;1;4010020000009610;401002
6;09;2010;AT19;250;1;5;1;4010010000006876;401001
31;12;2012;AT18;125;1;2;1;4100030000001907;410003
27;07;2010;AT13;150;1;4;1;4200010000009446;420001
29;06;2012;AT09;125;0;5;1;4300020000003650;430002
20;10;2011;AT15;55;0;5;1;4200040000009085;420004
17;11;2011;AT07;15;0;1;1;4100020000004725;410002
23;05;2011;AT05;300;0;3;1;4200010000002527;420001
21;10;2011;AT12;135;0;5;1;4010010000009653;401001
21;01;2011;AT19;175;0;5;1;4010010000004242;401001
28;10;2011;AT03;135;0;5;1;4300040000001032;430004
24;11;2011;AT06;60;1;2;1;4010020000008084;401002
13;06;2012;AT16;450;1;3;1;4010020000002254;401002
6;10;2012;AT05;65;0;3;1;4010020000004684;401002
30;04;2012;AT08;45;0;2;1;4300020000007635;430002
23;11;2012;AT11;75;1;1;1;4200010000006525;420001
19;09;2010;AT16;15;1;5;1;4200030000003926;420003
13;09;2012;AT16;300;1;1;1;4300050000007954;430005
13;05;2012;AT01;55;1;4;1;4100010000004367;410001
25;08;2011;AT05;45;1;3;1;4300020000005843;430002
23;12;2010;AT02;175;1;4;1;4200020000009551;420002
28;06;2011;AT05;95;0;2;1;4100030000008348;410003
28;08;2012;AT23;70;1;5;1;4200030000009228;420003
30;09;2012;AT25;15;1;2;1;4200040000001305;420004
25;07;2010;AT06;115;0;4;1;4100010000004365;410001
5;08;2010;AT23;45;0;2;1;4010020000006606;401002
6;08;2010;AT15;500;0;4;1;4300020000007370;430002
18;11;2011;AT06;35;1;1;1;4300050000005859;430005
15;03;2011;AT11;125;0;5;1;4300060000009846;430006
10;07;2012;AT05;145;1;3;1;4200010000005172;420001
20;06;2012;AT25;40;1;1;1;4200010000004880;420001
29;05;2011;AT23;115;0;4;1;4010010000003530;401001
30;01;2012;AT24;250;0;1;1;4300040000002339;430004
2;06;2012;AT14;65;0;1;1;4100020000002802;410002
12;02;2010;AT21;5;1;1;1;4200030000003019;420003
26;10;2011;AT12;50;1;3;1;4300060000005882;430006
2;05;2012;AT19;115;1;5;1;4100030000002312;410003
24;06;2011;AT20;105;0;4;1;4300030000005424;430003
6;07;2010;AT13;105;0;1;1;4300050000009274;430005
14;05;2010;AT22;65;1;2;1;4300040000008657;430004
11;05;2010;AT20;50;0;3;1;4200030000007675;420003
30;06;2010;AT21;40;1;4;1;4300010000006535;430001
2;03;2012;AT11;105;1;2;1;4300030000003738;430003
19;10;2012;AT08;90;0;4;1;4200010000004424;420001
20;01;2010;AT23;25;0;4;1;4200020000009899;420002
3;06;2010;AT02;55;0;1;1;4010020000003617;401002
25;11;2010;AT13;30;1;3;1;4300050000003685;430005
14;07;2012;AT22;50;1;4;1;4100010000007550;410001
28;05;2010;AT20;10;1;3;1;4010010000008662;401001
12;02;2012;AT24;50;1;1;1;4200030000001669;420003
2;10;2011;AT25;55;0;1;1;4300020000001931;430002
2;07;2010;AT21;45;0;5;1;4300030000003836;430003
18;04;2011;AT13;70;1;5;1;4300020000003006;430002
9;05;2011;AT06;110;1;5;1;4010010000004236;401001
17;08;2011;AT15;375;0;1;1;4200020000002940;420002
27;10;2012;AT04;375;1;3;1;4100020000002362;410002
26;07;2011;AT08;175;0;3;1;4300030000007910;430003
29;08;2012;AT17;250;1;4;1;4200040000004953;420004
29;09;2012;AT06;40;1;5;1;4100020000003134;410002
20;09;2012;AT05;100;0;1;1;4200040000008360;420004
25;11;2012;AT16;175;0;5;1;4100030000001975;410003
17;11;2011;AT04;200;0;4;1;4200030000002752;420003
6;05;2011;AT23;125;0;1;1;4200030000006819;420003
2;11;2011;AT09;40;0;2;1;4300030000009951;430003
19;08;2012;AT03;110;0;5;1;4300040000005665;430004
11;09;2010;AT04;35;0;5;1;4100030000006060;410003
28;02;2012;AT22;50;1;1;1;4200010000004020;420001
10;08;2011;AT17;5;0;5;1;4300020000001452;430002
28;09;2012;AT10;105;0;3;1;4200030000001174;420003
13;01;2010;AT09;5;0;4;1;4300050000009059;430005
1;01;2010;AT14;50;1;1;1;4300020000008920;430002
27;03;2011;AT16;500;1;1;1;4300010000006722;430001
27;08;2012;AT21;120;0;1;1;4010020000006507;401002
8;03;2012;AT12;200;0;2;1;4200040000005988;420004
16;06;2012;AT06;125;0;4;1;4010010000008860;401001
13;12;2012;AT06;85;1;3;1;4200040000005651;420004
21;03;2010;AT12;20;0;3;1;4300030000009581;430003
9;08;2012;AT24;55;1;5;1;4300020000009547;430002
5;05;2012;AT04;90;1;4;1;4200010000001855;420001
19;02;2012;AT07;30;0;5;1;4300030000009038;430003
16;02;2012;AT06;75;0;5;1;4300020000009336;430002
5;09;2011;AT11;110;0;4;1;4100010000008420;410001
16;03;2012;AT01;30;0;4;1;4300010000006001;430001
26;02;2012;AT20;120;0;3;1;4100010000007361;410001
1;03;2010;AT11;50;0;3;1;4010020000001168;401002
2;02;2010;AT24;65;1;4;1;4100020000006809;410002
6;07;2012;AT13;145;0;3;1;4100030000003534;410003
24;06;2011;AT19;115;0;5;1;4300040000003449;430004
12;10;2011;AT24;25;1;5;1;4300060000004216;430006
28;09;2011;AT06;20;1;2;1;4200020000002549;420002
11;02;2012;AT06;95;0;5;1;4100020000004454;410002
28;09;2010;AT02;20;0;5;1;4300050000006193;430005
4;09;2010;AT19;70;0;3;1;4010020000003628;401002
26;12;2011;AT19;60;1;2;1;4010020000008979;401002
17;12;2011;AT06;40;0;4;1;4010020000008944;401002
30;11;2012;AT24;60;0;2;1;4300020000002478;430002
18;06;2010;AT21;80;0;5;1;4200010000003269;420001
5;11;2012;AT12;100;1;2;1;4200010000001438;420001
9;07;2011;AT10;5;1;3;1;4200010000008451;420001
30;08;2012;AT19;110;0;2;1;4200040000008687;420004
17;07;2012;AT12;45;0;3;1;4300060000004203;430006
26;05;2010;AT24;105;1;3;1;4200020000007923;420002
26;03;2010;AT25;25;1;2;1;4300060000005547;430006
22;02;2011;AT10;175;0;1;1;4200040000009581;420004
15;11;2012;AT06;450;0;2;1;4200010000006612;420001
29;07;2010;AT10;200;1;4;1;4300030000009333;430003
19;01;2012;AT24;75;1;3;1;4200020000007421;420002
14;07;2010;AT07;100;0;3;1;4200010000003306;420001
13;08;2010;AT25;120;0;2;1;4300050000003409;430005
20;05;2011;AT15;10;0;5;1;4200020000003342;420002
10;07;2011;AT21;120;0;3;1;4300060000007141;430006
10;03;2010;AT15;30;0;5;1;4300050000001792;430005
2;04;2011;AT04;55;0;1;1;4300050000009962;430005
8;09;2010;AT22;55;1;2;1;4200020000005124;420002
13;03;2012;AT19;450;0;3;1;4300060000005545;430006
13;11;2011;AT17;105;1;5;1;4100010000007389;410001
25;10;2011;AT04;450;1;5;1;4300010000003715;430001
7;07;2010;AT07;175;0;5;1;4100030000009987;410003
10;04;2012;AT25;15;1;5;1;4010010000009783;401001
18;07;2011;AT08;70;1;4;1;4010020000009991;401002
16;07;2010;AT18;70;1;1;1;4200040000008139;420004
10;05;2010;AT08;55;0;3;1;4300030000006354;430003
14;08;2010;AT23;35;1;2;1;4100010000009562;410001
26;10;2011;AT13;80;1;2;1;4300060000009536;430006
28;07;2011;AT17;25;1;4;1;4100030000009017;410003
26;02;2011;AT22;45;1;4;1;4100020000005689;410002
27;08;2011;AT04;300;1;3;1;4100020000005307;410002
14;08;2011;AT21;5;1;1;1;4300040000003809;430004
3;07;2010;AT04;5;1;3;1;4100010000001063;410001
17;09;2010;AT16;65;1;5;1;4200010000006041;420001
19;11;2012;AT08;115;1;3;1;4200040000002363;420004
28;08;2012;AT21;35;1;4;1;4300030000002358;430003
13;02;2012;AT25;175;0;2;1;4100030000005946;410003
12;10;2011;AT09;15;0;2;1;4200030000003948;420003
6;11;2011;AT04;375;0;4;1;4010010000007647;401001
3;02;2010;AT11;60;0;5;1;4300010000009639;430001
6;12;2012;AT24;85;0;3;1;4300060000006389;430006
10;07;2012;AT09;15;0;2;1;4100010000006140;410001
24;04;2011;AT13;300;0;5;1;4010020000004888;401002
20;04;2011;AT11;450;1;5;1;4200010000008508;420001
25;11;2010;AT09;95;0;4;1;4300040000009354;430004
8;12;2012;AT20;65;0;3;1;4200040000009084;420004
12;01;2012;AT02;10;0;1;1;4200040000005326;420004
12;11;2010;AT21;250;1;5;1;4200030000003678;420003
4;11;2011;AT02;10;0;4;1;4010010000005786;401001
10;09;2012;AT25;90;0;5;1;4100010000002155;410001
12;06;2012;AT17;200;1;1;1;4010020000009014;401002
10;06;2010;AT01;60;1;3;1;4300050000004515;430005
21;06;2011;AT22;115;1;2;1;4010010000006663;401001
17;10;2010;AT10;95;1;1;1;4200010000007154;420001
15;02;2011;AT21;450;1;5;1;4300050000006699;430005
16;01;2010;AT01;5;0;3;1;4300030000007484;430003
5;02;2010;AT04;70;0;5;1;4300020000006916;430002
28;03;2012;AT24;105;1;3;1;4200040000008103;420004
9;05;2012;AT02;110;1;1;1;4300040000006049;430004
8;12;2010;AT18;85;1;3;1;4100020000002138;410002
22;05;2012;AT20;500;0;3;1;4200030000007379;420003
12;01;2011;AT20;70;1;1;1;4200020000009743;420002
30;05;2010;AT19;50;0;5;1;4100020000004301;410002
4;09;2011;AT19;15;1;1;1;4100020000002023;410002
23;02;2010;AT20;175;0;1;1;4300050000008668;430005
29;04;2010;AT14;85;1;4;1;4300060000002930;430006
13;09;2010;AT14;10;0;3;1;4100020000002627;410002
24;03;2011;AT03;5;1;4;1;4300050000008147;430005
24;05;2010;AT22;250;0;1;1;4300010000004585;430001
5;06;2012;AT15;25;1;4;1;4200010000008935;420001
8;07;2012;AT04;50;1;5;1;4300040000006859;430004
29;07;2012;AT20;105;1;4;1;4300020000007159;430002
15;03;2011;AT03;500;0;4;1;4200040000003736;420004
29;10;2010;AT19;10;1;3;1;4300010000001624;430001
5;06;2012;AT10;95;1;3;1;4300040000001206;430004
16;12;2011;AT17;175;1;5;1;4300020000004321;430002
27;08;2010;AT23;45;0;3;1;4010010000009455;401001
6;09;2012;AT07;175;0;2;1;4200010000005323;420001
9;08;2010;AT03;85;0;5;1;4300030000002630;430003
15;06;2010;AT19;100;1;5;1;4010020000009221;401002
6;09;2012;AT09;375;1;4;1;4300020000005976;430002
12;05;2010;AT13;375;1;5;1;4010010000007645;401001
28;03;2010;AT25;85;1;3;1;4300050000005652;430005
19;08;2010;AT15;150;0;4;1;4010010000009627;401001
14;02;2012;AT25;25;0;3;1;4200010000002884;420001
25;11;2010;AT07;20;1;5;1;4300010000001204;430001
15;05;2011;AT07;35;1;2;1;4010020000006983;401002
27;08;2010;AT16;250;0;1;1;4300050000004616;430005
16;04;2011;AT06;375;0;2;1;4300040000006754;430004
19;12;2012;AT20;120;0;2;1;4010020000007061;401002
23;02;2012;AT19;80;0;2;1;4200030000009079;420003
31;10;2010;AT11;50;1;1;1;4200020000002507;420002
18;11;2012;AT19;150;1;2;1;4200020000008290;420002
19;05;2011;AT25;150;1;2;1;4200010000003544;420001
8;05;2010;AT19;375;1;4;1;4010020000009627;401002
19;10;2010;AT02;40;0;3;1;4200010000003827;420001
7;02;2012;AT14;375;1;3;1;4300020000007132;430002
8;03;2012;AT14;100;0;2;1;4200020000002472;420002
13;09;2012;AT21;95;0;4;1;4300060000006815;430006
5;12;2011;AT11;175;1;3;1;4100030000003147;410003
4;08;2010;AT17;15;1;5;1;4010010000003863;401001
31;03;2011;AT03;120;0;2;1;4010010000005863;401001
9;02;2010;AT09;45;1;5;1;4300060000009110;430006
16;10;2011;AT22;30;0;4;1;4200010000007502;420001
5;02;2012;AT08;50;0;3;1;4300050000005144;430005
1;03;2010;AT21;30;0;2;1;4100010000004023;410001
3;07;2012;AT17;145;1;4;1;4300060000007714;430006
22;08;2012;AT07;30;1;3;1;4300010000008392;430001
20;06;2011;AT08;110;1;4;1;4300040000004191;430004
18;11;2012;AT09;300;0;5;1;4100010000008882;410001
28;12;2012;AT05;90;0;2;1;4100020000007440;410002
28;02;2011;AT11;375;0;1;1;4300060000009843;430006
7;09;2010;AT16;75;1;1;1;4100010000002585;410001
16;05;2011;AT10;85;0;1;1;4200020000003148;420002
28;12;2012;AT12;80;0;4;1;4010010000003619;401001
13;02;2012;AT13;20;1;5;1;4010020000004035;401002
7;04;2011;AT11;115;0;1;1;4300020000007597;430002
21;08;2012;AT25;145;1;3;1;4300020000009026;430002
5;06;2010;AT15;100;1;3;1;4010010000005364;401001
12;05;2010;AT01;5;1;3;1;4200020000008374;420002
24;04;2010;AT22;40;1;1;1;4300030000009669;430003
9;08;2011;AT02;35;1;3;1;4100020000006132;410002
15;04;2010;AT12;50;1;1;1;4300010000006479;430001
28;07;2011;AT17;80;0;1;1;4300030000001692;430003
11;11;2010;AT03;100;0;1;1;4200010000008192;420001
21;07;2012;AT22;300;1;2;1;4300050000001768;430005
10;04;2012;AT04;175;1;4;1;4300010000005526;430001
6;11;2012;AT09;35;1;4;1;4200030000006307;420003
28;11;2010;AT08;10;0;2;1;4200040000004478;420004
3;12;2011;AT13;450;1;5;1;4100030000001557;410003
10;05;2012;AT08;50;0;5;1;4100030000004776;410003
12;05;2010;AT05;135;0;4;1;4300020000009089;430002
14;05;2010;AT07;450;1;1;1;4100030000005186;410003
7;04;2011;AT21;95;1;2;1;4010010000009729;401001
30;04;2012;AT16;50;0;3;1;4300060000003570;430006
3;07;2010;AT08;10;0;5;1;4300050000008097;430005
16;11;2011;AT23;75;0;1;1;4200020000007859;420002
19;05;2011;AT24;45;0;1;1;4100020000008530;410002
20;03;2012;AT24;25;1;4;1;4200030000003886;420003
10;08;2010;AT21;85;0;5;1;4300020000004322;430002
3;10;2011;AT23;500;0;4;1;4200010000006187;420001
24;11;2011;AT14;110;0;2;1;4010010000005734;401001
20;02;2011;AT14;80;1;1;1;4100020000005681;410002
12;09;2012;AT15;115;1;2;1;4010020000006521;401002
21;01;2010;AT22;10;1;2;1;4300010000002887;430001
5;09;2010;AT15;100;1;5;1;4100030000003043;410003
25;09;2012;AT09;30;0;2;1;4100010000007558;410001
6;06;2010;AT19;50;0;1;1;4100010000008014;410001
18;04;2012;AT24;90;0;1;1;4010020000007309;401002
24;03;2010;AT24;80;1;2;1;4100030000005724;410003
14;09;2012;AT23;95;0;2;1;4300010000009612;430001
4;11;2012;AT14;100;0;5;1;4200030000001162;420003
26;11;2010;AT01;35;0;3;1;4200040000004105;420004
8;08;2011;AT06;85;0;3;1;4300010000007680;430001
16;07;2011;AT16;95;0;3;1;4200020000004943;420002
4;10;2010;AT12;5;1;1;1;4010010000003378;401001
10;07;2012;AT06;135;0;5;1;4100020000006898;410002
7;04;2012;AT25;10;0;1;1;4100030000001863;410003
4;01;2012;AT09;25;1;5;1;4300030000004672;430003
21;07;2012;AT19;105;0;2;1;4100030000003711;410003
13;11;2010;AT21;90;0;3;1;4200010000008339;420001
7;04;2010;AT11;90;0;1;1;4200030000002781;420003
16;02;2012;AT02;500;0;3;1;4300040000009186;430004
17;03;2010;AT09;80;0;3;1;4300010000005643;430001
23;03;2012;AT04;115;0;4;1;4300060000005211;430006
9;01;2012;AT06;35;0;1;1;4200020000007253;420002
5;03;2011;AT23;125;0;2;1;4300030000005853;430003
20;10;2010;AT05;125;0;3;1;4100030000002558;410003
5;01;2012;AT14;105;1;3;1;4200040000004301;420004
23;02;2010;AT01;45;1;5;1;4300050000004574;430005
5;01;2012;AT19;85;0;4;1;4300040000009008;430004
2;11;2012;AT03;75;0;1;1;4100020000003019;410002
25;03;2012;AT02;135;0;5;1;4300010000005261;430001
13;04;2010;AT11;300;1;2;1;4100020000002263;410002
26;10;2010;AT18;250;1;2;1;4200030000003903;420003
19;04;2012;AT21;50;0;1;1;4100030000002162;410003
24;04;2012;AT05;35;0;5;1;4010010000004056;401001
24;10;2011;AT21;5;1;4;1;4200010000002827;420001
19;11;2010;AT10;85;0;4;1;4200040000005225;420004
9;04;2011;AT02;175;0;3;1;4300060000007427;430006
11;09;2011;AT19;200;1;5;1;4100020000006475;410002
13;03;2010;AT03;70;1;1;1;4200040000008243;420004
8;10;2010;AT16;500;0;2;1;4010010000003153;401001
26;09;2012;AT18;30;1;5;1;4200030000003484;420003
26;02;2010;AT06;90;0;1;1;4300010000008020;430001
13;11;2012;AT18;250;1;1;1;4010010000007340;401001
19;01;2011;AT01;300;0;4;1;4300040000005097;430004
28;10;2011;AT03;70;1;2;1;4300040000002100;430004
5;06;2012;AT11;35;1;4;1;4300030000005992;430003
23;02;2010;AT12;500;1;5;1;4100010000003458;410001
5;10;2010;AT09;100;1;4;1;4300060000009043;430006
15;09;2010;AT23;250;0;5;1;4300040000005089;430004
3;04;2010;AT24;65;0;4;1;4200020000007471;420002
8;09;2010;AT22;135;1;3;1;4300050000009811;430005
30;09;2012;AT21;150;0;4;1;4300050000007733;430005
7;09;2010;AT10;105;1;2;1;4300010000003861;430001
11;10;2011;AT21;115;0;4;1;4200040000005066;420004
8;02;2012;AT08;35;0;5;1;4100030000008596;410003
28;04;2012;AT02;70;1;2;1;4010020000008597;401002
27;11;2010;AT07;60;0;1;1;4300010000009481;430001
23;08;2012;AT19;35;0;1;1;4300030000001312;430003
1;11;2012;AT04;250;1;1;1;4200030000005131;420003
22;06;2011;AT05;100;0;3;1;4300020000008310;430002
15;10;2012;AT04;300;0;3;1;4300050000004874;430005
1;04;2011;AT11;70;0;2;1;4300030000007061;430003
11;02;2012;AT18;125;1;3;1;4010020000005712;401002
5;10;2012;AT09;15;0;4;1;4300030000009799;430003
20;02;2010;AT14;125;0;5;1;4300010000004875;430001
16;06;2010;AT18;250;0;5;1;4010020000009981;401002
7;03;2010;AT12;145;1;4;1;4300040000005135;430004
22;07;2011;AT08;55;1;3;1;4010010000001614;401001
30;09;2010;AT21;75;1;4;1;4010020000001367;401002
29;12;2011;AT15;135;0;3;1;4300030000004125;430003
6;03;2011;AT15;105;1;4;1;4300040000005603;430004
24;10;2012;AT09;55;1;1;1;4300030000005749;430003
4;10;2011;AT14;115;1;5;1;4300030000003131;430003
11;04;2010;AT02;35;0;3;1;4200020000001825;420002
28;03;2012;AT09;135;0;3;1;4300060000009450;430006
14;03;2012;AT01;150;0;5;1;4200030000009714;420003
26;07;2012;AT10;35;1;5;1;4100020000008343;410002
23;12;2012;AT20;120;1;4;1;4200010000003703;420001
26;11;2010;AT15;15;0;5;1;4100030000007758;410003
24;02;2012;AT04;20;0;4;1;4200030000002376;420003
1;01;2011;AT13;50;0;5;1;4300060000005195;430006
6;04;2010;AT16;110;0;2;1;4200020000004580;420002
16;07;2010;AT14;120;0;5;1;4010020000004688;401002
31;03;2012;AT11;200;1;5;1;4200020000002290;420002
7;07;2010;AT01;50;1;5;1;4300050000007299;430005
2;06;2012;AT16;65;1;4;1;4100020000004972;410002
21;06;2012;AT11;135;1;1;1;4300060000004165;430006
15;10;2012;AT06;60;0;2;1;4100020000002858;410002
12;11;2012;AT03;85;0;3;1;4200020000009447;420002
2;12;2012;AT03;200;0;4;1;4300030000007780;430003
22;02;2011;AT17;120;1;3;1;4300060000007034;430006
23;06;2012;AT22;120;0;3;1;4300060000004998;430006
2;08;2011;AT05;50;1;5;1;4200010000001440;420001
9;05;2010;AT21;45;1;4;1;4010010000001961;401001
29;07;2011;AT18;85;1;2;1;4200030000001665;420003
17;10;2012;AT06;105;1;4;1;4300010000002549;430001
18;03;2010;AT20;135;0;3;1;4300050000004642;430005
14;08;2012;AT18;110;0;3;1;4300020000007180;430002
16;09;2012;AT14;175;0;1;1;4200040000003773;420004
8;05;2010;AT10;100;1;3;1;4300050000007485;430005
12;03;2010;AT21;500;0;2;1;4100030000007724;410003
30;06;2011;AT04;35;1;4;1;4100010000007170;410001
22;05;2012;AT12;125;1;5;1;4010010000007453;401001
5;05;2012;AT23;115;1;5;1;4300030000005535;430003
1;06;2011;AT09;15;1;4;1;4200040000009594;420004
4;05;2011;AT16;145;0;1;1;4010010000001813;401001
1;12;2010;AT06;250;1;1;1;4300040000009472;430004
13;10;2010;AT18;65;1;2;1;4100010000007951;410001
14;06;2011;AT03;80;1;1;1;4300040000006657;430004
25;07;2010;AT12;175;1;1;1;4100010000007995;410001
18;05;2011;AT13;15;1;1;1;4300030000006242;430003
28;02;2012;AT03;150;0;4;1;4200020000009554;420002
9;03;2012;AT14;95;0;2;1;4100010000004455;410001
28;07;2012;AT10;95;0;2;1;4010020000006426;401002
14;05;2011;AT25;145;0;4;1;4200020000005658;420002
23;06;2012;AT05;175;0;3;1;4100020000002667;410002
14;05;2011;AT09;75;1;3;1;4200030000008548;420003
15;04;2011;AT12;125;1;1;1;4100010000009961;410001
28;10;2012;AT11;110;0;2;1;4300020000002584;430002
20;12;2011;AT02;15;0;5;1;4300020000001134;430002
15;04;2011;AT07;125;0;3;1;4300020000003093;430002
30;07;2010;AT09;250;0;5;1;4100030000009649;410003
27;02;2011;AT15;125;1;5;1;4300010000008719;430001
9;01;2012;AT18;20;0;5;1;4300010000007552;430001
22;10;2012;AT10;105;0;1;1;4100020000002424;410002
9;01;2010;AT02;150;1;5;1;4200040000005566;420004
19;12;2012;AT20;145;1;1;1;4200030000002458;420003
3;03;2012;AT22;150;0;3;1;4200020000008034;420002
17;07;2010;AT20;10;0;4;1;4200040000005697;420004
16;05;2012;AT20;300;0;1;1;4100020000001027;410002
21;03;2010;AT15;25;0;1;1;4300010000002592;430001
24;06;2011;AT10;105;1;1;1;4010020000006876;401002
15;01;2011;AT21;50;0;1;1;4100020000002341;410002
28;11;2010;AT06;60;1;5;1;4200010000004020;420001
19;04;2010;AT18;15;0;1;1;4300010000001789;430001
30;08;2010;AT07;95;0;3;1;4300040000005134;430004
27;11;2011;AT24;175;1;1;1;4100010000007208;410001
11;05;2010;AT03;50;1;5;1;4010020000005484;401002
5;04;2012;AT15;150;1;4;1;4200020000004323;420002
30;03;2011;AT24;105;0;4;1;4300060000008903;430006
1;02;2012;AT22;135;1;2;1;4100030000003075;410003
15;03;2011;AT25;25;1;5;1;4010010000008445;401001
14;09;2010;AT22;145;0;3;1;4100020000008651;410002
24;11;2010;AT14;175;1;2;1;4200030000003076;420003
6;03;2011;AT22;15;0;4;1;4300060000001533;430006
15;04;2010;AT13;450;1;1;1;4010020000008133;401002
27;03;2010;AT08;135;0;2;1;4300020000008909;430002
10;03;2011;AT07;65;0;1;1;4100020000007210;410002
15;03;2010;AT15;95;0;4;1;4300040000005418;430004
27;03;2011;AT21;50;1;3;1;4200030000003914;420003
12;11;2012;AT24;110;1;2;1;4300010000002992;430001
8;04;2010;AT24;375;1;5;1;4200030000006778;420003
9;08;2010;AT25;60;0;1;1;4300020000007376;430002
13;03;2011;AT03;100;0;1;1;4200030000006376;420003
3;04;2012;AT23;120;0;4;1;4200020000009353;420002
3;02;2011;AT02;120;0;1;1;4200030000006817;420003
15;05;2010;AT09;175;0;1;1;4200020000005997;420002
20;06;2011;AT12;60;1;5;1;4100030000001658;410003
10;01;2011;AT20;85;1;2;1;4200010000003385;420001
22;04;2010;AT03;450;0;2;1;4200030000005104;420003
8;07;2012;AT16;40;0;1;1;4200010000001587;420001
23;01;2010;AT18;200;0;3;1;4100010000009946;410001
5;04;2011;AT16;200;0;5;1;4100030000006440;410003
7;07;2012;AT17;115;0;5;1;4200040000005147;420004
26;02;2012;AT03;80;1;2;1;4100010000003487;410001
23;08;2012;AT22;110;0;1;1;4300050000002787;430005
13;08;2011;AT12;45;1;1;1;4200040000006972;420004
26;05;2011;AT12;45;1;5;1;4200040000009076;420004
6;09;2012;AT09;95;0;2;1;4100010000009899;410001
12;03;2012;AT01;45;0;2;1;4100030000002158;410003
9;11;2011;AT23;450;0;2;1;4300050000004003;430005
4;05;2010;AT02;60;1;3;1;4300040000001942;430004
26;03;2010;AT17;50;1;4;1;4100030000008665;410003
26;11;2010;AT19;45;1;2;1;4300030000006639;430003
20;07;2010;AT11;20;1;5;1;4300060000003570;430006
20;05;2011;AT12;500;0;1;1;4200010000001933;420001
19;08;2010;AT15;60;0;3;1;4100010000002300;410001
30;07;2010;AT04;20;1;4;1;4200030000005809;420003
25;07;2010;AT12;500;0;5;1;4300020000003866;430002
20;11;2010;AT10;200;0;2;1;4100010000008107;410001
26;07;2010;AT16;95;0;1;1;4100010000008468;410001
26;03;2012;AT08;80;0;5;1;4200040000009162;420004
16;09;2011;AT17;50;0;4;1;4200030000003663;420003
31;07;2010;AT23;100;0;1;1;4010020000001771;401002
29;09;2012;AT01;105;1;5;1;4200010000009896;420001
24;09;2012;AT07;90;1;1;1;4300020000009476;430002
23;08;2011;AT25;75;1;4;1;4300010000004480;430001
18;10;2012;AT05;135;1;1;1;4100010000009871;410001
16;03;2012;AT25;90;0;4;1;4100010000002373;410001
20;11;2011;AT04;70;1;4;1;4100010000004751;410001
28;11;2010;AT04;175;1;4;1;4300010000002016;430001
1;08;2010;AT14;450;0;4;1;4300040000002854;430004
8;07;2011;AT24;150;1;3;1;4200040000006036;420004
5;10;2010;AT04;125;0;2;1;4300060000009238;430006
9;09;2010;AT17;110;0;4;1;4200010000002722;420001
30;05;2011;AT14;30;0;4;1;4200010000009769;420001
13;09;2011;AT21;100;0;5;1;4200020000004862;420002
9;05;2012;AT24;85;0;2;1;4300060000003215;430006
7;07;2012;AT16;120;0;5;1;4200040000004327;420004
1;06;2012;AT16;110;0;1;1;4200010000007052;420001
25;11;2010;AT14;450;1;5;1;4100020000005500;410002
24;09;2011;AT22;80;0;1;1;4200030000009040;420003
7;12;2010;AT11;200;0;5;1;4100020000003911;410002
12;04;2011;AT18;80;0;5;1;4200010000007321;420001
19;07;2010;AT16;15;0;5;1;4200040000004274;420004
17;05;2011;AT16;250;1;5;1;4200030000008822;420003
30;05;2011;AT13;125;0;1;1;4100010000008024;410001
29;03;2010;AT05;5;1;5;1;4300030000006391;430003
20;05;2012;AT07;145;1;1;1;4300040000006781;430004
30;11;2011;AT13;450;1;3;1;4100020000001152;410002
20;02;2012;AT08;60;1;2;1;4300010000003082;430001
4;11;2010;AT08;20;1;4;1;4300050000007603;430005
21;03;2012;AT12;30;1;4;1;4200040000008009;420004
24;02;2011;AT02;250;1;2;1;4100030000004005;410003
5;05;2010;AT21;175;0;1;1;4200010000002183;420001
22;10;2011;AT17;50;0;3;1;4010010000008605;401001
11;06;2010;AT25;50;0;5;1;4200020000007918;420002
14;10;2010;AT12;80;1;1;1;4300030000002599;430003
31;01;2010;AT14;375;1;3;1;4100020000003775;410002
13;05;2012;AT19;500;0;3;1;4300020000003908;430002
29;08;2010;AT01;110;1;2;1;4010020000009079;401002
7;09;2011;AT12;175;0;2;1;4100020000002061;410002
26;07;2011;AT08;375;0;5;1;4200020000007793;420002
30;11;2012;AT10;65;1;3;1;4100030000004720;410003
14;02;2010;AT14;105;0;4;1;4100020000001019;410002
13;08;2010;AT21;20;1;5;1;4200010000001356;420001
18;11;2011;AT21;80;0;4;1;4300060000008493;430006
29;05;2012;AT07;10;1;3;1;4300020000005949;430002
8;04;2010;AT14;10;1;2;1;4010020000004011;401002
18;06;2011;AT19;10;1;5;1;4010010000006258;401001
21;11;2012;AT17;150;0;3;1;4300050000006261;430005
14;05;2012;AT20;5;0;2;1;4200030000008896;420003
11;10;2010;AT02;55;0;4;1;4010020000001990;401002
27;10;2012;AT17;100;0;3;1;4100020000006437;410002
16;03;2012;AT20;55;0;2;1;4300050000001322;430005
15;02;2011;AT24;85;1;4;1;4300030000007381;430003
14;11;2010;AT22;45;0;4;1;4100030000001907;410003
8;02;2012;AT18;55;1;1;1;4300030000004328;430003
14;10;2011;AT10;115;0;2;1;4200020000006088;420002
22;08;2010;AT12;95;0;1;1;4200010000008980;420001
18;05;2010;AT09;65;0;4;1;4200030000005830;420003
8;03;2011;AT05;10;1;4;1;4300050000009680;430005
29;10;2010;AT09;55;1;3;1;4200020000008332;420002
24;03;2011;AT07;40;0;2;1;4100010000008174;410001
21;08;2010;AT07;40;0;2;1;4010010000009873;401001
16;03;2010;AT08;300;0;2;1;4300030000002735;430003
6;01;2010;AT20;175;1;4;1;4200040000007196;420004
11;11;2011;AT08;300;1;5;1;4200020000002177;420002
9;11;2011;AT05;115;0;3;1;4200020000003816;420002
15;06;2010;AT01;30;0;1;1;4300050000002420;430005
21;05;2012;AT19;135;0;5;1;4300040000009818;430004
26;12;2011;AT01;120;0;4;1;4100020000008650;410002
30;07;2011;AT14;250;0;1;1;4100030000003789;410003
22;03;2010;AT19;105;0;3;1;4300050000003726;430005
28;03;2011;AT04;175;0;2;1;4100030000005320;410003
18;02;2010;AT13;375;0;5;1;4200030000007239;420003
27;03;2011;AT14;85;0;4;1;4010010000008430;401001
16;12;2011;AT14;125;1;1;1;4010020000006422;401002
10;07;2012;AT19;35;0;1;1;4300040000007169;430004
30;09;2011;AT09;65;1;3;1;4010010000008027;401001
3;02;2012;AT23;150;0;5;1;4100030000006062;410003
22;04;2012;AT07;45;0;4;1;4200040000009509;420004
18;08;2011;AT23;95;1;1;1;4300010000006041;430001
10;04;2012;AT09;110;0;1;1;4200030000002249;420003
26;04;2012;AT03;25;1;4;1;4200040000005332;420004
6;11;2011;AT17;120;1;4;1;4300030000001112;430003
8;07;2010;AT16;5;0;2;1;4010020000002874;401002
16;09;2011;AT08;75;0;3;1;4010010000002952;401001
6;05;2012;AT22;70;0;2;1;4100020000007522;410002
5;06;2012;AT03;30;0;5;1;4300020000002527;430002
15;06;2010;AT05;120;0;1;1;4100030000003405;410003
19;07;2011;AT25;105;0;3;1;4100020000003411;410002
9;05;2012;AT02;115;0;3;1;4100030000001243;410003
12;05;2012;AT10;120;1;2;1;4100010000001768;410001
12;04;2010;AT06;30;1;3;1;4010010000007649;401001
17;04;2011;AT01;55;1;3;1;4010020000008453;401002
6;06;2011;AT16;70;0;2;1;4200010000002887;420001
12;06;2011;AT07;125;0;1;1;4100030000004475;410003
26;09;2010;AT24;75;1;3;1;4300060000008296;430006
24;07;2010;AT15;85;0;3;1;4200020000006751;420002
28;11;2010;AT15;30;1;1;1;4200020000008897;420002
22;06;2011;AT05;60;0;3;1;4300030000003588;430003
24;07;2010;AT22;450;1;4;1;4200010000003605;420001
9;09;2010;AT02;95;1;5;1;4010020000004110;401002
10;10;2011;AT22;250;1;5;1;4300060000007221;430006
5;06;2012;AT21;45;1;4;1;4300020000004469;430002
14;10;2012;AT19;5;1;5;1;4010020000001108;401002
30;06;2010;AT07;65;0;3;1;4200030000006982;420003
31;08;2011;AT06;115;0;2;1;4100030000005262;410003
9;08;2010;AT24;125;0;2;1;4100030000003259;410003
8;07;2012;AT07;25;1;3;1;4200010000002144;420001
10;08;2010;AT10;35;0;4;1;4100010000006210;410001
4;03;2011;AT09;20;0;2;1;4200020000003835;420002
15;12;2011;AT03;300;0;5;1;4200020000006629;420002
17;11;2012;AT18;75;0;3;1;4200010000003218;420001
20;05;2010;AT03;135;1;5;1;4010020000001505;401002
27;02;2010;AT09;20;0;3;1;4010020000003490;401002
11;05;2010;AT12;85;1;2;1;4100030000008269;410003
23;03;2011;AT06;125;1;3;1;4300040000007194;430004
15;04;2011;AT21;85;0;3;1;4300030000005906;430003
5;07;2011;AT24;5;0;1;1;4300030000008680;430003
26;06;2011;AT24;150;0;5;1;4300060000005337;430006
13;04;2011;AT14;115;1;2;1;4200040000002429;420004
19;05;2011;AT22;120;0;1;1;4100020000001898;410002
11;01;2010;AT25;10;0;4;1;4300030000002551;430003
23;11;2011;AT03;50;1;1;1;4300050000007954;430005
2;05;2012;AT04;10;1;4;1;4010020000007256;401002
6;08;2012;AT16;300;1;4;1;4200040000004122;420004
22;10;2011;AT05;175;0;5;1;4300010000008114;430001
18;10;2011;AT02;10;1;4;1;4010020000003346;401002
2;10;2010;AT09;120;1;1;1;4300010000009442;430001
13;08;2010;AT23;15;1;3;1;4100020000007010;410002
6;11;2011;AT17;55;0;2;1;4200020000007805;420002
28;03;2011;AT11;120;1;3;1;4100020000006804;410002
21;05;2012;AT03;30;0;2;1;4100030000005197;410003
6;02;2011;AT08;145;0;4;1;4010020000009651;401002
11;05;2011;AT22;95;1;4;1;4300010000008957;430001
9;03;2011;AT25;450;0;5;1;4010010000002503;401001
12;04;2012;AT23;200;1;1;1;4300010000006988;430001
13;07;2012;AT03;250;0;5;1;4010020000007514;401002
14;03;2011;AT22;150;0;1;1;4200020000001593;420002
18;07;2010;AT11;105;0;1;1;4100030000007888;410003
18;05;2010;AT05;30;1;1;1;4010010000004513;401001
21;10;2011;AT16;50;0;1;1;4100010000008165;410001
19;01;2012;AT04;5;0;5;1;4200020000004124;420002
13;04;2011;AT02;375;1;1;1;4200020000001279;420002
3;06;2010;AT06;150;1;3;1;4300060000004563;430006
18;04;2012;AT13;60;0;2;1;4300030000001989;430003
25;11;2011;AT23;45;0;1;1;4100010000005619;410001
1;05;2012;AT20;20;0;3;1;4010020000006283;401002
17;11;2010;AT15;15;1;1;1;4100010000008095;410001
8;04;2012;AT20;450;0;1;1;4200010000001250;420001
18;06;2011;AT14;150;0;1;1;4200020000006992;420002
16;11;2011;AT14;25;1;4;1;4300030000006420;430003
12;09;2011;AT04;300;0;3;1;4100030000002760;410003
20;07;2011;AT23;100;0;3;1;4300040000003091;430004
19;11;2010;AT02;55;0;4;1;4100010000002203;410001
13;09;2012;AT08;10;0;4;1;4200020000002031;420002
21;10;2011;AT04;150;1;4;1;4300040000006271;430004
12;04;2010;AT19;300;0;1;1;4300010000009847;430001
8;01;2012;AT23;450;0;1;1;4100010000001953;410001
19;09;2012;AT06;115;1;3;1;4200030000002930;420003
16;05;2011;AT02;100;0;2;1;4300040000001649;430004
30;04;2011;AT19;110;1;2;1;4100030000001684;410003
25;02;2011;AT03;500;1;4;1;4100030000004134;410003
18;02;2011;AT08;125;0;1;1;4300030000003724;430003
24;05;2011;AT15;500;1;3;1;4100030000006023;410003
12;09;2012;AT25;450;0;2;1;4100010000002631;410001
18;05;2012;AT06;5;1;3;1;4100020000007615;410002
18;03;2012;AT10;110;1;5;1;4300020000003354;430002
18;10;2010;AT08;20;1;4;1;4200030000001815;420003
15;07;2012;AT13;80;1;4;1;4010010000009274;401001
2;06;2010;AT08;5;0;4;1;4300020000004785;430002
21;08;2010;AT05;45;1;4;1;4200030000009606;420003
12;08;2012;AT06;25;1;4;1;4010010000007178;401001
28;07;2011;AT24;40;0;1;1;4300030000005288;430003
6;09;2011;AT21;35;0;4;1;4200020000003115;420002
17;09;2010;AT03;10;1;5;1;4010020000002521;401002
1;04;2010;AT06;30;0;2;1;4010010000008680;401001
28;03;2012;AT10;120;1;5;1;4100020000009187;410002
11;02;2011;AT03;250;0;3;1;4100030000007294;410003
24;10;2010;AT23;100;1;3;1;4100010000009671;410001
4;04;2010;AT14;75;0;3;1;4200020000009240;420002
19;03;2010;AT05;75;0;1;1;4300010000004991;430001
18;08;2011;AT14;500;0;2;1;4200020000001811;420002
24;05;2010;AT12;95;1;1;1;4010020000002993;401002
29;04;2012;AT21;105;0;2;1;4300060000002676;430006
6;11;2012;AT04;20;1;2;1;4300010000005871;430001
29;08;2010;AT16;145;0;2;1;4300030000008367;430003
23;11;2012;AT22;300;0;4;1;4200030000009559;420003
5;05;2012;AT22;30;1;5;1;4300060000002166;430006
19;02;2011;AT21;80;0;3;1;4200040000008633;420004
3;11;2010;AT02;135;0;4;1;4100010000006750;410001
29;04;2011;AT10;25;0;2;1;4100020000008954;410002
19;12;2011;AT24;115;1;2;1;4200020000009188;420002
3;02;2010;AT08;110;1;5;1;4100010000006097;410001
14;02;2010;AT24;135;0;4;1;4200030000005209;420003
24;08;2011;AT07;105;1;3;1;4200030000006959;420003
28;02;2010;AT21;250;0;5;1;4100020000004210;410002
29;09;2010;AT19;10;0;4;1;4100020000003163;410002
21;09;2010;AT11;115;1;4;1;4100020000008313;410002
24;04;2011;AT23;300;0;4;1;4200010000008995;420001
20;10;2011;AT13;15;1;1;1;4100030000003454;410003
10;08;2011;AT03;90;0;3;1;4010020000005272;401002
17;01;2010;AT13;200;1;4;1;4010010000009041;401001
23;02;2010;AT18;120;0;1;1;4300050000001976;430005
1;05;2011;AT01;375;1;2;1;4300050000006957;430005
13;06;2011;AT18;100;0;2;1;4100030000001686;410003
27;09;2011;AT20;175;0;2;1;4100030000006405;410003
13;01;2010;AT04;500;1;3;1;4200010000003358;420001
11;10;2010;AT02;10;0;3;1;4300030000003473;430003
6;06;2012;AT16;30;1;1;1;4300010000007697;430001
8;12;2010;AT24;250;0;2;1;4010010000002908;401001
8;07;2011;AT10;30;0;4;1;4100020000005305;410002
15;02;2010;AT01;105;0;5;1;4300020000003571;430002
5;09;2012;AT11;55;0;4;1;4300010000009531;430001
13;09;2012;AT23;10;0;3;1;4200040000002950;420004
13;04;2011;AT22;70;0;4;1;4010020000005887;401002
23;04;2012;AT04;300;0;2;1;4300060000006866;430006
6;09;2012;AT11;95;1;5;1;4300050000008830;430005
8;06;2010;AT18;450;0;4;1;4300010000005275;430001
29;03;2010;AT06;30;0;3;1;4200020000005730;420002
5;04;2010;AT15;145;0;3;1;4100020000004476;410002
8;11;2012;AT24;110;0;2;1;4300020000002145;430002
5;12;2010;AT18;35;1;3;1;4200030000005240;420003
13;09;2012;AT02;25;1;5;1;4100010000001100;410001
28;05;2012;AT25;30;0;2;1;4100030000003140;410003
3;07;2012;AT25;150;1;1;1;4010020000002740;401002
16;11;2010;AT17;175;0;4;1;4200040000007432;420004
3;07;2012;AT22;25;0;1;1;4100030000009417;410003
28;08;2011;AT03;500;0;2;1;4200040000007536;420004
21;05;2012;AT10;200;1;1;1;4100020000006433;410002
10;05;2012;AT22;65;1;2;1;4200020000008256;420002
24;10;2012;AT01;500;1;3;1;4200040000003372;420004
29;10;2011;AT20;105;1;2;1;4010020000009902;401002
26;03;2010;AT22;175;0;1;1;4010020000005686;401002
10;11;2012;AT25;500;1;2;1;4100020000004539;410002
14;08;2012;AT15;80;0;3;1;4300020000007774;430002
28;06;2010;AT13;250;1;4;1;4100010000006946;410001
9;11;2010;AT03;50;1;3;1;4300040000007838;430004
12;05;2011;AT11;95;1;3;1;4100020000003965;410002
29;04;2010;AT25;15;1;2;1;4300030000005818;430003
20;02;2011;AT20;30;0;1;1;4200030000002185;420003
6;10;2010;AT05;95;1;4;1;4200030000003918;420003
16;10;2010;AT21;25;1;1;1;4010010000006257;401001
7;04;2012;AT01;100;1;3;1;4100030000007413;410003
10;08;2010;AT08;85;1;3;1;4200030000003765;420003
14;05;2011;AT22;80;1;5;1;4200030000009638;420003
27;04;2011;AT19;500;0;1;1;4300020000009362;430002
3;05;2012;AT15;60;0;5;1;4100010000007584;410001
20;07;2011;AT03;90;1;2;1;4300010000002419;430001
8;06;2010;AT02;75;1;2;1;4100030000008690;410003
6;06;2010;AT24;145;1;4;1;4200020000001852;420002
4;05;2011;AT18;100;1;1;1;4300060000006850;430006
23;02;2010;AT17;30;1;4;1;4300040000001920;430004
15;11;2012;AT15;500;1;5;1;4300050000006408;430005
14;03;2011;AT15;300;0;5;1;4300010000009089;430001
2;09;2012;AT15;65;1;5;1;4200030000004506;420003
10;03;2011;AT24;100;1;1;1;4300050000008327;430005
19;07;2012;AT23;65;1;3;1;4200010000007556;420001
9;09;2010;AT18;35;0;5;1;4300060000005256;430006
6;01;2010;AT20;40;0;5;1;4300040000006720;430004
6;03;2012;AT08;95;1;5;1;4300010000005924;430001
11;10;2012;AT15;100;0;3;1;4100020000003911;410002
3;08;2010;AT10;135;0;5;1;4300030000002260;430003
15;10;2011;AT06;20;1;2;1;4100030000003740;410003
4;07;2012;AT21;145;0;3;1;4200030000008668;420003
28;02;2012;AT09;115;1;3;1;4010010000002995;401001
15;09;2011;AT04;100;0;2;1;4300040000008228;430004
5;03;2011;AT05;500;0;3;1;4300050000005247;430005
28;05;2011;AT08;200;0;2;1;4300060000006757;430006
5;05;2012;AT25;30;0;3;1;4100020000003612;410002
14;08;2011;AT14;110;0;2;1;4300040000005741;430004
9;10;2011;AT25;35;0;1;1;4200010000004311;420001
24;07;2010;AT16;85;0;1;1;4300040000001950;430004
28;02;2012;AT22;200;0;1;1;4300030000007375;430003
20;04;2012;AT16;200;0;4;1;4200020000009966;420002
10;06;2011;AT06;80;0;4;1;4200030000008320;420003
9;12;2010;AT01;95;1;3;1;4010020000001372;401002
30;11;2010;AT17;135;1;3;1;4100030000009642;410003
4;10;2011;AT04;110;1;4;1;4300040000008360;430004
21;06;2010;AT22;110;0;5;1;4300020000006113;430002
6;11;2012;AT25;80;0;1;1;4300040000004043;430004
26;04;2011;AT16;110;1;1;1;4300040000001024;430004
22;07;2012;AT04;120;0;3;1;4100020000009297;410002
13;08;2012;AT10;175;1;4;1;4300050000006543;430005
30;07;2011;AT18;300;1;3;1;4300050000003531;430005
29;03;2010;AT19;200;1;5;1;4300060000001144;430006
12;12;2012;AT24;10;0;1;1;4200020000005414;420002
21;01;2010;AT14;135;1;2;1;4100030000006850;410003
19;07;2012;AT12;65;1;2;1;4300060000004497;430006
2;07;2012;AT19;105;1;2;1;4010020000008523;401002
24;04;2011;AT22;300;0;1;1;4300040000009979;430004
5;09;2012;AT07;60;0;1;1;4200010000004874;420001
20;08;2010;AT11;10;0;3;1;4200030000001711;420003
19;01;2012;AT08;40;1;2;1;4200040000006541;420004
5;04;2012;AT08;100;0;2;1;4300010000002879;430001
23;10;2010;AT14;100;1;4;1;4200040000007266;420004
21;11;2011;AT13;125;1;1;1;4200010000007272;420001
14;06;2011;AT20;105;1;2;1;4100020000003113;410002
24;11;2012;AT08;175;1;4;1;4200020000008916;420002
23;10;2011;AT09;135;1;1;1;4300020000007233;430002
13;09;2010;AT17;375;0;1;1;4200040000006402;420004
10;06;2011;AT20;120;1;3;1;4200030000002948;420003
3;09;2010;AT21;70;1;4;1;4300040000007336;430004
9;11;2010;AT25;200;0;3;1;4010010000003661;401001
3;09;2011;AT04;70;0;5;1;4300010000005475;430001
28;02;2012;AT12;20;0;5;1;4200030000006052;420003
21;03;2011;AT25;35;1;4;1;4010010000009028;401001
8;07;2010;AT14;200;0;5;1;4200020000006838;420002
12;05;2010;AT14;30;0;4;1;4010020000006408;401002
4;02;2010;AT06;65;0;3;1;4200010000009676;420001
14;09;2012;AT20;375;0;2;1;4100010000002460;410001
12;05;2011;AT17;105;1;5;1;4700010000001955;470001
21;11;2010;AT03;75;1;4;1;4600020000004653;460002
5;12;2010;AT16;25;1;4;1;4700010000005417;470001
11;08;2010;AT25;105;1;3;1;4700010000007147;470001
7;07;2010;AT06;200;1;2;1;4700030000005988;470003
9;05;2010;AT08;135;1;5;1;4510020000007063;451002
12;07;2012;AT15;150;1;5;1;4510010000001911;451001
25;07;2010;AT21;175;1;5;1;4600010000009630;460001
27;02;2011;AT22;450;1;3;1;4500030000009948;450003
25;09;2010;AT10;95;1;1;1;4800030000006524;480003
17;04;2010;AT12;300;1;3;1;4500040000008882;450004
21;09;2011;AT25;70;1;3;1;4800020000009586;480002
12;09;2011;AT06;90;1;3;1;4800020000004879;480002
18;06;2012;AT15;125;1;5;1;4500030000005889;450003
16;09;2012;AT09;65;1;2;1;4700010000002669;470001
14;02;2010;AT11;50;1;5;1;4600020000001800;460002
8;06;2011;AT14;45;1;4;1;4700010000006231;470001
27;02;2010;AT11;5;1;3;1;4600010000003872;460001
20;03;2012;AT14;75;1;1;1;4800020000003096;480002
28;02;2010;AT07;40;1;2;1;4700010000005346;470001
25;01;2011;AT14;45;1;2;1;4700020000004848;470002
30;06;2010;AT25;95;1;5;1;4800030000005632;480003
18;10;2011;AT07;25;1;3;1;4700010000007144;470001
7;11;2010;AT14;75;1;2;1;4510020000007033;451002
22;07;2011;AT12;45;1;2;1;4800030000004589;480003
16;06;2011;AT04;145;1;5;1;4800010000008311;480001
15;01;2010;AT19;65;1;1;1;4500040000001934;450004
24;10;2010;AT05;40;1;3;1;4700020000008820;470002
28;02;2011;AT19;120;1;4;1;4800010000009732;480001
12;06;2012;AT23;135;1;1;1;4700010000007300;470001
16;07;2011;AT05;175;1;4;1;4600030000003312;460003
20;04;2012;AT08;500;1;3;1;4800040000001960;480004
24;04;2012;AT06;55;1;1;1;4700020000009287;470002
26;05;2010;AT11;45;1;4;1;4800020000003590;480002
7;11;2012;AT18;150;1;1;1;4500040000004771;450004
21;01;2011;AT03;120;1;1;1;4800020000002222;480002
19;06;2011;AT21;115;1;1;1;4700030000002327;470003
9;10;2012;AT15;20;1;2;1;4700040000003923;470004
16;01;2010;AT20;40;1;2;1;4800020000008577;480002
21;04;2010;AT15;40;1;1;1;4700030000007689;470003
26;10;2010;AT15;25;1;3;1;4510010000007354;451001
20;02;2012;AT18;30;1;5;1;4800020000001125;480002
16;08;2012;AT04;120;1;4;1;4600010000009203;460001
20;03;2010;AT25;120;1;5;1;4700040000007730;470004
13;10;2012;AT05;250;1;1;1;4600030000005439;460003
26;02;2011;AT16;5;1;2;1;4500030000005517;450003
5;02;2010;AT23;85;1;1;1;4600030000004499;460003
5;08;2012;AT11;10;1;4;1;4700020000007847;470002
12;05;2010;AT22;500;1;3;1;4700030000003527;470003
7;09;2011;AT13;85;1;3;1;4800040000008750;480004
19;10;2010;AT24;40;1;4;1;4510020000006030;451002
30;06;2010;AT25;110;1;1;1;4800020000006105;480002
22;10;2011;AT14;65;1;1;1;4800040000003576;480004
10;03;2010;AT20;45;1;5;1;4800040000002502;480004
19;04;2012;AT07;15;1;2;1;4600030000004793;460003
10;06;2010;AT18;55;1;1;1;4800010000008954;480001
26;12;2010;AT17;60;1;1;1;4600020000004112;460002
22;08;2012;AT06;450;1;1;1;4700030000006506;470003
16;09;2012;AT03;110;1;5;1;4600030000004614;460003
3;01;2012;AT24;110;1;3;1;4700010000008745;470001
10;10;2010;AT03;50;1;2;1;4600020000003640;460002
22;07;2011;AT11;95;1;2;1;4600010000006885;460001
11;10;2011;AT24;110;1;5;1;4510020000006951;451002
24;02;2010;AT25;55;1;2;1;4800020000006866;480002
21;07;2010;AT06;10;1;3;1;4700040000006356;470004
28;11;2010;AT22;90;1;5;1;4600010000004361;460001
23;08;2011;AT18;200;1;3;1;4800010000004757;480001
9;10;2011;AT07;15;1;4;1;4600030000008300;460003
8;07;2011;AT14;50;1;1;1;4510020000002609;451002
14;09;2012;AT02;105;1;1;1;4700030000007116;470003
15;04;2010;AT25;135;1;5;1;4700020000001001;470002
30;03;2010;AT05;120;1;3;1;4500030000003191;450003
26;04;2010;AT14;50;1;3;1;4510020000007643;451002
5;11;2011;AT09;65;1;3;1;4500030000001151;450003
24;09;2010;AT25;80;1;2;1;4600010000005593;460001
8;04;2012;AT01;100;1;4;1;4800020000005158;480002
5;04;2012;AT24;175;1;4;1;4600020000009877;460002
10;08;2012;AT24;65;1;3;1;4500040000006285;450004
17;02;2012;AT02;15;1;3;1;4510010000008308;451001
24;07;2011;AT04;250;1;5;1;4800030000003808;480003
25;07;2010;AT25;175;1;1;1;4700010000001972;470001
6;03;2011;AT24;375;1;4;1;4800020000005071;480002
27;05;2012;AT20;10;1;1;1;4800010000009824;480001
13;07;2011;AT15;30;1;2;1;4700010000005733;470001
22;02;2011;AT24;200;1;2;1;4700010000003815;470001
2;02;2010;AT15;75;1;5;1;4700030000002638;470003
13;06;2012;AT01;85;1;5;1;4700020000007863;470002
13;03;2011;AT08;135;1;1;1;4510010000003913;451001
24;04;2011;AT06;95;1;3;1;4600010000009556;460001
27;03;2012;AT20;100;1;1;1;4800020000001827;480002
22;01;2012;AT22;30;1;5;1;4500030000002476;450003
19;01;2012;AT01;150;1;1;1;4600030000007741;460003
3;10;2012;AT07;65;1;1;1;4800020000004847;480002
23;07;2011;AT11;70;1;2;1;4500040000008707;450004
7;03;2010;AT18;40;1;4;1;4700040000005153;470004
27;09;2011;AT07;135;1;4;1;4800020000001146;480002
10;03;2012;AT02;450;1;4;1;4500030000003498;450003
29;07;2011;AT25;55;1;5;1;4510020000001829;451002
23;04;2012;AT08;175;1;2;1;4510020000006124;451002
1;07;2012;AT21;70;1;1;1;4800040000001792;480004
6;05;2012;AT15;200;1;4;1;4500040000002988;450004
5;07;2012;AT07;145;1;2;1;4700010000008026;470001
28;10;2012;AT04;15;1;4;1;4600020000001361;460002
25;10;2012;AT02;115;1;5;1;4700040000003713;470004
14;05;2012;AT11;135;1;4;1;4510020000007349;451002
9;10;2012;AT02;150;1;4;1;4700010000001217;470001
31;01;2010;AT23;110;1;5;1;4700030000001172;470003
8;04;2010;AT23;100;1;5;1;4700010000005293;470001
28;07;2011;AT08;450;1;5;1;4500030000007828;450003
11;11;2010;AT02;90;1;5;1;4500030000008719;450003
24;03;2011;AT17;45;1;1;1;4600020000006244;460002
30;01;2010;AT19;95;1;2;1;4800030000001249;480003
24;02;2010;AT08;30;1;5;1;4600030000009320;460003
27;03;2010;AT05;15;1;4;1;4500040000005661;450004
13;04;2010;AT20;450;1;1;1;4800040000003331;480004
16;09;2012;AT15;95;1;4;1;4800040000007195;480004
11;02;2011;AT17;250;1;1;1;4700010000005999;470001
3;08;2011;AT02;120;1;3;1;4800030000003283;480003
14;10;2012;AT03;75;1;3;1;4800020000008570;480002
23;06;2010;AT19;250;1;3;1;4600010000004962;460001
25;02;2010;AT09;90;1;1;1;4700030000001220;470003
26;04;2012;AT01;5;1;1;1;4510010000007911;451001
28;09;2011;AT22;45;1;2;1;4500030000007479;450003
14;04;2012;AT16;65;1;4;1;4700040000004378;470004
13;11;2011;AT14;75;1;1;1;4800010000006785;480001
28;03;2011;AT22;85;1;5;1;4500040000008209;450004
4;08;2011;AT02;15;1;5;1;4500030000005380;450003
19;02;2012;AT20;60;1;3;1;4800040000003643;480004
18;10;2010;AT09;250;1;2;1;4600030000009311;460003
16;06;2011;AT01;300;1;3;1;4700030000008785;470003
30;08;2011;AT01;120;1;3;1;4700020000002734;470002
25;09;2012;AT06;110;1;5;1;4510020000004240;451002
8;04;2010;AT18;50;1;5;1;4700020000004699;470002
1;04;2011;AT18;500;1;1;1;4700020000003480;470002
8;02;2010;AT18;135;1;1;1;4500040000004484;450004
5;08;2010;AT10;100;1;1;1;4600020000008182;460002
25;02;2011;AT19;150;1;3;1;4800020000009843;480002
11;03;2011;AT09;375;1;2;1;4800010000006697;480001
10;05;2010;AT19;500;1;4;1;4700040000008589;470004
26;05;2011;AT13;10;1;2;1;4500030000008515;450003
10;06;2010;AT14;115;1;5;1;4510010000007171;451001
14;06;2011;AT06;175;1;3;1;4700040000004393;470004
28;07;2010;AT18;145;1;4;1;4800030000009311;480003
15;02;2010;AT15;450;1;4;1;4600010000003593;460001
28;01;2011;AT24;10;1;5;1;4600030000008528;460003
15;03;2012;AT06;145;1;3;1;4700020000002642;470002
20;10;2011;AT07;120;1;3;1;4800010000001539;480001
3;08;2010;AT19;100;1;4;1;4600030000004989;460003
9;05;2012;AT09;70;1;5;1;4800030000008798;480003
2;03;2012;AT23;10;1;2;1;4700040000009861;470004
4;06;2011;AT15;25;1;3;1;4800040000009852;480004
16;09;2010;AT02;10;1;5;1;4800010000007901;480001
20;06;2011;AT22;110;1;3;1;4500030000008030;450003
14;09;2011;AT04;135;1;3;1;4600010000008440;460001
5;04;2011;AT21;120;1;2;1;4500040000007268;450004
25;02;2012;AT10;500;1;5;1;4600010000009542;460001
6;10;2012;AT13;15;1;3;1;4700020000003050;470002
19;11;2011;AT06;105;1;1;1;4700010000002842;470001
17;04;2010;AT03;145;1;4;1;4800010000003213;480001
5;04;2011;AT07;500;1;2;1;4600030000005811;460003
3;05;2011;AT21;25;1;2;1;4700020000007435;470002
25;07;2011;AT22;70;1;1;1;4510010000004198;451001
1;11;2012;AT02;45;1;1;1;4800040000002781;480004
22;09;2012;AT25;135;1;4;1;4600030000002669;460003
10;08;2010;AT19;450;1;3;1;4700040000009394;470004
30;11;2010;AT22;15;1;3;1;4500030000006152;450003
23;01;2012;AT15;10;1;1;1;4600020000009905;460002
26;06;2010;AT07;200;1;3;1;4700030000001743;470003
26;03;2011;AT06;150;1;2;1;4600030000002261;460003
9;12;2011;AT05;450;1;1;1;4500030000004511;450003
27;08;2010;AT01;5;1;4;1;4600030000003031;460003
13;08;2010;AT06;200;1;2;1;4600020000004528;460002
7;05;2010;AT23;10;1;2;1;4600020000007559;460002
28;05;2012;AT07;35;1;2;1;4800040000009290;480004
27;10;2010;AT24;300;1;5;1;4700020000005192;470002
8;07;2011;AT22;500;1;3;1;4600010000003111;460001
11;10;2011;AT10;100;1;4;1;4800040000007038;480004
4;10;2012;AT23;30;1;2;1;4800040000009963;480004
13;09;2012;AT02;115;1;1;1;4510020000005238;451002
20;03;2012;AT13;85;1;2;1;4500040000008978;450004
17;08;2012;AT10;300;1;4;1;4800010000008112;480001
3;02;2010;AT10;60;1;2;1;4700020000003151;470002
4;07;2011;AT22;125;1;3;1;4700030000007858;470003
27;10;2011;AT15;10;1;4;1;4800020000002675;480002
15;12;2012;AT03;10;1;1;1;4500030000003042;450003
22;11;2010;AT22;450;1;5;1;4800020000008283;480002
19;04;2010;AT08;50;1;5;1;4600030000006769;460003
9;06;2012;AT14;135;1;2;1;4700010000008429;470001
13;10;2011;AT10;95;1;4;1;4600010000005414;460001
26;08;2011;AT15;75;1;4;1;4700030000002100;470003
15;02;2011;AT23;70;1;4;1;4700040000008121;470004
19;04;2010;AT11;55;1;2;1;4800040000001390;480004
2;04;2011;AT20;5;1;1;1;4800040000009336;480004
12;06;2012;AT17;90;1;3;1;4700010000006536;470001
15;07;2011;AT02;105;1;1;1;4510010000003281;451001
18;01;2012;AT15;70;1;4;1;4500040000005250;450004
25;04;2012;AT14;450;1;2;1;4800010000007678;480001
6;04;2010;AT13;55;1;5;1;4800020000009696;480002
16;10;2011;AT06;60;1;5;1;4700020000008040;470002
14;07;2010;AT24;450;1;2;1;4800030000009715;480003
4;09;2010;AT14;90;1;5;1;4510020000003123;451002
27;10;2010;AT13;375;1;2;1;4600030000009202;460003
28;04;2012;AT04;120;1;2;1;4800030000001449;480003
27;12;2010;AT12;500;1;5;1;4600010000009397;460001
8;05;2012;AT03;55;1;5;1;4700030000001959;470003
7;02;2011;AT18;45;1;3;1;4800010000001418;480001
20;11;2012;AT14;135;1;3;1;4800030000001115;480003
18;02;2010;AT12;45;1;1;1;4700030000009511;470003
24;11;2012;AT14;30;1;1;1;4800010000002991;480001
25;11;2010;AT03;25;1;1;1;4700040000005689;470004
4;08;2010;AT11;20;1;2;1;4800030000008309;480003
18;06;2012;AT20;125;1;2;1;4600030000001360;460003
16;01;2011;AT08;10;1;4;1;4800010000006598;480001
18;05;2012;AT03;200;1;3;1;4700020000005031;470002
16;10;2011;AT12;200;1;2;1;4800020000008908;480002
13;06;2012;AT15;120;1;2;1;4510010000006638;451001
10;07;2010;AT05;105;1;5;1;4700010000005603;470001
15;04;2010;AT14;5;1;1;1;4800010000004329;480001
8;12;2010;AT25;145;1;4;1;4510010000001790;451001
10;06;2012;AT17;300;1;4;1;4510020000004913;451002
9;03;2011;AT03;30;1;3;1;4500040000008511;450004
17;07;2010;AT06;5;1;3;1;4700020000007816;470002
22;05;2010;AT04;300;1;2;1;4600030000005910;460003
19;06;2012;AT24;20;1;1;1;4700020000001287;470002
5;08;2011;AT25;115;1;1;1;4800030000006472;480003
7;05;2012;AT20;95;1;3;1;4700030000006888;470003
20;06;2012;AT15;105;1;3;1;4800020000003101;480002
27;06;2010;AT04;5;1;1;1;4500040000002059;450004
28;06;2010;AT14;15;1;1;1;4800040000001871;480004
4;09;2011;AT10;75;1;5;1;4510010000008545;451001
1;11;2012;AT11;200;1;1;1;4800010000001703;480001
19;11;2011;AT07;120;1;2;1;4500030000004215;450003
24;05;2012;AT01;45;1;2;1;4700030000006489;470003
2;04;2012;AT20;125;1;5;1;4510010000008402;451001
9;02;2010;AT21;65;1;3;1;4510020000005665;451002
23;04;2011;AT21;125;1;2;1;4700010000003365;470001
17;04;2012;AT06;50;1;1;1;4700010000008154;470001
24;08;2011;AT04;35;1;3;1;4510010000006649;451001
27;01;2011;AT15;95;1;4;1;4510020000001051;451002
27;04;2010;AT04;30;1;4;1;4800030000007753;480003
12;04;2011;AT04;25;1;3;1;4800040000006982;480004
20;09;2010;AT23;5;1;3;1;4800030000003216;480003
7;05;2011;AT17;500;1;1;1;4700010000004204;470001
23;08;2012;AT17;120;1;2;1;4800040000009556;480004
4;05;2011;AT11;500;1;4;1;4700020000002373;470002
6;03;2012;AT11;145;1;3;1;4800030000008318;480003
9;11;2011;AT21;105;1;1;1;4510020000004957;451002
9;04;2012;AT22;150;1;5;1;4600010000003589;460001
29;09;2010;AT12;95;1;4;1;4700040000003140;470004
10;09;2011;AT06;175;1;4;1;4510010000003135;451001
9;07;2010;AT03;55;1;2;1;4500040000008162;450004
20;07;2010;AT16;50;1;1;1;4700010000001846;470001
14;10;2010;AT09;15;1;2;1;4600030000001249;460003
17;02;2011;AT19;25;1;3;1;4800040000007132;480004
12;11;2011;AT08;200;1;2;1;4800030000008231;480003
21;06;2012;AT11;10;1;5;1;4800030000005009;480003
27;03;2010;AT25;450;1;1;1;4510010000006503;451001
31;12;2011;AT24;15;1;1;1;4800020000004620;480002
14;03;2011;AT01;250;1;3;1;4510010000005000;451001
27;01;2010;AT05;200;1;2;1;4800030000001089;480003
11;11;2011;AT21;120;1;4;1;4700010000002333;470001
14;05;2010;AT19;95;1;4;1;4800030000008671;480003
10;02;2012;AT21;40;1;3;1;4700040000005498;470004
9;09;2010;AT10;80;1;4;1;4800010000006588;480001
25;02;2011;AT16;40;1;1;1;4500030000005361;450003
14;07;2012;AT19;80;1;3;1;4600010000007174;460001
23;04;2011;AT06;105;1;1;1;4600030000007397;460003
22;07;2010;AT08;65;1;1;1;4800010000006231;480001
7;11;2011;AT11;145;1;2;1;4700020000009264;470002
24;04;2012;AT22;90;1;5;1;4700020000003147;470002
19;07;2012;AT14;150;1;5;1;4510020000003277;451002
29;04;2010;AT04;95;1;2;1;4500040000006912;450004
8;09;2010;AT18;40;1;1;1;4700040000004692;470004
20;11;2011;AT13;175;1;5;1;4600010000003405;460001
11;03;2011;AT03;100;1;4;1;4600010000001982;460001
29;08;2010;AT15;45;1;3;1;4800030000007243;480003
31;08;2010;AT20;375;1;2;1;4500040000003561;450004
1;09;2010;AT12;135;1;1;1;4510020000009579;451002
19;02;2011;AT17;110;1;2;1;4600010000007338;460001
5;11;2011;AT08;100;1;5;1;4600030000007759;460003
17;12;2012;AT15;50;1;1;1;4510020000005503;451002
9;11;2010;AT01;90;1;2;1;4800020000002202;480002
3;12;2011;AT04;60;1;1;1;4500040000007776;450004
2;02;2012;AT11;375;1;2;1;4700040000004981;470004
22;03;2010;AT16;35;1;5;1;4700030000008530;470003
22;04;2010;AT05;50;1;3;1;4500040000004274;450004
19;10;2010;AT20;135;1;4;1;4800040000007133;480004
29;11;2011;AT25;5;1;2;1;4800010000003348;480001
12;08;2011;AT07;10;1;3;1;4600020000004663;460002
14;09;2011;AT12;15;1;3;1;4800030000003332;480003
19;12;2011;AT20;120;1;4;1;4800040000006558;480004
5;08;2010;AT13;10;1;4;1;4510010000006601;451001
12;02;2010;AT18;40;1;1;1;4600020000007530;460002
10;06;2011;AT11;200;1;4;1;4600010000009684;460001
5;09;2011;AT18;110;1;1;1;4600020000004082;460002
24;12;2012;AT21;5;1;1;1;4800010000003505;480001
3;03;2011;AT18;145;1;1;1;4600020000004813;460002
17;05;2011;AT07;75;1;4;1;4700030000004590;470003
6;09;2010;AT21;250;1;3;1;4510010000008804;451001
25;10;2011;AT05;115;1;1;1;4700020000001021;470002
11;04;2012;AT13;100;1;3;1;4700030000009756;470003
25;02;2011;AT01;25;1;5;1;4800030000001472;480003
12;06;2012;AT22;125;1;2;1;4500040000004909;450004
29;06;2011;AT20;105;1;3;1;4700030000006386;470003
15;09;2010;AT24;375;1;5;1;4700040000009321;470004
25;05;2011;AT02;50;1;5;1;4600030000001791;460003
13;03;2012;AT20;75;1;4;1;4700010000001679;470001
28;06;2012;AT08;120;1;4;1;4600010000001012;460001
26;07;2012;AT18;100;1;2;1;4600020000006086;460002
16;09;2010;AT11;25;1;2;1;4600030000005801;460003
28;02;2010;AT16;30;1;3;1;4510010000009496;451001
17;06;2011;AT05;40;1;1;1;4600010000006932;460001
15;03;2010;AT19;80;1;5;1;4800010000009003;480001
28;02;2012;AT02;110;1;5;1;4700020000002890;470002
26;01;2010;AT15;110;1;4;1;4600020000002996;460002
27;05;2010;AT04;100;1;1;1;4800030000002700;480003
30;11;2010;AT11;375;1;3;1;4600010000001134;460001
16;09;2010;AT20;65;1;5;1;4510010000007495;451001
3;07;2011;AT15;135;1;3;1;4700040000001967;470004
14;06;2012;AT08;135;1;2;1;4800040000001315;480004
1;07;2012;AT18;60;1;3;1;4800010000001104;480001
16;09;2010;AT24;55;1;3;1;4500030000009427;450003
29;04;2011;AT06;80;1;3;1;4800020000002294;480002
19;01;2010;AT06;80;1;5;1;4500030000007832;450003
13;04;2012;AT16;150;1;5;1;4500030000009552;450003
29;04;2010;AT01;145;1;2;1;4600030000002495;460003
16;09;2010;AT02;450;1;4;1;4800010000004647;480001
20;09;2012;AT02;10;1;5;1;4510020000001120;451002
28;02;2012;AT18;450;1;1;1;4600020000008585;460002
17;09;2011;AT08;15;1;2;1;4700030000003648;470003
20;06;2011;AT11;10;1;3;1;4600030000008862;460003
6;02;2010;AT19;10;1;3;1;4700010000003156;470001
20;03;2012;AT17;70;1;3;1;4700020000009405;470002
18;10;2011;AT20;10;1;2;1;4800030000008079;480003
4;09;2012;AT25;90;1;4;1;4600020000006017;460002
17;07;2012;AT09;65;1;4;1;4600010000007136;460001
12;04;2012;AT04;25;1;3;1;4600030000003156;460003
10;04;2011;AT20;175;1;1;1;4600020000002975;460002
13;08;2011;AT09;175;1;4;1;4510020000007684;451002
6;04;2010;AT03;250;1;1;1;4800020000005326;480002
15;06;2012;AT16;90;1;3;1;4700010000003670;470001
5;01;2011;AT21;95;1;1;1;4800010000001354;480001
11;04;2011;AT20;375;1;4;1;4800040000004147;480004
28;03;2010;AT17;115;1;1;1;4600020000001380;460002
8;06;2011;AT14;200;1;1;1;4800030000002557;480003
16;04;2012;AT15;25;1;1;1;4510010000001517;451001
29;05;2012;AT19;55;1;2;1;4600010000006671;460001
11;11;2011;AT07;200;1;4;1;4800010000003055;480001
26;02;2012;AT17;80;1;3;1;4700030000009186;470003
30;07;2010;AT08;115;1;1;1;4700040000006673;470004
18;11;2012;AT24;50;1;1;1;4600030000009200;460003
14;03;2010;AT25;150;1;4;1;4600030000007269;460003
7;10;2010;AT10;250;1;2;1;4800040000007112;480004
9;04;2010;AT07;145;1;1;1;4510020000002685;451002
15;11;2011;AT11;120;1;3;1;4600030000003322;460003
9;06;2011;AT13;45;1;4;1;4510010000006189;451001
4;06;2011;AT20;375;1;3;1;4800020000005724;480002
8;10;2011;AT14;300;1;1;1;4800020000001914;480002
25;04;2011;AT03;20;1;1;1;4800030000007468;480003
9;05;2011;AT18;85;1;3;1;4600030000005741;460003
19;11;2010;AT16;35;1;3;1;4800040000002059;480004
11;05;2012;AT18;5;1;2;1;4700020000005642;470002
4;05;2012;AT17;40;1;2;1;4700030000005672;470003
20;07;2010;AT23;30;1;1;1;4800020000006867;480002
12;11;2010;AT21;250;1;1;1;4800020000009615;480002
10;08;2010;AT15;40;1;4;1;4600030000002184;460003
24;01;2010;AT24;60;1;5;1;4800020000005473;480002
6;08;2011;AT25;135;1;5;1;4800040000003712;480004
10;09;2010;AT12;5;1;1;1;4600010000007658;460001
12;10;2010;AT16;25;1;1;1;4510020000008746;451002
10;09;2012;AT14;80;1;3;1;4700040000002398;470004
1;08;2012;AT20;10;1;3;1;4600010000002968;460001
8;08;2011;AT10;55;1;3;1;4600020000005350;460002
22;04;2012;AT16;90;1;1;1;4800020000005120;480002
6;11;2011;AT07;35;1;2;1;4500040000007682;450004
15;08;2010;AT12;65;1;1;1;4600030000003348;460003
14;04;2011;AT06;95;1;5;1;4700030000008718;470003
24;03;2011;AT18;200;1;4;1;4800020000004489;480002
4;07;2010;AT09;95;1;1;1;4800030000005684;480003
16;01;2012;AT07;375;1;3;1;4600020000001621;460002
17;03;2011;AT07;175;1;2;1;4500040000003521;450004
28;06;2010;AT18;200;1;3;1;4700030000002734;470003
25;04;2010;AT11;500;1;2;1;4700040000006358;470004
17;04;2010;AT11;90;1;4;1;4800010000009711;480001
19;03;2012;AT19;450;1;5;1;4500040000005692;450004
24;05;2010;AT02;100;1;1;1;4510010000002771;451001
2;10;2011;AT12;100;1;1;1;4600010000004834;460001
14;08;2011;AT10;75;1;5;1;4500030000002056;450003
12;08;2011;AT15;300;1;5;1;4700010000001925;470001
5;10;2010;AT20;70;1;4;1;4700040000006161;470004
15;08;2011;AT03;55;1;4;1;4600030000007697;460003
26;02;2011;AT17;450;1;1;1;4800030000002824;480003
27;05;2010;AT06;50;1;2;1;4500030000006322;450003
15;03;2011;AT14;100;1;5;1;4800020000009628;480002
13;01;2012;AT11;175;1;2;1;4600020000002445;460002
23;03;2012;AT18;85;1;2;1;4700010000008691;470001
20;04;2011;AT20;5;1;2;1;4510010000006419;451001
12;10;2010;AT24;145;1;5;1;4700040000006855;470004
29;09;2012;AT16;300;1;1;1;4600010000001064;460001
8;08;2010;AT20;375;1;3;1;4600030000003633;460003
21;08;2011;AT18;110;1;3;1;4510010000001593;451001
6;11;2011;AT21;35;1;1;1;4800040000005508;480004
7;05;2011;AT13;300;1;4;1;4600030000007173;460003
3;09;2012;AT01;500;1;1;1;4510010000001412;451001
22;07;2011;AT16;500;1;4;1;4800030000005081;480003
26;03;2010;AT22;110;1;2;1;4500040000009072;450004
28;02;2011;AT11;90;1;2;1;4800010000007036;480001
22;05;2010;AT23;110;1;1;1;4510010000003786;451001
10;08;2010;AT08;375;1;3;1;4700010000004334;470001
18;04;2010;AT02;375;1;2;1;4600020000002503;460002
23;07;2012;AT20;300;1;4;1;4800040000001656;480004
30;11;2012;AT06;500;1;2;1;4700010000003125;470001
30;09;2011;AT02;120;1;5;1;4700030000009387;470003
18;09;2012;AT24;25;1;2;1;4500040000006059;450004
14;04;2011;AT22;15;1;2;1;4600020000008109;460002
6;03;2012;AT13;150;1;5;1;4510010000009620;451001
7;10;2010;AT21;35;1;5;1;4800030000006527;480003
20;05;2011;AT21;110;1;5;1;4800010000007123;480001
4;11;2011;AT23;55;1;3;1;4800010000007465;480001
16;09;2010;AT20;10;1;2;1;4800030000009486;480003
17;06;2010;AT08;120;1;1;1;4800010000006868;480001
27;04;2011;AT20;30;1;4;1;4700010000004593;470001
18;09;2012;AT22;125;1;5;1;4700030000006112;470003
8;02;2010;AT09;95;1;5;1;4800040000007264;480004
28;12;2012;AT20;50;1;2;1;4700030000007761;470003
30;07;2012;AT02;450;1;5;1;4800040000006046;480004
8;09;2011;AT08;115;1;1;1;4600010000002968;460001
13;11;2011;AT10;120;1;5;1;4800040000008964;480004
9;09;2010;AT20;120;1;5;1;4500030000006779;450003
22;10;2011;AT09;35;1;4;1;4700040000008534;470004
30;10;2011;AT02;115;1;4;1;4600010000006028;460001
10;08;2011;AT08;145;1;1;1;4600030000006646;460003
9;02;2011;AT15;175;1;1;1;4700010000006727;470001
24;10;2012;AT23;95;1;5;1;4700010000003020;470001
26;02;2012;AT17;145;1;2;1;4510010000004048;451001
17;04;2012;AT02;105;1;5;1;4600020000004240;460002
7;03;2011;AT07;30;1;4;1;4800030000003356;480003
14;07;2011;AT11;110;1;1;1;4500030000008917;450003
30;09;2010;AT19;135;1;3;1;4700030000008508;470003
11;02;2012;AT23;30;1;3;1;4600010000009177;460001
27;04;2012;AT20;25;1;4;1;4700040000006494;470004
6;11;2012;AT06;200;1;2;1;4800010000009981;480001
29;10;2011;AT10;150;1;2;1;4700020000001114;470002
3;07;2010;AT14;375;1;1;1;4800010000009006;480001
6;10;2011;AT22;175;1;5;1;4800020000004095;480002
6;07;2010;AT09;175;1;4;1;4500030000001532;450003
15;03;2011;AT22;50;1;2;1;4700030000006536;470003
29;04;2012;AT06;200;1;4;1;4600010000006801;460001
14;03;2012;AT20;45;1;4;1;4500040000009717;450004
24;11;2012;AT09;200;1;2;1;4800020000006850;480002
12;12;2011;AT21;150;1;4;1;4510010000002197;451001
17;03;2010;AT21;20;1;4;1;4800030000005141;480003
16;01;2011;AT25;500;1;3;1;4700020000004455;470002
2;11;2011;AT07;70;1;2;1;4600030000002065;460003
29;11;2011;AT22;100;1;4;1;4600010000009944;460001
18;04;2012;AT14;40;1;4;1;4700020000008275;470002
4;11;2010;AT16;120;1;4;1;4800030000004289;480003
20;12;2012;AT22;5;1;3;1;4510020000001791;451002
4;08;2012;AT12;250;1;4;1;4500040000008973;450004
5;09;2012;AT23;145;1;1;1;4700030000005830;470003
18;06;2012;AT09;15;1;1;1;4800010000006032;480001
13;02;2011;AT19;200;1;4;1;4800030000005350;480003
20;09;2010;AT15;70;1;4;1;4500040000001440;450004
1;06;2012;AT17;55;1;3;1;4800040000001002;480004
23;01;2010;AT08;135;1;3;1;4800020000003851;480002
24;06;2011;AT07;10;1;2;1;4700010000005123;470001
24;12;2010;AT11;135;1;1;1;4600030000004161;460003
9;04;2011;AT24;90;1;1;1;4800010000001133;480001
11;09;2010;AT20;150;1;2;1;4600010000008856;460001
30;08;2012;AT15;125;1;1;1;4500040000002078;450004
14;09;2010;AT12;120;1;3;1;4500030000007040;450003
8;05;2012;AT20;45;1;4;1;4500030000001713;450003
27;06;2011;AT06;120;1;2;1;4600020000008913;460002
30;11;2010;AT20;25;1;1;1;4700040000005634;470004
30;10;2010;AT17;300;1;2;1;4800030000002963;480003
25;05;2011;AT19;60;1;1;1;4500040000003938;450004
24;10;2010;AT10;250;1;2;1;4700010000002104;470001
3;02;2012;AT11;90;1;3;1;4800040000007860;480004
26;06;2012;AT06;60;1;2;1;4510020000003738;451002
22;07;2010;AT09;45;1;2;1;4600010000005858;460001
23;06;2011;AT22;20;1;1;1;4600030000001954;460003
24;11;2010;AT14;30;1;3;1;4700040000001043;470004
6;10;2012;AT12;5;1;1;1;4600030000008149;460003
13;04;2011;AT24;65;1;1;1;4700030000002176;470003
15;07;2012;AT19;5;1;2;1;4600010000001303;460001
13;05;2012;AT09;35;1;1;1;4800020000009105;480002
24;10;2011;AT22;50;1;3;1;4800010000008445;480001
22;07;2011;AT06;125;1;2;1;4700040000006809;470004
26;06;2011;AT12;250;1;3;1;4510010000004862;451001
30;07;2010;AT20;15;1;3;1;4800010000008109;480001
27;11;2010;AT24;20;1;4;1;4700040000006282;470004
24;06;2011;AT07;125;1;1;1;4800030000005692;480003
15;11;2011;AT20;200;1;3;1;4600030000001614;460003
23;02;2010;AT07;85;1;3;1;4700030000008730;470003
25;03;2012;AT11;5;1;4;1;4800040000007216;480004
4;07;2010;AT01;105;1;2;1;4500030000004593;450003
1;09;2010;AT06;80;1;4;1;4600010000008624;460001
28;07;2010;AT21;100;1;4;1;4500030000005359;450003
19;11;2010;AT05;25;1;3;1;4700010000007224;470001
30;10;2011;AT06;10;1;2;1;4510010000002184;451001
8;06;2011;AT08;95;1;3;1;4800030000006681;480003
11;06;2011;AT20;125;1;5;1;4500030000001231;450003
7;07;2012;AT19;85;1;2;1;4800040000008904;480004
10;07;2012;AT25;100;1;5;1;4500040000009352;450004
15;10;2011;AT24;90;1;1;1;4800030000003226;480003
9;08;2012;AT08;110;1;2;1;4800040000001319;480004
12;03;2011;AT16;200;1;3;1;4800010000002054;480001
12;10;2011;AT12;70;1;1;1;4700010000004075;470001
13;05;2010;AT22;95;1;1;1;4510020000009587;451002
5;05;2010;AT01;30;1;1;1;4500030000005514;450003
3;05;2012;AT19;80;1;5;1;4600020000005226;460002
11;07;2010;AT09;50;1;3;1;4500040000009037;450004
30;08;2010;AT03;150;1;4;1;4600010000002009;460001
18;07;2012;AT21;145;1;5;1;4600030000005133;460003
28;02;2011;AT05;50;1;2;1;4510010000001247;451001
13;05;2011;AT02;500;1;4;1;4800030000001692;480003
22;10;2011;AT16;450;1;3;1;4800020000003713;480002
6;07;2012;AT22;30;1;5;1;4700020000002703;470002
4;09;2012;AT03;375;1;4;1;4510020000005456;451002
20;10;2010;AT22;30;1;3;1;4700030000004734;470003
6;06;2011;AT10;55;1;4;1;4500040000004425;450004
24;09;2010;AT05;120;1;4;1;4510020000002302;451002
28;01;2010;AT06;300;1;5;1;4800040000008027;480004
20;06;2012;AT03;100;1;5;1;4700030000008276;470003
21;10;2011;AT05;80;1;1;1;4800030000002945;480003
23;09;2010;AT11;200;1;4;1;4700040000006211;470004
21;12;2012;AT01;80;1;3;1;4700020000009404;470002
20;03;2011;AT01;75;1;1;1;4500040000005052;450004
4;04;2011;AT19;50;1;4;1;4700040000005590;470004
9;09;2010;AT25;70;1;1;1;4800010000009002;480001
29;05;2012;AT15;120;1;5;1;4600020000005409;460002
12;01;2012;AT18;95;1;1;1;4510010000001992;451001
2;09;2010;AT07;125;1;4;1;4500040000008904;450004
15;09;2010;AT06;175;1;3;1;4600010000005646;460001
13;04;2011;AT25;90;1;1;1;4800010000006467;480001
23;05;2010;AT10;200;1;1;1;4510010000009944;451001
15;10;2012;AT05;5;1;2;1;4700040000004222;470004
20;12;2010;AT05;10;1;3;1;4800030000002276;480003
5;05;2012;AT10;45;1;5;1;4600020000008513;460002
20;09;2010;AT15;200;1;5;1;4500040000004763;450004
20;04;2010;AT11;500;1;2;1;4600020000009517;460002
17;01;2011;AT17;125;1;5;1;4600010000006938;460001
6;09;2012;AT05;75;1;1;1;4800030000002438;480003
18;07;2011;AT22;115;1;1;1;4800010000007365;480001
21;01;2011;AT12;75;1;3;1;4800010000009886;480001
20;04;2011;AT14;70;1;4;1;4800040000006083;480004
13;10;2012;AT08;300;1;5;1;4700030000009112;470003
20;11;2011;AT11;70;1;4;1;4600010000003125;460001
4;02;2010;AT05;50;1;3;1;4800040000009675;480004
24;09;2012;AT17;450;1;5;1;4700030000007043;470003
28;02;2011;AT07;85;1;4;1;4500030000005919;450003
22;03;2010;AT15;85;1;5;1;4600010000007227;460001
16;04;2010;AT11;25;1;3;1;4510010000004800;451001
13;02;2011;AT16;60;1;5;1;4800040000005452;480004
21;05;2010;AT14;125;1;3;1;4500030000009177;450003
3;04;2011;AT05;60;1;4;1;4500040000008940;450004
2;11;2012;AT15;125;1;3;1;4500030000001727;450003
15;05;2011;AT11;135;1;2;1;4700040000006321;470004
6;02;2012;AT15;10;1;5;1;4510010000004449;451001
5;10;2011;AT16;75;1;3;1;4800010000008052;480001
25;06;2010;AT02;450;1;2;1;4600020000007422;460002
5;09;2011;AT17;500;1;4;1;4700020000003413;470002
18;10;2010;AT11;150;1;1;1;4510020000009275;451002
4;04;2011;AT17;150;1;1;1;4800010000002028;480001
26;05;2012;AT10;30;1;5;1;4500040000003902;450004
6;08;2012;AT24;200;1;1;1;4600010000002463;460001
4;03;2010;AT14;375;1;4;1;4600010000009639;460001
10;05;2010;AT22;35;1;4;1;4800020000004844;480002
6;05;2011;AT15;100;1;4;1;4700010000002861;470001
10;03;2011;AT07;25;1;2;1;4500040000006038;450004
23;10;2011;AT12;30;1;2;1;4600010000001321;460001
11;11;2012;AT05;65;1;5;1;4500030000007803;450003
2;07;2010;AT20;40;1;3;1;4800010000008252;480001
6;12;2012;AT03;15;1;5;1;4500040000009572;450004
12;08;2012;AT23;15;1;1;1;4600020000007803;460002
18;02;2011;AT11;80;1;4;1;4500040000004804;450004
24;03;2012;AT18;95;1;4;1;4510010000005510;451001
21;05;2012;AT16;135;1;3;1;4600020000007810;460002
12;10;2011;AT13;500;1;1;1;4500040000007243;450004
26;10;2010;AT21;60;1;3;1;4700030000005185;470003
23;09;2011;AT08;5;1;5;1;4800010000001154;480001
30;10;2012;AT23;70;1;5;1;4500040000006464;450004
24;12;2010;AT10;100;1;1;1;4800010000009476;480001
3;06;2012;AT24;150;1;3;1;4800030000006353;480003
26;10;2012;AT01;175;1;5;1;4500030000009334;450003
17;03;2012;AT11;145;1;3;1;4800010000005756;480001
15;11;2011;AT25;250;1;5;1;4600010000004799;460001
15;05;2012;AT24;100;1;1;1;4510010000003259;451001
9;06;2010;AT24;375;1;4;1;4510010000005757;451001
6;05;2012;AT20;125;1;3;1;4800020000001087;480002
25;04;2011;AT20;110;1;1;1;4500030000007147;450003
1;08;2010;AT13;175;1;1;1;4800040000009967;480004
22;11;2012;AT19;40;1;3;1;4800030000006240;480003
22;03;2010;AT13;300;1;3;1;4500030000002448;450003
18;11;2011;AT22;35;1;3;1;4510010000005480;451001
11;10;2012;AT23;55;1;4;1;4700020000001621;470002
11;03;2010;AT24;25;1;4;1;4500030000004357;450003
27;09;2012;AT20;10;1;4;1;4800020000003841;480002
8;07;2010;AT04;10;1;1;1;4800020000002674;480002
10;04;2011;AT02;45;1;2;1;4800040000007674;480004
7;07;2011;AT12;150;1;1;1;4800040000001136;480004
1;09;2011;AT04;30;1;5;1;4800020000006144;480002
15;10;2011;AT18;300;1;3;1;4800020000008955;480002
29;09;2011;AT01;20;1;5;1;4700040000004360;470004
19;05;2010;AT24;105;1;3;1;4700030000001742;470003
22;02;2010;AT03;65;1;5;1;4700010000007523;470001
21;10;2011;AT11;60;1;2;1;4700010000002813;470001
14;05;2010;AT05;125;1;1;1;4510020000002526;451002
14;02;2011;AT04;200;1;5;1;4700040000005538;470004
25;10;2010;AT18;125;1;5;1;4600020000006204;460002
16;05;2010;AT20;65;1;3;1;4510020000006242;451002
9;07;2010;AT13;500;1;4;1;4800040000009948;480004
4;03;2010;AT05;250;1;5;1;4600020000002292;460002
13;03;2010;AT05;175;1;2;1;4600010000006673;460001
12;01;2011;AT25;60;1;1;1;4510010000006604;451001
28;06;2012;AT04;90;1;3;1;4700010000008590;470001
2;03;2010;AT11;60;1;1;1;4500030000006107;450003
3;04;2012;AT19;500;1;4;1;4600010000004145;460001
12;08;2012;AT21;250;1;2;1;4510010000002665;451001
24;03;2012;AT18;50;1;3;1;4700020000005559;470002
7;06;2011;AT11;450;1;1;1;4700040000003064;470004
18;11;2011;AT21;85;1;4;1;4800020000009294;480002
13;11;2011;AT20;450;1;4;1;4700010000003589;470001
16;10;2012;AT22;90;1;3;1;4700030000002134;470003
24;07;2010;AT12;105;1;2;1;4700020000007691;470002
4;11;2010;AT02;30;1;3;1;4800020000008602;480002
27;10;2011;AT24;175;1;4;1;4800020000004680;480002
11;02;2011;AT20;85;1;5;1;4500030000009727;450003
12;12;2011;AT11;80;1;3;1;4800030000008076;480003
24;01;2012;AT19;15;1;3;1;4510010000008220;451001
1;08;2012;AT12;90;1;2;1;4500030000001368;450003
14;02;2011;AT19;5;1;5;1;4700040000001830;470004
28;08;2011;AT03;200;1;4;1;4510010000005844;451001
5;11;2010;AT06;15;1;3;1;4700040000005179;470004
24;08;2011;AT18;175;1;4;1;4600030000008938;460003
15;10;2012;AT18;30;1;4;1;4500040000002383;450004
2;11;2012;AT22;175;1;3;1;4700030000002308;470003
29;10;2010;AT25;15;1;4;1;4700030000005065;470003
29;03;2010;AT14;80;1;5;1;4510010000002480;451001
19;02;2010;AT24;5;1;1;1;4510020000004312;451002
5;08;2012;AT24;45;1;3;1;4800040000009753;480004
24;11;2010;AT21;80;1;3;1;4800020000003365;480002
6;10;2011;AT14;25;1;3;1;4600010000007812;460001
26;04;2012;AT16;45;1;4;1;4500040000009328;450004
5;08;2010;AT16;145;1;3;1;4500040000004037;450004
19;07;2010;AT04;20;1;4;1;4700020000004345;470002
22;02;2011;AT19;200;1;4;1;4700010000001326;470001
8;08;2010;AT04;250;1;2;1;4800030000002549;480003
26;06;2011;AT20;85;1;4;1;4500030000007124;450003
25;03;2010;AT11;450;1;4;1;4500040000005826;450004
28;03;2011;AT24;15;1;4;1;4510020000001046;451002
6;09;2011;AT01;120;1;2;1;4800030000001479;480003
9;12;2010;AT19;5;1;2;1;4800010000002013;480001
7;02;2010;AT05;125;1;1;1;4800030000004942;480003
5;02;2012;AT01;65;1;3;1;4700030000002861;470003
22;09;2012;AT07;40;1;1;1;4800030000001253;480003
14;09;2011;AT15;250;1;5;1;4700010000006179;470001
25;10;2010;AT22;25;1;1;1;4700040000002137;470004
21;11;2010;AT10;25;1;4;1;4510020000008077;451002
21;04;2010;AT16;105;1;1;1;4500030000008637;450003
15;02;2011;AT10;10;1;3;1;4800030000001454;480003
28;11;2011;AT07;120;1;3;1;4700030000004851;470003
29;07;2011;AT14;110;1;4;1;4800040000009059;480004
10;11;2012;AT03;135;1;2;1;4800030000006012;480003
17;06;2011;AT04;110;1;2;1;4510010000006770;451001
9;06;2012;AT12;145;1;5;1;4500040000004082;450004
1;08;2010;AT15;75;1;2;1;4510010000001598;451001
4;10;2011;AT02;135;1;1;1;4600020000001960;460002
4;06;2012;AT22;200;1;3;1;4800020000009138;480002
18;06;2011;AT14;125;1;5;1;4700010000008797;470001
11;07;2012;AT02;70;1;3;1;4800040000001103;480004
5;10;2012;AT06;105;1;2;1;4500030000008134;450003
30;01;2011;AT11;60;1;5;1;4800020000005933;480002
10;01;2012;AT25;55;1;4;1;4500040000007606;450004
30;10;2011;AT03;105;1;1;1;4700010000007844;470001
23;02;2010;AT05;375;1;5;1;4800010000003401;480001
24;02;2010;AT14;25;1;5;1;4700030000004727;470003
12;11;2010;AT20;105;1;5;1;4700040000002752;470004
9;08;2012;AT16;450;1;4;1;4510010000001413;451001
13;03;2012;AT11;90;1;4;1;4700030000003030;470003
21;03;2010;AT08;80;1;4;1;4500040000006478;450004
3;07;2011;AT23;65;1;5;1;4800030000001546;480003
13;08;2011;AT24;125;1;1;1;4700030000003218;470003
23;09;2011;AT18;200;1;5;1;4800020000008129;480002
10;09;2011;AT17;110;1;3;1;4800030000009815;480003
9;04;2012;AT15;115;1;2;1;4510010000005309;451001
26;01;2012;AT12;120;1;3;1;4700020000006224;470002
17;02;2010;AT14;80;1;5;1;4800040000004320;480004
6;01;2010;AT25;105;1;5;1;4700020000003191;470002
27;08;2012;AT20;70;1;4;1;4700040000003091;470004
25;06;2010;AT13;115;1;5;1;4510020000006133;451002
21;07;2010;AT18;135;1;2;1;4700030000006769;470003
20;05;2010;AT21;105;1;5;1;4800040000007423;480004
27;06;2011;AT03;50;1;3;1;4700040000002546;470004
2;02;2011;AT18;120;1;5;1;4600010000003492;460001
8;04;2010;AT07;300;1;5;1;4500040000009349;450004
26;11;2011;AT16;85;1;5;1;4600020000008258;460002
7;03;2012;AT10;110;1;1;1;4510010000003730;451001
15;07;2010;AT02;55;1;3;1;4510020000006370;451002
22;11;2010;AT16;300;1;3;1;4700040000006983;470004
6;06;2010;AT18;175;1;3;1;4510010000008946;451001
18;05;2011;AT13;60;1;4;1;4600030000003650;460003
28;05;2011;AT22;85;1;3;1;4800030000006198;480003
10;10;2011;AT23;65;1;1;1;4700020000001586;470002
18;11;2011;AT02;15;1;3;1;4600030000005430;460003
2;05;2010;AT18;250;1;1;1;4800020000009876;480002
13;10;2010;AT24;145;1;5;1;4600030000005452;460003
11;05;2011;AT03;145;1;4;1;4700020000005335;470002
2;04;2010;AT05;10;1;5;1;4700020000003662;470002
24;04;2010;AT22;175;1;3;1;4510010000001799;451001
21;06;2012;AT02;70;1;5;1;4800030000008155;480003
3;08;2012;AT05;30;1;5;1;4800030000005652;480003
16;09;2010;AT07;55;1;2;1;4800040000009250;480004
4;06;2011;AT20;90;1;2;1;4600030000007969;460003
30;04;2010;AT23;85;1;3;1;4700030000005017;470003
2;07;2012;AT14;25;1;1;1;4600010000004626;460001
26;07;2010;AT17;35;1;5;1;4510010000004384;451001
18;10;2012;AT10;100;1;4;1;4700030000007124;470003
1;03;2011;AT08;75;1;4;1;4500030000009612;450003
2;05;2012;AT12;500;1;1;1;4800020000006654;480002
24;10;2010;AT19;70;1;3;1;4600030000002175;460003
4;09;2010;AT03;80;1;4;1;4510020000002603;451002
30;08;2012;AT23;95;1;3;1;4600020000007941;460002
7;05;2010;AT24;15;1;2;1;4800010000006301;480001
4;09;2011;AT17;500;1;4;1;4510010000006015;451001
22;05;2012;AT04;250;1;3;1;4800030000009913;480003
16;09;2012;AT16;145;1;4;1;4800030000001992;480003
27;06;2012;AT01;60;1;4;1;4500040000003293;450004
19;07;2011;AT25;75;1;3;1;4510020000007297;451002
5;05;2010;AT21;35;1;4;1;4500030000007881;450003
3;02;2011;AT25;150;1;1;1;4510010000007193;451001
18;06;2010;AT08;120;1;5;1;4800030000006925;480003
11;03;2011;AT04;25;1;5;1;4700030000002645;470003
19;06;2012;AT18;95;1;3;1;4510010000003693;451001
4;11;2010;AT21;250;1;4;1;4700030000006705;470003
22;04;2010;AT17;30;1;4;1;4700020000002358;470002
3;01;2012;AT15;65;1;2;1;4800040000005477;480004
4;11;2012;AT14;25;1;5;1;4600010000008853;460001
14;04;2010;AT12;95;1;3;1;4510020000001645;451002
7;06;2010;AT11;110;1;3;1;4510010000003364;451001
21;09;2012;AT14;95;1;5;1;4500040000002135;450004
15;03;2012;AT05;55;1;5;1;4500030000009244;450003
3;02;2010;AT20;90;1;2;1;4600010000003638;460001
9;02;2012;AT07;35;1;5;1;4500030000007880;450003
29;12;2012;AT20;65;1;2;1;4700040000006479;470004
5;03;2011;AT06;55;1;3;1;4800010000001277;480001
25;06;2011;AT23;450;1;4;1;4510010000001610;451001
14;06;2012;AT21;5;1;5;1;4500040000009747;450004
23;05;2012;AT04;50;1;1;1;4800030000005420;480003
22;07;2010;AT14;175;1;4;1;4700040000008718;470004
18;08;2011;AT23;50;1;5;1;4800040000003986;480004
30;11;2012;AT11;70;1;2;1;4700020000003652;470002
23;11;2010;AT17;115;1;3;1;4500030000004753;450003
17;11;2010;AT23;110;1;4;1;4500040000004311;450004
3;09;2012;AT18;20;1;2;1;4510010000008227;451001
27;10;2010;AT24;55;1;4;1;4700010000006569;470001
4;08;2011;AT15;145;1;4;1;4600010000008331;460001
19;05;2011;AT07;145;1;5;1;4500030000008921;450003
23;05;2012;AT10;115;1;1;1;4700010000006497;470001
14;05;2012;AT04;5;1;1;1;4700020000006042;470002
20;03;2010;AT04;65;1;1;1;4700020000008674;470002
9;10;2012;AT21;45;1;5;1;4700030000004953;470003
10;03;2012;AT20;15;1;5;1;4600020000005610;460002
7;08;2011;AT10;500;1;4;1;4510020000005433;451002
16;11;2010;AT10;55;1;2;1;4500030000007365;450003
9;02;2011;AT09;30;1;3;1;4600030000009691;460003
5;09;2010;AT17;110;1;1;1;4600030000004116;460003
18;10;2010;AT08;375;1;4;1;4800020000005964;480002
11;10;2012;AT05;20;1;2;1;4500030000008263;450003
27;11;2010;AT08;85;1;1;1;4600030000007520;460003
9;08;2010;AT14;30;1;3;1;4800030000004697;480003
5;05;2012;AT20;60;1;5;1;4600010000009944;460001
17;07;2010;AT14;40;1;1;1;4700030000009946;470003
11;07;2011;AT08;110;1;3;1;4800010000004466;480001
14;04;2010;AT07;500;1;5;1;4500040000001114;450004
15;06;2011;AT05;145;1;2;1;4700040000007508;470004
12;02;2011;AT02;100;1;4;1;4600030000009051;460003
6;09;2011;AT20;375;1;2;1;4700010000007320;470001
10;03;2010;AT08;500;1;4;1;4800010000005738;480001
20;07;2012;AT07;65;1;2;1;4500040000003602;450004
21;08;2012;AT21;55;1;2;1;4800020000005211;480002
16;11;2010;AT07;35;1;5;1;4600020000003892;460002
26;01;2012;AT09;65;1;5;1;4800030000001533;480003
17;05;2010;AT05;60;1;1;1;4800040000007821;480004
22;09;2012;AT25;30;1;2;1;4500040000002213;450004
19;10;2012;AT23;110;1;1;1;4510010000006717;451001
1;04;2011;AT12;80;1;4;1;4700020000002021;470002
3;11;2010;AT20;250;1;3;1;4510010000009573;451001
22;06;2011;AT18;150;1;5;1;4800020000007465;480002
3;08;2010;AT08;5;1;2;1;4700010000009684;470001
16;02;2010;AT22;100;1;3;1;4500030000002655;450003
22;01;2012;AT17;80;1;1;1;4800010000009872;480001
6;09;2011;AT01;15;1;2;1;4700030000004142;470003
23;04;2012;AT13;135;1;1;1;4500040000005027;450004
13;02;2012;AT11;75;1;4;1;4600010000004188;460001
19;09;2010;AT22;70;1;1;1;4800040000003672;480004
14;09;2010;AT01;110;1;5;1;4800010000003098;480001
19;05;2012;AT21;80;1;2;1;4510020000006983;451002
8;02;2012;AT23;50;1;2;1;4800040000002071;480004
3;11;2012;AT12;10;1;4;1;4700030000008820;470003
12;11;2010;AT07;40;1;3;1;4800030000008566;480003
25;05;2011;AT23;20;1;5;1;4600030000002219;460003
2;10;2012;AT08;250;1;4;1;4700030000005007;470003
1;10;2010;AT15;25;1;4;1;4600020000008176;460002
9;09;2011;AT08;10;1;4;1;4800030000002305;480003
7;06;2012;AT01;90;1;3;1;4700040000002643;470004
7;08;2011;AT19;105;1;2;1;4700020000007617;470002
3;02;2010;AT14;115;1;2;1;4800020000006844;480002
16;01;2012;AT18;150;1;4;1;4700030000006416;470003
29;04;2011;AT21;135;1;5;1;4600020000004141;460002
7;12;2011;AT02;85;1;2;1;4510020000001982;451002
31;03;2012;AT22;15;1;3;1;4700010000006179;470001
19;07;2010;AT09;10;1;2;1;4700020000004730;470002
13;05;2010;AT13;55;1;4;1;4700030000003338;470003
15;11;2010;AT13;250;1;3;1;4800010000007454;480001
29;05;2010;AT13;5;1;5;1;4510020000006315;451002
7;05;2012;AT08;75;1;4;1;4600020000006825;460002
30;12;2010;AT09;60;1;1;1;4500030000003154;450003
14;09;2012;AT13;145;1;5;1;4800040000003085;480004
13;05;2010;AT05;55;1;2;1;4500040000005856;450004
26;08;2012;AT02;85;1;4;1;4700020000004315;470002
7;04;2012;AT22;90;1;5;1;4500040000005585;450004
6;07;2012;AT24;45;1;1;1;4800040000005763;480004
9;04;2011;AT09;50;1;2;1;4800040000002064;480004
30;06;2011;AT07;450;1;3;1;4700030000008148;470003
18;09;2012;AT04;95;1;3;1;4800010000007299;480001
8;04;2010;AT02;35;1;4;1;4700010000006119;470001
28;09;2011;AT19;450;1;3;1;4700020000005552;470002
28;02;2012;AT02;35;1;5;1;4700040000001110;470004
24;06;2012;AT12;55;1;5;1;4510010000006011;451001
3;07;2010;AT17;70;1;3;1;4500040000009331;450004
20;05;2011;AT06;60;1;1;1;4600020000004190;460002
26;03;2012;AT09;45;1;1;1;4510020000007189;451002
29;03;2010;AT13;95;1;4;1;4510010000007328;451001
26;01;2012;AT21;110;1;2;1;4700010000002385;470001
30;11;2010;AT17;125;1;3;1;4510020000002332;451002
13;09;2012;AT25;15;1;3;1;4700040000009535;470004
3;04;2010;AT07;200;1;5;1;4800040000004558;480004
3;12;2012;AT07;450;1;3;1;4500040000009974;450004
1;04;2010;AT24;120;1;5;1;4800020000008690;480002
14;08;2011;AT13;65;1;3;1;4500040000004456;450004
20;02;2012;AT07;90;1;1;1;4800030000009901;480003
23;09;2010;AT04;80;1;2;1;4800040000006437;480004
17;04;2010;AT19;120;1;3;1;4510010000003221;451001
12;03;2010;AT07;75;1;1;1;4510020000001726;451002
12;06;2010;AT10;175;1;4;1;4800040000006910;480004
27;11;2011;AT19;150;1;1;1;4700020000001604;470002
26;03;2012;AT20;15;1;3;1;4510010000009466;451001
22;05;2011;AT20;450;1;5;1;4800020000002636;480002
5;06;2010;AT22;70;1;5;1;4600030000002017;460003
23;08;2011;AT15;55;1;4;1;4500030000007914;450003
29;04;2011;AT20;105;1;5;1;4700040000003315;470004
15;06;2011;AT02;10;1;3;1;4800040000002233;480004
21;04;2011;AT02;95;1;3;1;4800010000007035;480001
1;10;2012;AT12;50;1;5;1;4600030000004826;460003
6;02;2010;AT19;135;1;2;1;4510020000003721;451002
28;02;2012;AT20;10;1;3;1;4800020000008163;480002
21;07;2011;AT25;150;1;5;1;4600020000004933;460002
11;08;2010;AT25;250;1;1;1;4600010000007328;460001
24;02;2010;AT11;35;1;3;1;4800020000003351;480002
12;09;2010;AT21;75;1;4;1;4700040000009704;470004
29;06;2012;AT17;95;1;2;1;4600030000005856;460003
26;07;2012;AT03;250;1;4;1;4500040000008412;450004
13;05;2010;AT08;200;1;4;1;4500040000006725;450004
1;07;2011;AT22;250;1;1;1;4500040000006953;450004
9;04;2010;AT22;250;1;5;1;4800030000002103;480003
9;05;2012;AT04;150;1;3;1;4600010000004035;460001
2;06;2011;AT02;75;1;2;1;4700020000001334;470002
25;04;2010;AT09;15;1;5;1;4800030000004767;480003
6;06;2012;AT18;120;1;2;1;4800030000006483;480003
22;10;2012;AT18;70;1;4;1;4500040000008951;450004
5;08;2012;AT19;300;1;4;1;4800020000002621;480002
6;03;2010;AT06;70;1;5;1;4700030000008587;470003
4;05;2011;AT02;375;1;3;1;4700040000001886;470004
27;08;2012;AT09;115;1;3;1;4600030000006949;460003
6;02;2011;AT02;300;1;1;1;4800010000008517;480001
4;03;2012;AT05;60;1;5;1;4600020000001181;460002
11;06;2012;AT17;90;1;1;1;4800040000002758;480004
13;01;2011;AT12;120;1;3;1;4510020000004129;451002
11;10;2012;AT09;55;1;1;1;4600020000006068;460002
4;05;2012;AT18;175;1;2;1;4510020000002025;451002
7;05;2011;AT11;50;1;3;1;4700030000001021;470003
12;06;2010;AT22;25;1;5;1;4700040000001523;470004
23;08;2012;AT12;145;1;1;1;4500040000009173;450004
14;03;2012;AT09;45;1;4;1;4700030000001050;470003
12;09;2010;AT02;135;1;2;1;4800010000004713;480001
19;12;2011;AT06;300;1;2;1;4800040000004306;480004
30;11;2011;AT03;65;1;4;1;4510020000004290;451002
17;11;2011;AT19;115;1;4;1;4600010000007726;460001
3;05;2011;AT09;100;1;5;1;4500030000006527;450003
20;06;2012;AT11;5;1;4;1;4800030000001210;480003
25;11;2010;AT19;10;1;5;1;4800020000008678;480002
9;10;2011;AT24;145;1;3;1;4700010000008485;470001
18;09;2010;AT20;30;1;2;1;4700010000004438;470001
17;02;2010;AT16;125;1;3;1;4600030000002037;460003
8;02;2011;AT16;85;1;5;1;4700030000004197;470003
30;09;2010;AT25;150;1;2;1;4600010000006788;460001
1;10;2011;AT22;95;1;5;1;4510020000002655;451002
13;05;2012;AT06;115;1;2;1;4800040000007368;480004
3;04;2011;AT09;145;1;5;1;4510020000006303;451002
6;10;2010;AT09;5;1;2;1;4800040000002750;480004
21;10;2010;AT12;40;1;4;1;4800030000003545;480003
7;02;2012;AT20;50;1;1;1;4700030000008577;470003
21;11;2010;AT13;50;1;5;1;4700020000002179;470002
15;04;2012;AT06;110;1;4;1;4800040000001459;480004
16;06;2010;AT13;120;1;5;1;4800040000004060;480004
1;04;2012;AT21;60;1;4;1;4700030000009983;470003
30;08;2010;AT10;55;1;3;1;4800010000004402;480001
29;10;2010;AT13;90;1;1;1;4800030000002866;480003
18;03;2010;AT15;125;1;1;1;4500030000009265;450003
25;05;2010;AT21;115;1;5;1;4700010000003992;470001
6;11;2012;AT15;150;1;1;1;4500030000003076;450003
15;10;2011;AT05;70;1;3;1;4700030000005464;470003
17;07;2010;AT07;135;1;1;1;4700030000001982;470003
15;12;2010;AT13;500;1;3;1;4510020000009240;451002
3;08;2010;AT20;450;1;3;1;4700020000007337;470002
28;01;2012;AT12;115;1;5;1;4700030000002157;470003
26;02;2010;AT13;135;1;4;1;4700030000004317;470003
9;06;2010;AT24;5;1;5;1;4500030000006543;450003
12;02;2012;AT23;80;1;3;1;4600010000009691;460001
21;07;2010;AT25;135;1;3;1;4510010000008359;451001
28;03;2011;AT03;250;1;5;1;4600020000001790;460002
14;07;2011;AT09;135;1;1;1;4510020000006293;451002
9;10;2010;AT09;125;1;5;1;4600030000002464;460003
7;11;2011;AT13;75;1;5;1;4600020000008766;460002
23;03;2011;AT25;110;1;4;1;4600020000006799;460002
29;10;2010;AT02;70;1;1;1;4600030000001846;460003
5;03;2010;AT22;150;1;2;1;4800020000004025;480002
10;10;2011;AT18;10;1;3;1;4800020000009296;480002
6;11;2011;AT21;100;1;5;1;4700010000006840;470001
1;02;2011;AT15;115;1;5;1;4700040000002040;470004
21;11;2011;AT09;375;1;5;1;4700040000009792;470004
11;03;2010;AT11;200;1;3;1;4600020000002299;460002
30;04;2012;AT08;65;1;3;1;4600020000004947;460002
23;04;2012;AT21;50;1;2;1;4500040000008942;450004
13;10;2010;AT24;375;1;3;1;4500030000001737;450003
30;10;2010;AT17;5;1;1;1;4510020000007600;451002
9;07;2011;AT25;10;1;5;1;4600020000008043;460002
12;05;2012;AT13;25;1;1;1;4700040000007554;470004
13;04;2012;AT06;35;1;5;1;4600010000006977;460001
23;07;2012;AT04;175;1;3;1;4800040000003863;480004
15;11;2010;AT18;80;1;3;1;4500030000005868;450003
7;03;2012;AT24;145;1;1;1;4510020000007933;451002
19;10;2010;AT09;40;1;5;1;4510020000002714;451002
13;03;2012;AT19;175;1;2;1;4800020000001291;480002
8;10;2011;AT04;65;1;3;1;4600030000008305;460003
30;11;2011;AT13;375;1;4;1;4700040000007812;470004
18;06;2012;AT12;15;1;5;1;4800030000006131;480003
26;09;2012;AT24;15;1;2;1;4600030000006268;460003
26;06;2011;AT17;105;1;2;1;4500040000006651;450004
7;03;2011;AT22;95;1;1;1;4800040000001546;480004
16;06;2011;AT08;20;1;2;1;4700010000009965;470001
5;07;2010;AT01;120;1;1;1;4500030000009282;450003
23;06;2012;AT02;20;1;2;1;4800030000007819;480003
29;11;2012;AT13;15;1;5;1;4700020000004914;470002
10;10;2010;AT25;65;1;2;1;4700030000009007;470003
4;06;2011;AT03;20;1;3;1;4510010000006177;451001
28;02;2011;AT23;450;1;1;1;4500030000008945;450003
22;09;2012;AT04;150;1;3;1;4700020000006949;470002
18;06;2010;AT13;40;1;4;1;4510010000002178;451001
17;12;2012;AT15;70;1;2;1;4800010000003618;480001
11;04;2010;AT17;135;1;2;1;4600010000002560;460001
9;08;2012;AT17;135;1;2;1;4700020000001167;470002
27;10;2011;AT08;10;1;3;1;4500040000002364;450004
19;05;2011;AT21;30;1;4;1;4510010000002612;451001
28;04;2012;AT12;120;1;4;1;4700040000008813;470004
17;11;2011;AT14;115;1;3;1;4700040000006423;470004
24;12;2011;AT03;100;1;1;1;4700040000001584;470004
7;01;2010;AT02;25;1;4;1;4800010000005599;480001
26;11;2010;AT01;70;1;1;1;4600020000003903;460002
11;05;2010;AT12;135;1;1;1;4510010000003579;451001
5;06;2011;AT04;115;1;2;1;4700010000003303;470001
3;04;2012;AT05;175;1;1;1;4700040000002220;470004
19;03;2012;AT13;250;1;1;1;4800040000006198;480004
18;04;2010;AT21;115;1;2;1;4510010000004948;451001
4;11;2010;AT07;15;1;2;1;4700040000002715;470004
4;03;2012;AT06;85;1;1;1;4700030000003069;470003
17;04;2010;AT16;40;1;1;1;4700040000004345;470004
23;10;2010;AT11;375;1;3;1;4700030000004119;470003
10;10;2010;AT05;60;1;2;1;4600020000005030;460002
2;01;2012;AT01;115;1;2;1;4800020000004625;480002
19;08;2012;AT09;500;1;5;1;4700040000003236;470004
30;04;2011;AT09;175;1;3;1;4700040000006900;470004
31;12;2012;AT04;175;1;5;1;4700040000008968;470004
14;01;2011;AT04;135;1;5;1;4600030000008709;460003
27;06;2010;AT03;85;1;2;1;4700030000007719;470003
24;10;2010;AT17;250;1;3;1;4800010000004257;480001
14;09;2011;AT10;175;1;2;1;4600010000009108;460001
26;11;2010;AT16;175;1;4;1;4500040000004130;450004
29;10;2010;AT24;135;1;5;1;4700020000007921;470002
21;06;2010;AT22;250;1;3;1;4600010000006408;460001
25;08;2010;AT17;85;1;5;1;4510010000005104;451001
5;01;2010;AT01;135;1;2;1;4600030000006452;460003
7;09;2010;AT21;200;1;5;1;4700020000002507;470002
21;07;2011;AT23;105;1;3;1;4700040000003961;470004
22;03;2010;AT16;50;1;4;1;4700030000008466;470003
2;09;2010;AT22;145;1;4;1;4800040000008544;480004
20;11;2010;AT08;110;1;1;1;4700040000003404;470004
22;07;2010;AT24;500;1;3;1;4700020000003468;470002
