Rooms,Type,Price,Method,Distance,Bedroom2,Bathroom,Car,Landsize,BuildingArea,YearBuilt,Lattitude,Longtitude
2,h,1480000.0,S,2.5,2.0,1.0,1.0,202.0,,,-37.7996,144.9984
2,h,1035000.0,S,2.5,2.0,1.0,0.0,156.0,79.0,1900.0,-37.8079,144.9934
3,h,1465000.0,SP,2.5,3.0,2.0,0.0,134.0,150.0,1900.0,-37.8093,144.9944
3,h,850000.0,PI,2.5,3.0,2.0,1.0,94.0,,,-37.7969,144.9969
4,h,1600000.0,VB,2.5,3.0,1.0,2.0,120.0,142.0,2014.0,-37.8072,144.9941
2,h,941000.0,S,2.5,2.0,1.0,0.0,181.0,,,-37.8041,144.9953
3,h,1876000.0,S,2.5,4.0,2.0,0.0,245.0,210.0,1910.0,-37.8024,144.9993
2,h,1636000.0,S,2.5,2.0,1.0,2.0,256.0,107.0,1890.0,-37.806,144.9954
1,u,300000.0,S,2.5,1.0,1.0,1.0,0.0,,,-37.8008,144.9973
2,h,1097000.0,S,2.5,3.0,1.0,2.0,220.0,75.0,1900.0,-37.801,144.9989
2,u,700000.0,VB,2.5,2.0,2.0,1.0,0.0,,,-37.811,145.0067
3,h,1350000.0,VB,2.5,3.0,2.0,2.0,214.0,190.0,2005.0,-37.8085,144.9964
2,u,750000.0,S,2.5,2.0,2.0,1.0,0.0,94.0,2009.0,-37.8078,144.9965
2,h,1172500.0,S,2.5,2.0,1.0,1.0,195.0,,,-37.8084,144.9973
1,u,441000.0,SP,2.5,1.0,1.0,1.0,0.0,,,-37.8016,144.9988
2,h,1310000.0,S,2.5,2.0,1.0,2.0,238.0,97.0,1890.0,-37.809,144.9976
3,h,1200000.0,S,2.5,3.0,2.0,1.0,113.0,110.0,1880.0,-37.8056,144.993
3,h,1176500.0,S,2.5,2.0,1.0,1.0,138.0,105.0,1890.0,-37.8021,144.9965
3,h,955000.0,S,2.5,3.0,1.0,0.0,183.0,,,-37.8022,144.9975
2,h,890000.0,S,2.5,2.0,1.0,1.0,150.0,73.0,1985.0,-37.8011,145.0004
4,h,1330000.0,PI,2.5,4.0,2.0,2.0,780.0,135.0,1900.0,-37.8073,144.9952
3,t,900000.0,S,2.5,3.0,2.0,2.0,0.0,,2010.0,-37.8093,144.9959
3,u,1090000.0,S,2.5,3.0,2.0,2.0,4290.0,27.0,,-37.8078,144.9965
2,u,500000.0,S,2.5,2.0,1.0,1.0,0.0,60.0,1970.0,-37.8015,144.9972
2,h,1100000.0,PI,2.5,2.0,2.0,1.0,124.0,135.0,2013.0,-37.8079,144.9977
2,h,1315000.0,S,2.5,2.0,1.0,0.0,147.0,85.0,1900.0,-37.808,144.994
1,u,426000.0,SP,2.5,1.0,1.0,1.0,0.0,,,-37.8016,144.9988
3,h,1447500.0,PI,2.5,3.0,3.0,1.0,166.0,174.0,2012.0,-37.8017,145.0001
1,u,457000.0,S,2.5,1.0,1.0,1.0,0.0,50.0,,-37.8078,144.9965
2,h,1135000.0,S,2.5,2.0,2.0,2.0,98.0,128.0,1920.0,-37.8005,144.9952
4,h,1542000.0,S,2.5,4.0,3.0,1.0,0.0,,,-37.7994,144.9965
3,h,1290000.0,S,2.5,3.0,2.0,2.0,147.0,18.0,,-37.805,144.9943
3,h,1290000.0,S,2.5,3.0,1.0,1.0,168.0,124.0,1950.0,-37.8007,144.9958
1,u,470000.0,S,2.5,1.0,1.0,1.0,0.0,50.0,2013.0,-37.8055,144.9961
2,h,1180000.0,S,2.5,2.0,1.0,0.0,162.0,91.0,1900.0,-37.8016,144.9956
3,h,1195000.0,SP,2.5,3.0,2.0,1.0,120.0,128.0,1998.0,-37.8022,144.9954
2,h,1012500.0,S,2.5,2.0,1.0,0.0,182.0,82.0,1900.0,-37.8021,144.9976
2,h,1030000.0,S,2.5,2.0,1.0,1.0,172.0,81.0,1930.0,-37.8086,144.9946
3,t,840000.0,PI,13.5,3.0,2.0,1.0,303.0,225.0,2016.0,-37.718,144.878
3,h,730000.0,VB,13.5,3.0,2.0,1.0,0.0,145.0,1965.0,-37.7203,144.8755
3,h,770000.0,SP,13.5,3.0,2.0,1.0,0.0,145.0,1965.0,-37.7203,144.8755
2,h,603000.0,S,13.5,2.0,1.0,1.0,272.0,84.0,1950.0,-37.7294,144.888
3,t,700000.0,S,13.5,3.0,2.0,2.0,239.0,134.0,2009.0,-37.7218,144.8837
3,h,600000.0,S,13.5,2.0,1.0,1.0,290.0,116.0,1980.0,-37.7273,144.8744
2,u,500000.0,VB,13.5,2.0,1.0,1.0,168.0,86.0,2011.0,-37.7215,144.8864
3,h,720000.0,S,13.5,2.0,1.0,1.0,620.0,,,-37.7173,144.8872
4,h,785000.0,S,13.5,3.0,1.0,2.0,597.0,127.0,,-37.7259,144.8792
6,h,725000.0,SP,13.5,6.0,3.0,2.0,976.0,186.0,1980.0,-37.7239,144.8735
2,t,450000.0,S,13.5,2.0,1.0,1.0,110.0,90.0,2015.0,-37.7216,144.871
2,u,515000.0,S,13.5,2.0,1.0,1.0,141.0,73.0,2013.0,-37.7298,144.8883
2,u,530000.0,S,13.5,2.0,1.0,1.0,120.0,94.0,2012.0,-37.7234,144.8792
3,h,895000.0,PI,13.5,3.0,1.0,6.0,1063.0,133.0,1975.0,-37.7249,144.8728
3,h,805000.0,S,13.5,3.0,1.0,1.0,0.0,105.0,1950.0,-37.7217,144.8783
3,u,752000.0,S,13.5,3.0,1.0,1.0,265.0,130.0,1993.0,-37.7302,144.8855
2,u,440000.0,S,13.5,2.0,1.0,1.0,192.0,,,-37.7177,144.8787
5,h,755000.0,PI,13.5,3.0,2.0,2.0,596.0,,,-37.7248,144.8699
3,t,700000.0,PI,13.5,3.0,2.0,2.0,165.0,133.0,2009.0,-37.727,144.887
3,h,830000.0,S,13.5,3.0,1.0,2.0,971.0,113.0,1960.0,-37.7186,144.876
2,u,462500.0,S,13.5,2.0,1.0,1.0,164.0,,2003.0,-37.7218,144.8863
3,h,670000.0,SP,13.5,3.0,2.0,2.0,657.0,,,-37.7269,144.8742
2,h,675000.0,S,13.5,2.0,1.0,1.0,612.0,100.0,1975.0,-37.7187,144.8765
3,h,1042000.0,S,13.5,3.0,2.0,5.0,612.0,174.0,1950.0,-37.7173,144.8796
3,h,910000.0,S,13.5,3.0,1.0,1.0,775.0,,,-37.7231,144.8835
4,h,773000.0,S,13.5,5.0,3.0,4.0,531.0,309.0,1980.0,-37.7263,144.8679
3,h,810000.0,PI,13.5,3.0,3.0,2.0,555.0,192.0,1980.0,-37.7285,144.8694
3,h,715000.0,S,13.5,3.0,2.0,2.0,422.0,126.0,1995.0,-37.7164,144.8792
3,h,790000.0,S,13.5,3.0,1.0,3.0,614.0,,,-37.7194,144.8827
3,t,540000.0,SP,13.5,2.0,2.0,1.0,161.0,101.0,2010.0,-37.7231,144.8802
3,t,825000.0,SP,13.5,3.0,2.0,1.0,293.0,102.0,1960.0,-37.72,144.8776
3,h,685000.0,S,13.5,3.0,1.0,1.0,579.0,113.0,1975.0,-37.7226,144.8733
3,h,805000.0,S,13.5,3.0,1.0,1.0,623.0,,,-37.7184,144.882
2,u,510000.0,S,13.5,2.0,1.0,1.0,141.0,76.0,,-37.7202,144.8797
3,h,612000.0,S,13.5,3.0,2.0,1.0,212.0,,,-37.7181,144.8824
3,h,662000.0,S,13.5,3.0,1.0,2.0,612.0,,,-37.7169,144.8815
4,h,978000.0,S,13.5,4.0,3.0,2.0,532.0,,,-37.7263,144.869
3,h,720000.0,PI,13.5,3.0,1.0,1.0,585.0,,,-37.72,144.878
4,h,765000.0,S,13.5,4.0,1.0,2.0,509.0,,,-37.7261,144.8785
4,h,900000.0,S,13.5,4.0,2.0,3.0,628.0,146.0,1975.0,-37.7256,144.8739
2,h,1275000.0,S,3.3,2.0,1.0,0.0,120.0,82.0,1900.0,-37.8459,144.9555
2,h,1455000.0,S,3.3,2.0,1.0,0.0,159.0,,,-37.845,144.9538
3,h,2850000.0,PI,3.3,3.0,2.0,0.0,211.0,198.0,1890.0,-37.8481,144.9499
3,h,1850000.0,S,3.3,3.0,2.0,0.0,128.0,133.0,1890.0,-37.8452,144.9488
2,h,1436000.0,S,3.3,2.0,1.0,0.0,130.0,81.0,1900.0,-37.8431,144.9565
2,h,1110000.0,S,3.3,1.0,1.0,0.0,147.0,,1900.0,-37.8444,144.9484
2,h,1550000.0,S,3.3,2.0,1.0,1.0,167.0,,,-37.8405,144.9521
4,h,2300000.0,S,3.3,4.0,2.0,1.0,153.0,180.0,1880.0,-37.8447,144.9523
3,t,1550000.0,VB,3.3,3.0,2.0,2.0,718.0,,,-37.8443,144.9598
3,h,1800000.0,VB,3.3,3.0,2.0,1.0,132.0,159.0,1996.0,-37.8415,144.952
2,h,2120000.0,S,3.3,2.0,1.0,1.0,199.0,107.0,1900.0,-37.8422,144.9554
3,h,1800000.0,VB,3.3,3.0,1.0,1.0,253.0,,,-37.8443,144.9579
3,h,1800000.0,S,3.3,3.0,2.0,1.0,90.0,122.0,1900.0,-37.8421,144.9571
2,h,1810000.0,PI,3.3,2.0,1.0,0.0,240.0,,,-37.8379,144.9539
3,h,2615000.0,S,3.3,3.0,2.0,1.0,177.0,181.0,1880.0,-37.8415,144.9585
5,h,2100000.0,S,3.3,5.0,2.0,1.0,237.0,,,-37.8436,144.9557
3,h,1300000.0,S,3.3,3.0,1.0,0.0,129.0,,,-37.8422,144.94899999999996
3,h,1370000.0,S,3.3,3.0,2.0,2.0,0.0,85.0,2000.0,-37.8451,144.9511
2,h,1000000.0,S,3.3,2.0,1.0,0.0,288.0,,,-37.8407,144.9523
3,h,2575000.0,S,3.3,3.0,2.0,1.0,228.0,,,-37.8445,144.9501
2,h,1322500.0,S,3.3,2.0,1.0,0.0,149.0,98.0,1890.0,-37.8443,144.9481
2,h,1562500.0,S,3.3,2.0,1.0,0.0,141.0,83.0,1890.0,-37.8424,144.9562
3,h,2000000.0,VB,3.3,3.0,2.0,1.0,211.0,147.0,1900.0,-37.847,144.9575
3,h,1900000.0,S,3.3,3.0,1.0,0.0,209.0,,1900.0,-37.8468,144.9546
3,h,3010000.0,S,3.3,3.0,2.0,0.0,147.0,146.0,1890.0,-37.8473,144.9551
4,h,2800000.0,VB,3.3,4.0,3.0,1.0,327.0,254.0,1910.0,-37.8467,144.9475
2,u,647000.0,S,3.3,2.0,1.0,1.0,0.0,,,-37.846,144.9542
3,h,2100000.0,SP,3.3,2.0,1.0,1.0,120.0,123.0,1900.0,-37.8427,144.9546
3,h,2000000.0,PI,3.3,3.0,1.0,1.0,238.0,131.0,1890.0,-37.8461,144.9528
1,u,442500.0,S,3.3,1.0,1.0,0.0,0.0,34.0,1970.0,-37.8421,144.9517
4,h,4735000.0,S,3.3,4.0,2.0,1.0,330.0,207.0,1910.0,-37.8477,144.9558
2,h,1340000.0,S,3.3,2.0,1.0,0.0,136.0,,,-37.846,144.9517
3,h,1801000.0,S,3.3,3.0,1.0,1.0,202.0,,,-37.8429,144.9493
3,h,1532000.0,S,3.3,3.0,3.0,1.0,0.0,,,-37.8415,144.9585
3,h,3755000.0,S,3.3,3.0,2.0,2.0,325.0,,,-37.8413,144.95
4,h,2140000.0,S,3.3,3.0,2.0,1.0,183.0,145.0,1880.0,-37.8434,144.9495
2,h,1750000.0,S,3.3,2.0,1.0,1.0,162.0,,,-37.8416,144.9488
2,h,980000.0,S,3.3,2.0,1.0,0.0,79.0,68.0,1890.0,-37.8387,144.9519
3,h,2030000.0,S,3.3,3.0,2.0,0.0,152.0,,,-37.8488,144.9551
3,h,1740000.0,PI,3.3,3.0,2.0,2.0,147.0,134.0,1890.0,-37.8448,144.9453
3,h,2800000.0,VB,3.3,3.0,3.0,1.0,0.0,,,-37.8399,144.9577
1,h,985000.0,S,3.3,1.0,1.0,0.0,81.0,54.0,1900.0,-37.8411,144.9497
4,h,2000000.0,S,6.4,3.0,2.0,4.0,853.0,263.0,1930.0,-37.7707,145.0318
3,h,1110000.0,S,6.4,3.0,2.0,2.0,208.0,,2013.0,-37.7854,145.0325
3,h,1492000.0,S,6.4,3.0,2.0,2.0,411.0,,,-37.7713,145.0279
4,h,1717500.0,S,6.4,4.0,2.0,1.0,599.0,203.0,1925.0,-37.7717,145.031
5,h,2840000.0,S,6.4,5.0,4.0,4.0,809.0,165.0,1910.0,-37.775,145.0268
2,u,525500.0,S,6.4,2.0,1.0,1.0,88.0,60.0,1960.0,-37.7791,145.0306
2,t,805000.0,S,6.4,2.0,2.0,3.0,155.0,140.0,2004.0,-37.7804,145.0308
2,u,465000.0,S,6.4,2.0,1.0,1.0,0.0,,,-37.7773,145.0314
3,h,2000000.0,PI,6.4,3.0,3.0,2.0,686.0,,,-37.78,145.0341
3,h,1540000.0,S,6.4,3.0,1.0,2.0,592.0,,,-37.7755,145.0288
2,u,820000.0,S,6.4,2.0,1.0,1.0,183.0,,,-37.7747,145.0264
4,h,1830000.0,S,6.4,4.0,2.0,2.0,606.0,112.0,1970.0,-37.7743,145.0316
4,h,2100000.0,S,6.4,4.0,2.0,2.0,575.0,271.0,2008.0,-37.7723,145.0319
3,h,865000.0,SP,6.4,3.0,1.0,1.0,180.0,131.0,2010.0,-37.7802,145.0243
2,u,390000.0,VB,6.4,2.0,1.0,1.0,0.0,60.0,1960.0,-37.7773,145.0314
2,t,650000.0,SP,6.4,0.0,1.0,0.0,0.0,,,-37.7848,145.025
2,u,512000.0,S,6.4,2.0,1.0,1.0,0.0,61.0,1965.0,-37.7805,145.0262
3,h,1165000.0,S,6.4,3.0,1.0,2.0,979.0,,,-37.7792,145.029
4,h,1900000.0,SP,6.4,4.0,2.0,2.0,556.0,272.0,1930.0,-37.7844,145.0225
3,h,1485000.0,SP,6.4,3.0,0.0,0.0,597.0,,,-37.7781,145.0284
4,h,1950000.0,S,6.4,4.0,2.0,3.0,589.0,210.0,1920.0,-37.7719,145.0309
3,h,520000.0,VB,13.8,3.0,2.0,1.0,352.0,242.0,2015.0,-37.87,144.825
5,h,1525000.0,S,13.8,5.0,3.0,3.0,729.0,268.0,2005.0,-37.8721,144.8105
2,t,720000.0,S,13.8,2.0,1.0,2.0,292.0,125.0,2013.0,-37.8687,144.8197
3,h,1120000.0,S,13.8,3.0,1.0,2.0,506.0,120.0,1930.0,-37.8693,144.8375
4,h,780000.0,PI,13.8,4.0,1.0,4.0,655.0,,,-37.868,144.8154
4,h,1780000.0,SP,13.8,4.0,3.0,6.0,1057.0,220.0,1962.0,-37.8681,144.819
3,u,630000.0,S,13.8,2.0,1.0,2.0,311.0,94.0,1955.0,-37.8702,144.8143
2,u,406000.0,SP,13.8,2.0,1.0,1.0,65.0,,,-37.8693,144.8171
3,h,660000.0,VB,13.8,3.0,1.0,1.0,602.0,123.0,1955.0,-37.8616,144.8116
3,h,683500.0,S,13.8,3.0,1.0,1.0,530.0,,,-37.8594,144.817
2,u,580000.0,S,13.8,2.0,1.0,1.0,225.0,93.0,1988.0,-37.8696,144.827
3,h,1335000.0,S,13.8,3.0,1.0,4.0,777.0,22.0,1953.0,-37.8697,144.8249
3,t,800000.0,SP,13.8,3.0,2.0,2.0,280.0,,1997.0,-37.8734,144.8143
2,u,510000.0,S,13.8,2.0,1.0,1.0,127.0,76.0,1990.0,-37.8686,144.8182
4,h,1070000.0,S,13.8,4.0,2.0,2.0,695.0,,,-37.8733,144.8147
2,u,425000.0,S,13.8,2.0,1.0,2.0,115.0,57.0,1980.0,-37.871,144.8185
3,u,605000.0,S,13.8,3.0,2.0,2.0,230.0,,,-37.8646,144.827
3,t,705000.0,S,13.8,3.0,2.0,2.0,197.0,152.0,,-37.8579,144.8181
2,u,391000.0,SP,13.8,2.0,1.0,1.0,0.0,65.0,1965.0,-37.8678,144.8384
2,u,440000.0,SP,13.8,2.0,1.0,1.0,0.0,,,-37.8659,144.83100000000005
4,h,845000.0,S,13.8,4.0,1.0,2.0,745.0,130.0,1950.0,-37.8658,144.8155
3,t,743000.0,SP,13.8,3.0,2.0,2.0,211.0,176.0,,-37.8698,144.816
3,u,730000.0,SP,13.8,3.0,2.0,1.0,69.0,141.0,2014.0,-37.868,144.8286
3,h,635000.0,S,13.8,3.0,1.0,4.0,625.0,,1960.0,-37.8611,144.8114
2,u,620000.0,SP,13.8,2.0,1.0,1.0,168.0,,,-37.8676,144.8202
2,u,447000.0,S,13.8,2.0,1.0,1.0,137.0,77.0,1990.0,-37.8655,144.8299
3,u,730000.0,SP,13.8,3.0,2.0,1.0,70.0,,,-37.868,144.8287
3,h,678000.0,S,13.8,3.0,1.0,2.0,606.0,87.0,1950.0,-37.8608,144.8124
2,u,580000.0,PI,13.8,2.0,2.0,1.0,175.0,76.0,2013.0,-37.8687,144.8268
3,h,712000.0,S,13.8,3.0,1.0,2.0,363.0,,,-37.8674,144.8375
3,h,840000.0,SP,13.8,3.0,2.0,2.0,534.0,136.0,1965.0,-37.86,144.8245
3,h,980000.0,S,13.8,3.0,1.0,2.0,724.0,,,-37.8672,144.817
3,t,605100.0,S,13.8,3.0,2.0,0.0,265.0,,,-37.8583,144.8172
3,h,880000.0,PI,13.8,3.0,3.0,1.0,577.0,,,-37.8699,144.8235
3,u,577000.0,S,13.8,3.0,2.0,1.0,205.0,113.0,2007.0,-37.8684,144.815
4,h,1030000.0,S,13.8,4.0,1.0,0.0,797.0,,,-37.8663,144.8387
3,u,605000.0,S,13.8,3.0,1.0,2.0,181.0,,,-37.8659,144.822
3,h,753000.0,S,13.8,3.0,2.0,2.0,529.0,,,-37.8612,144.8247
2,h,857000.0,SP,13.8,2.0,2.0,1.0,675.0,100.0,1950.0,-37.8653,144.8129
3,h,1500000.0,S,13.8,3.0,1.0,1.0,929.0,,,-37.8651,144.832
3,u,730000.0,SP,13.8,3.0,2.0,1.0,70.0,3.0,2014.0,-37.868,144.8285
3,h,900000.0,S,13.8,3.0,1.0,4.0,697.0,,,-37.871,144.8075
3,h,740000.0,S,13.8,3.0,1.0,2.0,604.0,,,-37.8631,144.8195
4,h,931000.0,S,13.8,4.0,2.0,3.0,532.0,,1970.0,-37.8637,144.8365
2,h,535600.0,SP,13.8,2.0,1.0,1.0,154.0,91.0,1996.0,-37.8646,144.8272
5,h,1085000.0,S,11.1,5.0,3.0,6.0,592.0,251.0,1965.0,-37.8388,144.8567
3,h,781000.0,S,11.1,3.0,1.0,2.0,533.0,117.0,1970.0,-37.8291,144.835
3,h,750000.0,SP,11.1,3.0,1.0,3.0,554.0,,,-37.8449,144.85
2,t,421000.0,S,11.1,2.0,1.0,1.0,77.0,77.0,2009.0,-37.8351,144.8529
3,h,1405000.0,S,11.1,3.0,1.0,3.0,655.0,,,-37.8338,144.8562
3,h,683000.0,S,11.1,3.0,1.0,2.0,534.0,167.0,1967.0,-37.8284,144.8355
3,h,623000.0,S,11.1,3.0,1.0,3.0,540.0,,,-37.8267,144.8368
3,h,720000.0,VB,11.1,3.0,2.0,1.0,0.0,130.0,2012.0,-37.8379,144.8583
3,h,588000.0,S,11.1,3.0,1.0,1.0,328.0,118.0,1970.0,-37.838,144.8555
3,h,710000.0,PI,11.1,3.0,1.0,3.0,540.0,116.0,1960.0,-37.8294,144.8378
4,h,875000.0,SP,11.1,3.0,1.0,4.0,559.0,169.0,1965.0,-37.8448,144.8529
3,h,700000.0,VB,11.1,3.0,1.0,3.0,554.0,,,-37.8449,144.85
2,t,640000.0,S,11.1,2.0,1.0,1.0,252.0,,1965.0,-37.8397,144.8602
4,h,650000.0,SP,11.1,4.0,1.0,4.0,558.0,,,-37.8451,144.8529
3,h,675000.0,S,11.1,3.0,2.0,2.0,171.0,109.0,2012.0,-37.8337,144.8554
3,h,708000.0,S,11.1,3.0,1.0,2.0,585.0,97.0,1960.0,-37.8258,144.8523
4,h,965000.0,SP,11.1,4.0,1.0,4.0,851.0,,,-37.8345,144.8444
3,h,680000.0,S,11.1,3.0,1.0,3.0,551.0,,,-37.8254,144.8514
3,h,770000.0,SP,11.1,3.0,1.0,3.0,602.0,603.0,,-37.8327,144.8451
3,h,923000.0,S,11.1,3.0,1.0,2.0,740.0,,,-37.8269,144.8455
4,h,693000.0,SP,11.1,4.0,2.0,4.0,315.0,170.0,2008.0,-37.8391,144.8467
3,h,620000.0,SP,11.1,5.0,2.0,2.0,276.0,100.0,2010.0,-37.8262,144.8443
3,h,728500.0,S,11.1,3.0,1.0,1.0,531.0,157.0,1960.0,-37.8277,144.8385
3,h,931000.0,S,11.1,3.0,2.0,1.0,590.0,160.0,1950.0,-37.8382,144.8649
3,h,988000.0,S,11.1,3.0,1.0,4.0,715.0,,2008.0,-37.8423,144.8632
3,h,590000.0,S,11.1,3.0,1.0,2.0,561.0,,,-37.8444,144.8491
2,h,610000.0,S,11.1,2.0,1.0,2.0,691.0,,,-37.834,144.8553
3,h,815000.0,S,11.1,3.0,2.0,3.0,555.0,130.0,1960.0,-37.8318,144.8388
4,h,970000.0,S,11.1,4.0,1.0,2.0,708.0,,,-37.833,144.8494
4,h,760000.0,S,11.1,4.0,1.0,3.0,668.0,,,-37.8262,144.8439
4,t,847500.0,S,11.1,4.0,3.0,1.0,252.0,,,-37.8393,144.8568
4,h,1200000.0,SP,11.1,4.0,1.0,4.0,633.0,158.0,1960.0,-37.8375,144.8541
3,h,700000.0,SP,11.1,3.0,1.0,1.0,557.0,,,-37.8441,144.8505
3,h,625000.0,PI,11.1,3.0,1.0,1.0,536.0,,,-37.8285,144.8351
2,u,292000.0,S,11.1,2.0,1.0,1.0,153.0,70.0,1970.0,-37.8332,144.8649
2,u,599000.0,S,6.3,2.0,1.0,1.0,0.0,76.0,1964.0,-37.8543,145.0262
2,u,550000.0,VB,6.3,2.0,1.0,0.0,861.0,,,-37.8539,145.0284
3,u,995000.0,S,6.3,3.0,2.0,2.0,0.0,100.0,1998.0,-37.8552,145.016
3,t,1205000.0,S,6.3,3.0,2.0,2.0,101.0,105.0,2000.0,-37.854,145.0135
3,h,1939000.0,S,6.3,3.0,2.0,2.0,296.0,150.0,1889.0,-37.8614,145.0274
1,u,421500.0,S,6.3,1.0,1.0,0.0,0.0,,,-37.853,145.0167
3,h,1870000.0,S,6.3,3.0,1.0,1.0,217.0,116.0,1888.0,-37.8592,145.0182
2,u,678000.0,S,6.3,2.0,1.0,2.0,0.0,,,-37.8538,145.0127
3,t,1918000.0,SP,6.3,3.0,2.0,2.0,0.0,165.0,1995.0,-37.8537,145.0267
2,u,660000.0,SP,6.3,2.0,1.0,1.0,0.0,,,-37.8619,145.0257
3,h,2050000.0,S,6.3,3.0,2.0,1.0,205.0,116.0,1910.0,-37.8574,145.0281
2,u,700000.0,VB,6.3,2.0,1.0,2.0,0.0,,,-37.8552,145.016
2,u,3625000.0,S,6.3,3.0,2.0,2.0,0.0,,2006.0,-37.8555,145.0291
4,h,3000000.0,VB,6.3,4.0,2.0,2.0,1581.0,,1934.0,-37.858,145.0111
5,h,1525000.0,PI,6.3,8.0,2.0,2.0,693.0,,,-37.8638,145.0229
3,u,735000.0,PI,6.3,3.0,2.0,1.0,2113.0,14.0,1970.0,-37.8543,145.0262
2,u,825000.0,S,6.3,2.0,1.0,1.0,0.0,,,-37.8528,145.0268
3,t,1586000.0,S,6.3,2.0,2.0,2.0,246.0,,,-37.8566,145.0116
2,u,645000.0,S,6.3,3.0,1.0,1.0,0.0,,1960.0,-37.8596,145.0198
1,h,1435000.0,SP,6.3,2.0,2.0,1.0,144.0,107.0,1900.0,-37.8564,145.0228
1,u,280000.0,PI,6.3,1.0,1.0,1.0,0.0,38.0,1975.0,-37.8619,145.0185
1,u,400000.0,PI,6.3,1.0,1.0,1.0,0.0,,,-37.8605,145.0185
2,h,1780000.0,S,6.3,2.0,2.0,2.0,0.0,,,-37.8537,145.0267
2,u,592500.0,S,6.3,2.0,1.0,1.0,0.0,73.0,1970.0,-37.8574,145.0174
2,h,1210000.0,S,6.3,2.0,1.0,0.0,249.0,96.0,1910.0,-37.8543,145.016
4,h,2801000.0,S,6.3,4.0,2.0,2.0,624.0,222.0,1900.0,-37.8536,145.0173
1,u,390000.0,S,6.3,1.0,1.0,0.0,881.0,,,-37.8614,145.0222
3,h,1800000.0,PI,6.3,3.0,2.0,2.0,405.0,121.0,1910.0,-37.8545,145.0145
4,h,2200000.0,PI,6.3,4.0,1.0,2.0,495.0,163.0,1900.0,-37.8613,145.0264
1,u,324000.0,S,6.3,1.0,1.0,1.0,0.0,,,-37.8537,145.0114
6,h,5525000.0,S,6.3,5.0,3.0,4.0,1491.0,516.0,1935.0,-37.8602,145.013
2,h,1125000.0,S,6.3,3.0,1.0,2.0,169.0,,,-37.851,145.0161
3,h,2250000.0,S,6.3,3.0,3.0,1.0,301.0,,,-37.8511,145.0167
3,h,2360000.0,S,6.3,3.0,2.0,0.0,336.0,,,-37.8558,145.015
2,h,1900000.0,VB,6.3,2.0,2.0,0.0,207.0,,,-37.8571,145.0224
1,u,440000.0,SP,6.3,1.0,1.0,1.0,0.0,53.0,1970.0,-37.8531,145.0115
2,u,490000.0,PI,6.3,2.0,1.0,1.0,0.0,,1966.0,-37.8646,145.0247
3,h,2365000.0,S,6.3,3.0,2.0,1.0,316.0,,,-37.8521,145.019
3,h,1300000.0,VB,6.3,2.0,1.0,2.0,212.0,106.0,1900.0,-37.8542,145.0149
3,u,732000.0,S,6.3,3.0,2.0,2.0,0.0,,,-37.8597,145.0104
2,u,704000.0,SP,6.3,2.0,1.0,1.0,0.0,74.0,1969.0,-37.8573,145.0186
2,u,620000.0,VB,6.3,3.0,1.0,1.0,0.0,98.0,1970.0,-37.8596,145.0198
3,h,1900000.0,S,6.3,3.0,1.0,2.0,328.0,108.0,1900.0,-37.8559,145.0158
1,u,315000.0,SP,6.3,1.0,1.0,1.0,0.0,,,-37.8575,145.0174
1,u,450000.0,PI,6.3,1.0,1.0,1.0,0.0,,,-37.8509,145.0203
2,u,710000.0,S,6.3,2.0,1.0,1.0,2471.0,80.0,1970.0,-37.8573,145.0186
2,u,872000.0,S,6.3,2.0,1.0,1.0,1194.0,,1953.0,-37.8604,145.0147
2,u,598000.0,S,6.3,2.0,1.0,1.0,0.0,88.0,1970.0,-37.8593,145.0156
3,h,1285000.0,S,6.3,3.0,1.0,2.0,186.0,80.0,1920.0,-37.8554,145.0173
4,h,3660000.0,S,6.3,4.0,3.0,2.0,421.0,,,-37.8593,145.0275
2,u,520000.0,S,6.3,1.0,1.0,1.0,0.0,76.0,1970.0,-37.8618,145.0183
4,h,3625000.0,S,6.3,4.0,1.0,2.0,709.0,251.0,1900.0,-37.8574,145.016
4,h,4200000.0,VB,6.3,4.0,3.0,3.0,563.0,333.0,2000.0,-37.8582,145.0138
3,t,1101000.0,S,6.3,3.0,1.0,2.0,103.0,3.0,2000.0,-37.8542,145.0135
3,h,3512500.0,S,6.3,3.0,2.0,2.0,617.0,285.0,1998.0,-37.8557,145.0264
4,h,2000000.0,PI,6.3,4.0,3.0,4.0,544.0,,,-37.8611,145.0195
3,u,869000.0,S,6.3,2.0,1.0,1.0,0.0,91.0,1940.0,-37.853,145.0264
5,h,2810000.0,S,6.3,5.0,2.0,2.0,617.0,,,-37.8611,145.0271
2,u,565000.0,S,6.3,3.0,1.0,1.0,0.0,,,-37.8573,145.0112
1,u,567000.0,S,6.3,1.0,1.0,1.0,0.0,53.0,2013.0,-37.8549,145.0113
2,u,546000.0,SP,6.3,2.0,0.0,0.0,0.0,,,-37.8568,145.0161
2,u,471500.0,S,6.3,2.0,1.0,1.0,0.0,,1980.0,-37.8503,145.0185
2,u,455000.0,S,5.9,3.0,1.0,2.0,0.0,,,-37.7756,144.9165
3,h,940000.0,S,5.9,3.0,1.0,2.0,298.0,108.0,1920.0,-37.7777,144.9195
2,u,467000.0,SP,5.9,2.0,1.0,1.0,0.0,62.0,1980.0,-37.7761,144.9201
3,h,1380000.0,SP,5.9,3.0,2.0,2.0,277.0,174.0,1910.0,-37.7777,144.9221
2,u,490000.0,VB,5.9,2.0,1.0,1.0,423.0,62.0,1970.0,-37.7736,144.9015
4,h,1850000.0,S,5.9,4.0,3.0,1.0,478.0,270.0,1900.0,-37.7729,144.9179
3,h,1284000.0,S,5.9,3.0,1.0,2.0,623.0,,1938.0,-37.7758,144.9089
3,h,971000.0,SP,5.9,3.0,2.0,2.0,285.0,128.0,1900.0,-37.775,144.9091
2,h,710000.0,PI,5.9,2.0,1.0,1.0,214.0,77.0,1890.0,-37.7776,144.9142
6,h,2425000.0,PI,5.9,6.0,3.0,2.0,1014.0,435.0,1887.0,-37.7721,144.9184
2,h,750000.0,SP,5.9,2.0,1.0,1.0,226.0,92.0,1920.0,-37.7745,144.9093
2,h,1053000.0,S,5.9,2.0,1.0,1.0,269.0,109.0,1900.0,-37.7748,144.929
3,h,1377000.0,S,5.9,3.0,1.0,1.0,417.0,168.0,1900.0,-37.7756,144.9208
3,h,970000.0,S,5.9,3.0,1.0,2.0,350.0,125.0,1904.0,-37.7759,144.91
2,h,940000.0,S,5.9,2.0,1.0,1.0,330.0,,,-37.773,144.9049
2,h,751000.0,PI,5.9,2.0,1.0,1.0,118.0,79.0,1890.0,-37.7807,144.9288
2,h,950000.0,SP,5.9,2.0,1.0,1.0,173.0,102.0,1900.0,-37.7731,144.9206
2,u,685000.0,S,5.9,2.0,1.0,2.0,228.0,90.0,1995.0,-37.7718,144.9066
3,h,1230000.0,S,5.9,4.0,1.0,2.0,594.0,148.0,1960.0,-37.7819,144.9064
2,h,636500.0,S,5.9,2.0,1.0,1.0,0.0,,,-37.7738,144.9345
3,h,910000.0,S,5.9,3.0,1.0,0.0,317.0,,,-37.7746,144.9112
2,h,770000.0,PI,5.9,2.0,1.0,1.0,226.0,87.0,1900.0,-37.7774,144.9186
3,h,960000.0,S,5.9,3.0,2.0,2.0,229.0,,2011.0,-37.7778,144.9065
4,h,890000.0,SP,5.9,4.0,1.0,1.0,300.0,185.0,1890.0,-37.7766,144.9143
2,h,965000.0,S,5.9,2.0,1.0,1.0,170.0,,,-37.7732,144.9206
3,h,1440000.0,S,5.9,3.0,1.0,1.0,487.0,131.0,1900.0,-37.7725,144.9146
2,h,955000.0,S,5.9,2.0,1.0,0.0,255.0,,,-37.7825,144.9208
2,u,450000.0,VB,5.9,2.0,1.0,1.0,0.0,,2010.0,-37.7731,144.9074
3,h,801000.0,S,5.9,3.0,1.0,2.0,431.0,,1950.0,-37.781,144.9207
3,h,1000000.0,PI,5.9,3.0,2.0,2.0,440.0,120.0,1955.0,-37.7746,144.9031
3,h,1435000.0,S,5.9,3.0,2.0,2.0,532.0,147.0,1950.0,-37.7737,144.904
1,u,390000.0,S,5.9,1.0,1.0,1.0,0.0,58.0,1972.0,-37.7723,144.9094
3,h,1425000.0,PI,5.9,3.0,2.0,2.0,495.0,139.0,1920.0,-37.7821,144.9055
4,h,1340000.0,S,5.9,3.0,2.0,2.0,683.0,232.0,1978.0,-37.775,144.93200000000004
3,h,955000.0,S,5.9,3.0,1.0,1.0,263.0,117.0,1910.0,-37.7753,144.9116
4,h,1100000.0,VB,5.9,4.0,2.0,5.0,559.0,195.0,1920.0,-37.7791,144.9136
3,h,1255000.0,S,5.9,3.0,2.0,2.0,308.0,,,-37.7759,144.9338
2,u,432000.0,S,5.9,2.0,1.0,1.0,0.0,62.0,1978.0,-37.773,144.9303
4,h,1640000.0,S,5.9,4.0,3.0,2.0,562.0,204.0,1890.0,-37.782,144.903
6,h,1430000.0,S,5.9,4.0,2.0,1.0,461.0,286.0,1900.0,-37.78,144.9295
2,u,610000.0,SP,5.9,2.0,1.0,1.0,301.0,104.0,1995.0,-37.7791,144.914
3,h,940000.0,S,5.9,3.0,3.0,1.0,491.0,127.0,1950.0,-37.7727,144.9136
3,h,890000.0,SP,5.9,3.0,1.0,1.0,242.0,110.0,1920.0,-37.7765,144.9114
3,h,1180000.0,SP,5.9,3.0,2.0,2.0,617.0,149.0,1930.0,-37.7742,144.906
4,h,1480000.0,S,5.9,4.0,2.0,2.0,597.0,180.0,1939.0,-37.7757,144.9088
2,h,1150000.0,S,5.9,2.0,1.0,1.0,387.0,,,-37.7734,144.9191
3,h,1350000.0,S,5.9,3.0,1.0,3.0,575.0,,,-37.7828,144.9049
5,h,1905000.0,S,5.9,5.0,2.0,2.0,521.0,,,-37.7778,144.9261
2,t,865000.0,SP,5.9,2.0,2.0,1.0,146.0,132.0,2015.0,-37.7713,144.9038
2,t,705000.0,S,5.9,2.0,2.0,1.0,113.0,,1998.0,-37.7712,144.9088
2,u,442000.0,S,5.9,2.0,1.0,1.0,0.0,62.0,1975.0,-37.7733,144.9219
2,u,540000.0,S,5.9,2.0,2.0,1.0,0.0,,,-37.7786,144.9141
3,h,1037500.0,S,5.9,3.0,1.0,2.0,506.0,110.0,1920.0,-37.7779,144.9133
3,t,1050000.0,S,5.9,3.0,2.0,2.0,318.0,160.0,2013.0,-37.7744,144.9035
2,u,440000.0,S,5.9,2.0,1.0,1.0,0.0,65.0,1970.0,-37.7749,144.9137
2,h,1010000.0,S,5.9,2.0,1.0,1.0,325.0,,,-37.7722,144.9117
4,h,1430000.0,S,5.9,4.0,2.0,0.0,418.0,158.0,1900.0,-37.7766,144.9187
2,u,570000.0,VB,5.9,2.0,1.0,1.0,0.0,,,-37.7779,144.9137
2,u,690000.0,S,5.9,2.0,1.0,1.0,0.0,,,-37.7728,144.9169
3,h,1291000.0,S,5.9,3.0,1.0,2.0,414.0,,,-37.7766,144.9185
3,h,1130000.0,S,5.9,3.0,2.0,1.0,272.0,157.0,1900.0,-37.7774,144.928
3,h,1135000.0,S,5.9,3.0,1.0,1.0,296.0,104.0,1910.0,-37.777,144.9176
4,h,950000.0,PI,5.9,4.0,2.0,1.0,298.0,147.0,1920.0,-37.7778,144.9131
3,u,790000.0,PI,5.9,3.0,2.0,1.0,0.0,148.0,,-37.7722,144.9163
2,u,390000.0,PI,5.9,2.0,1.0,1.0,1957.0,69.0,2012.0,-37.7731,144.9074
4,h,1345000.0,S,5.9,4.0,1.0,1.0,552.0,155.0,1920.0,-37.7769,144.9138
3,h,1381500.0,S,5.9,3.0,2.0,2.0,416.0,168.0,1900.0,-37.7727,144.9055
3,h,940000.0,S,5.9,3.0,2.0,2.0,285.0,172.0,2011.0,-37.7778,144.9061
3,h,995000.0,S,5.9,3.0,2.0,1.0,314.0,177.0,2010.0,-37.7778,144.9042
3,h,1050000.0,SP,5.9,3.0,1.0,3.0,536.0,,,-37.7728,144.9076
3,h,786000.0,S,5.9,3.0,2.0,1.0,576.0,120.0,1940.0,-37.7816,144.9217
2,h,705000.0,PI,5.9,2.0,1.0,3.0,252.0,108.0,1910.0,-37.7825,144.9206
2,h,760000.0,PI,5.9,2.0,1.0,1.0,124.0,77.0,1900.0,-37.7807,144.9285
3,u,487500.0,S,5.9,3.0,1.0,3.0,0.0,,1972.0,-37.7723,144.9094
3,t,1000000.0,S,5.9,3.0,2.0,2.0,200.0,144.0,2003.0,-37.7766,144.9277
4,h,1110000.0,PI,5.9,4.0,2.0,1.0,349.0,,1920.0,-37.7775,144.91299999999995
4,h,1300000.0,PI,5.9,4.0,1.0,4.0,664.0,,,-37.7765,144.9132
3,h,1060000.0,PI,5.9,3.0,1.0,1.0,555.0,,,-37.7767,144.9125
3,h,1410000.0,PI,5.9,3.0,2.0,2.0,459.0,,,-37.7767,144.9124
3,h,1305000.0,S,5.9,2.0,1.0,1.0,278.0,166.0,1900.0,-37.7768,144.9223
3,h,932500.0,S,5.9,3.0,2.0,1.0,254.0,,,-37.7738,144.9215
3,h,965000.0,S,5.9,3.0,1.0,0.0,216.0,,,-37.7792,144.9297
3,h,1215000.0,S,5.9,3.0,1.0,1.0,452.0,175.0,1960.0,-37.7762,144.9174
2,u,545000.0,S,5.9,2.0,1.0,2.0,194.0,71.0,1900.0,-37.7772,144.9118
4,h,1705000.0,S,5.9,4.0,2.0,4.0,598.0,273.0,2012.0,-37.7774,144.9104
3,h,970000.0,S,5.9,2.0,1.0,1.0,194.0,,,-37.7756,144.921
2,h,925000.0,S,5.9,2.0,1.0,1.0,407.0,,,-37.7756,144.9105
4,h,2650000.0,S,11.0,4.0,3.0,2.0,753.0,399.0,2015.0,-37.8669,145.0767
3,h,1670000.0,S,11.0,3.0,2.0,2.0,599.0,220.0,1930.0,-37.8673,145.0688
3,t,955000.0,S,11.0,3.0,2.0,2.0,203.0,,,-37.8655,145.0807
3,t,2050000.0,S,11.0,3.0,3.0,4.0,310.0,315.0,2014.0,-37.874,145.0714
2,u,500000.0,VB,11.0,2.0,1.0,1.0,710.0,,2010.0,-37.8636,145.0794
2,h,1575000.0,S,11.0,2.0,1.0,2.0,679.0,,,-37.869,145.0822
3,h,1555000.0,S,11.0,3.0,2.0,2.0,731.0,149.0,1935.0,-37.8666,145.0676
3,h,1100000.0,PI,11.0,3.0,3.0,2.0,276.0,178.0,2004.0,-37.8699,145.0778
3,h,1337000.0,S,11.0,3.0,1.0,2.0,583.0,112.0,1950.0,-37.8685,145.0786
8,h,2950000.0,S,11.0,9.0,7.0,4.0,1472.0,618.0,2009.0,-37.8729,145.0788
4,h,2215000.0,SP,11.0,4.0,2.0,1.0,681.0,,1940.0,-37.8612,145.0858
3,h,1518000.0,S,11.0,3.0,2.0,2.0,516.0,145.0,1920.0,-37.8675,145.0668
3,h,1710000.0,S,11.0,3.0,1.0,2.0,806.0,101.0,1950.0,-37.8695,145.084
3,h,1655000.0,S,11.0,3.0,1.0,3.0,780.0,152.0,1940.0,-37.8599,145.0815
4,h,1550000.0,VB,11.0,4.0,2.0,2.0,780.0,180.0,1938.0,-37.86,145.0817
3,h,1662000.0,S,11.0,3.0,2.0,2.0,351.0,228.0,2006.0,-37.8742,145.07
3,h,1665000.0,S,11.0,3.0,2.0,3.0,702.0,145.0,1945.0,-37.8737,145.0695
2,h,1445000.0,S,11.0,2.0,1.0,2.0,704.0,,,-37.8745,145.0738
5,h,3510000.0,S,11.0,5.0,5.0,2.0,755.0,444.0,2015.0,-37.8598,145.0796
3,t,968000.0,S,11.0,3.0,1.0,1.0,227.0,,,-37.8709,145.0857
3,t,900000.0,S,11.0,3.0,2.0,2.0,153.0,110.0,1990.0,-37.8655,145.0808
3,h,1500000.0,S,11.0,3.0,1.0,2.0,545.0,,,-37.8605,145.0833
5,h,2752000.0,S,11.0,6.0,4.0,2.0,1075.0,390.0,2010.0,-37.8714,145.07299999999995
3,h,1500000.0,VB,11.0,3.0,2.0,2.0,710.0,139.0,1945.0,-37.8653,145.0897
4,h,1800000.0,S,11.0,4.0,2.0,4.0,749.0,206.0,1950.0,-37.8669,145.077
3,h,1830000.0,S,11.0,3.0,2.0,3.0,724.0,168.0,1940.0,-37.8619,145.0879
3,h,1415000.0,S,11.0,3.0,1.0,1.0,605.0,111.0,1950.0,-37.8703,145.0774
2,h,1440000.0,PI,11.0,2.0,1.0,1.0,687.0,104.0,1940.0,-37.872,145.0692
4,t,1250000.0,VB,11.0,4.0,2.0,2.0,321.0,199.0,2007.0,-37.8693,145.08
3,h,1422000.0,S,11.0,3.0,1.0,2.0,583.0,,,-37.8679,145.0781
5,h,1600000.0,S,11.0,5.0,3.0,4.0,700.0,266.0,1950.0,-37.8724,145.0758
4,h,1860000.0,S,11.0,4.0,2.0,3.0,696.0,274.0,2000.0,-37.8711,145.0746
3,t,1710000.0,S,11.0,3.0,2.0,2.0,295.0,,1990.0,-37.8624,145.0798
4,h,1790000.0,PI,11.0,4.0,2.0,2.0,514.0,240.0,1935.0,-37.8664,145.0772
4,h,1950000.0,S,11.0,4.0,2.0,2.0,844.0,278.0,1940.0,-37.8715,145.0688
3,h,1600000.0,S,11.0,3.0,1.0,2.0,637.0,,,-37.8645,145.0797
3,h,1320000.0,PI,11.0,3.0,1.0,2.0,1063.0,,,-37.8752,145.0754
3,h,1650000.0,S,11.0,3.0,1.0,1.0,697.0,164.0,1947.0,-37.8636,145.0903
2,h,995000.0,S,12.2,2.0,1.0,1.0,583.0,,1950.0,-37.8693,145.1082
3,h,1250000.0,S,12.2,3.0,1.0,1.0,842.0,,,-37.867,145.1092
3,u,1045000.0,S,12.2,3.0,2.0,2.0,467.0,,,-37.8639,145.0968
4,h,1200000.0,SP,12.2,4.0,3.0,2.0,372.0,201.0,2016.0,-37.8716,145.0999
2,h,1075000.0,VB,12.2,2.0,1.0,2.0,695.0,114.0,1950.0,-37.8694,145.0944
4,h,1500000.0,S,12.2,2.0,2.0,2.0,621.0,203.0,2000.0,-37.8647,145.1023
3,h,1120000.0,S,12.2,3.0,1.0,2.0,723.0,,,-37.8642,145.1109
2,t,700000.0,S,12.2,2.0,1.0,2.0,367.0,110.0,1970.0,-37.8662,145.109
3,h,761000.0,PI,12.2,3.0,2.0,4.0,400.0,94.0,1950.0,-37.8675,145.106
4,h,1270000.0,SP,12.2,4.0,2.0,1.0,724.0,,,-37.8651,145.1109
4,h,1510000.0,S,12.2,4.0,2.0,2.0,526.0,,,-37.8661,145.1013
3,h,1365000.0,S,12.2,3.0,1.0,1.0,792.0,792.0,1950.0,-37.864,145.0972
4,h,1100000.0,VB,12.2,3.0,2.0,2.0,803.0,152.0,1970.0,-37.8621,145.1126
4,h,1415000.0,S,12.2,4.0,3.0,2.0,724.0,,,-37.8651,145.1107
2,u,690000.0,S,12.2,2.0,1.0,1.0,216.0,90.0,2003.0,-37.8711,145.1017
3,h,1631000.0,S,12.2,3.0,2.0,3.0,782.0,215.0,1950.0,-37.8621,145.1021
4,h,1500000.0,S,12.2,4.0,2.0,1.0,593.0,255.0,1930.0,-37.8655,145.096
3,h,1060000.0,S,12.2,2.0,1.0,2.0,772.0,,,-37.8707,145.1036
5,h,1529500.0,S,12.2,5.0,3.0,2.0,585.0,317.0,2000.0,-37.8637,145.1024
2,u,600000.0,S,12.2,2.0,1.0,1.0,153.0,80.0,1970.0,-37.8696,145.0962
2,u,535000.0,S,12.2,2.0,1.0,1.0,72.0,,,-37.8702,145.1042
3,h,785000.0,S,12.2,3.0,1.0,1.0,557.0,,1960.0,-37.8671,145.1117
4,h,1240000.0,S,12.2,4.0,2.0,2.0,766.0,192.0,1950.0,-37.8629,145.1097
2,u,700000.0,S,12.2,2.0,1.0,2.0,192.0,88.0,2007.0,-37.8709,145.102
4,h,1350000.0,S,12.2,4.0,2.0,1.0,727.0,,,-37.8669,145.1106
2,h,1110000.0,S,12.2,2.0,1.0,1.0,586.0,86.0,1950.0,-37.8683,145.1082
3,h,1305000.0,S,12.2,3.0,1.0,1.0,760.0,120.0,1960.0,-37.858,145.1038
3,h,855000.0,S,12.2,3.0,2.0,1.0,320.0,85.0,1958.0,-37.87,145.1103
3,t,900500.0,S,12.2,3.0,2.0,2.0,256.0,134.0,2012.0,-37.8655,145.1096
3,h,1200000.0,VB,12.2,3.0,2.0,2.0,839.0,198.0,1970.0,-37.8614,145.1098
3,t,830000.0,S,12.2,2.0,1.0,2.0,212.0,130.0,2012.0,-37.8723,145.1089
3,h,850000.0,S,10.5,3.0,1.0,1.0,593.0,118.0,1970.0,-37.7677,144.8674
3,h,750000.0,SP,10.5,3.0,1.0,1.0,0.0,103.0,1980.0,-37.7634,144.8611
3,t,851000.0,S,10.5,3.0,3.0,1.0,557.0,181.0,2017.0,-37.77,144.8572
3,h,848000.0,S,10.5,3.0,1.0,2.0,542.0,,,-37.7706,144.8629
4,h,806000.0,S,10.5,4.0,2.0,1.0,350.0,,2008.0,-37.7676,144.859
4,h,1155000.0,S,10.5,3.0,2.0,2.0,569.0,225.0,2008.0,-37.7654,144.8655
3,h,670000.0,VB,10.5,3.0,2.0,2.0,671.0,,,-37.7593,144.871
4,h,1200000.0,S,10.5,4.0,5.0,4.0,673.0,,,-37.7545,144.8736
3,h,636000.0,S,10.5,2.0,1.0,2.0,571.0,,,-37.7605,144.8581
3,h,680000.0,S,10.5,3.0,1.0,2.0,570.0,120.0,1970.0,-37.7591,144.8542
4,h,1160000.0,S,10.5,4.0,3.0,2.0,789.0,,,-37.7537,144.8729
3,h,750000.0,S,10.5,3.0,1.0,1.0,529.0,,,-37.7721,144.8576
3,h,627500.0,SP,10.5,3.0,1.0,1.0,550.0,143.0,1970.0,-37.7632,144.8622
3,t,880000.0,S,10.5,3.0,2.0,2.0,339.0,,,-37.7519,144.8534
4,h,950000.0,S,10.5,4.0,3.0,3.0,761.0,281.0,1970.0,-37.7524,144.8714
4,h,1600000.0,PI,10.5,4.0,3.0,3.0,1801.0,,,-37.7532,144.8766
2,t,585000.0,S,10.5,2.0,1.0,1.0,136.0,,2012.0,-37.7623,144.8613
3,h,650000.0,SP,10.5,3.0,1.0,3.0,574.0,,,-37.7627,144.857
3,h,725000.0,SP,10.5,3.0,1.0,4.0,606.0,,,-37.752,144.85399999999996
3,u,665000.0,S,10.5,3.0,2.0,1.0,289.0,,,-37.7644,144.8657
3,h,560500.0,S,10.5,3.0,1.0,1.0,177.0,,,-37.7664,144.8583
3,h,615000.0,SP,10.5,3.0,1.0,2.0,649.0,,,-37.758,144.86
3,h,845000.0,S,10.5,3.0,1.0,3.0,704.0,,,-37.7681,144.8592
3,h,585000.0,SA,10.5,3.0,1.0,2.0,322.0,,,-37.7686,144.8576
2,u,440000.0,S,10.5,2.0,1.0,1.0,263.0,,1999.0,-37.7697,144.8657
3,h,850000.0,S,10.5,3.0,1.0,2.0,766.0,149.0,,-37.7522,144.8518
5,h,850000.0,SP,10.5,5.0,2.0,4.0,574.0,,,-37.7639,144.8615
3,h,705000.0,S,10.5,3.0,1.0,1.0,581.0,106.0,1960.0,-37.7691,144.8575
4,h,1100000.0,VB,10.5,4.0,3.0,2.0,873.0,395.0,1992.0,-37.7609,144.8639
3,h,892500.0,S,10.5,3.0,1.0,1.0,586.0,118.0,1965.0,-37.7642,144.8603
3,h,695000.0,S,10.5,3.0,1.0,2.0,588.0,,,-37.771,144.8586
2,h,522500.0,S,10.5,2.0,1.0,1.0,220.0,101.0,1995.0,-37.756,144.8641
4,h,680000.0,PI,10.5,4.0,2.0,2.0,554.0,140.0,1960.0,-37.7649,144.8633
3,u,500000.0,S,10.5,3.0,1.0,1.0,260.0,,1990.0,-37.7507,144.8576
2,t,550000.0,SP,10.5,2.0,1.0,2.0,158.0,,1993.0,-37.7592,144.8681
3,h,730000.0,S,10.5,3.0,2.0,2.0,705.0,,,-37.766,144.8596
3,h,875000.0,S,10.5,3.0,1.0,3.0,812.0,117.0,1960.0,-37.765,144.8578
3,h,850000.0,SP,10.5,3.0,2.0,8.0,585.0,,,-37.751,144.8571
3,h,635000.0,SP,10.5,3.0,1.0,1.0,597.0,,,-37.7568,144.8572
4,h,762000.0,S,10.5,4.0,2.0,2.0,589.0,150.0,1961.0,-37.7573,144.8534
2,u,411000.0,PI,10.5,2.0,1.0,1.0,0.0,85.0,1995.0,-37.7608,144.863
4,h,790000.0,S,10.5,4.0,2.0,2.0,570.0,,,-37.7513,144.859
4,h,605000.0,S,10.5,4.0,1.0,0.0,569.0,,,-37.7563,144.8601
3,h,805000.0,S,10.5,3.0,2.0,2.0,593.0,103.0,1970.0,-37.7607,144.8581
4,h,890000.0,S,10.5,4.0,2.0,4.0,585.0,,1960.0,-37.757,144.8566
3,h,795000.0,S,10.5,3.0,1.0,1.0,549.0,,,-37.7644,144.8575
3,h,634000.0,S,10.5,4.0,2.0,1.0,582.0,153.0,1950.0,-37.7584,144.8568
3,h,642000.0,SP,10.5,3.0,1.0,1.0,590.0,,1960.0,-37.7567,144.8572
3,h,863000.0,S,10.5,3.0,2.0,3.0,638.0,,,-37.7546,144.8585
3,h,740000.0,SP,10.5,3.0,1.0,2.0,607.0,,,-37.7546,144.857
4,h,1819000.0,S,6.6,3.0,2.0,1.0,244.0,180.0,1900.0,-37.8668,144.9928
2,u,410000.0,PI,6.6,2.0,1.0,2.0,0.0,61.0,1965.0,-37.8731,144.9958
1,u,280000.0,VB,6.6,1.0,1.0,1.0,0.0,,,-37.8733,144.997
2,t,1015000.0,S,6.6,2.0,1.0,2.0,114.0,120.0,2000.0,-37.8723,144.9961
2,u,502500.0,S,6.6,2.0,1.0,1.0,0.0,65.0,1960.0,-37.8725,144.9952
2,u,520000.0,S,6.6,2.0,1.0,0.0,0.0,58.0,1970.0,-37.8742,144.9972
2,u,442000.0,SP,6.6,2.0,1.0,1.0,0.0,61.0,1960.0,-37.8726,144.9962
3,h,1193000.0,S,6.6,3.0,1.0,1.0,178.0,100.0,1920.0,-37.8663,144.9948
2,u,416000.0,S,6.6,2.0,1.0,1.0,0.0,49.0,1960.0,-37.8678,144.9966
2,u,820000.0,S,6.6,2.0,1.0,1.0,0.0,,,-37.8691,144.9974
2,u,474000.0,S,6.6,2.0,1.0,1.0,0.0,59.0,1970.0,-37.8667,144.9917
2,h,981000.0,S,6.6,2.0,1.0,0.0,159.0,84.0,1930.0,-37.874,144.9933
3,h,1690000.0,S,6.6,3.0,2.0,2.0,339.0,159.0,1890.0,-37.872,144.9909
2,u,540000.0,VB,6.6,2.0,1.0,1.0,483.0,51.0,1970.0,-37.8727,144.9969
3,h,1080000.0,S,6.6,3.0,1.0,1.0,157.0,,1928.0,-37.8696,144.9925
1,u,500000.0,SP,6.6,1.0,1.0,0.0,0.0,,,-37.87300000000001,144.9907
2,u,497500.0,PI,6.6,2.0,0.0,0.0,0.0,,,-37.8739,144.9929
2,h,2100000.0,S,9.7,2.0,1.0,1.0,659.0,123.0,1920.0,-37.8094,145.0807
4,h,1800000.0,VB,9.7,4.0,2.0,2.0,715.0,218.0,1985.0,-37.811,145.0958
2,t,1255000.0,S,9.7,2.0,1.0,1.0,208.0,129.0,2000.0,-37.8128,145.0975
3,u,1070000.0,SA,9.7,3.0,2.0,2.0,206.0,112.0,1998.0,-37.8161,145.0812
5,h,2570000.0,PI,9.7,5.0,3.0,2.0,715.0,420.0,2009.0,-37.8028,145.0768
4,h,2400000.0,VB,9.7,4.0,2.0,2.0,744.0,226.0,1985.0,-37.8147,145.0748
3,h,2200000.0,S,9.7,3.0,3.0,2.0,651.0,266.0,,-37.8085,145.0764
5,h,3250000.0,PI,9.7,5.0,5.0,2.0,651.0,410.0,,-37.8071,145.0908
2,u,806000.0,S,9.7,2.0,1.0,1.0,122.0,97.0,1977.0,-37.8124,145.0916
6,h,4000000.0,VB,9.7,6.0,4.0,7.0,2051.0,449.0,1935.0,-37.8051,145.1016
2,h,1215000.0,S,9.7,2.0,2.0,2.0,0.0,,,-37.8134,145.0972
5,h,2250000.0,PI,9.7,5.0,3.0,2.0,600.0,356.0,2006.0,-37.8061,145.0801
2,u,812000.0,S,9.7,2.0,1.0,1.0,206.0,,,-37.8092,145.0778
3,h,1140000.0,S,9.7,3.0,2.0,2.0,175.0,,1976.0,-37.8162,145.0771
3,h,2330000.0,S,9.7,3.0,2.0,1.0,853.0,,,-37.807,145.0635
5,h,2800000.0,VB,9.7,5.0,3.0,2.0,678.0,349.0,2001.0,-37.8048,145.0708
2,u,605000.0,S,9.7,2.0,1.0,1.0,0.0,,,-37.8152,145.0843
3,h,1255000.0,PI,9.7,3.0,2.0,2.0,308.0,,,-37.8056,145.0788
2,h,1850000.0,VB,9.7,3.0,1.0,1.0,1015.0,166.0,1930.0,-37.8074,145.0826
2,u,805000.0,S,9.7,3.0,1.0,1.0,209.0,,1975.0,-37.8125,145.0901
3,h,700000.0,VB,9.7,3.0,1.0,1.0,188.0,110.0,1970.0,-37.8065,145.065
4,h,2130000.0,PI,9.7,4.0,2.0,2.0,664.0,,,-37.8055,145.0699
2,h,500000.0,S,9.7,2.0,1.0,1.0,0.0,72.0,1960.0,-37.8162,145.0841
3,h,2125000.0,SP,9.7,3.0,2.0,2.0,699.0,252.0,1985.0,-37.814,145.0966
4,h,1800000.0,PI,9.7,3.0,2.0,2.0,577.0,200.0,1948.0,-37.8032,145.0693
2,u,635000.0,S,9.7,2.0,1.0,1.0,0.0,70.0,2014.0,-37.8116,145.0724
2,u,526000.0,S,9.7,2.0,1.0,1.0,0.0,73.0,1960.0,-37.8144,145.0993
1,h,390000.0,VB,9.7,1.0,1.0,1.0,740.0,,,-37.8125,145.0775
3,h,905000.0,S,9.7,3.0,1.0,2.0,281.0,150.0,1995.0,-37.8013,145.0652
4,h,1750000.0,PI,9.7,4.0,3.0,2.0,453.0,308.0,2016.0,-37.8044,145.1006
2,t,760000.0,S,9.7,2.0,1.0,1.0,121.0,100.0,1960.0,-37.8112,145.0881
4,h,3180000.0,S,9.7,4.0,3.0,4.0,1148.0,,,-37.8088,145.0991
3,t,1367000.0,S,9.7,3.0,2.0,2.0,219.0,164.0,2003.0,-37.8125,145.0849
5,h,3600000.0,SP,9.7,5.0,3.0,2.0,678.0,,,-37.8063,145.0705
5,h,2550000.0,S,9.7,5.0,3.0,2.0,642.0,,1930.0,-37.8096,145.0735
4,t,1400000.0,PI,9.7,4.0,3.0,2.0,241.0,240.0,2009.0,-37.8042,145.1042
4,h,3270000.0,S,9.7,4.0,2.0,4.0,935.0,241.0,1927.0,-37.8157,145.0795
2,u,625000.0,PI,9.7,2.0,1.0,1.0,115.0,104.0,1960.0,-37.8122,145.0879
2,t,700000.0,VB,9.7,2.0,1.0,1.0,104.0,,,-37.8061,145.0878
3,h,1860000.0,S,9.7,3.0,1.0,4.0,671.0,465.0,,-37.8117,145.0775
4,h,2730000.0,S,9.7,4.0,3.0,2.0,674.0,336.0,1997.0,-37.8068,145.0786
5,h,2020000.0,S,9.7,5.0,2.0,2.0,611.0,,,-37.8116,145.0789
2,u,460000.0,VB,9.7,2.0,1.0,1.0,0.0,79.0,1950.0,-37.8152,145.0839
4,h,2250000.0,SA,9.7,3.0,1.0,2.0,832.0,,,-37.8068,145.0827
2,u,1053000.0,S,9.7,2.0,1.0,2.0,231.0,98.0,1985.0,-37.8123,145.0821
3,h,1800000.0,VB,9.7,3.0,2.0,2.0,380.0,,1980.0,-37.8161,145.0772
3,t,1472000.0,S,9.7,3.0,2.0,2.0,306.0,170.0,1995.0,-37.8106,145.0848
3,h,2120000.0,S,9.7,3.0,1.0,2.0,651.0,,,-37.8036,145.0715
3,h,1910000.0,S,9.7,3.0,1.0,2.0,697.0,,,-37.8044,145.0853
2,u,754000.0,PI,9.7,2.0,1.0,1.0,87.0,88.0,1990.0,-37.8134,145.08100000000005
5,h,3000000.0,VB,9.7,5.0,5.0,2.0,671.0,,,-37.8025,145.0665
5,h,3400000.0,VB,9.7,5.0,6.0,4.0,739.0,502.0,,-37.8039,145.0714
4,h,2188000.0,S,9.7,4.0,2.0,2.0,752.0,253.0,1981.0,-37.8149,145.0747
2,u,755000.0,PI,9.7,2.0,1.0,1.0,213.0,92.0,1980.0,-37.8092,145.0789
4,h,2900000.0,VB,9.7,4.0,3.0,2.0,596.0,,,-37.815,145.076
4,h,3290000.0,S,9.7,4.0,3.0,2.0,1007.0,350.0,1910.0,-37.8135,145.0995
5,h,2665000.0,S,9.7,4.0,3.0,2.0,674.0,,,-37.8095,145.0782
4,h,1801000.0,S,9.7,4.0,2.0,2.0,583.0,,,-37.8027,145.0694
4,h,2410000.0,S,9.7,4.0,2.0,1.0,685.0,207.0,1940.0,-37.8056,145.071
2,u,650000.0,S,9.7,2.0,1.0,1.0,0.0,150.0,1960.0,-37.8147,145.084
4,h,2275000.0,VB,9.7,4.0,2.0,1.0,842.0,,,-37.8054,145.0771
5,h,2810000.0,PI,9.7,5.0,3.0,4.0,1468.0,,,-37.8131,145.1
3,t,1385000.0,S,9.7,3.0,2.0,2.0,190.0,,,-37.8164,145.0846
4,h,2000000.0,PI,9.7,3.0,1.0,2.0,739.0,291.0,1930.0,-37.8039,145.0631
4,h,1900000.0,S,9.7,4.0,2.0,1.0,665.0,155.0,1940.0,-37.8057,145.0825
3,h,3401000.0,S,9.7,3.0,2.0,1.0,706.0,166.0,1930.0,-37.8161,145.0748
3,h,1750000.0,VB,9.7,3.0,2.0,3.0,613.0,193.0,1943.0,-37.8056,145.0688
5,h,4000000.0,VB,9.7,5.0,4.0,3.0,1437.0,,,-37.8058,145.0882
3,t,1100000.0,S,9.7,3.0,2.0,1.0,259.0,,1940.0,-37.8161,145.0809
5,h,3020000.0,PI,9.7,5.0,3.0,2.0,715.0,420.0,2009.0,-37.8028,145.0768
3,h,2950000.0,S,9.7,4.0,2.0,2.0,650.0,,,-37.8167,145.0797
5,h,2450000.0,S,9.7,4.0,2.0,2.0,981.0,260.0,1960.0,-37.8058,145.0627
3,h,1912000.0,S,9.7,2.0,1.0,2.0,844.0,,,-37.8037,145.0636
2,u,730000.0,S,9.7,2.0,1.0,1.0,130.0,80.0,1960.0,-37.812,145.0876
5,h,3900000.0,PI,9.7,5.0,7.0,6.0,0.0,,,-37.8049,145.0748
3,h,1500000.0,SP,9.7,3.0,2.0,2.0,404.0,190.0,2011.0,-37.8075,145.1011
3,h,1850000.0,S,9.7,3.0,1.0,1.0,607.0,,1950.0,-37.8058,145.0781
4,h,1700000.0,VB,9.7,3.0,1.0,1.0,672.0,115.0,1935.0,-37.8099,145.0792
2,h,1010000.0,PI,9.7,2.0,0.0,0.0,1611.0,,,-37.8092,145.1016
3,t,1315000.0,S,9.2,3.0,2.0,2.0,260.0,167.0,2000.0,-37.7966,145.1021
3,h,1500000.0,PI,9.2,3.0,2.0,1.0,778.0,154.0,1950.0,-37.7939,145.0789
4,h,3230000.0,S,9.2,4.0,4.0,3.0,1135.0,275.0,1960.0,-37.8014,145.0892
2,h,1080000.0,S,9.2,2.0,1.0,1.0,253.0,,,-37.7912,145.085
7,h,1350000.0,PI,9.2,7.0,2.0,0.0,942.0,,,-37.7923,145.1029
4,h,1905000.0,S,9.2,4.0,2.0,2.0,647.0,185.0,1955.0,-37.7917,145.0868
5,h,3300000.0,PI,9.2,5.0,4.0,2.0,760.0,477.0,2015.0,-37.7907,145.0907
4,h,1900000.0,VB,9.2,4.0,2.0,2.0,642.0,215.0,1955.0,-37.7988,145.0726
3,h,2251000.0,S,9.2,3.0,1.0,2.0,888.0,137.0,1950.0,-37.8002,145.0949
4,h,2205000.0,PI,9.2,4.0,2.0,2.0,750.0,214.0,1950.0,-37.7906,145.0788
3,h,1265000.0,S,9.2,3.0,2.0,1.0,347.0,160.0,2011.0,-37.7947,145.1035
3,h,2000000.0,S,9.2,3.0,1.0,3.0,772.0,,,-37.7938,145.0732
4,h,1750000.0,S,9.2,4.0,2.0,2.0,673.0,185.0,1960.0,-37.7856,145.0918
3,h,1450000.0,VB,9.2,3.0,1.0,2.0,665.0,124.0,1950.0,-37.7862,145.0781
4,h,2614000.0,S,9.2,4.0,2.0,2.0,772.0,150.0,1955.0,-37.7959,145.0787
4,h,1825000.0,S,9.2,4.0,2.0,3.0,736.0,225.0,1958.0,-37.7944,145.1028
4,h,2550000.0,S,9.2,4.0,1.0,4.0,847.0,,,-37.7954,145.0838
4,h,1570000.0,SP,9.2,4.0,2.0,1.0,546.0,,,-37.7863,145.0905
5,h,3250000.0,PI,9.2,3.0,4.0,2.0,886.0,520.0,2013.0,-37.804,145.0951
4,h,1750000.0,PI,9.2,4.0,3.0,3.0,667.0,,,-37.7898,145.079
3,t,1150000.0,S,9.2,3.0,2.0,1.0,207.0,144.0,2003.0,-37.7893,145.092
3,h,1575000.0,PI,9.2,3.0,2.0,2.0,645.0,,1953.0,-37.7851,145.0957
6,h,1505000.0,S,9.2,4.0,2.0,2.0,724.0,,,-37.8021,145.0985
4,h,1572000.0,S,9.2,4.0,2.0,2.0,662.0,330.0,1965.0,-37.798,145.1007
4,h,1500000.0,VB,9.2,3.0,2.0,2.0,610.0,,,-37.784,145.0878
4,t,1400000.0,S,9.2,4.0,2.0,1.0,283.0,,,-37.7982,145.0688
5,h,1750000.0,VB,9.2,5.0,3.0,2.0,705.0,365.0,2013.0,-37.7851,145.0775
4,h,1850000.0,VB,9.2,4.0,2.0,2.0,619.0,254.0,1990.0,-37.8025,145.0843
3,h,1480000.0,PI,9.2,3.0,1.0,2.0,992.0,,,-37.7977,145.1037
4,h,1400000.0,PI,9.2,4.0,2.0,2.0,714.0,,,-37.8007,145.1002
4,h,2130000.0,PI,9.2,4.0,3.0,2.0,1274.0,275.0,1970.0,-37.7822,145.0907
3,u,1050000.0,S,9.2,3.0,2.0,2.0,244.0,,,-37.7933,145.0672
5,h,3690000.0,S,9.2,4.0,4.0,2.0,624.0,154.0,1967.0,-37.802,145.0797
4,h,1740000.0,VB,9.2,4.0,2.0,2.0,610.0,275.0,1993.0,-37.7843,145.0891
4,h,2575000.0,PI,9.2,4.0,3.0,2.0,657.0,355.0,2006.0,-37.7981,145.0904
4,h,1388800.0,S,9.2,3.0,2.0,1.0,517.0,247.0,1970.0,-37.783,145.0926
4,h,1702000.0,PI,9.2,4.0,2.0,2.0,715.0,,1939.0,-37.7943,145.083
4,h,1800000.0,VB,9.2,4.0,2.0,4.0,587.0,165.0,1960.0,-37.7841,145.0953
4,h,2910000.0,S,9.2,4.0,3.0,2.0,1070.0,247.0,1992.0,-37.7975,145.0716
2,h,1400000.0,S,9.2,2.0,1.0,1.0,694.0,,,-37.7941,145.1042
2,t,860000.0,S,9.2,2.0,2.0,2.0,204.0,,,-37.8008,145.10399999999996
4,h,1670000.0,SP,9.2,4.0,3.0,2.0,689.0,,,-37.7871,145.0843
5,h,1500000.0,S,9.2,3.0,1.0,1.0,800.0,,1950.0,-37.8023,145.0976
5,h,2200000.0,VB,9.2,5.0,3.0,2.0,900.0,355.0,1955.0,-37.7868,145.0677
4,h,1350000.0,VB,9.2,4.0,2.0,2.0,815.0,,,-37.794,145.1019
5,h,2070000.0,SP,9.2,5.0,2.0,1.0,1138.0,,,-37.7928,145.1006
3,h,1300000.0,S,9.2,3.0,1.0,2.0,464.0,,,-37.7945,145.0667
3,h,1700000.0,VB,9.2,3.0,2.0,3.0,763.0,168.0,1960.0,-37.7935,145.0865
3,h,1750000.0,VB,9.2,2.0,1.0,2.0,854.0,,1948.0,-37.7971,145.0672
3,h,980000.0,SP,9.2,3.0,1.0,1.0,542.0,,,-37.7832,145.0779
3,h,1230000.0,S,9.2,3.0,3.0,1.0,310.0,188.0,2012.0,-37.7949,145.1014
7,h,2600000.0,PI,9.2,5.0,3.0,3.0,637.0,529.0,2008.0,-37.7898,145.0967
4,h,1950000.0,S,9.2,3.0,3.0,2.0,665.0,232.0,1970.0,-37.7889,145.0904
5,h,1750000.0,PI,9.2,5.0,2.0,2.0,710.0,170.0,1955.0,-37.7907,145.0916
5,h,2000000.0,S,9.2,5.0,2.0,2.0,1002.0,244.0,1950.0,-37.796,145.0984
3,h,1480000.0,PI,9.2,3.0,1.0,4.0,605.0,116.0,1950.0,-37.7951,145.0696
4,h,3000000.0,PI,9.2,4.0,3.0,2.0,1247.0,50.0,,-37.7964,145.086
3,h,1818000.0,S,9.2,3.0,1.0,1.0,722.0,90.0,1930.0,-37.7956,145.0829
4,h,2170000.0,SP,9.2,4.0,2.0,2.0,1040.0,,,-37.7992,145.0907
4,h,2525000.0,PI,9.2,4.0,2.0,2.0,1235.0,196.0,1960.0,-37.7988,145.089
4,h,3360000.0,S,9.2,4.0,3.0,1.0,904.0,420.0,2003.0,-37.797,145.086
4,h,1620000.0,S,9.2,4.0,2.0,1.0,654.0,,1960.0,-37.7885,145.0854
3,h,1903000.0,S,9.2,3.0,1.0,2.0,713.0,720.0,1950.0,-37.7982,145.0816
4,h,1712000.0,S,9.2,3.0,2.0,2.0,639.0,,,-37.7879,145.0929
4,h,1720000.0,PI,9.2,4.0,3.0,2.0,869.0,170.0,1950.0,-37.8002,145.0999
4,h,1670000.0,S,9.2,4.0,1.0,4.0,1042.0,,,-37.7908,145.101
2,h,1350000.0,SP,9.2,2.0,1.0,2.0,467.0,,,-37.7945,145.067
4,h,1675000.0,S,9.2,4.0,2.0,2.0,667.0,201.0,1974.0,-37.7835,145.0883
4,t,1680000.0,S,9.2,4.0,3.0,1.0,362.0,200.0,2014.0,-37.7987,145.0788
3,h,1800000.0,PI,9.2,3.0,1.0,1.0,809.0,,,-37.7976,145.0684
4,h,1550000.0,S,9.2,4.0,3.0,4.0,707.0,,,-37.8005,145.0986
5,h,4000000.0,PI,9.2,5.0,5.0,4.0,1364.0,518.0,2013.0,-37.7961,145.0859
3,h,2900000.0,S,9.2,4.0,2.0,2.0,917.0,,,-37.7968,145.0873
4,h,2205000.0,S,9.2,4.0,2.0,2.0,1010.0,250.0,1950.0,-37.7982,145.0903
3,t,1137000.0,S,9.2,3.0,2.0,2.0,349.0,,,-37.7955,145.0694
3,h,2100000.0,VB,9.2,3.0,2.0,3.0,949.0,175.0,1940.0,-37.796,145.0696
2,h,1389000.0,S,9.2,2.0,1.0,4.0,701.0,,,-37.7867,145.0718
2,h,685000.0,SP,9.2,2.0,1.0,1.0,177.0,85.0,1975.0,-37.7935,145.0679
6,h,1900000.0,VB,9.2,6.0,1.0,6.0,691.0,5.0,,-37.8022,145.0775
3,h,1335000.0,S,9.2,3.0,2.0,2.0,368.0,177.0,2009.0,-37.7846,145.0935
3,h,1600000.0,VB,9.2,3.0,2.0,2.0,760.0,,,-37.7867,145.0797
3,h,1830000.0,S,9.2,3.0,2.0,2.0,493.0,,,-37.7938,145.0675
4,h,1900000.0,VB,9.2,4.0,2.0,4.0,587.0,165.0,1960.0,-37.7841,145.0953
5,h,1500000.0,VB,9.2,5.0,2.0,2.0,605.0,,,-37.7832,145.0796
2,u,735000.0,S,9.2,2.0,1.0,1.0,1075.0,,1970.0,-37.7953,145.0712
2,u,1040000.0,S,9.2,2.0,1.0,1.0,250.0,112.0,1995.0,-37.7996,145.0959
3,h,1520000.0,S,9.2,3.0,1.0,2.0,622.0,,,-37.7882,145.0882
4,h,1250000.0,VB,9.2,4.0,2.0,2.0,644.0,153.0,1950.0,-37.7997,145.0993
6,h,1900000.0,S,9.2,6.0,3.0,2.0,808.0,,1974.0,-37.7842,145.0921
5,h,1875000.0,PI,9.2,5.0,3.0,2.0,842.0,200.0,1961.0,-37.7854,145.0869
4,h,1530000.0,PI,9.2,4.0,2.0,2.0,701.0,198.0,1960.0,-37.7839,145.0954
4,h,1700000.0,VB,9.2,3.0,2.0,5.0,754.0,175.0,1960.0,-37.786,145.0886
3,t,1238000.0,S,9.2,3.0,2.0,2.0,186.0,,2010.0,-37.8028,145.0828
3,h,1320000.0,S,9.2,3.0,1.0,0.0,635.0,,1960.0,-37.7982,145.0839
2,u,560000.0,S,9.2,2.0,1.0,1.0,0.0,,1950.0,-37.7961,145.0808
3,h,1651000.0,S,9.2,3.0,1.0,2.0,657.0,151.0,1960.0,-37.7895,145.0985
5,h,1920000.0,S,9.2,5.0,3.0,2.0,900.0,355.0,1955.0,-37.7868,145.0677
5,h,1560000.0,S,9.2,5.0,2.0,3.0,845.0,199.0,1980.0,-37.7898,145.1021
5,h,1550000.0,VB,9.2,7.0,2.0,0.0,942.0,,,-37.7923,145.1029
3,h,1038000.0,S,9.2,3.0,2.0,1.0,207.0,144.0,2003.0,-37.7893,145.092
5,h,1660000.0,PI,9.2,4.0,3.0,2.0,737.0,193.0,1950.0,-37.7975,145.0961
3,h,1260000.0,PI,9.2,3.0,2.0,2.0,458.0,,1997.0,-37.7908,145.0991
3,h,2000000.0,VB,9.2,3.0,1.0,2.0,75100.0,,,-37.8002,145.07
4,h,2155000.0,S,9.2,4.0,2.0,3.0,620.0,,,-37.7985,145.0707
3,h,1225000.0,VB,9.2,3.0,2.0,2.0,282.0,,,-37.7936,145.0697
4,h,2150000.0,PI,9.2,4.0,2.0,2.0,730.0,,1960.0,-37.7993,145.0869
3,h,1770000.0,PI,9.2,3.0,2.0,1.0,720.0,147.0,1955.0,-37.7938,145.0838
2,u,691500.0,S,9.2,3.0,1.0,1.0,0.0,102.0,1968.0,-37.7938,145.0666
5,h,1836000.0,S,9.2,4.0,2.0,2.0,939.0,,1957.0,-37.7998,145.0862
2,u,636000.0,S,13.0,2.0,1.0,2.0,202.0,,1974.0,-37.9165,145.0259
2,h,1275000.0,S,13.0,2.0,1.0,2.0,599.0,,,-37.925,145.046
3,u,875000.0,S,13.0,3.0,1.0,2.0,348.0,121.0,1950.0,-37.9273,145.0479
3,t,895000.0,PI,13.0,3.0,2.0,2.0,362.0,,1997.0,-37.9336,145.043
2,h,1550000.0,S,13.0,2.0,1.0,4.0,730.0,,,-37.9207,145.0479
4,h,1420000.0,S,13.0,4.0,1.0,4.0,786.0,,,-37.9305,145.0449
3,h,1425000.0,S,13.0,3.0,2.0,2.0,613.0,143.0,1960.0,-37.9311,145.0428
2,t,851000.0,S,13.0,2.0,1.0,1.0,140.0,250.0,1970.0,-37.9204,145.0443
3,h,1222500.0,S,13.0,3.0,2.0,2.0,299.0,181.0,2000.0,-37.9272,145.0406
4,h,1260000.0,PI,13.0,4.0,2.0,2.0,793.0,,,-37.9232,145.0502
4,h,2700000.0,S,13.0,4.0,3.0,2.0,628.0,,,-37.9155,145.0401
3,t,900000.0,PI,13.0,3.0,2.0,1.0,418.0,,1925.0,-37.9172,145.0421
3,h,1100000.0,VB,13.0,3.0,2.0,2.0,0.0,,,-37.922,145.0302
7,h,1005000.0,S,13.0,7.0,3.0,4.0,607.0,,1950.0,-37.9269,145.047
3,h,1317500.0,S,13.0,3.0,1.0,1.0,576.0,127.0,1945.0,-37.9149,145.0254
2,u,360000.0,PI,13.0,2.0,1.0,1.0,0.0,69.0,1965.0,-37.9332,145.045
4,t,1435000.0,S,13.0,3.0,3.0,2.0,291.0,212.0,2012.0,-37.9278,145.0337
3,h,1110000.0,S,13.0,3.0,1.0,2.0,692.0,164.0,1940.0,-37.9263,145.04
4,h,2435000.0,S,13.0,3.0,2.0,2.0,795.0,250.0,1928.0,-37.9166,145.0314
3,h,1500000.0,PI,13.0,3.0,2.0,1.0,565.0,222.0,1940.0,-37.9134,145.0263
4,h,1300000.0,PI,13.0,4.0,2.0,2.0,697.0,194.0,1940.0,-37.9318,145.0474
2,h,855000.0,S,13.0,2.0,1.0,1.0,298.0,,,-37.9247,145.0287
3,h,1125000.0,S,13.0,3.0,1.0,2.0,584.0,116.0,1948.0,-37.9199,145.0477
3,h,1135000.0,SP,13.0,3.0,1.0,2.0,627.0,,,-37.9321,145.0472
3,h,867000.0,S,13.0,3.0,2.0,1.0,578.0,,,-37.9344,145.0481
4,h,1328000.0,S,13.0,3.0,2.0,2.0,610.0,112.0,1940.0,-37.9291,145.0472
3,h,1340000.0,S,13.0,3.0,2.0,1.0,526.0,135.0,1910.0,-37.9279,145.031
4,t,1155000.0,S,13.0,4.0,3.0,2.0,271.0,205.0,2010.0,-37.9252,145.0494
3,h,1275000.0,S,13.0,3.0,1.0,4.0,758.0,138.0,1960.0,-37.9267,145.043
3,h,770000.0,VB,13.0,3.0,2.0,2.0,0.0,,1987.0,-37.9193,145.0438
2,h,855000.0,SP,13.0,2.0,1.0,1.0,296.0,103.0,1940.0,-37.9243,145.0376
3,t,1100000.0,SP,13.0,3.0,2.0,2.0,333.0,,,-37.9292,145.0341
2,u,650000.0,SP,13.0,2.0,1.0,1.0,116.0,92.0,1960.0,-37.9245,145.0336
4,h,1815000.0,S,13.0,4.0,2.0,4.0,902.0,233.0,1950.0,-37.924,145.0504
4,h,2255000.0,S,13.0,4.0,3.0,2.0,557.0,353.0,2008.0,-37.9132,145.0251
3,h,1470000.0,S,13.0,3.0,2.0,2.0,613.0,,1950.0,-37.929,145.0464
2,u,420000.0,PI,13.0,2.0,1.0,0.0,1045.0,,,-37.9158,145.0379
2,u,855000.0,S,13.0,2.0,2.0,3.0,226.0,475.0,2005.0,-37.9274,145.031
4,h,1450000.0,S,13.0,4.0,1.0,1.0,567.0,,,-37.9149,145.0252
3,h,1200000.0,PI,13.0,3.0,2.0,2.0,590.0,,,-37.9256,145.0497
4,h,1860000.0,PI,13.0,4.0,2.0,3.0,855.0,197.0,1930.0,-37.9163,145.0324
2,u,725000.0,S,13.0,2.0,1.0,1.0,227.0,100.0,1990.0,-37.9326,145.0387
3,h,1293000.0,S,13.0,3.0,1.0,1.0,632.0,108.0,1950.0,-37.9282,145.0367
3,h,1390000.0,S,13.0,3.0,1.0,2.0,723.0,,1925.0,-37.9203,145.048
3,h,1400000.0,SP,13.0,3.0,2.0,1.0,699.0,,,-37.9316,145.0454
3,h,1328000.0,S,13.0,3.0,2.0,2.0,690.0,245.0,1970.0,-37.9317,145.0469
4,t,1247000.0,S,13.0,4.0,2.0,3.0,354.0,255.0,2008.0,-37.9326,145.0441
3,h,1311000.0,S,13.0,3.0,2.0,2.0,592.0,,,-37.933,145.0466
3,h,1100000.0,S,13.0,3.0,1.0,2.0,382.0,,,-37.9187,145.0461
3,h,1327500.0,S,13.0,3.0,1.0,2.0,700.0,,,-37.9228,145.0476
4,h,1560000.0,PI,13.0,4.0,3.0,1.0,695.0,,,-37.9149,145.0469
3,h,1370000.0,S,13.0,3.0,1.0,2.0,624.0,143.0,1950.0,-37.9256,145.0374
3,h,1100000.0,S,13.0,3.0,1.0,2.0,632.0,,,-37.921,145.0411
4,h,1385000.0,S,13.0,4.0,2.0,1.0,576.0,,1920.0,-37.9152,145.0244
3,t,1275000.0,S,13.0,3.0,2.0,2.0,309.0,,,-37.9287,145.0461
3,h,1095000.0,S,13.0,3.0,2.0,1.0,581.0,170.0,1965.0,-37.9286,145.0495
2,u,797500.0,S,13.0,2.0,1.0,2.0,321.0,,,-37.9257,145.0501
2,u,725000.0,S,13.0,2.0,1.0,1.0,677.0,88.0,2012.0,-37.9173,145.0359
3,t,825000.0,S,13.0,3.0,2.0,2.0,147.0,149.0,2007.0,-37.9317,145.0352
3,t,1235000.0,S,13.0,3.0,2.0,2.0,0.0,160.0,2012.0,-37.9289,145.0478
5,h,1600000.0,VB,13.0,5.0,3.0,2.0,772.0,,1986.0,-37.9168,145.04
3,h,1165000.0,PI,13.0,3.0,1.0,2.0,694.0,125.0,1950.0,-37.9315,145.0445
4,h,1355000.0,S,13.0,4.0,2.0,3.0,591.0,,,-37.9215,145.0505
4,h,1910000.0,S,13.0,4.0,2.0,4.0,736.0,284.0,1950.0,-37.9224,145.0462
3,h,1448000.0,S,13.0,3.0,2.0,3.0,568.0,,,-37.9246,145.0383
2,u,820000.0,S,13.0,2.0,1.0,3.0,336.0,109.0,1960.0,-37.929,145.0375
3,h,895000.0,S,13.0,3.0,1.0,2.0,0.0,,,-37.9307,145.0444
4,h,1041000.0,S,13.0,4.0,2.0,1.0,292.0,,,-37.9148,145.0243
4,h,1430000.0,S,13.0,4.0,2.0,2.0,611.0,168.0,1970.0,-37.9289,145.0481
2,h,910000.0,S,13.0,2.0,1.0,2.0,274.0,96.0,1970.0,-37.9178,145.0413
4,h,2520000.0,PI,13.0,4.0,4.0,2.0,579.0,361.0,2012.0,-37.9155,145.0243
3,h,1350000.0,S,13.0,3.0,1.0,1.0,617.0,,,-37.9282,145.047
2,u,635000.0,S,13.0,2.0,1.0,2.0,118.0,,,-37.9245,145.0336
3,h,1280000.0,S,13.0,3.0,2.0,4.0,587.0,,,-37.9217,145.0315
5,h,1900000.0,S,13.0,5.0,2.0,2.0,567.0,250.0,1926.0,-37.9144,145.0401
3,h,1230000.0,S,13.0,3.0,1.0,2.0,676.0,,,-37.9161,145.0284
4,h,1150000.0,PI,13.0,4.0,2.0,2.0,384.0,766.0,,-37.9155,145.0301
4,h,1650000.0,S,13.0,3.0,2.0,2.0,570.0,,1930.0,-37.9139,145.0395
2,t,670000.0,PI,13.0,2.0,2.0,1.0,123.0,90.0,2007.0,-37.9307,145.0379
2,t,680000.0,PI,13.0,2.0,1.0,1.0,83.0,107.0,1998.0,-37.9259,145.0341
4,t,1320000.0,S,13.0,4.0,3.0,3.0,346.0,220.0,2010.0,-37.9294,145.041
4,h,1380000.0,S,13.0,4.0,1.0,2.0,580.0,,,-37.9263,145.0422
6,h,1900000.0,S,13.0,6.0,3.0,2.0,708.0,275.0,1988.0,-37.9181,145.04399999999995
3,h,1535000.0,S,13.0,2.0,2.0,2.0,572.0,150.0,1930.0,-37.9148,145.0404
4,h,1281000.0,S,13.0,3.0,1.0,5.0,594.0,150.0,1940.0,-37.9206,145.0383
3,u,1096000.0,S,13.0,3.0,2.0,2.0,292.0,,,-37.9273,145.0324
5,h,1385000.0,S,13.0,5.0,2.0,2.0,664.0,178.0,1950.0,-37.9241,145.048
3,u,517500.0,S,13.0,3.0,1.0,1.0,0.0,,1970.0,-37.9178,145.0511
4,t,1245000.0,S,13.0,4.0,2.0,2.0,345.0,,,-37.9291,145.0491
2,u,503000.0,S,13.0,2.0,1.0,1.0,0.0,,1960.0,-37.9159,145.0285
4,h,2620000.0,S,13.0,4.0,4.0,2.0,579.0,361.0,2012.0,-37.9155,145.0243
2,u,760000.0,S,13.0,2.0,1.0,1.0,192.0,,,-37.9193,145.0484
2,u,405000.0,S,13.0,2.0,1.0,1.0,0.0,,1968.0,-37.9159,145.039
2,h,1410000.0,S,13.9,2.0,1.0,2.0,768.0,,,-37.9305,145.0547
3,t,760000.0,PI,13.9,3.0,1.0,2.0,287.0,,,-37.9261,145.0566
2,h,825000.0,S,13.9,2.0,2.0,1.0,176.0,125.0,2008.0,-37.9237,145.0763
2,u,746000.0,S,13.9,2.0,1.0,2.0,281.0,95.0,2002.0,-37.9255,145.0796
1,u,580000.0,S,13.9,1.0,1.0,1.0,105.0,,,-37.9181,145.0586
5,h,1275000.0,SP,13.9,5.0,2.0,2.0,683.0,190.0,1960.0,-37.9333,145.0602
3,h,1206000.0,S,13.9,3.0,1.0,2.0,603.0,,,-37.9155,145.0723
3,t,1115000.0,S,13.9,3.0,2.0,2.0,297.0,,,-37.9135,145.0774
4,h,1190000.0,S,13.9,4.0,2.0,3.0,591.0,,,-37.9166,145.0719
4,h,1270000.0,S,13.9,4.0,2.0,1.0,0.0,,,-37.9174,145.0717
3,u,1025000.0,S,13.9,3.0,2.0,2.0,384.0,120.0,1999.0,-37.9229,145.0557
3,u,740000.0,PI,13.9,3.0,2.0,1.0,258.0,,,-37.9244,145.0547
4,h,1960000.0,S,13.9,4.0,2.0,4.0,601.0,,,-37.9234,145.0533
2,u,495000.0,S,13.9,2.0,1.0,1.0,76.0,79.0,1980.0,-37.91,145.0842
2,u,570000.0,S,13.9,2.0,1.0,1.0,145.0,,,-37.9193,145.0659
4,h,1220000.0,S,13.9,3.0,2.0,2.0,585.0,178.0,1950.0,-37.9167,145.0771
3,h,885000.0,S,13.9,3.0,1.0,2.0,565.0,110.0,1950.0,-37.9262,145.0808
3,t,830000.0,PI,13.9,0.0,2.0,2.0,292.0,141.0,2012.0,-37.9168,145.069
4,h,1137500.0,S,13.9,4.0,1.0,2.0,696.0,,,-37.9157,145.0802
4,h,1100000.0,S,13.9,4.0,2.0,2.0,633.0,,1975.0,-37.9272,145.0644
3,h,1040000.0,PI,13.9,3.0,2.0,2.0,598.0,,1970.0,-37.9132,145.0782
4,t,1210000.0,S,13.9,3.0,3.0,2.0,291.0,222.0,2014.0,-37.9347,145.0546
4,t,1160000.0,S,13.9,3.0,2.0,2.0,321.0,180.0,2006.0,-37.914,145.0714
3,h,1215000.0,S,13.9,3.0,2.0,3.0,730.0,110.0,1970.0,-37.9119,145.0705
4,h,1200000.0,S,13.9,4.0,2.0,2.0,619.0,191.0,1960.0,-37.9358,145.0688
3,h,1050000.0,S,13.9,3.0,2.0,2.0,627.0,140.0,1950.0,-37.9284,145.0668
5,h,950000.0,VB,13.9,5.0,2.0,4.0,618.0,146.0,1950.0,-37.9209,145.0757
2,u,380000.0,PI,13.9,3.0,2.0,1.0,0.0,78.0,1970.0,-37.9212,145.0674
2,h,689000.0,S,13.9,2.0,1.0,1.0,169.0,87.0,,-37.9232,145.0537
3,h,1400000.0,PI,13.9,3.0,2.0,2.0,653.0,,,-37.9069,145.0568
3,h,965000.0,S,13.9,3.0,1.0,4.0,574.0,,,-37.9309,145.0685
3,h,1338000.0,S,13.9,3.0,2.0,2.0,610.0,177.0,1970.0,-37.9231,145.066
3,t,800000.0,S,13.9,3.0,2.0,1.0,353.0,,,-37.9262,145.055
2,u,651000.0,S,13.9,2.0,1.0,1.0,265.0,150.0,1960.0,-37.9223,145.0747
3,h,920000.0,PI,13.9,3.0,1.0,3.0,583.0,,1955.0,-37.9272,145.0804
3,h,1390000.0,S,13.9,4.0,2.0,2.0,590.0,118.0,1960.0,-37.9256,145.0757
2,u,495000.0,SP,13.9,2.0,1.0,1.0,96.0,,,-37.9102,145.0709
1,u,370000.0,PI,13.9,1.0,1.0,1.0,0.0,,1970.0,-37.9205,145.0528
3,h,1100000.0,SP,13.9,3.0,1.0,2.0,578.0,163.0,1955.0,-37.9186,145.0709
4,h,1100000.0,S,13.9,4.0,2.0,4.0,653.0,,,-37.9244,145.0792
3,h,1355000.0,S,13.9,0.0,1.0,2.0,818.0,,,-37.9241,145.0539
4,h,1206000.0,S,13.9,4.0,1.0,1.0,636.0,138.0,1940.0,-37.925,145.0612
2,t,486500.0,S,13.9,2.0,1.0,1.0,0.0,75.0,1960.0,-37.9082,145.0681
2,h,1010000.0,S,13.9,3.0,1.0,1.0,597.0,,,-37.9126,145.0776
3,h,899000.0,S,13.9,3.0,1.0,1.0,583.0,,,-37.9312,145.0795
4,h,1415000.0,S,13.9,4.0,2.0,2.0,604.0,177.0,1970.0,-37.9153,145.0707
4,t,1185000.0,S,13.9,4.0,2.0,2.0,305.0,207.0,2012.0,-37.9245,145.0507
4,t,1060000.0,S,13.9,4.0,3.0,1.0,313.0,166.0,1960.0,-37.9164,145.0765
2,u,716000.0,S,13.9,2.0,1.0,2.0,212.0,,,-37.9218,145.0607
3,h,1550000.0,S,13.9,3.0,1.0,1.0,581.0,,,-37.9177,145.0535
3,h,840000.0,S,13.9,3.0,2.0,2.0,697.0,,,-37.9092,145.0813
3,h,1110000.0,S,13.9,3.0,1.0,4.0,612.0,,,-37.9159,145.0733
3,h,1106000.0,S,13.9,3.0,1.0,2.0,584.0,,,-37.9183,145.071
3,h,845000.0,S,13.9,3.0,2.0,2.0,295.0,145.0,1998.0,-37.9239,145.0781
3,t,860000.0,VB,13.9,3.0,2.0,1.0,254.0,117.0,1995.0,-37.9227,145.0558
3,h,1208000.0,S,13.9,3.0,1.0,1.0,747.0,,,-37.9198,145.0791
3,t,921000.0,S,13.9,3.0,2.0,2.0,167.0,140.0,2009.0,-37.9219,145.0733
3,h,1165000.0,S,13.9,3.0,1.0,1.0,732.0,,,-37.9334,145.0667
3,h,1270000.0,S,13.9,3.0,1.0,2.0,694.0,,,-37.9174,145.0779
2,h,742500.0,S,13.9,2.0,1.0,1.0,300.0,135.0,1960.0,-37.9099,145.0726
3,h,920000.0,PI,13.9,3.0,2.0,2.0,578.0,120.0,1950.0,-37.9303,145.0805
3,h,1307000.0,S,13.9,3.0,2.0,4.0,684.0,,,-37.926,145.0551
4,h,1010000.0,S,13.9,4.0,1.0,2.0,658.0,112.0,,-37.9343,145.0607
2,h,702000.0,PI,13.9,2.0,1.0,1.0,591.0,102.0,1960.0,-37.9179,145.071
2,h,813000.0,S,13.9,2.0,1.0,1.0,306.0,,,-37.9111,145.072
3,t,805000.0,S,13.9,3.0,2.0,1.0,268.0,117.0,2000.0,-37.9196,145.0691
3,h,880000.0,PI,13.9,2.0,1.0,3.0,660.0,,,-37.9173,145.0742
4,h,1100000.0,S,13.9,4.0,2.0,1.0,274.0,190.0,2004.0,-37.9257,145.0735
3,h,1085000.0,S,13.9,3.0,2.0,4.0,710.0,,,-37.9348,145.0634
3,t,920000.0,S,13.9,3.0,2.0,1.0,343.0,,,-37.9112,145.0738
3,h,1050000.0,S,13.9,3.0,1.0,4.0,726.0,131.0,1950.0,-37.9117,145.0695
3,h,1560000.0,S,13.9,3.0,1.0,2.0,841.0,,,-37.9217,145.056
4,h,800000.0,PI,13.9,4.0,2.0,2.0,601.0,,,-37.9278,145.08100000000005
2,h,722000.0,S,13.9,2.0,2.0,1.0,201.0,79.0,2005.0,-37.9293,145.0657
3,h,930000.0,SP,13.9,3.0,1.0,2.0,588.0,133.0,1960.0,-37.9286,145.069
3,h,921000.0,S,13.9,3.0,2.0,1.0,291.0,119.0,2000.0,-37.919,145.0829
4,h,1035000.0,PI,13.9,3.0,1.0,2.0,610.0,160.0,1950.0,-37.9193,145.0691
3,u,720000.0,PI,13.9,3.0,2.0,1.0,228.0,,1996.0,-37.9329,145.0617
3,h,1185000.0,S,13.9,3.0,1.0,2.0,618.0,,,-37.9228,145.0527
4,h,1352000.0,S,13.9,4.0,2.0,2.0,618.0,196.0,1950.0,-37.9252,145.0562
4,t,1005000.0,SP,13.9,4.0,2.0,2.0,296.0,205.0,2006.0,-37.9197,145.05700000000004
2,u,761000.0,S,13.9,2.0,1.0,2.0,282.0,,,-37.9073,145.0599
5,h,1600000.0,S,13.9,4.0,2.0,2.0,659.0,315.0,1930.0,-37.906,145.0547
3,h,1200000.0,S,13.9,3.0,1.0,1.0,721.0,120.0,1970.0,-37.9244,145.0665
3,h,780000.0,PI,13.9,3.0,2.0,2.0,421.0,126.0,1950.0,-37.9168,145.0809
4,t,1250000.0,PI,13.9,4.0,2.0,2.0,314.0,231.0,2010.0,-37.9299,145.0598
3,h,750000.0,PI,13.9,3.0,2.0,1.0,337.0,,,-37.9115,145.0844
3,h,1300000.0,S,13.9,3.0,1.0,4.0,746.0,,,-37.9198,145.0787
5,h,1475000.0,S,13.9,5.0,2.0,2.0,729.0,,,-37.9191,145.075
4,h,1110000.0,S,13.9,4.0,2.0,2.0,583.0,176.0,1960.0,-37.9262,145.0624
2,u,835000.0,S,13.9,2.0,2.0,1.0,362.0,,,-37.9149,145.0676
4,h,1690000.0,S,13.9,4.0,2.0,2.0,700.0,165.0,1950.0,-37.9117,145.0534
3,u,791000.0,S,13.9,3.0,3.0,1.0,391.0,122.0,1950.0,-37.9149,145.0788
3,h,900000.0,VB,13.9,3.0,1.0,3.0,780.0,140.0,1940.0,-37.9347,145.0507
3,h,1189000.0,S,13.9,4.0,2.0,2.0,337.0,,2010.0,-37.9144,145.0582
3,t,825000.0,S,13.9,3.0,1.0,1.0,642.0,,,-37.9269,145.0787
3,t,1030000.0,S,13.9,3.0,2.0,2.0,327.0,,,-37.9195,145.0555
3,t,970000.0,S,13.9,3.0,2.0,2.0,267.0,156.0,2000.0,-37.9176,145.0566
3,h,930000.0,S,13.9,3.0,1.0,2.0,580.0,,,-37.9369,145.0751
4,h,1510000.0,SP,13.9,4.0,2.0,2.0,640.0,,,-37.9198,145.0545
3,t,1240000.0,S,13.9,3.0,2.0,2.0,518.0,,,-37.9316,145.0542
3,h,823000.0,S,13.9,3.0,2.0,2.0,213.0,143.0,2003.0,-37.9079,145.0707
4,h,1310000.0,S,13.9,4.0,2.0,2.0,606.0,,,-37.9147,145.0645
4,h,1475000.0,S,13.9,4.0,2.0,2.0,674.0,,,-37.9272,145.0786
4,t,950000.0,PI,13.9,4.0,2.0,1.0,450.0,,1940.0,-37.9133,145.0837
4,t,1045000.0,S,13.9,4.0,2.0,1.0,316.0,190.0,2010.0,-37.9198,145.0789
3,h,750000.0,PI,13.9,3.0,2.0,1.0,188.0,,,-37.9193,145.0553
3,u,800000.0,PI,13.9,3.0,2.0,2.0,252.0,,1994.0,-37.9085,145.0683
2,u,655000.0,S,13.9,2.0,1.0,1.0,154.0,80.0,2000.0,-37.9079,145.0685
5,h,1550000.0,S,13.9,5.0,3.0,2.0,623.0,257.0,1950.0,-37.9066,145.0541
3,h,835000.0,S,13.9,3.0,1.0,1.0,250.0,105.0,1980.0,-37.9087,145.0537
3,h,1140000.0,S,13.9,4.0,1.0,3.0,701.0,,,-37.9178,145.0815
2,h,1120000.0,S,13.9,3.0,1.0,2.0,678.0,,,-37.9146,145.0767
4,t,1465000.0,S,13.9,3.0,2.0,2.0,319.0,256.0,2015.0,-37.9256,145.0533
3,h,910000.0,S,13.9,3.0,1.0,1.0,587.0,96.0,1950.0,-37.9241,145.0763
3,u,920000.0,SP,13.9,3.0,2.0,1.0,388.0,123.0,2007.0,-37.9329,145.053
3,t,935000.0,S,13.9,3.0,2.0,2.0,230.0,160.0,2012.0,-37.9179,145.0592
3,h,977000.0,S,13.9,3.0,1.0,2.0,543.0,163.0,1970.0,-37.9242,145.0705
3,h,1352000.0,S,13.9,3.0,1.0,2.0,686.0,122.0,1950.0,-37.9113,145.0765
4,h,1115000.0,SP,13.9,4.0,2.0,2.0,575.0,160.0,1960.0,-37.9274,145.0654
3,h,780000.0,VB,13.9,3.0,1.0,1.0,710.0,,1966.0,-37.9324,145.0577
3,h,1115000.0,SP,13.9,3.0,2.0,2.0,1080.0,,,-37.9233,145.0674
3,h,1197000.0,S,13.9,3.0,1.0,2.0,692.0,147.0,1949.0,-37.9232,145.0563
2,u,485000.0,SP,13.9,2.0,2.0,2.0,0.0,83.0,2011.0,-37.9292,145.0708
3,u,810000.0,S,13.9,3.0,2.0,1.0,316.0,,1950.0,-37.9245,145.0773
4,h,1365000.0,PI,13.9,4.0,1.0,1.0,582.0,151.0,1960.0,-37.9129,145.0598
3,h,700000.0,S,13.9,0.0,0.0,0.0,456.0,,,-37.9314,145.0808
4,h,1698888.0,S,13.9,4.0,2.0,2.0,598.0,337.0,2006.0,-37.9138,145.0774
4,h,1150000.0,S,13.9,4.0,2.0,2.0,639.0,,,-37.9258,145.075
2,u,340000.0,VB,13.9,2.0,1.0,1.0,0.0,,2012.0,-37.9096,145.0843
3,h,1000000.0,S,13.9,3.0,1.0,2.0,576.0,,,-37.9362,145.0691
3,t,965000.0,S,13.9,3.0,2.0,1.0,283.0,28.0,2010.0,-37.9142,145.08
3,u,870000.0,S,13.9,3.0,2.0,2.0,365.0,150.0,2011.0,-37.9225,145.0754
3,h,1405000.0,S,13.9,3.0,1.0,1.0,764.0,,,-37.9143,145.0629
3,h,1161000.0,S,13.9,3.0,2.0,3.0,629.0,168.0,1950.0,-37.912,145.0752
3,h,1266000.0,S,13.9,3.0,1.0,3.0,676.0,146.0,1970.0,-37.9307,145.0531
3,t,700000.0,PI,13.9,3.0,2.0,2.0,194.0,200.0,2008.0,-37.9272,145.0801
4,t,1325000.0,S,13.9,4.0,4.0,2.0,363.0,265.0,2012.0,-37.9116,145.0686
3,u,770000.0,PI,13.9,3.0,2.0,1.0,281.0,132.0,2005.0,-37.9257,145.0811
3,h,1110000.0,S,13.9,3.0,1.0,6.0,542.0,538.0,,-37.9272,145.0705
1,u,380000.0,S,13.9,1.0,1.0,1.0,0.0,99.0,1970.0,-37.9315,145.0619
4,h,1175000.0,S,13.9,4.0,2.0,2.0,620.0,158.0,1980.0,-37.9281,145.0669
3,h,1200000.0,S,13.9,3.0,1.0,1.0,640.0,120.0,1960.0,-37.916,145.0776
4,h,1370000.0,SP,13.9,4.0,1.0,2.0,684.0,196.0,1970.0,-37.9147,145.0751
4,h,1433500.0,S,13.9,4.0,1.0,1.0,725.0,186.0,1950.0,-37.9289,145.0502
2,h,1630000.0,S,13.9,2.0,1.0,2.0,724.0,,,-37.9135,145.0557
3,h,1360000.0,SP,13.9,3.0,1.0,3.0,676.0,,,-37.9233,145.0616
4,h,900000.0,VB,13.9,3.0,1.0,2.0,741.0,,,-37.9229,145.0673
3,t,860000.0,PI,13.9,3.0,2.0,1.0,210.0,131.0,2005.0,-37.9075,145.061
2,u,772500.0,S,13.9,2.0,1.0,2.0,318.0,,,-37.9218,145.0563
3,h,1001000.0,S,13.9,3.0,1.0,1.0,598.0,,,-37.9216,145.07299999999995
2,u,715000.0,S,13.9,2.0,1.0,1.0,194.0,114.0,1995.0,-37.9107,145.0598
3,h,801000.0,S,13.9,3.0,1.0,1.0,0.0,,,-37.9218,145.053
3,t,882000.0,S,13.9,3.0,2.0,2.0,208.0,,,-37.9108,145.0794
2,h,1180000.0,S,13.9,2.0,1.0,1.0,687.0,,,-37.9234,145.0616
3,t,840000.0,S,13.9,3.0,2.0,2.0,222.0,,,-37.9241,145.0668
2,h,710000.0,S,13.9,2.0,1.0,1.0,0.0,115.0,1950.0,-37.9212,145.0606
4,h,1040000.0,VB,13.9,4.0,2.0,2.0,643.0,,,-37.9295,145.063
5,h,1550000.0,PI,13.9,5.0,3.0,2.0,583.0,296.0,2007.0,-37.9143,145.0699
3,h,930000.0,S,13.9,3.0,2.0,2.0,258.0,,,-37.9162,145.0799
3,u,790000.0,S,13.9,3.0,1.0,2.0,406.0,100.0,1996.0,-37.9286,145.0737
3,h,1040000.0,S,13.9,3.0,1.0,2.0,625.0,,,-37.927,145.0645
3,h,1020000.0,S,13.9,3.0,1.0,2.0,596.0,144.0,1960.0,-37.9251,145.0771
3,t,670000.0,PI,13.9,3.0,1.0,2.0,233.0,,,-37.9376,145.0784
3,u,800000.0,S,13.9,3.0,2.0,2.0,261.0,,,-37.9163,145.0779
4,t,1120000.0,PI,13.9,3.0,2.0,2.0,209.0,,,-37.9213,145.0565
3,t,970000.0,VB,13.9,3.0,2.0,2.0,321.0,,,-37.9181,145.0586
3,t,787500.0,S,13.9,3.0,2.0,1.0,300.0,,,-37.9189,145.0584
3,h,950000.0,PI,13.9,3.0,1.0,1.0,598.0,,,-37.9129,145.0786
3,h,886000.0,S,13.9,3.0,2.0,1.0,185.0,122.0,2012.0,-37.9159,145.0787
3,t,780000.0,PI,13.9,3.0,2.0,1.0,209.0,,,-37.9131,145.07
4,h,1015000.0,S,13.9,4.0,2.0,3.0,625.0,198.0,1997.0,-37.9374,145.0726
3,u,830000.0,S,13.9,3.0,2.0,2.0,395.0,,2001.0,-37.9364,145.0649
3,h,1241000.0,S,13.9,3.0,1.0,1.0,643.0,,,-37.9237,145.0527
4,h,1255000.0,S,13.9,4.0,2.0,2.0,610.0,167.0,1950.0,-37.9207,145.0757
3,h,1320000.0,S,13.9,3.0,1.0,1.0,593.0,94.0,1950.0,-37.9178,145.067
3,h,870000.0,S,13.9,3.0,2.0,1.0,326.0,133.0,1950.0,-37.9236,145.0545
4,h,1472500.0,S,13.9,4.0,2.0,2.0,592.0,219.0,2013.0,-37.9351,145.0572
2,h,640000.0,PI,13.9,2.0,2.0,2.0,298.0,118.0,2005.0,-37.908,145.0716
2,h,1160000.0,S,13.9,2.0,1.0,2.0,750.0,,,-37.9325,145.0694
4,h,1306000.0,S,13.9,3.0,2.0,1.0,651.0,,,-37.919,145.0558
3,h,1291000.0,S,13.9,3.0,1.0,2.0,635.0,,,-37.9291,145.0538
4,h,1620000.0,S,13.1,4.0,2.0,2.0,697.0,255.0,1940.0,-37.8151,145.135
2,u,645000.0,S,13.1,2.0,1.0,1.0,140.0,81.0,1965.0,-37.8271,145.1299
2,u,790000.0,S,13.1,2.0,1.0,1.0,195.0,,,-37.826,145.129
4,h,880000.0,S,13.1,4.0,2.0,2.0,206.0,,2003.0,-37.828,145.1215
4,h,1560000.0,PI,13.1,3.0,2.0,3.0,729.0,167.0,1905.0,-37.8233,145.1267
3,h,1715000.0,SP,13.1,3.0,2.0,2.0,458.0,170.0,1950.0,-37.8257,145.1216
3,h,1200000.0,SP,13.1,3.0,1.0,2.0,550.0,110.0,1950.0,-37.8275,145.1298
3,h,1760000.0,S,13.1,3.0,1.0,0.0,741.0,151.0,1910.0,-37.8258,145.1246
1,u,288000.0,SP,13.1,1.0,1.0,1.0,774.0,,1970.0,-37.8241,145.1262
3,h,948000.0,S,13.1,3.0,1.0,2.0,384.0,108.0,1950.0,-37.8167,145.1373
4,h,2770000.0,S,13.1,4.0,1.0,2.0,715.0,,1950.0,-37.8135,145.1218
3,h,1412000.0,S,13.1,3.0,1.0,1.0,590.0,,,-37.8274,145.1274
2,u,465000.0,S,13.1,2.0,2.0,1.0,0.0,65.0,2010.0,-37.8216,145.127
4,t,975000.0,VB,13.1,4.0,2.0,2.0,299.0,158.0,2008.0,-37.8282,145.1301
3,h,1325000.0,S,13.1,3.0,1.0,1.0,702.0,134.0,1950.0,-37.827,145.1209
3,t,750000.0,S,13.1,3.0,2.0,1.0,150.0,3.0,2000.0,-37.8287,145.1319
3,h,1400000.0,S,13.1,3.0,2.0,1.0,643.0,159.0,1940.0,-37.8285,145.1272
3,h,1500000.0,SP,13.1,3.0,1.0,2.0,664.0,106.0,1930.0,-37.8235,145.1276
4,h,1600000.0,S,13.1,4.0,2.0,1.0,692.0,195.0,1890.0,-37.8247,145.1281
2,u,616000.0,S,13.1,3.0,1.0,1.0,155.0,,,-37.8193,145.1149
4,h,1661000.0,S,13.1,4.0,2.0,2.0,729.0,,,-37.8143,145.1262
4,h,1461400.0,S,13.1,3.0,2.0,2.0,780.0,235.0,1927.0,-37.8244,145.1319
3,u,775000.0,S,13.1,3.0,1.0,1.0,211.0,108.0,1980.0,-37.8275,145.1232
4,h,1506000.0,S,13.1,4.0,2.0,3.0,669.0,,,-37.81800000000001,145.1354
4,h,1670000.0,S,13.1,4.0,4.0,4.0,707.0,162.0,1926.0,-37.8166,145.1354
1,u,340000.0,SP,13.1,1.0,1.0,1.0,29.0,,,-37.8215,145.1214
3,h,4000000.0,VB,13.1,3.0,1.0,2.0,763.0,120.0,1945.0,-37.8166,145.1215
3,h,928000.0,S,13.1,3.0,1.0,1.0,307.0,106.0,1890.0,-37.8247,145.1206
2,u,761000.0,S,13.1,2.0,2.0,1.0,176.0,,2000.0,-37.8171,145.1343
2,u,636000.0,S,13.1,2.0,1.0,1.0,151.0,82.0,1970.0,-37.8234,145.1235
4,h,1625000.0,S,13.1,4.0,2.0,2.0,620.0,,1912.0,-37.8279,145.121
4,h,1430000.0,S,13.1,4.0,2.0,0.0,585.0,,,-37.8273,145.1289
3,h,836000.0,S,13.1,3.0,1.0,2.0,228.0,,2005.0,-37.8261,145.1281
2,u,400000.0,VB,13.1,2.0,1.0,1.0,0.0,,,-37.8248,145.1215
3,h,1170000.0,S,13.1,3.0,1.0,1.0,755.0,95.0,1920.0,-37.8264,145.1248
4,h,1670000.0,S,13.1,4.0,2.0,2.0,590.0,231.0,1924.0,-37.8274,145.1242
3,h,1351000.0,S,13.1,3.0,1.0,2.0,662.0,,,-37.8246,145.1269
3,h,857000.0,S,13.1,4.0,1.0,1.0,492.0,119.0,1930.0,-37.8283,145.1195
3,t,822500.0,S,13.1,3.0,2.0,1.0,238.0,130.0,2000.0,-37.8154,145.1355
2,u,560000.0,S,13.1,2.0,1.0,1.0,153.0,,1970.0,-37.8269,145.1305
2,u,420000.0,VB,13.1,2.0,1.0,1.0,0.0,,1970.0,-37.8253,145.1205
3,h,870000.0,S,10.8,3.0,2.0,4.0,700.0,,,-37.7824,144.8469
2,h,645000.0,S,10.8,2.0,1.0,1.0,566.0,75.0,1950.0,-37.7839,144.8524
3,t,502000.0,SP,10.8,3.0,1.0,1.0,220.0,106.0,2011.0,-37.785,144.8561
3,u,495000.0,S,10.8,3.0,2.0,1.0,327.0,124.0,2006.0,-37.7851,144.8517
3,h,660000.0,S,10.8,3.0,1.0,0.0,580.0,,,-37.7804,144.8481
2,h,868000.0,S,10.8,2.0,1.0,4.0,749.0,77.0,1950.0,-37.7814,144.847
4,h,645000.0,SP,10.8,4.0,2.0,1.0,283.0,154.0,1990.0,-37.7908,144.8485
3,h,652000.0,S,10.8,3.0,2.0,1.0,216.0,145.0,2010.0,-37.7865,144.8605
4,h,850000.0,SA,10.8,4.0,2.0,2.0,606.0,240.0,2002.0,-37.788,144.862
3,h,570500.0,S,10.8,3.0,1.0,1.0,471.0,,1960.0,-37.7924,144.8523
3,h,575000.0,S,10.8,3.0,1.0,3.0,559.0,98.0,1955.0,-37.7923,144.852
4,h,882000.0,S,10.8,4.0,2.0,2.0,393.0,216.0,2008.0,-37.7763,144.8543
3,h,730000.0,S,10.8,3.0,2.0,2.0,544.0,135.0,1970.0,-37.7815,144.855
2,h,670000.0,S,10.8,2.0,1.0,2.0,551.0,,,-37.7825,144.8545
3,h,585000.0,S,10.8,3.0,2.0,2.0,631.0,,,-37.7934,144.8467
2,h,826000.0,S,10.8,2.0,1.0,2.0,667.0,,1950.0,-37.7799,144.8473
4,h,610000.0,VB,10.8,4.0,2.0,1.0,283.0,154.0,1990.0,-37.7908,144.8485
3,h,696000.0,S,10.8,3.0,1.0,0.0,557.0,90.0,1960.0,-37.7899,144.8515
2,h,660000.0,S,10.8,2.0,1.0,1.0,599.0,,1960.0,-37.7908,144.8522
3,t,579000.0,S,10.8,3.0,2.0,1.0,198.0,144.0,2013.0,-37.7827,144.8625
4,h,856500.0,S,10.8,4.0,2.0,2.0,599.0,,2008.0,-37.7896,144.8559
3,h,510000.0,SP,10.8,3.0,1.0,2.0,587.0,,,-37.7843,144.8472
3,h,765000.0,S,10.8,3.0,1.0,1.0,658.0,105.0,1960.0,-37.7905,144.8485
2,t,475000.0,S,10.8,2.0,1.0,1.0,115.0,104.0,1980.0,-37.7948,144.85399999999996
4,h,550000.0,S,10.8,4.0,2.0,1.0,288.0,160.0,2000.0,-37.7775,144.855
3,t,505000.0,PI,10.8,3.0,2.0,2.0,4931.0,,,-37.7761,144.8557
3,h,495000.0,S,10.8,3.0,1.0,1.0,158.0,138.0,2005.0,-37.7889,144.8465
3,h,680000.0,S,10.8,3.0,1.0,1.0,565.0,,,-37.7885,144.859
3,h,565000.0,S,10.8,3.0,2.0,1.0,566.0,78.0,1970.0,-37.7844,144.8523
3,h,697500.0,S,10.8,3.0,2.0,1.0,531.0,,,-37.7929,144.8462
3,h,1550000.0,VB,11.2,3.0,2.0,2.0,663.0,,1940.0,-37.9159,145.0068
3,h,1635000.0,S,11.2,3.0,1.0,2.0,366.0,156.0,1920.0,-37.9038,145.0001
4,h,1830000.0,S,11.2,4.0,2.0,2.0,436.0,,,-37.8927,145.0005
4,h,3695000.0,S,11.2,4.0,3.0,2.0,836.0,284.0,1960.0,-37.9071,144.9898
2,u,536000.0,SP,11.2,2.0,1.0,2.0,0.0,70.0,1970.0,-37.9081,145.0043
4,h,3700000.0,S,11.2,4.0,3.0,2.0,742.0,247.0,1900.0,-37.914,144.9878
4,h,3775000.0,S,11.2,4.0,3.0,2.0,745.0,,,-37.9139,144.9878
3,h,1975000.0,S,11.2,3.0,1.0,2.0,432.0,122.0,1930.0,-37.9172,144.996
2,u,1300000.0,S,11.2,2.0,2.0,1.0,244.0,,2000.0,-37.8954,145.0026
3,h,1390000.0,S,11.2,3.0,1.0,2.0,340.0,137.0,1975.0,-37.9205,145.0007
4,h,4250000.0,S,11.2,4.0,3.0,2.0,750.0,,,-37.8966,144.993
4,h,2905000.0,S,11.2,4.0,3.0,1.0,487.0,260.0,1905.0,-37.8926,144.9991
2,u,1300000.0,S,11.2,2.0,2.0,2.0,329.0,132.0,1940.0,-37.9172,145.004
3,t,1725000.0,PI,11.2,3.0,2.0,2.0,411.0,225.0,1997.0,-37.918,145.0035
3,h,2266000.0,S,11.2,3.0,2.0,2.0,450.0,,,-37.9243,144.9989
4,h,2910000.0,S,11.2,4.0,1.0,2.0,732.0,,,-37.9136,144.9886
3,h,2100000.0,S,11.2,3.0,2.0,2.0,463.0,209.0,1970.0,-37.9082,144.9968
6,h,2700000.0,S,11.2,6.0,3.0,3.0,0.0,,,-37.9081,145.0015
2,u,800000.0,S,11.2,2.0,1.0,1.0,90.0,74.0,1960.0,-37.9122,145.0038
3,t,1750000.0,S,11.2,3.0,2.0,2.0,352.0,,,-37.9139,145.0035
4,h,1761000.0,S,11.2,4.0,2.0,3.0,615.0,135.0,1920.0,-37.8956,145.0026
3,h,2600000.0,S,11.2,3.0,2.0,3.0,588.0,,,-37.9287,144.99200000000005
3,h,1302500.0,S,11.2,3.0,2.0,2.0,0.0,171.0,1993.0,-37.9166,144.9942
3,h,1900000.0,S,11.2,3.0,0.0,0.0,0.0,,,-37.9301,144.9935
5,h,2750000.0,VB,11.2,4.0,3.0,1.0,509.0,341.0,2005.0,-37.9118,144.9984
2,u,892500.0,S,11.2,2.0,1.0,2.0,232.0,92.0,1970.0,-37.9157,144.9973
4,h,2145000.0,S,11.2,3.0,2.0,1.0,550.0,197.0,1910.0,-37.8954,145.0017
5,h,3171000.0,S,11.2,4.0,2.0,2.0,710.0,340.0,2000.0,-37.9241,145.0008
2,h,1910000.0,S,11.2,2.0,2.0,4.0,696.0,,,-37.9249,144.9903
3,t,1850000.0,SP,11.2,3.0,2.0,2.0,0.0,,,-37.9045,145.0043
3,t,1067000.0,S,11.2,3.0,0.0,1.0,0.0,,,-37.9119,144.9871
3,h,1865000.0,VB,11.2,3.0,2.0,2.0,295.0,,,-37.9119,145.0037
2,u,620000.0,S,11.2,2.0,2.0,1.0,0.0,74.0,2013.0,-37.9042,144.9954
2,u,985000.0,PI,11.2,2.0,1.0,1.0,611.0,,,-37.9039,145.0009
3,t,1475000.0,PI,11.2,3.0,2.0,2.0,345.0,163.0,2000.0,-37.8943,144.9907
2,h,502000.0,S,11.2,2.0,2.0,0.0,116.0,,,-37.9252,145.0004
2,u,700000.0,PI,11.2,2.0,1.0,1.0,0.0,,1952.0,-37.9225,144.9891
3,h,2400000.0,S,11.2,3.0,2.0,2.0,835.0,,1910.0,-37.9225,144.991
2,u,590000.0,S,11.2,2.0,1.0,1.0,0.0,,1950.0,-37.9097,144.9914
3,h,1650000.0,S,11.2,3.0,2.0,2.0,0.0,111.0,1980.0,-37.9174,144.9895
5,h,1562500.0,PI,11.2,5.0,2.0,2.0,655.0,202.0,1925.0,-37.9264,145.0044
3,h,2050000.0,PI,11.2,3.0,3.0,2.0,398.0,262.0,2012.0,-37.899,144.9901
4,h,3180000.0,S,11.2,4.0,3.0,6.0,454.0,,,-37.9206,145.0051
2,t,960000.0,S,11.2,2.0,1.0,2.0,363.0,,,-37.9275,145.0046
4,h,3320000.0,S,11.2,4.0,3.0,2.0,644.0,364.0,2000.0,-37.8964,144.9972
4,h,2800000.0,PI,11.2,4.0,3.0,3.0,596.0,,,-37.9059,144.9927
3,u,1602000.0,S,11.2,3.0,2.0,2.0,328.0,,,-37.9288,144.9954
2,u,1300000.0,PI,11.2,2.0,2.0,2.0,0.0,,,-37.9012,144.9878
2,u,1100000.0,S,11.2,2.0,1.0,2.0,0.0,85.0,1935.0,-37.9131,144.995
3,h,1650000.0,S,11.2,3.0,2.0,1.0,354.0,143.0,1910.0,-37.8916,145.0017
2,h,1102000.0,S,11.2,2.0,1.0,2.0,318.0,,,-37.9011,145.0011
2,u,575000.0,S,11.2,2.0,1.0,1.0,0.0,,,-37.9097,144.9914
2,h,1570000.0,S,11.2,2.0,1.0,0.0,352.0,111.0,1920.0,-37.9154,145.001
3,t,1411000.0,S,11.2,3.0,2.0,2.0,0.0,,2011.0,-37.9144,145.0004
5,h,4700000.0,VB,11.2,5.0,3.0,2.0,1073.0,221.0,,-37.918,144.9911
3,h,1785000.0,SP,11.2,3.0,2.0,1.0,404.0,118.0,1953.0,-37.9228,144.9996
2,h,1550000.0,VB,11.2,2.0,2.0,2.0,404.0,,,-37.9104,145.002
3,h,1875000.0,S,11.2,3.0,2.0,2.0,275.0,170.0,1991.0,-37.9153,144.9924
4,h,2400000.0,S,11.2,4.0,2.0,2.0,640.0,,,-37.892,144.9918
3,u,1266000.0,S,11.2,3.0,1.0,2.0,277.0,116.0,1950.0,-37.9268,144.991
3,u,826000.0,S,11.2,3.0,1.0,2.0,119.0,,,-37.8958,144.9994
5,h,2730000.0,S,11.2,5.0,3.0,2.0,895.0,423.0,1938.0,-37.9204,145.0028
2,u,900000.0,S,11.2,2.0,2.0,1.0,118.0,,1970.0,-37.914,144.9914
3,t,1962000.0,S,11.2,3.0,2.0,2.0,323.0,,1995.0,-37.9208,144.9996
4,h,3295888.0,S,11.2,4.0,3.0,2.0,565.0,337.0,1990.0,-37.8975,144.9991
1,u,375000.0,S,11.2,1.0,1.0,1.0,0.0,40.0,1965.0,-37.9181,144.993
2,u,756000.0,S,11.2,2.0,1.0,1.0,0.0,80.0,1920.0,-37.9112,144.9909
2,u,800000.0,VB,11.2,2.0,1.0,1.0,131.0,,,-37.9164,145.0002
5,h,2100000.0,PI,11.2,5.0,5.0,2.0,552.0,219.0,1920.0,-37.9012,144.997
3,h,1500000.0,S,11.2,3.0,2.0,1.0,442.0,,,-37.9158,144.9984
2,u,905500.0,S,11.2,2.0,1.0,1.0,122.0,,,-37.9188,144.9942
3,h,2375000.0,S,11.2,4.0,2.0,2.0,547.0,302.0,2000.0,-37.9271,145.0034
3,h,2275000.0,S,11.2,3.0,2.0,1.0,359.0,,,-37.8965,145.0022
3,h,1385000.0,S,11.2,3.0,1.0,2.0,426.0,120.0,1935.0,-37.9254,145.0045
2,h,1601000.0,S,11.2,2.0,1.0,1.0,380.0,,1958.0,-37.9166,144.9926
3,h,2020000.0,S,11.2,5.0,6.0,2.0,685.0,419.0,,-37.9284,144.9986
3,t,1762000.0,S,11.2,3.0,2.0,2.0,483.0,,,-37.9075,145.0064
3,h,2450000.0,S,11.2,3.0,3.0,2.0,482.0,,,-37.912,144.9994
2,u,858000.0,S,11.2,2.0,1.0,1.0,107.0,75.0,1950.0,-37.8958,144.9982
3,t,1427000.0,S,11.2,3.0,2.0,1.0,313.0,,,-37.9206,145.0
3,t,2517500.0,SP,11.2,3.0,3.0,2.0,311.0,,,-37.9148,145.0009
4,h,2800000.0,S,11.2,4.0,2.0,4.0,569.0,229.0,1910.0,-37.8962,145.0011
5,h,3700000.0,VB,11.2,4.0,3.0,4.0,1572.0,305.0,1890.0,-37.9233,144.9944
3,h,1410000.0,S,11.2,3.0,1.0,1.0,375.0,,1930.0,-37.9175,144.9949
4,h,2475000.0,VB,11.2,4.0,2.0,2.0,605.0,274.0,1920.0,-37.916,145.0064
4,h,2700000.0,SP,11.2,4.0,2.0,2.0,732.0,333.0,1925.0,-37.8987,144.9953
3,u,1005000.0,SP,11.2,3.0,1.0,1.0,0.0,,,-37.909,145.0005
4,h,3900000.0,S,11.2,4.0,2.0,2.0,842.0,311.0,1990.0,-37.9227,145.0043
2,u,610000.0,S,11.2,2.0,1.0,1.0,0.0,75.0,2005.0,-37.9156,145.0013
3,u,880000.0,S,11.2,3.0,1.0,1.0,138.0,,1965.0,-37.896,144.9957
2,u,737000.0,S,11.2,3.0,1.0,1.0,106.0,,1975.0,-37.9159,144.9936
2,h,1532000.0,S,11.2,2.0,1.0,2.0,411.0,165.0,1910.0,-37.9095,145.004
3,u,1250000.0,S,11.2,3.0,2.0,0.0,0.0,,,-37.9249,144.9928
3,u,835000.0,PI,11.2,3.0,2.0,1.0,0.0,,,-37.909,145.0005
3,h,2320000.0,S,11.2,3.0,2.0,2.0,589.0,,,-37.9253,145.0034
4,h,2000000.0,S,11.2,4.0,2.0,2.0,471.0,,,-37.8956,145.0037
2,t,1230000.0,S,11.2,2.0,2.0,2.0,201.0,,,-37.905,144.9959
3,h,2375000.0,S,11.2,3.0,2.0,2.0,470.0,,,-37.9152,144.993
2,t,1037000.0,S,11.2,2.0,1.0,2.0,125.0,2.0,2009.0,-37.9078,145.0051
4,h,3050000.0,SP,11.2,4.0,4.0,2.0,578.0,319.0,1995.0,-37.8989,145.0008
4,t,1630000.0,SP,11.2,4.0,2.0,2.0,432.0,196.0,2000.0,-37.9228,145.0022
2,h,1701000.0,S,11.2,2.0,1.0,2.0,0.0,,,-37.9118,145.0041
2,u,760000.0,PI,11.2,2.0,1.0,2.0,0.0,,,-37.914,145.003
4,h,2640000.0,S,11.2,4.0,2.0,2.0,848.0,246.0,1975.0,-37.9234,145.0042
2,u,850000.0,PI,11.2,2.0,1.0,1.0,0.0,,,-37.9116,144.9978
1,u,671000.0,S,11.2,1.0,1.0,1.0,70.0,74.0,1980.0,-37.9194,145.0003
4,t,2250000.0,SP,11.2,4.0,2.0,2.0,230.0,281.0,2012.0,-37.9237,145.0056
3,h,2900000.0,S,11.2,3.0,1.0,1.0,659.0,161.0,1942.0,-37.919,144.9953
3,u,1620000.0,S,11.2,3.0,2.0,2.0,231.0,,,-37.9121,144.9953
3,h,3550000.0,S,11.2,3.0,2.0,0.0,1007.0,,,-37.9097,144.9981
4,h,2750000.0,S,11.2,4.0,2.0,2.0,687.0,,,-37.904,144.9919
5,h,3751000.0,S,11.2,3.0,3.0,2.0,584.0,,,-37.921,144.9966
3,t,1425000.0,S,11.2,3.0,2.0,2.0,495.0,,,-37.9049,145.0069
4,h,2405000.0,S,11.2,4.0,1.0,2.0,695.0,142.0,1970.0,-37.9262,144.9969
3,u,1352500.0,S,11.2,2.0,2.0,1.0,280.0,110.0,1993.0,-37.91,144.989
3,h,2030000.0,S,11.2,4.0,2.0,2.0,366.0,,,-37.9193,144.9898
5,h,3105000.0,S,11.2,4.0,2.0,2.0,1045.0,304.0,1930.0,-37.9205,145.0012
3,h,1171000.0,S,11.2,3.0,2.0,2.0,279.0,,1970.0,-37.9002,144.9928
2,t,1400000.0,S,11.2,2.0,2.0,1.0,267.0,,,-37.9159,144.9933
3,h,1600000.0,VB,11.2,3.0,2.0,2.0,266.0,,2000.0,-37.9241,145.0028
4,h,1500000.0,VB,11.2,3.0,2.0,1.0,549.0,195.0,1990.0,-37.8869,144.9982
4,h,1940000.0,S,10.7,4.0,2.0,2.0,682.0,240.0,1960.0,-37.9205,145.0122
4,h,1850000.0,S,10.7,4.0,2.0,2.0,617.0,268.0,1940.0,-37.9187,145.007
3,h,930000.0,SP,10.7,3.0,1.0,1.0,329.0,117.0,1930.0,-37.9317,145.0218
4,h,1310000.0,PI,10.7,4.0,3.0,2.0,618.0,213.0,2008.0,-37.9162,145.0219
2,h,1250000.0,SP,10.7,2.0,1.0,2.0,443.0,,,-37.9077,145.0229
4,h,2504000.0,S,10.7,4.0,2.0,2.0,674.0,183.0,1950.0,-37.9022,145.0125
2,u,700000.0,PI,10.7,2.0,1.0,1.0,0.0,,,-37.9195,145.0067
2,u,750000.0,SP,10.7,2.0,1.0,3.0,305.0,,1970.0,-37.9318,145.0293
3,t,1302500.0,S,10.7,3.0,2.0,2.0,391.0,,,-37.9179,145.0091
2,h,1445000.0,S,10.7,2.0,1.0,1.0,649.0,126.0,1940.0,-37.9153,145.0142
2,h,980000.0,S,10.7,3.0,1.0,1.0,247.0,,,-37.917,145.0137
4,h,1495000.0,S,10.7,4.0,2.0,2.0,597.0,,,-37.9179,145.019
4,h,1825000.0,PI,10.7,4.0,3.0,2.0,594.0,594.0,1973.0,-37.9029,145.0118
5,h,1700000.0,VB,10.7,4.0,2.0,1.0,994.0,274.0,1935.0,-37.9187,145.0187
5,h,1400000.0,VB,10.7,4.0,3.0,4.0,824.0,235.0,1930.0,-37.9091,145.0245
3,h,1075000.0,PI,10.7,3.0,2.0,2.0,312.0,,1990.0,-37.9179,145.0232
3,h,1860000.0,S,10.7,3.0,2.0,2.0,686.0,,1948.0,-37.9241,145.0125
3,h,1500000.0,S,10.7,3.0,2.0,2.0,315.0,228.0,2000.0,-37.9199,145.0174
3,t,870000.0,S,10.7,3.0,2.0,2.0,158.0,,,-37.9271,145.0281
4,h,2000000.0,PI,10.7,4.0,2.0,2.0,687.0,,,-37.9117,145.0093
3,h,1400000.0,VB,10.7,3.0,1.0,3.0,613.0,182.0,1950.0,-37.9177,145.0143
3,h,1300000.0,VB,10.7,3.0,2.0,3.0,619.0,,,-37.927,145.0267
5,h,1600000.0,PI,10.7,5.0,2.0,2.0,616.0,245.0,1945.0,-37.9084,145.0221
2,h,1780000.0,SP,10.7,4.0,3.0,2.0,635.0,119.0,1935.0,-37.9205,145.0102
5,h,1200000.0,VB,10.7,5.0,2.0,5.0,775.0,270.0,1920.0,-37.932,145.0284
2,u,775000.0,S,10.7,2.0,1.0,1.0,112.0,90.0,1960.0,-37.9306,145.0284
3,h,1480000.0,S,10.7,3.0,2.0,2.0,697.0,143.0,1925.0,-37.9269,145.0274
5,h,2900000.0,PI,10.7,5.0,4.0,2.0,640.0,,1950.0,-37.928,145.0095
3,h,1590000.0,S,10.7,3.0,3.0,2.0,481.0,244.0,2012.0,-37.931,145.0198
4,h,2840000.0,S,10.7,5.0,2.0,2.0,999.0,274.0,1972.0,-37.9135,145.0189
3,h,1580000.0,S,10.7,4.0,2.0,2.0,597.0,,,-37.9085,145.0201
4,t,1100000.0,VB,10.7,4.0,3.0,2.0,302.0,,,-37.9317,145.0294
2,h,1000000.0,PI,10.7,2.0,1.0,2.0,564.0,131.0,1948.0,-37.9143,145.0238
5,h,2500000.0,VB,10.7,5.0,3.0,2.0,634.0,,2005.0,-37.9126,145.013
4,h,1700000.0,PI,10.7,4.0,3.0,4.0,708.0,275.0,1950.0,-37.9299,145.015
3,h,1405000.0,S,10.7,3.0,1.0,1.0,490.0,,,-37.9024,145.0097
3,h,1290000.0,S,10.7,3.0,1.0,2.0,661.0,,1920.0,-37.9045,145.0082
5,h,3207000.0,S,10.7,5.0,5.0,3.0,1561.0,272.0,1969.0,-37.9102,145.0245
3,u,880000.0,S,10.7,3.0,2.0,2.0,304.0,34.0,1990.0,-37.9308,145.0316
4,h,1920000.0,S,10.7,4.0,1.0,1.0,1000.0,203.0,1960.0,-37.931,145.0163
3,h,1301000.0,SP,10.7,3.0,2.0,2.0,401.0,121.0,1926.0,-37.9062,145.0173
4,t,2570000.0,S,10.7,4.0,3.0,2.0,898.0,,,-37.9176,145.0087
5,h,2550000.0,S,10.7,5.0,3.0,2.0,915.0,233.0,1960.0,-37.9231,145.0104
5,h,1915000.0,S,10.7,5.0,2.0,0.0,645.0,238.0,1970.0,-37.9175,145.0116
4,h,1650000.0,SA,10.7,5.0,3.0,2.0,598.0,212.0,1948.0,-37.9075,145.0248
4,h,1530000.0,S,10.7,2.0,2.0,1.0,603.0,177.0,1920.0,-37.9187,145.0071
2,h,805000.0,PI,10.7,2.0,1.0,2.0,347.0,,,-37.9137,145.0164
4,h,2050000.0,SP,10.7,4.0,2.0,4.0,678.0,233.0,1940.0,-37.9255,145.0118
5,h,2550000.0,PI,10.7,5.0,3.0,2.0,551.0,346.0,2016.0,-37.9176,145.009
2,u,905000.0,S,10.7,2.0,1.0,2.0,189.0,93.0,1980.0,-37.9172,145.0072
3,h,1355000.0,S,10.7,3.0,1.0,2.0,759.0,151.0,1930.0,-37.9057,145.0166
2,h,1845000.0,S,10.7,2.0,1.0,2.0,604.0,145.0,1950.0,-37.9268,145.0094
5,h,1760000.0,PI,10.7,5.0,3.0,2.0,601.0,,,-37.919,145.0194
5,h,2050000.0,PI,10.7,5.0,3.0,3.0,669.0,309.0,1970.0,-37.9289,145.0284
3,h,1620000.0,S,10.7,3.0,2.0,4.0,678.0,,,-37.9208,145.0126
3,t,940000.0,S,10.7,3.0,2.0,3.0,0.0,,2004.0,-37.9089,145.0246
3,h,1710000.0,S,10.7,4.0,3.0,2.0,435.0,228.0,1915.0,-37.91,145.0113
3,h,1800000.0,S,10.7,3.0,1.0,1.0,703.0,,,-37.9185,145.0138
4,h,1706000.0,S,10.7,3.0,3.0,2.0,538.0,,,-37.9126,145.011
3,t,1300000.0,PI,10.7,3.0,2.0,2.0,337.0,222.0,2000.0,-37.9196,145.0205
2,u,770000.0,S,10.7,2.0,1.0,2.0,157.0,,,-37.911,145.0236
4,h,2200000.0,PI,10.7,4.0,2.0,2.0,654.0,286.0,2000.0,-37.9292,145.0236
3,h,1400000.0,S,10.7,3.0,2.0,2.0,486.0,,,-37.9213,145.0111
3,h,900000.0,S,10.7,3.0,2.0,2.0,236.0,,,-37.9215,145.0227
4,h,2150000.0,S,10.7,4.0,3.0,2.0,614.0,225.0,1970.0,-37.9186,145.0175
4,h,1725000.0,SP,10.7,4.0,3.0,2.0,798.0,,,-37.9311,145.0169
4,h,1755000.0,PI,10.7,4.0,2.0,2.0,0.0,,,-37.9292,145.0252
4,h,1650000.0,VB,10.7,4.0,2.0,4.0,506.0,,1997.0,-37.9111,145.0108
4,h,1720000.0,S,10.7,2.0,2.0,2.0,676.0,,,-37.9198,145.0137
4,h,1815000.0,S,10.7,4.0,2.0,2.0,732.0,,,-37.9184,145.007
5,h,1450000.0,PI,10.7,5.0,3.0,2.0,527.0,,,-37.9061,145.0238
1,t,681000.0,SP,10.7,2.0,1.0,1.0,166.0,60.0,2012.0,-37.9159,145.019
3,t,1511000.0,S,10.7,2.0,2.0,2.0,496.0,,,-37.9237,145.0075
2,h,1310000.0,S,10.7,4.0,3.0,2.0,302.0,250.0,2018.0,-37.9182,145.0231
1,u,340000.0,VB,10.7,1.0,1.0,1.0,0.0,57.0,1950.0,-37.9164,145.0228
3,h,1537000.0,SP,10.7,3.0,2.0,2.0,324.0,,1999.0,-37.9034,145.017
3,h,1100000.0,S,10.7,3.0,1.0,1.0,420.0,,,-37.9108,145.0121
2,h,994000.0,S,10.7,2.0,2.0,2.0,539.0,,,-37.9013,145.0072
4,h,1447000.0,S,10.7,4.0,1.0,2.0,590.0,,,-37.9286,145.0274
2,u,692000.0,S,10.7,2.0,1.0,1.0,74.0,66.0,1960.0,-37.9207,145.0079
4,t,1367000.0,S,10.7,4.0,2.0,2.0,315.0,4.0,2000.0,-37.9078,145.0222
2,u,903000.0,S,10.7,2.0,1.0,1.0,171.0,101.0,1970.0,-37.9125,145.0114
4,h,2820000.0,S,10.7,4.0,4.0,4.0,509.0,337.0,1960.0,-37.9172,145.0214
2,h,1813000.0,S,10.7,2.0,1.0,2.0,660.0,117.0,1930.0,-37.9179,145.0127
5,h,1655000.0,S,10.7,5.0,2.0,2.0,679.0,288.0,1950.0,-37.9291,145.0283
3,t,1230000.0,S,10.7,3.0,2.0,2.0,297.0,193.0,1980.0,-37.9124,145.0132
4,h,1389000.0,S,10.7,4.0,1.0,2.0,656.0,150.0,1930.0,-37.9027,145.0225
2,u,750000.0,S,10.7,2.0,1.0,1.0,227.0,,1980.0,-37.9085,145.0129
3,u,1245000.0,S,10.7,3.0,2.0,1.0,227.0,,1998.0,-37.9191,145.0074
4,h,2310000.0,S,10.7,4.0,2.0,2.0,757.0,130.0,1930.0,-37.9266,145.0088
3,t,1420000.0,S,10.7,3.0,2.0,2.0,247.0,,,-37.9241,145.0108
2,u,563000.0,S,10.7,2.0,1.0,1.0,1233.0,,1960.0,-37.9164,145.0228
2,t,1014000.0,S,10.7,2.0,1.0,1.0,267.0,131.0,1990.0,-37.9055,145.0173
2,u,428000.0,S,5.2,2.0,1.0,2.0,0.0,,1970.0,-37.7593,144.9652
2,h,1026000.0,S,5.2,2.0,1.0,0.0,225.0,108.0,1905.0,-37.7676,144.9665
4,h,1802500.0,S,5.2,4.0,3.0,1.0,238.0,93.0,1910.0,-37.7713,144.9643
4,h,1500000.0,VB,5.2,4.0,3.0,1.0,365.0,209.0,1890.0,-37.7624,144.9671
4,h,2230000.0,S,5.2,4.0,2.0,3.0,851.0,287.0,1940.0,-37.7637,144.9662
3,h,1050000.0,SP,5.2,3.0,1.0,2.0,264.0,,,-37.7611,144.9644
2,u,410000.0,S,5.2,2.0,1.0,1.0,0.0,66.0,2000.0,-37.7695,144.9528
1,u,272500.0,PI,5.2,1.0,1.0,1.0,0.0,40.0,1970.0,-37.762,144.9647
3,h,680000.0,PI,5.2,3.0,3.0,1.0,81.0,100.0,2016.0,-37.7575,144.9647
2,u,400000.0,S,5.2,2.0,1.0,1.0,0.0,61.0,1970.0,-37.7608,144.968
3,h,950000.0,SP,5.2,3.0,1.0,0.0,170.0,96.0,1910.0,-37.7661,144.9691
3,h,1310000.0,PI,5.2,3.0,2.0,2.0,426.0,,1880.0,-37.7759,144.9578
4,t,860000.0,PI,5.2,4.0,2.0,1.0,95.0,97.0,,-37.7772,144.9653
2,h,845500.0,S,5.2,2.0,1.0,1.0,179.0,90.0,1890.0,-37.7742,144.9542
2,h,860000.0,S,5.2,2.0,1.0,1.0,181.0,,1910.0,-37.7742,144.9541
2,t,605000.0,PI,5.2,2.0,1.0,1.0,0.0,78.0,2009.0,-37.7588,144.9646
3,h,1055000.0,S,5.2,3.0,1.0,1.0,324.0,,1930.0,-37.7653,144.9586
2,u,445000.0,S,5.2,2.0,1.0,1.0,0.0,61.0,1975.0,-37.7643,144.9638
2,u,659500.0,S,5.2,2.0,1.0,1.0,100.0,85.0,1970.0,-37.7601,144.9581
2,u,600000.0,S,5.2,2.0,1.0,1.0,0.0,75.0,2011.0,-37.777,144.9703
3,u,627000.0,S,5.2,3.0,2.0,2.0,0.0,,,-37.7634,144.9616
4,h,1450000.0,S,5.2,4.0,2.0,2.0,323.0,,,-37.7637,144.9565
3,h,990000.0,S,5.2,3.0,1.0,2.0,410.0,,,-37.7604,144.9514
4,h,1115000.0,PI,5.2,4.0,1.0,0.0,264.0,139.0,1900.0,-37.7611,144.9677
3,h,1125000.0,S,5.2,3.0,1.0,1.0,278.0,91.0,1910.0,-37.7701,144.9633
3,h,855000.0,S,5.2,3.0,1.0,1.0,229.0,97.0,1930.0,-37.7622,144.9586
3,h,910000.0,S,5.2,2.0,1.0,1.0,215.0,,,-37.7642,144.9688
3,t,940000.0,S,5.2,3.0,2.0,1.0,186.0,140.0,2016.0,-37.7581,144.9514
2,h,1100000.0,S,5.2,2.0,1.0,0.0,153.0,,1900.0,-37.7705,144.9647
2,t,750000.0,PI,5.2,2.0,2.0,1.0,118.0,88.0,2013.0,-37.7723,144.9643
2,h,1056000.0,S,5.2,2.0,1.0,1.0,315.0,108.0,1910.0,-37.757,144.9697
2,t,620000.0,S,5.2,2.0,2.0,1.0,72.0,2.0,,-37.7609,144.969
3,u,880000.0,S,5.2,3.0,2.0,1.0,122.0,152.0,2000.0,-37.7697,144.9649
3,h,1222500.0,S,5.2,3.0,1.0,0.0,331.0,126.0,1890.0,-37.7619,144.959
3,h,810000.0,PI,5.2,3.0,2.0,3.0,177.0,,,-37.7609,144.9677
2,h,1105000.0,S,5.2,2.0,1.0,1.0,147.0,,,-37.7702,144.9692
2,h,1260000.0,S,5.2,2.0,1.0,1.0,385.0,,1925.0,-37.7631,144.9534
3,t,955000.0,S,5.2,3.0,2.0,2.0,327.0,110.0,2007.0,-37.7636,144.9559
1,t,895000.0,S,5.2,1.0,1.0,0.0,0.0,,,-37.7717,144.9679
2,h,1094000.0,S,5.2,2.0,1.0,2.0,301.0,,,-37.7672,144.9496
3,h,1135000.0,S,5.2,3.0,1.0,1.0,438.0,,,-37.7758,144.9508
2,h,792000.0,S,5.2,2.0,1.0,1.0,149.0,,,-37.7597,144.9528
2,u,587000.0,SP,5.2,2.0,1.0,1.0,114.0,65.0,1970.0,-37.758,144.9667
3,h,1060000.0,S,5.2,3.0,1.0,0.0,257.0,121.0,1935.0,-37.7704,144.9695
2,h,840000.0,S,5.2,2.0,1.0,1.0,186.0,,,-37.7727,144.9707
2,h,890000.0,S,5.2,2.0,1.0,1.0,199.0,93.0,1900.0,-37.7676,144.9659
4,h,1358000.0,S,5.2,4.0,1.0,1.0,416.0,,,-37.7769,144.9661
3,h,840000.0,VB,5.2,2.0,1.0,0.0,209.0,,,-37.7624,144.9692
2,t,685000.0,SP,5.2,2.0,2.0,1.0,0.0,100.0,2002.0,-37.7617,144.9642
2,u,600000.0,S,5.2,2.0,1.0,1.0,768.0,,1970.0,-37.7768,144.9512
3,h,905000.0,S,5.2,3.0,1.0,1.0,314.0,,,-37.7573,144.97
3,h,976000.0,S,5.2,3.0,2.0,1.0,240.0,162.0,2005.0,-37.756,144.9587
3,t,641000.0,SP,5.2,3.0,2.0,1.0,0.0,112.0,1900.0,-37.7703,144.9533
2,h,770000.0,S,5.2,2.0,1.0,0.0,152.0,87.0,1910.0,-37.7611,144.966
1,u,279500.0,S,5.2,1.0,1.0,1.0,0.0,51.0,1970.0,-37.7597,144.9548
4,h,1800000.0,VB,5.2,4.0,2.0,3.0,271.0,180.0,1900.0,-37.7769,144.9691
4,h,1350000.0,S,5.2,4.0,1.0,1.0,370.0,151.0,1940.0,-37.7728,144.9639
4,h,1320000.0,S,5.2,4.0,2.0,1.0,281.0,156.0,1920.0,-37.7722,144.9681
3,h,825000.0,S,5.2,3.0,1.0,1.0,210.0,130.0,1900.0,-37.7597,144.9545
2,h,860000.0,S,5.2,3.0,1.0,2.0,352.0,,1900.0,-37.7566,144.9599
2,h,830000.0,S,5.2,2.0,1.0,1.0,319.0,,,-37.7572,144.9686
2,h,936000.0,S,5.2,2.0,1.0,2.0,200.0,,,-37.7581,144.9678
3,h,1261000.0,S,5.2,2.0,1.0,1.0,216.0,100.0,1910.0,-37.7746,144.9697
3,h,1045000.0,S,5.2,3.0,1.0,2.0,222.0,105.0,1890.0,-37.7642,144.969
3,u,1044000.0,S,5.2,3.0,1.0,1.0,0.0,85.0,2000.0,-37.773,144.9624
3,h,1050000.0,SP,5.2,3.0,1.0,1.0,239.0,126.0,1910.0,-37.7776,144.963
3,h,1691500.0,S,5.2,3.0,2.0,3.0,470.0,152.0,1920.0,-37.7788,144.9688
2,h,1075000.0,PI,5.2,2.0,1.0,0.0,311.0,108.0,1930.0,-37.7572,144.9687
2,u,620000.0,S,5.2,2.0,1.0,1.0,135.0,,1975.0,-37.7583,144.9756
2,u,501000.0,S,5.2,2.0,1.0,1.0,1140.0,80.0,2010.0,-37.7634,144.9616
3,h,1260000.0,S,5.2,3.0,1.0,6.0,563.0,98.0,1960.0,-37.7757,144.9505
3,h,1650000.0,S,5.2,3.0,1.0,2.0,495.0,141.0,1920.0,-37.7702,144.9672
2,u,601000.0,S,5.2,2.0,1.0,1.0,0.0,57.0,1970.0,-37.7778,144.9594
1,h,800000.0,PI,5.2,1.0,1.0,4.0,330.0,,,-37.7577,144.9524
2,h,1015000.0,S,5.2,2.0,1.0,0.0,453.0,86.0,1920.0,-37.762,144.9547
1,t,625000.0,PI,5.2,1.0,1.0,1.0,82.0,114.0,1930.0,-37.7661,144.9614
3,h,1700000.0,S,5.2,3.0,2.0,1.0,0.0,195.0,1945.0,-37.7763,144.9597
3,t,815000.0,S,5.2,3.0,2.0,1.0,99.0,142.0,,-37.769,144.953
2,u,435000.0,SP,5.2,2.0,1.0,1.0,0.0,57.0,1973.0,-37.7597,144.9655
2,h,890000.0,S,5.2,2.0,1.0,1.0,259.0,,,-37.7653,144.9565
3,h,1815000.0,S,5.2,3.0,1.0,3.0,612.0,,,-37.773,144.952
5,h,2500000.0,S,5.2,5.0,2.0,2.0,555.0,266.0,1890.0,-37.7767,144.9645
2,h,860000.0,PI,5.2,2.0,1.0,1.0,298.0,88.0,1910.0,-37.7704,144.9504
2,u,491000.0,S,5.2,2.0,1.0,1.0,1080.0,66.0,1960.0,-37.7598,144.9655
3,h,990000.0,S,5.2,3.0,2.0,1.0,194.0,,,-37.7653,144.9567
2,u,350000.0,S,5.2,2.0,1.0,1.0,0.0,,,-37.7671,144.9702
2,h,871000.0,S,5.2,2.0,1.0,1.0,215.0,,1880.0,-37.7722,144.9637
3,h,985000.0,S,5.2,3.0,1.0,2.0,384.0,89.0,1940.0,-37.7626,144.9535
3,h,1250000.0,S,5.2,3.0,1.0,1.0,483.0,162.0,1890.0,-37.7602,144.9543
2,h,542000.0,S,5.2,2.0,1.0,1.0,0.0,,,-37.7618,144.9662
3,t,641000.0,SP,5.2,3.0,2.0,1.0,0.0,112.0,1900.0,-37.7703,144.9533
5,h,1395000.0,S,5.2,4.0,2.0,2.0,391.0,,,-37.7587,144.9548
3,h,860000.0,S,5.2,3.0,1.0,1.0,184.0,104.0,1890.0,-37.7563,144.96
1,u,440000.0,S,5.2,1.0,1.0,1.0,0.0,,,-37.7769,144.9523
2,h,860000.0,SP,5.2,2.0,1.0,0.0,153.0,,,-37.7657,144.9574
3,h,835000.0,PI,5.2,3.0,1.0,0.0,302.0,,,-37.758,144.9724
2,h,705000.0,S,5.2,2.0,1.0,1.0,161.0,68.0,1910.0,-37.7646,144.9586
2,h,800000.0,S,5.2,2.0,1.0,0.0,137.0,,,-37.7745,144.9558
3,h,880000.0,S,5.2,3.0,1.0,1.0,264.0,117.0,1915.0,-37.7603,144.9573
3,h,1000000.0,S,5.2,3.0,1.0,1.0,370.0,,,-37.7632,144.9572
2,t,754000.0,S,5.2,2.0,2.0,1.0,177.0,105.0,2000.0,-37.7625,144.9653
2,h,916000.0,S,5.2,2.0,1.0,0.0,1328.0,,1890.0,-37.773,144.9568
2,u,590000.0,S,5.2,2.0,1.0,1.0,0.0,74.0,2004.0,-37.7703,144.9533
2,u,575000.0,S,5.2,2.0,1.0,1.0,0.0,66.0,1950.0,-37.7775,144.9607
2,h,1020000.0,S,5.2,2.0,1.0,1.0,279.0,,,-37.77,144.9633
3,h,1510000.0,S,5.2,3.0,1.0,0.0,325.0,150.0,1920.0,-37.7621,144.9595
2,t,801000.0,S,5.2,2.0,2.0,1.0,156.0,87.0,2007.0,-37.7744,144.9498
3,t,820000.0,SP,5.2,3.0,2.0,2.0,4668.0,126.0,2011.0,-37.7687,144.9649
1,u,370000.0,S,5.2,1.0,1.0,1.0,540.0,45.0,1970.0,-37.7766,144.9574
3,h,1170000.0,S,5.2,3.0,1.0,0.0,285.0,104.0,1890.0,-37.7634,144.9593
4,h,1790000.0,S,5.2,3.0,1.0,1.0,416.0,129.0,1920.0,-37.7737,144.965
3,t,640000.0,PI,5.2,3.0,2.0,1.0,110.0,118.0,2000.0,-37.7776,144.9691
4,h,820000.0,VB,5.2,3.0,1.0,0.0,416.0,,,-37.76300000000001,144.9598
4,h,1875000.0,S,5.2,4.0,2.0,2.0,657.0,207.0,1958.0,-37.7725,144.964
3,h,1053000.0,S,5.2,3.0,1.0,1.0,343.0,1041.0,1925.0,-37.7589,144.9529
3,t,705000.0,PI,5.2,2.0,1.0,1.0,55.0,111.0,2012.0,-37.7611,144.9622
1,u,240000.0,PI,5.2,1.0,1.0,1.0,0.0,,,-37.7776,144.9633
4,h,1175000.0,PI,5.2,4.0,1.0,2.0,319.0,1.0,,-37.7763,144.9549
4,h,1217000.0,S,5.2,4.0,1.0,0.0,363.0,127.0,1920.0,-37.7621,144.9506
3,h,1020000.0,SP,5.2,3.0,1.0,3.0,308.0,119.0,1943.0,-37.7649,144.9641
2,u,1180000.0,PI,5.2,2.0,1.0,1.0,0.0,,2010.0,-37.7738,144.9585
3,h,1340000.0,S,5.2,3.0,1.0,1.0,316.0,132.0,1910.0,-37.7741,144.9703
4,h,1410000.0,PI,5.2,4.0,2.0,1.0,460.0,214.0,1916.0,-37.7554,144.9544
3,h,1550000.0,S,5.2,3.0,1.0,1.0,346.0,126.0,1900.0,-37.7738,144.9695
3,h,740000.0,PI,5.2,3.0,2.0,1.0,4676.0,122.0,2010.0,-37.7687,144.9649
3,h,947000.0,S,5.2,3.0,1.0,2.0,996.0,,,-37.7564,144.9527
2,u,592500.0,S,5.2,2.0,1.0,2.0,0.0,89.0,2002.0,-37.7706,144.9608
3,h,1317000.0,S,5.2,3.0,1.0,1.0,480.0,,,-37.7639,144.966
1,u,370000.0,S,5.2,1.0,1.0,1.0,0.0,54.0,1965.0,-37.7775,144.9607
2,h,765000.0,S,5.2,2.0,1.0,1.0,199.0,120.0,1880.0,-37.759,144.9597
1,h,772000.0,SP,5.2,1.0,1.0,1.0,147.0,82.0,1890.0,-37.7643,144.9584
3,h,1210000.0,S,5.2,3.0,2.0,1.0,280.0,130.0,1890.0,-37.7719,144.9661
4,h,1755000.0,S,5.2,4.0,2.0,1.0,354.0,199.0,1910.0,-37.7745,144.9523
2,h,1073000.0,S,5.2,2.0,1.0,1.0,182.0,,,-37.7629,144.968
3,h,1080000.0,S,5.2,3.0,2.0,1.0,316.0,,,-37.7643,144.9713
2,h,945000.0,S,5.2,2.0,1.0,2.0,246.0,103.0,1910.0,-37.775,144.9536
2,h,755000.0,S,5.2,2.0,1.0,1.0,159.0,157.0,1930.0,-37.7656,144.9562
2,u,521500.0,S,5.9,2.0,1.0,1.0,0.0,69.0,1960.0,-37.768,144.9408
2,u,320000.0,PI,5.9,2.0,1.0,1.0,0.0,,1980.0,-37.7514,144.9288
3,h,1190000.0,S,5.9,3.0,1.0,1.0,0.0,119.0,1920.0,-37.7564,144.9422
3,h,942000.0,S,5.9,3.0,1.0,0.0,358.0,,,-37.7642,144.9493
2,u,471000.0,S,5.9,2.0,1.0,1.0,564.0,60.0,1970.0,-37.7665,144.9425
2,u,473000.0,S,5.9,2.0,1.0,2.0,568.0,,,-37.7682,144.9422
3,h,1200000.0,S,5.9,3.0,1.0,1.0,600.0,,,-37.769,144.9478
4,h,930000.0,S,5.9,4.0,2.0,2.0,299.0,,,-37.764,144.9454
1,u,265000.0,PI,5.9,1.0,1.0,1.0,0.0,42.0,2000.0,-37.7586,144.9452
3,h,955000.0,S,5.9,3.0,1.0,0.0,220.0,93.0,1930.0,-37.7659,144.9494
5,h,1350000.0,SP,5.9,5.0,2.0,2.0,510.0,321.0,1997.0,-37.7581,144.9414
2,t,380000.0,VB,5.9,2.0,1.0,1.0,0.0,85.0,1970.0,-37.7607,144.9393
1,u,300000.0,SP,5.9,1.0,1.0,0.0,0.0,37.0,1960.0,-37.7763,144.947
3,h,810000.0,S,5.9,3.0,1.0,2.0,349.0,95.0,1950.0,-37.7589,144.9368
2,u,380000.0,PI,5.9,2.0,1.0,1.0,0.0,,1970.0,-37.7594,144.9427
3,h,793000.0,S,5.9,3.0,1.0,0.0,275.0,119.0,1935.0,-37.76300000000001,144.9439
2,u,400000.0,SP,5.9,2.0,1.0,1.0,73.0,64.0,1960.0,-37.7528,144.9368
2,u,400500.0,SP,5.9,2.0,1.0,1.0,0.0,70.0,2013.0,-37.7582,144.94
3,t,797500.0,S,5.9,3.0,2.0,2.0,262.0,155.0,2010.0,-37.7519,144.9324
2,u,435000.0,S,5.9,2.0,1.0,1.0,0.0,,2002.0,-37.7727,144.9497
3,h,920000.0,S,5.9,3.0,1.0,2.0,501.0,,,-37.753,144.9421
3,h,1172000.0,S,5.9,3.0,1.0,2.0,512.0,,,-37.7758,144.9435
3,h,1300000.0,PI,5.9,3.0,1.0,2.0,364.0,135.0,1900.0,-37.7618,144.9497
3,h,1330000.0,S,5.9,3.0,1.0,2.0,353.0,101.0,1930.0,-37.764,144.9428
3,h,1245000.0,S,5.9,3.0,1.0,1.0,412.0,,1934.0,-37.7618,144.9455
2,h,900000.0,SP,5.9,2.0,1.0,1.0,410.0,,,-37.7613,144.9446
7,h,1205000.0,S,5.9,7.0,3.0,1.0,447.0,287.0,1982.0,-37.7634,144.9403
2,u,380000.0,PI,5.9,2.0,1.0,1.0,0.0,62.0,1970.0,-37.7676,144.9394
3,h,1095000.0,S,5.9,3.0,1.0,1.0,411.0,168.0,1935.0,-37.7728,144.9478
2,t,680000.0,VB,5.9,2.0,1.0,1.0,0.0,82.0,1970.0,-37.772,144.9406
2,h,711000.0,S,5.9,2.0,1.0,1.0,177.0,87.0,1910.0,-37.7619,144.9412
2,h,910000.0,S,5.9,2.0,1.0,4.0,576.0,,,-37.7578,144.9439
3,h,1186000.0,S,5.9,3.0,1.0,3.0,608.0,,,-37.7694,144.9448
2,u,500000.0,S,5.9,2.0,1.0,1.0,0.0,75.0,1970.0,-37.7595,144.9436
2,h,1005000.0,S,5.9,2.0,1.0,1.0,284.0,,1926.0,-37.7646,144.9476
2,u,385000.0,SP,5.9,2.0,1.0,1.0,0.0,62.0,1970.0,-37.7688,144.9421
2,u,656000.0,S,5.9,2.0,1.0,1.0,0.0,,,-37.7609,144.9425
2,u,370000.0,S,5.9,2.0,1.0,1.0,2120.0,59.0,1960.0,-37.7524,144.9347
1,u,320000.0,S,5.9,1.0,1.0,1.0,0.0,43.0,1970.0,-37.7661,144.9422
4,h,988000.0,S,5.9,4.0,1.0,1.0,384.0,,,-37.7733,144.9491
2,u,400000.0,S,5.9,2.0,1.0,1.0,0.0,,,-37.7752,144.9463
1,u,330000.0,S,5.9,1.0,1.0,1.0,0.0,42.0,1970.0,-37.7748,144.9483
5,h,1200000.0,PI,5.9,5.0,2.0,3.0,553.0,193.0,1920.0,-37.7576,144.9348
2,u,537000.0,SP,5.9,2.0,1.0,1.0,501.0,66.0,1960.0,-37.7741,144.9449
3,h,910000.0,S,5.9,3.0,1.0,2.0,717.0,141.0,1950.0,-37.7525,144.9321
1,u,285000.0,PI,5.9,1.0,1.0,1.0,0.0,45.0,1970.0,-37.7675,144.939
4,h,921500.0,S,5.9,3.0,1.0,1.0,575.0,165.0,1930.0,-37.7575,144.9402
3,h,995000.0,S,5.9,3.0,1.0,2.0,505.0,,,-37.757,144.9446
3,h,901000.0,S,5.9,3.0,1.0,4.0,357.0,,,-37.762,144.9497
2,h,1315000.0,S,5.9,2.0,1.0,2.0,554.0,116.0,1930.0,-37.7715,144.9426
2,u,370000.0,VB,5.9,2.0,1.0,1.0,0.0,65.0,1970.0,-37.7606,144.9443
2,t,735000.0,S,5.9,2.0,1.0,2.0,120.0,109.0,2004.0,-37.7659,144.9487
4,h,1000000.0,S,5.9,3.0,1.0,1.0,589.0,148.0,1935.0,-37.7628,144.9459
1,u,252000.0,PI,5.9,1.0,1.0,1.0,0.0,45.0,1970.0,-37.7586,144.9433
4,h,1700000.0,PI,5.9,4.0,2.0,2.0,621.0,184.0,1920.0,-37.7764,144.9479
2,h,820000.0,S,5.9,3.0,1.0,1.0,206.0,98.0,1900.0,-37.7604,144.9488
2,u,370000.0,VB,5.9,2.0,1.0,1.0,0.0,65.0,1970.0,-37.7686,144.9421
2,u,484000.0,S,5.9,2.0,1.0,1.0,0.0,65.0,1950.0,-37.7543,144.9385
3,t,815000.0,S,5.9,3.0,1.0,2.0,157.0,123.0,1999.0,-37.7652,144.9454
3,h,1150000.0,VB,5.9,3.0,1.0,2.0,726.0,,1950.0,-37.7747,144.9421
1,u,351000.0,PI,5.9,1.0,1.0,1.0,0.0,,,-37.7614,144.9393
4,h,1150000.0,VB,5.9,4.0,1.0,2.0,519.0,169.0,1910.0,-37.7747,144.9474
2,t,598000.0,S,5.9,2.0,1.0,1.0,69.0,,2009.0,-37.766,144.9439
2,u,497000.0,S,5.9,2.0,1.0,1.0,0.0,84.0,1977.0,-37.7647,144.9412
2,u,403000.0,S,5.9,2.0,1.0,2.0,0.0,,,-37.7643,144.9477
2,h,440000.0,PI,5.9,2.0,1.0,1.0,0.0,62.0,1960.0,-37.7577,144.9354
2,h,816000.0,S,5.9,3.0,2.0,1.0,343.0,115.0,1930.0,-37.7552,144.9458
4,h,1585000.0,SP,5.9,4.0,1.0,2.0,562.0,,1920.0,-37.7583,144.9428
4,h,970000.0,PI,5.9,4.0,3.0,2.0,499.0,150.0,1925.0,-37.7538,144.944
3,u,851000.0,S,11.8,3.0,1.0,2.0,385.0,140.0,2000.0,-37.7599,145.0849
4,h,1300000.0,S,11.8,4.0,1.0,2.0,717.0,180.0,1960.0,-37.7608,145.0862
4,h,1110000.0,PI,11.8,3.0,2.0,2.0,562.0,,,-37.7628,145.0994
4,h,1235000.0,S,11.8,4.0,2.0,2.0,556.0,214.0,1957.0,-37.7657,145.0957
4,h,1505000.0,S,11.8,4.0,3.0,2.0,410.0,,2012.0,-37.7695,145.082
4,h,1303000.0,SP,11.8,4.0,2.0,2.0,670.0,197.0,1980.0,-37.7695,145.0869
5,h,1336000.0,S,11.8,5.0,3.0,3.0,736.0,,,-37.7683,145.0881
3,h,880000.0,PI,11.8,3.0,2.0,2.0,514.0,190.0,1960.0,-37.7683,145.0959
3,h,980000.0,S,11.8,3.0,1.0,1.0,701.0,,,-37.7729,145.09799999999996
3,t,975000.0,PI,11.8,3.0,2.0,2.0,632.0,226.0,2013.0,-37.7813,145.102
3,h,1127000.0,S,11.8,3.0,1.0,2.0,631.0,,,-37.7778,145.0901
3,h,990000.0,PI,11.8,3.0,2.0,1.0,585.0,180.0,1950.0,-37.7689,145.099
4,h,1401000.0,S,11.8,5.0,2.0,2.0,617.0,,,-37.7582,145.0889
3,h,1340000.0,S,11.8,2.0,1.0,2.0,775.0,,1965.0,-37.779,145.101
4,h,1225000.0,S,11.8,4.0,2.0,2.0,723.0,159.0,1970.0,-37.7724,145.1033
5,h,1490000.0,S,11.8,5.0,3.0,2.0,796.0,304.0,1975.0,-37.7697,145.0871
3,t,1250000.0,SP,11.8,3.0,2.0,2.0,315.0,,1960.0,-37.7607,145.0853
4,h,1002000.0,S,11.8,4.0,1.0,2.0,650.0,323.0,,-37.778,145.0913
4,h,1260000.0,S,11.8,4.0,2.0,2.0,730.0,,1971.0,-37.7606,145.0932
3,h,905000.0,S,11.8,3.0,3.0,2.0,401.0,165.0,1965.0,-37.7733,145.0901
3,h,1400000.0,S,11.8,3.0,1.0,3.0,770.0,,,-37.7644,145.0886
4,h,1085000.0,PI,11.8,4.0,2.0,1.0,1124.0,225.0,1960.0,-37.7679,145.0958
4,h,1300000.0,SP,11.8,4.0,3.0,1.0,604.0,,,-37.7621,145.086
3,u,787000.0,S,11.8,3.0,1.0,2.0,306.0,100.0,1985.0,-37.7792,145.0903
4,h,1280000.0,S,11.8,4.0,1.0,2.0,732.0,6791.0,,-37.7615,145.0897
3,h,1075000.0,S,11.8,3.0,1.0,1.0,604.0,96.0,1960.0,-37.7711,145.0928
2,h,890000.0,S,11.8,2.0,1.0,2.0,559.0,,,-37.7739,145.094
4,h,1320000.0,PI,11.8,4.0,3.0,2.0,411.0,,1970.0,-37.7698,145.083
4,h,1302000.0,SP,11.8,4.0,2.0,2.0,475.0,245.0,1996.0,-37.765,145.0933
3,h,1050000.0,PI,11.8,3.0,2.0,1.0,728.0,719.0,1965.0,-37.7765,145.1031
4,h,1000000.0,VB,11.8,4.0,2.0,3.0,672.0,212.0,1970.0,-37.7689,145.0895
4,h,1300000.0,S,11.8,4.0,2.0,2.0,744.0,300.0,1985.0,-37.7791,145.086
4,h,1250000.0,S,11.8,4.0,2.0,2.0,732.0,,,-37.7771,145.0855
4,h,976000.0,S,11.8,4.0,1.0,1.0,701.0,,,-37.7786,145.0945
2,h,980000.0,S,11.8,3.0,1.0,1.0,551.0,,,-37.7739,145.0962
3,u,812500.0,S,11.8,3.0,1.0,1.0,421.0,,,-37.7798,145.1023
3,h,990000.0,PI,11.8,3.0,1.0,2.0,602.0,175.0,1975.0,-37.7674,145.0988
4,h,1244000.0,PI,11.8,4.0,2.0,2.0,530.0,,,-37.7735,145.088
4,h,1100000.0,PI,11.8,4.0,2.0,2.0,693.0,212.0,1975.0,-37.7743,145.0863
4,h,1475000.0,VB,11.8,4.0,2.0,2.0,617.0,,1998.0,-37.7569,145.0913
4,h,1140000.0,S,11.8,4.0,2.0,3.0,554.0,,,-37.7624,145.0961
2,h,833000.0,S,11.8,2.0,1.0,0.0,359.0,,,-37.7609,145.0869
2,h,903000.0,S,11.8,2.0,1.0,1.0,591.0,140.0,1965.0,-37.7679,145.0978
4,h,1351000.0,S,11.8,4.0,2.0,2.0,740.0,,,-37.7781,145.0901
2,h,1060000.0,S,11.8,2.0,1.0,2.0,609.0,,,-37.7762,145.0958
3,h,1063000.0,S,11.8,3.0,1.0,2.0,602.0,,,-37.7712,145.097
5,h,1590000.0,S,11.7,4.0,3.0,2.0,661.0,253.0,1940.0,-37.848,145.09799999999996
3,h,1390000.0,S,11.7,3.0,1.0,2.0,697.0,,,-37.851,145.1169
3,h,1300000.0,SA,11.7,3.0,1.0,2.0,773.0,,1960.0,-37.8562,145.1104
4,h,1890000.0,S,11.7,4.0,2.0,2.0,1145.0,111.0,1960.0,-37.8538,145.127
3,u,1022500.0,S,11.7,3.0,2.0,2.0,265.0,130.0,2000.0,-37.8516,145.1056
3,h,1250000.0,VB,11.7,3.0,1.0,1.0,662.0,,,-37.8561,145.1054
3,h,1151000.0,S,11.7,3.0,1.0,1.0,695.0,,,-37.8551,145.1121
3,h,1755000.0,S,11.7,3.0,1.0,1.0,931.0,145.0,1970.0,-37.854,145.1195
3,u,686000.0,PI,11.7,3.0,1.0,2.0,273.0,,1980.0,-37.8473,145.1203
3,h,1300000.0,S,11.7,3.0,1.0,1.0,667.0,136.0,1950.0,-37.8489,145.1093
3,h,1160000.0,S,11.7,3.0,1.0,1.0,786.0,111.0,1950.0,-37.8525,145.1198
4,h,2000000.0,S,11.7,4.0,3.0,2.0,928.0,229.0,1996.0,-37.842,145.102
3,h,790000.0,S,11.7,3.0,1.0,2.0,318.0,103.0,1960.0,-37.8544,145.1114
4,h,1682000.0,S,11.7,4.0,2.0,1.0,921.0,174.0,1950.0,-37.8494,145.1291
3,u,625000.0,PI,11.7,3.0,2.0,1.0,0.0,115.0,2002.0,-37.8561,145.0962
3,t,780000.0,VB,11.7,3.0,2.0,2.0,160.0,,,-37.8525,145.0973
3,h,1342000.0,S,11.7,3.0,1.0,2.0,690.0,,,-37.8509,145.11700000000005
4,h,1782800.0,SP,11.7,4.0,2.0,2.0,804.0,,,-37.8516,145.1179
3,h,1468000.0,S,11.7,3.0,1.0,2.0,706.0,,,-37.8509,145.1161
2,u,650000.0,PI,11.7,2.0,1.0,1.0,194.0,120.0,1975.0,-37.8509,145.1119
5,h,1060000.0,S,11.7,4.0,3.0,2.0,326.0,210.0,2013.0,-37.8528,145.1129
4,h,1255000.0,S,11.7,4.0,2.0,2.0,438.0,210.0,2005.0,-37.8599,145.1101
4,h,900000.0,S,11.7,3.0,1.0,4.0,586.0,,1955.0,-37.856,145.1196
2,h,633000.0,S,11.7,2.0,1.0,1.0,276.0,92.0,1965.0,-37.8454,145.0971
3,h,1070500.0,SP,11.7,3.0,1.0,2.0,776.0,,,-37.856,145.1104
3,h,1175000.0,S,11.7,3.0,1.0,2.0,661.0,,,-37.8495,145.1282
3,h,1521000.0,S,11.7,3.0,2.0,2.0,660.0,,,-37.8474,145.0988
2,h,1350000.0,S,11.7,2.0,1.0,2.0,593.0,82.0,1950.0,-37.8444,145.1054
3,t,752000.0,S,11.7,4.0,2.0,2.0,217.0,,1993.0,-37.8522,145.1312
3,h,570000.0,S,11.7,3.0,1.0,1.0,384.0,112.0,1950.0,-37.8542,145.1138
3,h,1460000.0,S,11.7,3.0,1.0,2.0,742.0,,,-37.8529,145.0962
3,t,745000.0,S,11.7,3.0,1.0,2.0,228.0,126.0,1998.0,-37.8521,145.1187
5,h,2150000.0,S,11.7,5.0,4.0,2.0,643.0,380.0,2014.0,-37.8454,145.0974
3,u,746000.0,S,11.7,3.0,1.0,2.0,308.0,92.0,1995.0,-37.8505,145.1065
3,h,1540000.0,S,11.7,3.0,2.0,2.0,653.0,120.0,1950.0,-37.8445,145.1011
3,t,1145000.0,S,11.7,3.0,2.0,2.0,329.0,,,-37.8484,145.1013
5,h,1410000.0,PI,11.7,5.0,2.0,1.0,824.0,,1950.0,-37.8535,145.1139
3,u,640000.0,PI,11.7,3.0,1.0,1.0,217.0,,,-37.8562,145.1075
4,h,1800000.0,PI,11.7,4.0,2.0,2.0,1393.0,,1963.0,-37.8463,145.102
4,t,1270000.0,S,11.7,4.0,2.0,2.0,399.0,212.0,2005.0,-37.8597,145.1084
4,t,900000.0,VB,11.7,4.0,3.0,2.0,381.0,176.0,2013.0,-37.8459,145.1041
4,h,1250000.0,SA,11.7,4.0,2.0,2.0,499.0,220.0,2005.0,-37.8593,145.1101
4,h,1410000.0,S,11.7,3.0,2.0,3.0,739.0,182.0,1970.0,-37.8552,145.1292
5,h,1100000.0,S,11.7,5.0,2.0,1.0,544.0,,,-37.8525,145.1154
4,h,1485000.0,S,11.7,4.0,2.0,2.0,662.0,,,-37.8601,145.1007
3,h,2068000.0,S,11.7,3.0,1.0,1.0,1101.0,,,-37.8529,145.1222
3,h,1000000.0,VB,11.7,3.0,1.0,1.0,589.0,,,-37.855,145.118
4,u,800000.0,PI,11.7,4.0,2.0,1.0,0.0,150.0,1950.0,-37.8507,145.109
3,t,702000.0,S,11.7,3.0,2.0,1.0,170.0,106.0,2001.0,-37.8554,145.1089
4,h,2650000.0,S,7.8,4.0,2.0,1.0,652.0,189.0,1890.0,-37.8286,145.0686
3,t,1615000.0,S,7.8,3.0,1.0,2.0,389.0,,,-37.8435,145.0695
4,h,3225000.0,SA,7.8,4.0,3.0,2.0,934.0,,,-37.8496,145.0869
2,u,1017000.0,S,7.8,2.0,1.0,2.0,0.0,,1940.0,-37.8231,145.0585
2,u,729000.0,S,7.8,2.0,1.0,1.0,137.0,87.0,1970.0,-37.8459,145.088
5,h,2600000.0,VB,7.8,5.0,4.0,1.0,708.0,348.0,1940.0,-37.8386,145.067
3,h,1650000.0,S,7.8,3.0,2.0,2.0,305.0,189.0,1998.0,-37.8365,145.0802
5,h,2860000.0,PI,7.8,5.0,3.0,4.0,753.0,,1940.0,-37.842,145.0888
2,h,950000.0,SP,7.8,2.0,1.0,2.0,230.0,,1994.0,-37.8448,145.0723
2,u,615000.0,S,7.8,2.0,1.0,1.0,1107.0,68.0,1960.0,-37.8347,145.05700000000004
3,h,1987000.0,S,7.8,3.0,2.0,2.0,706.0,164.0,1960.0,-37.8457,145.0611
2,u,683000.0,S,7.8,2.0,1.0,1.0,146.0,86.0,1970.0,-37.8357,145.0697
3,h,1690000.0,PI,7.8,3.0,2.0,1.0,777.0,154.0,1950.0,-37.8431,145.0962
2,u,430000.0,VB,7.8,2.0,1.0,1.0,0.0,56.0,2011.0,-37.8493,145.0877
2,u,717000.0,SP,7.8,2.0,1.0,1.0,136.0,,1960.0,-37.8469,145.0589
3,t,1300000.0,S,7.8,3.0,2.0,2.0,342.0,,,-37.8433,145.0695
4,h,2950000.0,VB,7.8,4.0,2.0,4.0,661.0,,,-37.8382,145.0904
4,h,2600000.0,VB,7.8,3.0,2.0,2.0,600.0,232.0,1897.0,-37.8237,145.0638
3,h,2325000.0,PI,7.8,3.0,2.0,2.0,1133.0,131.0,1930.0,-37.8426,145.0943
2,u,435000.0,SP,7.8,2.0,1.0,1.0,896.0,77.0,1960.0,-37.8479,145.0958
2,h,892000.0,S,7.8,2.0,1.0,1.0,335.0,,,-37.8452,145.0959
2,t,900400.0,S,7.8,2.0,1.0,1.0,93.0,111.0,,-37.8314,145.0611
4,h,2090000.0,S,7.8,4.0,2.0,2.0,650.0,,,-37.8274,145.0688
3,t,1250000.0,VB,7.8,3.0,2.0,2.0,232.0,,,-37.842,145.0542
3,h,2000000.0,S,7.8,3.0,1.0,2.0,821.0,105.0,1925.0,-37.8459,145.0644
3,h,1302000.0,S,7.8,2.0,1.0,1.0,427.0,115.0,1938.0,-37.8367,145.0934
3,h,1430000.0,S,7.8,3.0,2.0,2.0,244.0,,,-37.8446,145.06799999999996
3,h,1622000.0,SP,7.8,3.0,1.0,1.0,544.0,160.0,1930.0,-37.8436,145.0581
2,u,502000.0,PI,7.8,2.0,1.0,1.0,0.0,77.0,1965.0,-37.8255,145.0592
2,u,435000.0,SP,7.8,2.0,1.0,1.0,896.0,77.0,1960.0,-37.8479,145.0958
2,h,620000.0,VB,7.8,2.0,1.0,1.0,122.0,,1960.0,-37.8439,145.0718
5,h,2000000.0,VB,7.8,5.0,3.0,2.0,801.0,,1920.0,-37.84,145.0548
3,u,591000.0,PI,7.8,3.0,1.0,1.0,0.0,89.0,1960.0,-37.8255,145.0592
5,h,2608000.0,S,7.8,5.0,2.0,4.0,730.0,3112.0,1920.0,-37.8424,145.0639
3,h,1780000.0,S,7.8,3.0,1.0,1.0,769.0,133.0,1930.0,-37.8482,145.0949
3,h,2250000.0,S,7.8,3.0,2.0,2.0,656.0,225.0,2009.0,-37.841,145.0824
2,h,895000.0,PI,7.8,2.0,1.0,1.0,424.0,95.0,1930.0,-37.8465,145.0743
3,h,1800000.0,SP,7.8,3.0,2.0,0.0,584.0,213.0,1920.0,-37.8349,145.0758
4,h,1400000.0,PI,7.8,3.0,0.0,0.0,693.0,,1935.0,-37.836,145.0914
2,u,693000.0,S,7.8,2.0,1.0,1.0,84.0,,,-37.832,145.0599
2,u,900000.0,S,7.8,2.0,1.0,1.0,150.0,88.0,1970.0,-37.8438,145.066
5,h,2700000.0,VB,7.8,5.0,3.0,2.0,802.0,317.0,1994.0,-37.8442,145.0578
2,u,530000.0,PI,7.8,2.0,1.0,1.0,0.0,76.0,1960.0,-37.8491,145.086
2,u,805000.0,PI,7.8,2.0,2.0,2.0,188.0,,,-37.8442,145.0668
4,h,2228000.0,S,7.8,4.0,2.0,2.0,813.0,163.0,1960.0,-37.8405,145.0903
3,t,930000.0,S,7.8,3.0,2.0,2.0,132.0,,1970.0,-37.8489,145.088
2,u,590000.0,S,7.8,2.0,1.0,1.0,0.0,,,-37.847,145.0672
4,h,4760000.0,S,7.8,4.0,2.0,2.0,903.0,,,-37.8238,145.0624
3,h,1602500.0,S,7.8,3.0,1.0,1.0,405.0,102.0,1930.0,-37.8448,145.071
3,t,1515000.0,SP,7.8,3.0,2.0,2.0,318.0,,,-37.8447,145.0916
2,h,1800000.0,PI,7.8,2.0,1.0,4.0,368.0,,,-37.8233,145.0644
2,u,530000.0,PI,7.8,2.0,1.0,1.0,0.0,,,-37.8361,145.0599
2,u,558000.0,S,7.8,3.0,1.0,1.0,0.0,,,-37.8316,145.06799999999996
2,h,1185000.0,S,7.8,3.0,2.0,2.0,259.0,,,-37.8357,145.0786
3,h,2177000.0,S,7.8,3.0,1.0,2.0,635.0,130.0,1920.0,-37.8454,145.0707
3,h,2155000.0,S,7.8,3.0,1.0,1.0,891.0,,,-37.8408,145.0905
3,h,3400000.0,S,7.8,3.0,2.0,4.0,877.0,146.0,1960.0,-37.8437,145.0623
2,h,1470000.0,S,7.8,2.0,1.0,2.0,400.0,,,-37.8393,145.0662
2,u,820000.0,S,7.8,2.0,1.0,1.0,166.0,,1969.0,-37.8439,145.0662
3,h,2105000.0,S,7.8,3.0,1.0,2.0,692.0,164.0,1940.0,-37.8379,145.0849
3,t,1625000.0,S,7.8,3.0,2.0,2.0,283.0,160.0,1990.0,-37.8362,145.064
3,h,1750000.0,VB,7.8,3.0,2.0,3.0,780.0,,,-37.8328,145.0679
3,h,3300000.0,S,7.8,3.0,3.0,2.0,417.0,220.0,2016.0,-37.831,145.0621
2,u,667000.0,S,7.8,2.0,1.0,1.0,83.0,81.0,1960.0,-37.8355,145.0633
5,h,2800000.0,SP,7.8,5.0,3.0,2.0,805.0,,,-37.8459,145.0721
2,h,1175000.0,PI,7.8,2.0,1.0,1.0,246.0,,,-37.8336,145.0612
2,t,775000.0,S,7.8,2.0,2.0,1.0,103.0,,,-37.8406,145.0545
3,h,2220000.0,S,7.8,3.0,2.0,2.0,850.0,,,-37.8456,145.0865
4,h,2015000.0,S,7.8,4.0,1.0,4.0,772.0,145.0,1920.0,-37.8441,145.0806
2,u,700000.0,S,7.8,2.0,1.0,1.0,631.0,75.0,1970.0,-37.8434,145.08100000000005
3,h,1700000.0,S,7.8,3.0,1.0,1.0,970.0,,,-37.8344,145.0818
4,h,3225000.0,S,7.8,4.0,3.0,1.0,632.0,270.0,1890.0,-37.8244,145.064
2,u,810000.0,S,7.8,2.0,1.0,1.0,0.0,,,-37.8357,145.0595
5,h,3320000.0,SP,7.8,5.0,4.0,2.0,741.0,407.0,2009.0,-37.8422,145.064
5,h,2125000.0,PI,7.8,4.0,3.0,2.0,603.0,282.0,1980.0,-37.8437,145.069
4,h,2030000.0,S,7.8,4.0,2.0,2.0,686.0,210.0,1960.0,-37.8458,145.0611
4,h,2750000.0,PI,7.8,4.0,3.0,1.0,0.0,257.0,1912.0,-37.8325,145.0649
4,h,2000000.0,VB,7.8,4.0,3.0,4.0,697.0,271.0,1980.0,-37.836,145.056
2,h,706000.0,S,7.8,2.0,1.0,1.0,95.0,,1960.0,-37.8399,145.0912
5,h,2250000.0,PI,7.8,5.0,5.0,1.0,639.0,453.0,2010.0,-37.8303,145.0668
5,h,2740000.0,S,7.8,4.0,2.0,2.0,643.0,363.0,2005.0,-37.8421,145.0719
4,h,2950000.0,S,9.0,4.0,2.0,2.0,687.0,215.0,1935.0,-37.8186,145.0706
3,h,1587500.0,S,9.0,3.0,1.0,1.0,459.0,130.0,1920.0,-37.8265,145.072
4,t,1550000.0,PI,9.0,4.0,2.0,4.0,318.0,232.0,,-37.822,145.0864
2,h,765000.0,S,9.0,2.0,1.0,1.0,543.0,,,-37.8295,145.0774
2,u,830000.0,S,9.0,2.0,1.0,1.0,110.0,83.0,1960.0,-37.8264,145.0824
4,h,2375000.0,S,9.0,4.0,2.0,1.0,653.0,229.0,1910.0,-37.8292,145.0852
5,h,2900000.0,PI,9.0,5.0,2.0,2.0,795.0,297.0,1910.0,-37.8181,145.0668
3,h,2200000.0,VB,9.0,3.0,3.0,2.0,468.0,148.0,1890.0,-37.8264,145.0741
4,h,2620000.0,S,9.0,4.0,1.0,1.0,717.0,235.0,1890.0,-37.8266,145.0849
2,h,1305000.0,S,9.0,2.0,1.0,1.0,342.0,104.0,1945.0,-37.8326,145.08100000000005
4,h,4350000.0,S,9.0,4.0,3.0,3.0,788.0,,,-37.8215,145.0731
3,h,928000.0,S,9.0,3.0,2.0,1.0,145.0,140.0,1998.0,-37.8233,145.0769
5,h,2930000.0,S,9.0,5.0,3.0,4.0,645.0,222.0,2005.0,-37.8317,145.0738
4,h,2950000.0,PI,9.0,4.0,2.0,3.0,812.0,173.0,1927.0,-37.8323,145.0842
4,h,3800000.0,PI,9.0,4.0,1.0,1.0,858.0,,,-37.8183,145.0667
2,u,722000.0,S,9.0,2.0,1.0,1.0,0.0,92.0,1965.0,-37.8205,145.0828
5,h,2350000.0,VB,9.0,5.0,2.0,4.0,838.0,282.0,1910.0,-37.8252,145.0721
3,t,1680000.0,S,9.0,3.0,2.0,2.0,387.0,,,-37.8227,145.0845
3,h,1640000.0,PI,9.0,3.0,3.0,2.0,352.0,207.0,1997.0,-37.827,145.0737
3,h,1680000.0,S,9.0,3.0,2.0,1.0,325.0,197.0,1910.0,-37.826,145.0729
5,h,3550000.0,VB,9.0,5.0,4.0,4.0,684.0,427.0,2013.0,-37.832,145.0853
3,h,1385000.0,S,9.0,2.0,1.0,1.0,444.0,,1910.0,-37.826,145.0734
4,h,3400000.0,S,9.0,4.0,1.0,4.0,845.0,411.0,2008.0,-37.8184,145.0702
2,u,690500.0,SP,9.0,2.0,1.0,1.0,118.0,,,-37.8257,145.0856
3,h,1850000.0,PI,9.0,3.0,2.0,2.0,361.0,216.0,1995.0,-37.8206,145.0785
2,u,736000.0,S,9.0,2.0,1.0,2.0,132.0,,,-37.8234,145.0731
3,t,1843000.0,S,9.0,3.0,2.0,2.0,0.0,,,-37.8207,145.0854
2,u,685000.0,S,9.0,2.0,1.0,1.0,122.0,,,-37.8236,145.0729
2,h,1800000.0,VB,9.0,2.0,1.0,3.0,716.0,,,-37.8213,145.079
3,h,1800000.0,S,9.0,3.0,2.0,2.0,316.0,,1986.0,-37.8273,145.0786
4,h,3145000.0,S,9.0,4.0,2.0,2.0,796.0,276.0,2012.0,-37.8266,145.072
4,t,1742000.0,S,9.0,4.0,2.0,2.0,780.0,,,-37.8206,145.0678
4,t,1420000.0,S,9.0,3.0,2.0,2.0,278.0,,,-37.8273,145.0752
2,u,1016000.0,S,9.0,2.0,1.0,2.0,0.0,,,-37.8291,145.0826
3,h,1330000.0,VB,3.2,3.0,1.0,1.0,314.0,,1900.0,-37.7871,144.9766
3,h,1540000.0,S,3.2,3.0,1.0,0.0,169.0,,,-37.7821,144.9753
4,h,1425000.0,S,3.2,4.0,3.0,0.0,122.0,130.0,1890.0,-37.7893,144.9696
2,h,1725000.0,S,3.2,2.0,1.0,1.0,210.0,,,-37.7844,144.972
3,h,1280000.0,VB,3.2,3.0,1.0,0.0,203.0,,,-37.7824,144.9733
3,h,2950000.0,SP,3.2,3.0,1.0,2.0,499.0,164.0,1910.0,-37.7811,144.9715
4,h,2175000.0,S,3.2,3.0,1.0,0.0,418.0,163.0,1920.0,-37.7808,144.9736
2,t,765000.0,S,3.2,2.0,1.0,1.0,1031.0,,1970.0,-37.784,144.9715
2,h,800000.0,PI,3.2,2.0,1.0,1.0,73.0,104.0,2009.0,-37.7852,144.9719
2,h,1301000.0,S,3.2,2.0,1.0,0.0,133.0,,,-37.786,144.9704
4,h,2718000.0,S,3.2,4.0,2.0,0.0,538.0,142.0,2015.0,-37.7816,144.9714
1,u,468000.0,S,3.2,1.0,1.0,1.0,861.0,,1970.0,-37.7851,144.9723
2,h,2400000.0,S,3.2,1.0,2.0,0.0,413.0,172.0,1900.0,-37.7875,144.9759
3,h,2210000.0,S,3.2,2.0,2.0,1.0,190.0,,,-37.7847,144.9741
2,h,1330000.0,S,3.2,2.0,1.0,0.0,116.0,,,-37.7904,144.9726
4,h,2520000.0,S,3.2,4.0,2.0,2.0,504.0,168.0,1890.0,-37.7805,144.9721
3,h,1214000.0,S,3.2,3.0,3.0,1.0,144.0,,,-37.7885,144.9757
3,h,1955000.0,S,3.2,3.0,2.0,1.0,163.0,135.0,,-37.786,144.9751
1,u,390000.0,S,3.2,1.0,1.0,1.0,0.0,,1970.0,-37.7907,144.9691
1,h,885000.0,S,3.2,1.0,1.0,0.0,93.0,,,-37.7888,144.9698
3,h,2050000.0,S,3.2,3.0,2.0,0.0,84.0,148.0,1970.0,-37.7879,144.9736
2,h,910000.0,S,3.2,3.0,1.0,1.0,100.0,,,-37.7879,144.9759
2,h,880000.0,S,3.2,2.0,1.0,0.0,142.0,,,-37.7911,144.9688
4,h,1950000.0,S,3.2,4.0,2.0,2.0,207.0,162.0,1900.0,-37.7804,144.9748
3,h,1280000.0,S,3.2,3.0,1.0,1.0,131.0,,,-37.7846,144.9704
1,u,437000.0,S,3.2,1.0,1.0,1.0,0.0,56.0,1970.0,-37.7798,144.9707
2,h,1150000.0,VB,3.2,2.0,1.0,2.0,373.0,,,-37.7828,144.9702
2,u,520000.0,VB,3.2,2.0,1.0,1.0,0.0,86.0,1940.0,-37.7813,144.9773
2,u,570000.0,S,3.2,2.0,1.0,1.0,0.0,76.0,1975.0,-37.7902,144.97
3,u,820000.0,S,11.4,3.0,1.0,2.0,0.0,96.0,1989.0,-37.897,145.0623
2,t,795000.0,S,11.4,2.0,2.0,1.0,133.0,104.0,2009.0,-37.8911,145.0539
2,u,600000.0,SP,11.4,2.0,1.0,1.0,73.0,61.0,1970.0,-37.897,145.0593
3,h,1295000.0,S,11.4,3.0,1.0,2.0,425.0,166.0,1960.0,-37.8876,145.0502
4,h,1275000.0,S,11.4,4.0,2.0,0.0,365.0,,1919.0,-37.8877,145.0507
3,h,1620000.0,S,11.4,3.0,1.0,1.0,808.0,,,-37.8982,145.0461
2,u,510000.0,S,11.4,2.0,1.0,1.0,0.0,69.0,1970.0,-37.8912,145.0644
1,u,255000.0,S,11.4,1.0,1.0,1.0,0.0,,,-37.8875,145.0599
2,h,890000.0,S,11.4,2.0,1.0,1.0,282.0,111.0,,-37.8957,145.0528
1,u,346000.0,S,11.4,1.0,1.0,1.0,60.0,48.0,1970.0,-37.8965,145.0618
3,t,860000.0,SP,11.4,3.0,2.0,1.0,1113.0,113.0,1990.0,-37.8972,145.0642
2,u,586000.0,S,11.4,2.0,1.0,1.0,898.0,,1970.0,-37.9003,145.0634
2,u,772000.0,S,11.4,2.0,1.0,2.0,0.0,100.0,1973.0,-37.8863,145.066
4,h,1506000.0,S,11.4,4.0,2.0,2.0,561.0,204.0,1925.0,-37.8934,145.0633
3,t,675000.0,PI,11.4,3.0,2.0,1.0,0.0,107.0,1990.0,-37.8972,145.0642
2,u,525000.0,SP,11.4,2.0,1.0,2.0,0.0,67.0,2009.0,-37.8893,145.0589
1,u,290000.0,S,11.4,1.0,1.0,1.0,0.0,50.0,1960.0,-37.8858,145.0632
1,u,363000.0,S,11.4,1.0,1.0,1.0,0.0,,,-37.8982,145.0625
2,u,360000.0,VB,11.4,2.0,1.0,1.0,0.0,70.0,1970.0,-37.9032,145.0555
2,h,967500.0,S,11.4,3.0,1.0,2.0,299.0,115.0,1930.0,-37.8973,145.053
2,h,1350000.0,VB,11.4,1.0,2.0,2.0,265.0,,1920.0,-37.8881,145.0537
2,u,516000.0,S,11.4,2.0,1.0,1.0,0.0,,,-37.889,145.0533
1,u,330000.0,S,11.4,1.0,1.0,1.0,0.0,33.0,1970.0,-37.8888,145.0533
3,h,1600000.0,S,11.4,4.0,2.0,2.0,751.0,40.0,1923.0,-37.8945,145.0648
3,h,1170000.0,S,11.4,2.0,1.0,2.0,461.0,,,-37.8988,145.0516
1,u,260000.0,VB,11.4,1.0,1.0,1.0,0.0,,1968.0,-37.8983,145.0627
3,u,1008000.0,S,11.4,3.0,2.0,1.0,300.0,130.0,1990.0,-37.8974,145.0539
2,u,625000.0,S,11.4,2.0,1.0,1.0,78.0,,,-37.8967,145.0627
2,t,700000.0,SP,11.4,2.0,2.0,1.0,106.0,,,-37.8881,145.0535
2,u,545000.0,PI,11.4,2.0,1.0,1.0,109.0,,,-37.8971,145.0597
3,u,1170000.0,S,11.4,3.0,1.0,2.0,0.0,170.0,1925.0,-37.8977,145.0493
4,h,1830000.0,S,11.4,3.0,2.0,2.0,687.0,237.0,1983.0,-37.8931,145.0479
1,u,250000.0,PI,11.4,1.0,1.0,1.0,0.0,34.0,1960.0,-37.8982,145.0625
2,t,930000.0,S,11.4,2.0,2.0,1.0,166.0,170.0,2009.0,-37.8982,145.0488
2,u,465000.0,S,11.4,2.0,1.0,1.0,0.0,56.0,1970.0,-37.8881,145.0558
3,h,1646000.0,S,11.4,3.0,2.0,2.0,721.0,,,-37.8909,145.0648
2,u,460000.0,VB,11.4,2.0,1.0,1.0,0.0,,,-37.8936,145.056
4,h,1550000.0,VB,11.4,4.0,2.0,2.0,757.0,133.0,1930.0,-37.8925,145.0541
2,t,707000.0,SA,11.4,2.0,1.0,1.0,144.0,96.0,2000.0,-37.892,145.0482
2,u,804000.0,S,11.4,2.0,2.0,1.0,0.0,86.0,1993.0,-37.9,145.0548
3,h,1200000.0,S,11.4,3.0,2.0,1.0,588.0,,,-37.8937,145.0648
4,h,1501000.0,S,11.4,3.0,2.0,1.0,598.0,201.0,1970.0,-37.9037,145.0588
3,h,950000.0,VB,11.4,3.0,1.0,1.0,586.0,,,-37.88800000000001,145.0505
3,t,970000.0,PI,11.4,3.0,2.0,2.0,325.0,223.0,2005.0,-37.8933,145.0546
1,u,345000.0,S,11.4,1.0,1.0,1.0,0.0,,,-37.8968,145.0609
2,h,817500.0,S,11.4,2.0,1.0,1.0,211.0,102.0,2002.0,-37.8856,145.0599
4,h,1450000.0,PI,11.4,4.0,2.0,2.0,557.0,200.0,1938.0,-37.8955,145.0515
3,h,1000000.0,PI,11.4,3.0,2.0,1.0,390.0,,,-37.8905,145.0518
2,t,855000.0,S,11.4,2.0,1.0,1.0,158.0,106.0,1994.0,-37.8886,145.05200000000005
2,h,675000.0,S,11.4,2.0,1.0,1.0,0.0,90.0,1968.0,-37.8973,145.0625
2,u,588000.0,SP,11.4,2.0,1.0,1.0,133.0,71.0,2011.0,-37.89,145.0559
2,u,455000.0,S,11.4,2.0,1.0,1.0,0.0,73.0,1970.0,-37.8897,145.0524
3,u,602500.0,S,11.4,3.0,1.0,2.0,0.0,,,-37.8893,145.0589
2,u,662000.0,S,11.4,4.0,2.0,1.0,0.0,,,-37.8873,145.0572
3,h,1420000.0,S,11.4,3.0,2.0,2.0,554.0,,,-37.8934,145.0599
3,u,920000.0,SP,11.4,3.0,2.0,1.0,283.0,250.0,2005.0,-37.8974,145.0622
3,h,1287000.0,S,11.4,3.0,1.0,1.0,620.0,,,-37.9031,145.0578
2,u,656000.0,S,11.4,2.0,1.0,1.0,103.0,82.0,1970.0,-37.8873,145.0559
2,h,930000.0,S,11.4,2.0,1.0,1.0,264.0,110.0,1930.0,-37.8864,145.0561
2,u,415000.0,S,11.4,2.0,1.0,1.0,0.0,64.0,1970.0,-37.8889,145.048
2,u,650000.0,S,11.4,2.0,1.0,1.0,174.0,80.0,1975.0,-37.8978,145.062
3,h,1360000.0,S,11.4,3.0,2.0,2.0,282.0,182.0,2010.0,-37.8953,145.0567
2,u,380000.0,SP,11.4,2.0,1.0,1.0,0.0,,,-37.8957,145.0599
2,u,765000.0,S,11.4,2.0,1.0,1.0,134.0,,1965.0,-37.8987,145.0557
4,h,1423000.0,S,11.4,4.0,3.0,4.0,838.0,,,-37.8972,145.0617
5,h,1900000.0,PI,11.4,5.0,3.0,1.0,564.0,,1930.0,-37.8957,145.0487
2,h,907000.0,S,11.4,2.0,1.0,2.0,316.0,2.0,,-37.8854,145.0636
1,u,350000.0,S,11.4,1.0,1.0,1.0,0.0,53.0,1980.0,-37.8894,145.0508
3,h,1430000.0,S,11.4,3.0,2.0,2.0,603.0,166.0,1945.0,-37.9023,145.0568
2,u,983500.0,S,11.4,2.0,1.0,1.0,333.0,,,-37.8867,145.0653
3,h,1490000.0,S,11.4,3.0,2.0,1.0,371.0,167.0,1915.0,-37.8871,145.05200000000005
2,u,572000.0,S,11.4,2.0,2.0,1.0,0.0,,2014.0,-37.8873,145.0572
3,h,990000.0,S,11.4,3.0,2.0,2.0,0.0,,,-37.8927,145.0644
4,t,1100000.0,S,11.4,4.0,3.0,2.0,305.0,,1996.0,-37.8978,145.0506
3,h,1125000.0,PI,11.4,3.0,1.0,1.0,604.0,120.0,1925.0,-37.8993,145.0528
2,u,601000.0,S,11.4,2.0,1.0,1.0,132.0,,1970.0,-37.8959,145.06
4,h,1410000.0,PI,11.4,4.0,3.0,3.0,650.0,,,-37.9011,145.05100000000004
2,u,405000.0,PI,11.4,2.0,1.0,1.0,967.0,72.0,1970.0,-37.8843,145.0531
4,h,1655000.0,PI,11.4,4.0,2.0,2.0,595.0,221.0,1915.0,-37.8916,145.0543
3,h,1910000.0,S,11.4,3.0,1.0,1.0,720.0,,,-37.8922,145.0544
3,t,808000.0,S,11.4,3.0,1.0,1.0,111.0,116.0,1998.0,-37.8889,145.0495
3,h,1252000.0,S,11.4,3.0,1.0,1.0,376.0,,,-37.8896,145.0492
2,u,370000.0,VB,11.4,2.0,1.0,1.0,0.0,68.0,1950.0,-37.8959,145.0639
4,h,1880000.0,S,11.4,3.0,2.0,3.0,932.0,270.0,1970.0,-37.8975,145.0478
2,h,896000.0,S,11.4,2.0,1.0,2.0,543.0,544.0,,-37.898,145.0528
5,h,1802100.0,S,11.4,4.0,2.0,2.0,366.0,,,-37.8868,145.0625
2,u,585000.0,S,11.4,2.0,1.0,1.0,108.0,67.0,1970.0,-37.8973,145.0596
2,u,450000.0,S,11.4,2.0,1.0,1.0,0.0,72.0,1970.0,-37.8999,145.0575
2,u,737000.0,S,11.4,2.0,1.0,1.0,165.0,,1990.0,-37.8927,145.0539
3,t,860000.0,S,11.4,3.0,1.0,2.0,277.0,135.0,1978.0,-37.8978,145.0624
2,u,605000.0,S,11.4,2.0,1.0,1.0,0.0,70.0,1973.0,-37.8956,145.0613
2,h,1300000.0,S,11.4,2.0,1.0,1.0,640.0,,1900.0,-37.891,145.0636
4,h,1518000.0,S,11.4,3.0,3.0,2.0,454.0,275.0,2000.0,-37.8869,145.0628
2,u,632500.0,S,11.4,2.0,1.0,1.0,99.0,98.0,1965.0,-37.8946,145.0588
2,u,435000.0,S,11.4,2.0,1.0,1.0,0.0,60.0,1980.0,-37.8986,145.0567
2,u,468250.0,S,11.4,2.0,1.0,1.0,912.0,75.0,2008.0,-37.8936,145.056
3,h,1716000.0,S,11.4,2.0,2.0,1.0,817.0,130.0,1925.0,-37.9007,145.047
1,u,270000.0,S,11.4,1.0,1.0,1.0,0.0,,1968.0,-37.886,145.0659
1,u,365000.0,S,11.4,1.0,1.0,1.0,0.0,48.0,1960.0,-37.8887,145.048
1,u,340000.0,S,11.4,1.0,1.0,1.0,0.0,,,-37.8894,145.0508
2,u,722500.0,S,8.9,2.0,1.0,1.0,0.0,100.0,1960.0,-37.8865,145.0302
4,t,1600000.0,SP,8.9,4.0,3.0,2.0,812.0,,,-37.8864,145.0326
5,h,1665000.0,S,8.9,5.0,2.0,2.0,593.0,,,-37.8849,145.0341
1,u,323000.0,S,8.9,1.0,1.0,1.0,820.0,,,-37.8866,145.0322
2,u,550000.0,VB,8.9,2.0,1.0,1.0,806.0,78.0,1960.0,-37.8852,145.024
2,u,638000.0,SP,8.9,2.0,2.0,1.0,0.0,,,-37.8862,145.0175
4,h,131000.0,PI,8.9,4.0,1.0,2.0,499.0,155.0,1920.0,-37.8864,145.0242
3,h,1090000.0,S,8.9,2.0,1.0,2.0,275.0,,,-37.885,145.0189
3,h,1365000.0,S,8.1,3.0,1.0,0.0,513.0,,,-37.8678,145.02700000000004
3,h,1750000.0,S,8.1,3.0,2.0,2.0,692.0,313.0,1955.0,-37.8629,145.019
2,u,580000.0,SP,8.1,2.0,1.0,1.0,934.0,68.0,2012.0,-37.8607,145.0116
3,h,2005000.0,PI,8.1,4.0,2.0,3.0,361.0,237.0,2014.0,-37.8694,145.0296
2,u,523000.0,SP,8.1,2.0,1.0,1.0,0.0,,1960.0,-37.8694,145.0246
2,u,420000.0,VB,8.1,2.0,1.0,1.0,0.0,56.0,2012.0,-37.861,145.0136
1,u,290000.0,VB,8.1,1.0,1.0,1.0,952.0,43.0,1970.0,-37.8744,145.0371
2,u,608000.0,SP,8.1,2.0,1.0,1.0,0.0,,,-37.8607,145.0112
2,u,570000.0,S,8.1,2.0,1.0,1.0,0.0,67.0,,-37.8625,145.0103
2,u,520500.0,S,8.1,2.0,1.0,1.0,0.0,,,-37.8681,145.0258
3,h,1400000.0,SP,8.1,3.0,1.0,0.0,270.0,139.0,1910.0,-37.868,145.0269
4,h,2830000.0,S,8.1,4.0,2.0,2.0,723.0,,,-37.8672,145.0225
2,u,722000.0,SP,8.1,2.0,2.0,2.0,0.0,,2011.0,-37.8607,145.0116
2,u,450000.0,S,8.1,2.0,1.0,1.0,1092.0,63.0,2014.0,-37.8647,145.0232
3,h,1870000.0,S,8.1,3.0,2.0,1.0,339.0,,,-37.8622,145.0112
2,u,622000.0,PI,8.1,2.0,2.0,1.0,934.0,,,-37.8607,145.0116
2,u,536000.0,S,8.1,2.0,1.0,1.0,771.0,82.0,1960.0,-37.8686,145.0239
4,h,2625000.0,S,8.1,4.0,2.0,3.0,836.0,,1910.0,-37.8696,145.0323
2,u,570000.0,S,8.1,2.0,1.0,2.0,0.0,,,-37.8652,145.0198
2,u,550000.0,VB,8.1,2.0,1.0,1.0,0.0,67.0,2011.0,-37.8609,145.0126
4,h,2170000.0,S,8.1,4.0,2.0,1.0,810.0,215.0,1915.0,-37.8698,145.0325
3,h,1577500.0,S,9.3,3.0,2.0,2.0,357.0,144.0,1935.0,-37.8896,145.0307
3,h,1460000.0,S,9.3,3.0,1.0,2.0,451.0,121.0,1960.0,-37.8874,145.019
1,u,275500.0,PI,9.3,1.0,1.0,1.0,0.0,44.0,1960.0,-37.8961,145.0132
2,h,1065000.0,S,9.3,2.0,1.0,1.0,273.0,114.0,1930.0,-37.895,145.02200000000005
3,h,1470000.0,S,9.3,3.0,2.0,2.0,296.0,,1910.0,-37.8906,145.0224
2,h,1012000.0,S,9.3,2.0,1.0,1.0,0.0,,,-37.9002,145.02700000000004
3,u,599000.0,S,9.3,3.0,1.0,1.0,88.0,100.0,,-37.8997,145.0168
3,h,1160500.0,S,9.3,3.0,2.0,1.0,358.0,,1930.0,-37.8965,145.0269
2,u,650000.0,VB,9.3,2.0,1.0,1.0,100.0,,,-37.8912,145.0289
3,h,1170000.0,S,9.3,3.0,1.0,1.0,359.0,120.0,,-37.8898,145.0196
3,h,1314000.0,S,9.3,3.0,1.0,2.0,339.0,,,-37.8906,145.0221
4,t,1030000.0,VB,9.3,4.0,2.0,2.0,216.0,165.0,1995.0,-37.8887,145.0318
2,h,1225000.0,S,9.3,2.0,1.0,2.0,284.0,99.0,1940.0,-37.8958,145.0215
3,h,1450000.0,S,9.3,2.0,2.0,1.0,478.0,120.0,1925.0,-37.8893,145.0161
4,h,1774500.0,S,9.3,4.0,2.0,2.0,575.0,256.0,2008.0,-37.8993,145.0254
2,u,525500.0,S,9.3,2.0,1.0,1.0,831.0,80.0,1970.0,-37.8974,145.0294
4,h,1960000.0,PI,9.3,5.0,3.0,4.0,708.0,,,-37.8923,145.0177
2,h,825000.0,S,9.3,2.0,1.0,1.0,367.0,85.0,1930.0,-37.8995,145.0241
2,h,1262000.0,S,9.3,4.0,2.0,2.0,464.0,272.0,2016.0,-37.8901,145.0224
3,u,1110000.0,S,9.3,3.0,2.0,1.0,299.0,,,-37.8891,145.0294
4,t,1410000.0,S,9.3,4.0,2.0,3.0,342.0,,2005.0,-37.8957,145.0196
3,h,1303500.0,S,9.3,3.0,1.0,2.0,699.0,,,-37.8936,145.0366
2,h,1115000.0,S,9.3,2.0,1.0,1.0,402.0,,,-37.8967,145.0313
2,h,1340000.0,S,9.3,2.0,1.0,1.0,505.0,117.0,1940.0,-37.8928,145.0149
3,h,1200000.0,S,9.3,3.0,2.0,2.0,494.0,135.0,1920.0,-37.9027,145.0322
3,h,1570000.0,S,9.3,3.0,1.0,2.0,520.0,,,-37.8889,145.0151
2,h,1001000.0,S,9.3,2.0,2.0,1.0,255.0,85.0,1890.0,-37.8887,145.0207
3,h,1330000.0,S,9.3,3.0,1.0,1.0,312.0,123.0,1926.0,-37.8893,145.0196
1,u,290000.0,VB,9.3,1.0,1.0,1.0,0.0,,1970.0,-37.8943,145.0145
4,h,1570000.0,S,9.3,3.0,2.0,2.0,641.0,215.0,1970.0,-37.9012,145.035
4,h,1916000.0,S,9.3,4.0,2.0,2.0,630.0,205.0,1910.0,-37.8894,145.0145
2,u,500000.0,VB,9.3,2.0,1.0,1.0,90.0,,,-37.8996,145.0169
3,t,752000.0,S,13.6,3.0,2.0,1.0,182.0,,,-37.8786,145.1015
4,h,1507000.0,S,13.6,4.0,2.0,2.0,600.0,,,-37.8891,145.1002
4,h,890000.0,VB,13.6,4.0,3.0,2.0,288.0,158.0,2014.0,-37.8801,145.1051
3,u,700000.0,S,13.6,2.0,2.0,1.0,224.0,94.0,2006.0,-37.8738,145.1054
3,h,1000000.0,S,13.6,3.0,1.0,2.0,606.0,,,-37.8784,145.0958
3,t,865000.0,S,13.6,3.0,2.0,2.0,277.0,143.0,2010.0,-37.8796,145.1044
4,t,1042500.0,S,13.6,4.0,3.0,2.0,209.0,160.0,2016.0,-37.8805,145.105
2,h,1002000.0,S,13.6,2.0,1.0,1.0,585.0,97.0,1950.0,-37.8792,145.0948
3,h,992000.0,S,13.6,3.0,1.0,2.0,586.0,,,-37.8805,145.0978
3,h,650000.0,PI,13.6,3.0,2.0,2.0,160.0,101.0,2000.0,-37.8859,145.0934
4,t,965000.0,SP,13.6,4.0,3.0,2.0,273.0,182.0,2012.0,-37.8742,145.105
3,h,920000.0,PI,13.6,4.0,2.0,2.0,515.0,,,-37.8837,145.106
3,h,1301000.0,S,13.6,3.0,1.0,2.0,620.0,88.0,1970.0,-37.8812,145.105
4,h,1415500.0,S,13.6,3.0,2.0,1.0,1033.0,164.0,1950.0,-37.8738,145.1095
2,h,705000.0,S,13.6,2.0,1.0,1.0,842.0,,1972.0,-37.8859,145.0979
4,h,1260000.0,S,13.6,4.0,2.0,2.0,500.0,277.0,2001.0,-37.8845,145.1027
3,h,1460000.0,S,13.6,3.0,1.0,1.0,705.0,,,-37.8746,145.1071
3,h,1000000.0,SP,13.6,3.0,1.0,2.0,630.0,105.0,1960.0,-37.8838,145.102
3,t,845000.0,S,13.6,3.0,2.0,1.0,177.0,111.0,2012.0,-37.8824,145.1042
4,t,881000.0,S,13.6,3.0,2.0,1.0,188.0,137.0,2014.0,-37.8781,145.0955
3,h,1270000.0,S,3.4,3.0,2.0,0.0,187.0,,,-37.7902,144.9894
2,h,780000.0,S,3.4,2.0,1.0,1.0,155.0,85.0,1880.0,-37.7934,144.9922
3,h,1060000.0,S,3.4,3.0,1.0,0.0,193.0,98.0,1900.0,-37.7899,144.9984
3,t,930000.0,S,3.4,3.0,2.0,1.0,124.0,116.0,2000.0,-37.7934,144.9923
2,h,1420000.0,S,3.4,2.0,1.0,0.0,180.0,,,-37.7898,144.9903
2,h,1075000.0,S,3.4,2.0,1.0,1.0,174.0,85.0,1890.0,-37.7928,144.9987
2,h,1105000.0,S,3.4,2.0,1.0,1.0,185.0,84.0,1910.0,-37.7927,144.9981
2,h,1209000.0,S,3.4,2.0,1.0,1.0,140.0,97.0,1910.0,-37.7919,144.9884
4,h,3010000.0,S,3.4,4.0,3.0,2.0,382.0,250.0,1903.0,-37.7897,144.9992
2,h,1435000.0,S,3.4,2.0,1.0,2.0,239.0,96.0,1900.0,-37.7918,144.997
2,h,1417000.0,SP,3.4,2.0,1.0,0.0,197.0,,,-37.7924,145.0002
2,h,1290000.0,S,3.4,2.0,1.0,0.0,164.0,99.0,1890.0,-37.7912,144.9967
3,h,1226000.0,S,3.4,3.0,2.0,0.0,0.0,,,-37.7917,144.9902
2,u,495000.0,S,3.4,2.0,1.0,1.0,515.0,50.0,1970.0,-37.7875,145.0049
1,u,325000.0,VB,3.4,1.0,1.0,1.0,0.0,,,-37.7873,144.9958
3,h,1370000.0,S,3.4,3.0,2.0,1.0,176.0,135.0,1890.0,-37.7921,144.9898
2,h,1620000.0,S,3.4,2.0,1.0,2.0,251.0,,,-37.787,144.9988
3,h,1180000.0,SP,3.4,3.0,3.0,1.0,142.0,,1995.0,-37.7928,145.0021
2,h,1405000.0,S,3.4,2.0,1.0,0.0,219.0,,,-37.7882,144.9984
2,h,880000.0,VB,3.4,2.0,1.0,0.0,100.0,,,-37.7923,144.9858
2,h,1450000.0,VB,3.4,2.0,1.0,0.0,156.0,107.0,1890.0,-37.7892,144.9999
2,h,856000.0,S,3.4,2.0,1.0,0.0,170.0,,,-37.7936,144.995
2,u,885500.0,S,3.4,2.0,2.0,2.0,0.0,136.0,2005.0,-37.7937,144.9983
3,h,1680000.0,S,3.4,3.0,2.0,1.0,201.0,,,-37.7884,145.0
2,h,730000.0,S,3.4,2.0,1.0,1.0,103.0,,,-37.7898,144.9957
3,t,825000.0,SP,3.4,3.0,3.0,1.0,67.0,119.0,2010.0,-37.7946,144.9989
2,u,533000.0,SP,3.4,2.0,1.0,1.0,0.0,,1970.0,-37.7931,144.9938
2,h,1430000.0,S,3.4,2.0,1.0,0.0,151.0,,1910.0,-37.7912,144.9963
4,h,1506000.0,S,3.4,4.0,2.0,0.0,162.0,169.0,1995.0,-37.7885,144.9994
3,h,1150000.0,VB,3.4,3.0,1.0,1.0,169.0,,,-37.7925,144.9877
3,h,1360000.0,S,3.4,3.0,1.0,0.0,118.0,118.0,1880.0,-37.7921,144.9858
2,t,640000.0,VB,3.4,2.0,1.0,1.0,0.0,,,-37.7873,144.9961
2,h,850000.0,SP,7.8,2.0,1.0,1.0,371.0,93.0,1930.0,-37.735,144.9589
3,h,784000.0,S,7.8,2.0,1.0,1.0,286.0,110.0,1890.0,-37.7427,144.952
3,h,680000.0,S,7.8,3.0,1.0,0.0,702.0,108.0,1950.0,-37.7391,144.9812
4,h,1221000.0,S,7.8,4.0,1.0,2.0,596.0,,,-37.7456,144.9696
2,t,807000.0,S,7.8,2.0,2.0,1.0,0.0,176.0,2010.0,-37.7546,144.9713
3,h,790000.0,S,7.8,3.0,1.0,2.0,371.0,,,-37.7435,144.9507
4,h,955000.0,S,7.8,4.0,2.0,1.0,295.0,,,-37.7374,144.9617
3,h,675000.0,PI,7.8,3.0,1.0,2.0,142.0,123.0,2005.0,-37.7382,144.97299999999996
3,h,1010000.0,S,7.8,3.0,2.0,1.0,278.0,278.0,,-37.7494,144.9686
3,h,1202000.0,S,7.8,3.0,2.0,2.0,423.0,140.0,1940.0,-37.7493,144.9559
3,h,1370000.0,S,7.8,3.0,1.0,1.0,233.0,180.0,1890.0,-37.7549,144.9611
2,h,550000.0,S,7.8,2.0,1.0,1.0,0.0,,,-37.7358,144.9801
3,h,1000000.0,VB,7.8,3.0,2.0,3.0,370.0,110.0,1920.0,-37.744,144.9501
3,h,935500.0,S,7.8,3.0,1.0,2.0,386.0,,,-37.7364,144.96
8,u,2250000.0,PI,7.8,4.0,2.0,4.0,983.0,,,-37.7517,144.9699
4,h,145000.0,PI,7.8,3.0,1.0,1.0,536.0,164.0,1910.0,-37.7555,144.9658
4,h,905000.0,S,7.8,3.0,2.0,1.0,439.0,,,-37.7363,144.9507
3,h,860000.0,S,7.8,3.0,1.0,1.0,283.0,109.0,1915.0,-37.7416,144.9582
2,h,953000.0,S,7.8,2.0,1.0,1.0,170.0,101.0,1890.0,-37.7508,144.9608
2,h,735000.0,SP,7.8,2.0,1.0,1.0,280.0,93.0,1900.0,-37.7429,144.952
3,t,550000.0,PI,7.8,3.0,2.0,2.0,0.0,168.0,,-37.7372,144.9764
3,h,1100000.0,VB,7.8,3.0,1.0,1.0,576.0,,,-37.7432,144.9474
3,h,947000.0,S,7.8,3.0,1.0,1.0,372.0,125.0,1920.0,-37.735,144.9581
2,u,500000.0,SP,7.8,2.0,1.0,1.0,0.0,74.0,1970.0,-37.7405,144.9644
3,t,865000.0,S,7.8,3.0,2.0,2.0,263.0,,2008.0,-37.7546,144.9713
2,u,466000.0,S,7.8,2.0,1.0,1.0,0.0,62.0,1980.0,-37.7527,144.9522
3,t,740000.0,VB,7.8,3.0,2.0,1.0,255.0,164.0,2014.0,-37.7546,144.9713
3,h,812000.0,S,7.8,3.0,1.0,1.0,370.0,130.0,1930.0,-37.7561,144.9718
3,h,766000.0,S,7.8,3.0,1.0,0.0,378.0,124.0,1930.0,-37.7561,144.9716
3,h,825000.0,S,7.8,2.0,1.0,1.0,374.0,118.0,1910.0,-37.7561,144.9715
4,h,1131000.0,S,7.8,4.0,2.0,2.0,494.0,300.0,2001.0,-37.7359,144.9711
3,h,1064000.0,SP,7.8,3.0,2.0,1.0,417.0,178.0,1940.0,-37.7478,144.9583
2,t,610000.0,PI,7.8,2.0,2.0,1.0,114.0,,,-37.7466,144.9482
3,h,1210000.0,S,7.8,3.0,1.0,1.0,379.0,125.0,1925.0,-37.7544,144.9764
2,u,434000.0,S,7.8,2.0,1.0,1.0,0.0,80.0,1965.0,-37.7405,144.9644
2,u,653000.0,SP,7.8,2.0,1.0,1.0,129.0,107.0,2012.0,-37.7422,144.9606
3,t,640000.0,S,7.8,3.0,1.0,2.0,119.0,109.0,1995.0,-37.7403,144.9491
2,h,820000.0,S,7.8,2.0,1.0,1.0,597.0,,1960.0,-37.7402,144.9807
4,h,1250000.0,S,7.8,4.0,1.0,2.0,613.0,,,-37.7433,144.9762
5,h,1335000.0,S,7.8,5.0,3.0,2.0,390.0,,,-37.7376,144.9726
6,h,1900000.0,VB,7.8,6.0,2.0,2.0,1060.0,,,-37.7523,144.9725
3,h,1090000.0,S,7.8,3.0,1.0,1.0,464.0,,,-37.753,144.9485
3,h,1130000.0,SP,7.8,3.0,1.0,2.0,735.0,127.0,1920.0,-37.7379,144.9623
4,h,1145000.0,S,7.8,4.0,2.0,2.0,480.0,,,-37.7402,144.9607
2,t,657000.0,SP,7.8,2.0,1.0,2.0,138.0,,,-37.7427,144.9711
3,h,763000.0,S,7.8,3.0,2.0,1.0,107.0,110.0,1994.0,-37.7517,144.963
2,h,903000.0,S,7.8,2.0,1.0,1.0,253.0,94.0,1910.0,-37.7484,144.9521
3,h,1000000.0,S,7.8,3.0,1.0,1.0,431.0,117.0,1970.0,-37.75,144.9695
4,h,1742000.0,SP,7.8,3.0,2.0,4.0,482.0,256.0,2006.0,-37.7529,144.9534
4,h,865000.0,S,7.8,4.0,1.0,1.0,452.0,125.0,1925.0,-37.7525,144.94799999999995
2,u,485000.0,VB,7.8,2.0,2.0,1.0,0.0,96.0,1880.0,-37.7367,144.9701
3,h,1278000.0,S,7.8,3.0,2.0,3.0,405.0,156.0,1930.0,-37.7464,144.959
3,t,590000.0,VB,7.8,3.0,2.0,2.0,0.0,109.0,2013.0,-37.7458,144.9751
4,h,1000000.0,SP,7.8,4.0,2.0,1.0,381.0,,1938.0,-37.7337,144.9548
3,t,590000.0,PI,7.8,3.0,2.0,2.0,0.0,168.0,,-37.7372,144.9764
3,h,1030000.0,S,7.8,3.0,1.0,1.0,404.0,,,-37.7504,144.9537
4,h,1136000.0,S,7.8,4.0,3.0,1.0,420.0,146.0,1920.0,-37.7501,144.96200000000005
2,t,635000.0,S,7.8,2.0,1.0,1.0,97.0,95.0,2014.0,-37.7516,144.9623
3,h,1061000.0,S,7.8,3.0,1.0,1.0,527.0,,,-37.7359,144.9502
4,h,1155000.0,S,7.8,4.0,1.0,2.0,370.0,,,-37.7431,144.95600000000005
4,h,650000.0,PI,7.8,3.0,2.0,2.0,312.0,,,-37.7362,144.9714
3,h,1286000.0,S,7.8,3.0,2.0,2.0,435.0,,,-37.7477,144.9483
3,h,885000.0,S,7.8,3.0,1.0,2.0,255.0,,1920.0,-37.7493,144.9701
4,h,1160000.0,PI,7.8,4.0,2.0,5.0,371.0,,1888.0,-37.7436,144.96200000000005
4,h,1400000.0,S,7.8,4.0,1.0,1.0,856.0,189.0,1970.0,-37.7432,144.9481
2,u,470000.0,SP,7.8,2.0,2.0,1.0,0.0,,,-37.7379,144.9683
3,h,1260000.0,S,7.8,3.0,2.0,0.0,407.0,230.0,1930.0,-37.7471,144.9579
2,h,920000.0,SP,7.8,2.0,1.0,0.0,157.0,,,-37.7464,144.9676
3,h,841000.0,S,7.8,3.0,1.0,3.0,385.0,98.0,1920.0,-37.734,144.9603
2,u,537500.0,S,7.8,2.0,1.0,1.0,0.0,73.0,1975.0,-37.7435,144.9563
2,h,1130000.0,S,7.8,2.0,1.0,2.0,520.0,,,-37.7543,144.9717
2,t,598000.0,S,7.8,2.0,1.0,1.0,108.0,100.0,2007.0,-37.7379,144.9617
3,h,1120000.0,S,7.8,3.0,2.0,1.0,293.0,180.0,2006.0,-37.7481,144.9663
3,h,870000.0,S,7.8,3.0,1.0,1.0,371.0,100.0,1980.0,-37.735,144.9558
3,h,680000.0,PI,7.8,2.0,1.0,2.0,462.0,72.0,1920.0,-37.7448,144.9478
1,h,482500.0,S,7.8,1.0,1.0,1.0,108.0,,,-37.7554,144.9648
3,h,825000.0,S,7.8,3.0,1.0,2.0,577.0,131.0,1920.0,-37.7459,144.9773
3,h,725000.0,S,7.8,3.0,1.0,0.0,238.0,131.0,1900.0,-37.7539,144.9612
4,h,1250000.0,VB,7.8,4.0,3.0,1.0,515.0,249.0,1900.0,-37.7537,144.9766
2,h,1008000.0,S,7.8,2.0,1.0,3.0,457.0,89.0,1940.0,-37.7505,144.9725
2,t,599000.0,S,7.8,2.0,2.0,1.0,76.0,,,-37.7474,144.9621
2,h,860000.0,S,7.8,2.0,1.0,1.0,483.0,,,-37.7509,144.9696
4,h,990000.0,SP,7.8,4.0,1.0,1.0,488.0,142.0,1930.0,-37.7537,144.9532
2,u,451000.0,S,7.8,2.0,1.0,1.0,0.0,72.0,1970.0,-37.752,144.954
2,h,635000.0,S,7.8,2.0,2.0,3.0,339.0,149.0,1920.0,-37.7404,144.9559
5,h,1020000.0,PI,7.8,5.0,2.0,4.0,381.0,286.0,1985.0,-37.7492,144.969
3,h,967000.0,S,7.8,3.0,1.0,1.0,169.0,,,-37.7494,144.9681
3,h,1025000.0,VB,7.8,3.0,1.0,3.0,336.0,112.0,1950.0,-37.7408,144.9558
3,h,700000.0,SP,7.8,3.0,1.0,1.0,138.0,102.0,2000.0,-37.7406,144.9555
3,h,1130000.0,S,7.8,3.0,1.0,3.0,206.0,80.0,1945.0,-37.7382,144.9563
3,h,835000.0,SA,7.8,3.0,1.0,2.0,385.0,,,-37.7376,144.9638
4,h,1075000.0,S,7.8,4.0,1.0,4.0,531.0,187.0,1925.0,-37.7473,144.9528
3,h,845000.0,S,7.8,3.0,1.0,1.0,221.0,,1980.0,-37.74800000000001,144.9603
3,t,600000.0,S,7.8,3.0,1.0,1.0,102.0,95.0,1976.0,-37.736,144.9665
4,h,1461000.0,S,7.8,4.0,2.0,2.0,571.0,,,-37.7535,144.9779
4,h,1150000.0,PI,7.8,4.0,2.0,2.0,43.0,205.0,1930.0,-37.7456,144.9469
2,u,515000.0,S,7.8,2.0,1.0,2.0,0.0,70.0,1970.0,-37.7474,144.9608
3,h,770000.0,PI,7.8,4.0,1.0,2.0,408.0,,1970.0,-37.7366,144.9564
2,h,472000.0,S,7.8,2.0,1.0,1.0,500.0,69.0,1975.0,-37.747,144.9515
2,h,901000.0,S,7.8,2.0,1.0,1.0,545.0,107.0,1940.0,-37.7445,144.9471
2,h,642000.0,S,7.8,2.0,1.0,0.0,167.0,,,-37.7477,144.9647
2,h,605000.0,S,7.8,2.0,1.0,1.0,0.0,13.0,1969.0,-37.7519,144.9721
3,t,687000.0,S,7.8,3.0,1.0,1.0,116.0,140.0,1995.0,-37.7454,144.9487
4,h,975000.0,PI,7.8,4.0,2.0,2.0,307.0,203.0,1996.0,-37.74800000000001,144.9602
3,h,985000.0,S,7.8,3.0,1.0,1.0,309.0,,1880.0,-37.7434,144.9697
3,h,835000.0,S,7.8,3.0,1.0,1.0,459.0,,,-37.7388,144.9529
3,h,951000.0,SP,7.8,3.0,2.0,0.0,342.0,,,-37.743,144.95600000000005
3,h,1370000.0,S,7.8,3.0,1.0,1.0,563.0,130.0,1930.0,-37.7493,144.97799999999995
2,h,700000.0,VB,7.8,2.0,1.0,2.0,381.0,92.0,1925.0,-37.74,144.9516
3,t,810000.0,S,7.8,3.0,2.0,1.0,213.0,131.0,2010.0,-37.7461,144.9584
2,u,445000.0,SP,7.8,2.0,1.0,1.0,0.0,,2007.0,-37.7336,144.9597
4,h,838000.0,S,7.8,4.0,1.0,1.0,576.0,147.0,1960.0,-37.7369,144.9637
2,h,810000.0,S,7.8,2.0,1.0,1.0,370.0,,,-37.7489,144.9598
4,h,1150000.0,PI,7.8,4.0,1.0,2.0,633.0,164.0,1990.0,-37.7531,144.9504
4,h,931000.0,SP,7.8,3.0,1.0,1.0,412.0,160.0,1920.0,-37.7432,144.9768
1,u,241000.0,S,7.8,1.0,1.0,1.0,0.0,62.0,1976.0,-37.7463,144.9635
4,h,1331000.0,S,7.8,3.0,2.0,2.0,394.0,,,-37.7534,144.9679
1,h,1007000.0,SP,7.8,1.0,2.0,0.0,807.0,1.0,,-37.7373,144.9825
2,h,981000.0,S,7.8,2.0,1.0,1.0,263.0,114.0,1910.0,-37.7493,144.97
2,t,570000.0,S,7.8,2.0,1.0,1.0,0.0,86.0,1900.0,-37.7367,144.9701
2,h,500000.0,S,7.8,2.0,1.0,1.0,113.0,70.0,1970.0,-37.7424,144.961
3,h,830000.0,PI,7.8,3.0,2.0,0.0,559.0,,,-37.7384,144.9617
3,h,1194500.0,S,7.8,2.0,1.0,2.0,537.0,,,-37.7443,144.9494
2,u,425000.0,S,7.8,2.0,2.0,1.0,0.0,,,-37.7363,144.9723
2,h,645000.0,SP,7.8,2.0,1.0,1.0,702.0,,,-37.7517,144.9795
4,h,895000.0,S,9.2,4.0,2.0,2.0,661.0,,,-37.7246,144.9828
3,h,655000.0,SP,9.2,3.0,1.0,0.0,404.0,98.0,1950.0,-37.7305,144.9803
3,t,631000.0,S,9.2,3.0,1.0,1.0,178.0,120.0,2012.0,-37.7297,144.9645
2,t,600000.0,S,9.2,2.0,1.0,1.0,145.0,105.0,2010.0,-37.7295,144.9641
4,h,820000.0,SP,9.2,4.0,1.0,3.0,498.0,,,-37.7329,144.9721
3,h,715000.0,SP,9.2,3.0,2.0,2.0,173.0,120.0,2010.0,-37.7308,144.9832
3,h,735000.0,SP,9.2,3.0,1.0,1.0,427.0,,,-37.7303,144.9773
3,h,864000.0,S,9.2,3.0,1.0,2.0,565.0,115.0,1950.0,-37.7283,144.969
3,h,700000.0,S,9.2,3.0,1.0,2.0,626.0,108.0,1950.0,-37.7201,144.9696
4,h,735000.0,SP,9.2,4.0,2.0,2.0,302.0,,,-37.7271,144.9842
2,t,591000.0,S,9.2,2.0,1.0,1.0,0.0,86.0,2008.0,-37.721,144.9527
3,h,860000.0,S,9.2,2.0,1.0,3.0,586.0,145.0,1950.0,-37.7205,144.9659
2,h,765000.0,S,9.2,2.0,1.0,2.0,563.0,116.0,1925.0,-37.723,144.96
3,h,625000.0,S,9.2,3.0,1.0,2.0,104.0,138.0,2014.0,-37.7307,144.9826
2,h,745000.0,SP,9.2,2.0,1.0,3.0,526.0,90.0,1940.0,-37.732,144.9832
4,h,1050000.0,PI,9.2,4.0,3.0,2.0,501.0,258.0,2016.0,-37.7266,144.9823
3,h,782000.0,S,9.2,3.0,1.0,3.0,576.0,,,-37.7269,144.9654
2,h,935000.0,S,9.2,2.0,1.0,2.0,833.0,107.0,1960.0,-37.7297,144.9654
4,h,1009000.0,S,9.2,4.0,1.0,2.0,590.0,,1950.0,-37.7197,144.9585
2,h,820000.0,SP,9.2,2.0,1.0,4.0,629.0,120.0,1960.0,-37.7276,144.9688
3,h,780000.0,S,9.2,3.0,1.0,2.0,307.0,96.0,1950.0,-37.7215,144.9533
3,h,707000.0,S,9.2,3.0,2.0,3.0,556.0,129.0,1950.0,-37.7305,144.9605
3,h,772000.0,S,9.2,3.0,1.0,1.0,367.0,,,-37.728,144.963
3,h,745000.0,S,9.2,3.0,1.0,3.0,473.0,,,-37.7316,144.9789
2,u,532500.0,S,9.2,2.0,1.0,1.0,168.0,,1970.0,-37.73,144.9629
3,h,750000.0,S,9.2,3.0,2.0,2.0,310.0,,,-37.7305,144.9809
3,h,815000.0,S,9.2,3.0,2.0,2.0,376.0,,,-37.7295,144.982
3,h,637000.0,S,9.2,3.0,1.0,4.0,498.0,97.0,1950.0,-37.7323,144.9833
4,h,950000.0,S,9.2,4.0,2.0,2.0,298.0,231.0,2013.0,-37.7308,144.9836
3,h,780000.0,S,9.2,3.0,1.0,2.0,677.0,,,-37.7297,144.9648
3,h,860000.0,PI,9.2,3.0,2.0,3.0,472.0,134.0,1970.0,-37.734,144.9728
5,h,1172000.0,S,9.2,5.0,3.0,2.0,425.0,37.0,2014.0,-37.7302,144.9816
2,h,530000.0,S,9.2,2.0,1.0,1.0,332.0,,,-37.7187,144.9564
2,t,570000.0,S,9.2,2.0,2.0,2.0,186.0,,,-37.7263,144.9843
3,h,2000000.0,S,9.2,4.0,1.0,1.0,973.0,,,-37.7284,144.9843
3,h,650000.0,SP,9.2,3.0,1.0,1.0,407.0,95.0,1930.0,-37.7351,144.9833
4,h,792000.0,SP,9.2,4.0,2.0,1.0,320.0,131.0,1950.0,-37.7242,144.9612
3,h,720000.0,S,9.2,3.0,1.0,2.0,499.0,105.0,1970.0,-37.7236,144.9576
3,h,970000.0,S,9.2,3.0,1.0,2.0,575.0,129.0,1960.0,-37.7307,144.9704
2,t,750000.0,S,1.6,2.0,1.0,1.0,115.0,,,-37.7968,144.9891
2,h,890000.0,S,1.6,2.0,1.0,1.0,178.0,70.0,1900.0,-37.7974,144.9915
2,u,1260000.0,S,1.6,2.0,1.0,1.0,0.0,129.0,1900.0,-37.8042,144.9845
2,u,855000.0,S,1.6,2.0,1.0,1.0,2886.0,122.0,1830.0,-37.8042,144.9845
3,h,1260000.0,S,1.6,3.0,1.0,0.0,167.0,,1900.0,-37.7962,144.9866
2,h,1320000.0,S,1.6,2.0,2.0,1.0,0.0,,,-37.7969,144.9885
2,h,1430000.0,S,1.6,2.0,1.0,0.0,231.0,,,-37.7969,144.9905
3,t,1125000.0,SP,1.6,3.0,2.0,2.0,0.0,151.0,2000.0,-37.8083,144.9908
3,u,950000.0,S,1.6,3.0,2.0,1.0,15900.0,,,-37.8035,144.985
2,u,910000.0,S,1.6,2.0,1.0,1.0,0.0,97.0,1880.0,-37.8035,144.985
1,u,452000.0,SP,1.6,1.0,1.0,1.0,816.0,53.0,2000.0,-37.802,144.9848
1,u,440000.0,VB,1.6,1.0,1.0,1.0,2773.0,,2010.0,-37.802,144.9854
1,u,415000.0,SP,1.6,1.0,1.0,1.0,3701.0,62.0,2005.0,-37.809,144.9911
2,h,1015000.0,S,1.6,2.0,1.0,0.0,117.0,,,-37.7948,144.9861
1,u,372000.0,SP,1.6,1.0,1.0,1.0,0.0,65.0,2005.0,-37.809,144.9911
3,u,1326000.0,S,1.6,3.0,2.0,1.0,0.0,190.0,2013.0,-37.8032,144.9842
3,t,910000.0,S,1.6,3.0,1.0,1.0,171.0,,,-37.8006,144.9925
2,h,1230000.0,S,1.6,2.0,2.0,1.0,0.0,153.0,1920.0,-37.8042,144.9845
2,h,855000.0,S,1.6,2.0,1.0,0.0,130.0,80.0,1890.0,-37.7953,144.9882
1,u,457000.0,S,1.6,1.0,1.0,1.0,406.0,49.0,1970.0,-37.796,144.9911
3,t,897500.0,S,1.6,3.0,2.0,1.0,82.0,82.0,1995.0,-37.7961,144.9873
2,u,865000.0,PI,1.6,2.0,2.0,1.0,0.0,,,-37.8035,144.985
2,h,1265000.0,S,1.6,3.0,1.0,1.0,282.0,112.0,1920.0,-37.7985,144.9883
2,h,1260000.0,S,1.6,2.0,1.0,2.0,116.0,,,-37.8067,144.984
3,h,1075000.0,S,1.6,3.0,1.0,0.0,183.0,104.0,1880.0,-37.7948,144.9875
3,u,1470000.0,S,1.6,3.0,2.0,2.0,0.0,,,-37.8037,144.9846
1,u,366000.0,S,1.6,1.0,1.0,1.0,0.0,44.0,1970.0,-37.796,144.9911
1,u,461000.0,SP,1.6,1.0,1.0,1.0,0.0,,,-37.8035,144.985
2,h,981000.0,S,1.6,2.0,1.0,0.0,188.0,107.0,1900.0,-37.7964,144.9923
2,u,683000.0,S,1.6,2.0,1.0,1.0,0.0,92.0,1900.0,-37.8035,144.985
3,h,1470000.0,S,1.6,3.0,2.0,0.0,150.0,,,-37.7968,144.9924
2,h,670000.0,S,1.6,2.0,1.0,0.0,118.0,,,-37.7976,144.993
1,u,430000.0,VB,1.6,1.0,1.0,1.0,0.0,52.0,,-37.8019,144.9845
2,u,515000.0,S,1.6,2.0,1.0,1.0,816.0,,,-37.802,144.9848
2,h,1000000.0,SP,1.6,2.0,1.0,2.0,159.0,86.0,1880.0,-37.7962,144.9887
3,t,887500.0,S,1.6,3.0,2.0,1.0,81.0,82.0,2000.0,-37.7961,144.9874
2,u,713500.0,S,1.6,2.0,2.0,1.0,1060.0,88.0,2010.0,-37.7954,144.9868
3,u,1500000.0,S,1.6,2.0,2.0,2.0,0.0,159.0,1920.0,-37.8042,144.9845
2,u,672000.0,S,1.6,2.0,1.0,1.0,0.0,60.0,2002.0,-37.8046,144.984
2,u,1215000.0,S,1.6,3.0,2.0,1.0,0.0,,1895.0,-37.8035,144.985
2,u,800000.0,VB,1.6,2.0,1.0,1.0,0.0,91.0,1900.0,-37.8026,144.9848
2,u,1645000.0,S,1.6,4.0,1.0,3.0,0.0,2.0,1890.0,-37.8046,144.9858
2,u,450000.0,S,1.6,2.0,1.0,1.0,0.0,,1970.0,-37.7988,144.9912
2,u,860000.0,PI,1.6,2.0,2.0,1.0,0.0,114.0,1920.0,-37.8035,144.985
4,h,1924500.0,S,13.9,4.0,4.0,2.0,1157.0,,,-37.7779,145.127
2,u,492500.0,S,13.9,2.0,1.0,1.0,65.0,,1975.0,-37.7887,145.1438
3,h,1403000.0,S,13.9,3.0,1.0,4.0,727.0,123.0,1970.0,-37.7942,145.1218
4,h,1408000.0,S,13.9,4.0,2.0,0.0,725.0,,,-37.7891,145.1073
4,t,855000.0,S,13.9,4.0,2.0,2.0,242.0,,,-37.7915,145.1258
3,h,1450000.0,PI,13.9,3.0,1.0,1.0,638.0,115.0,1970.0,-37.7912,145.1248
5,h,1461800.0,SP,13.9,5.0,2.0,2.0,660.0,,,-37.7791,145.1328
4,h,1396000.0,S,13.9,4.0,1.0,2.0,658.0,138.0,1975.0,-37.7827,145.1358
5,h,1535000.0,PI,13.9,5.0,3.0,2.0,681.0,,,-37.7722,145.1309
3,h,1125000.0,VB,13.9,3.0,2.0,2.0,819.0,173.0,1970.0,-37.781,145.1036
3,u,700000.0,PI,13.9,3.0,2.0,2.0,0.0,119.0,2007.0,-37.7862,145.1235
4,h,1152000.0,S,13.9,4.0,2.0,2.0,336.0,176.0,2007.0,-37.794,145.1178
4,h,1868000.0,S,13.9,3.0,2.0,2.0,925.0,218.0,1960.0,-37.7869,145.1183
3,h,920000.0,PI,13.9,4.0,3.0,3.0,655.0,,,-37.7798,145.1319
4,h,1050000.0,PI,13.9,4.0,2.0,2.0,317.0,194.0,1995.0,-37.7815,145.1279
3,u,910000.0,S,13.9,3.0,2.0,2.0,299.0,135.0,2001.0,-37.7929,145.1338
3,h,1850000.0,S,13.9,3.0,1.0,2.0,1073.0,143.0,1960.0,-37.7772,145.1157
4,h,1225000.0,S,13.9,4.0,3.0,2.0,740.0,185.0,1985.0,-37.7912,145.1127
4,h,1316000.0,S,13.9,4.0,2.0,2.0,716.0,155.0,1965.0,-37.778,145.1173
2,u,400000.0,VB,13.9,2.0,1.0,2.0,0.0,,,-37.7868,145.1223
5,h,1400000.0,S,13.9,5.0,3.0,2.0,656.0,320.0,1985.0,-37.7752,145.1317
5,h,2168000.0,S,13.9,5.0,5.0,2.0,669.0,395.0,2016.0,-37.7808,145.1185
4,h,1430000.0,S,13.9,4.0,2.0,2.0,655.0,170.0,1970.0,-37.782,145.1194
4,h,1250000.0,PI,13.9,4.0,2.0,2.0,780.0,,,-37.7955,145.139
3,u,772000.0,S,13.9,3.0,2.0,1.0,203.0,109.0,1986.0,-37.7776,145.1267
4,h,2000000.0,S,13.9,4.0,3.0,2.0,507.0,,,-37.7738,145.1308
3,h,1300000.0,S,13.9,3.0,1.0,2.0,657.0,,,-37.7946,145.1375
4,h,1468000.0,S,13.9,4.0,2.0,2.0,806.0,170.0,1975.0,-37.7939,145.1392
3,h,1275000.0,PI,13.9,3.0,1.0,1.0,720.0,,1960.0,-37.79,145.1309
4,h,1200000.0,S,13.9,4.0,1.0,2.0,657.0,,,-37.7856,145.1374
3,u,655000.0,SP,13.9,3.0,2.0,2.0,0.0,,,-37.7826,145.1274
3,h,1310000.0,S,13.9,3.0,1.0,2.0,1157.0,,,-37.7934,145.1336
4,u,753000.0,S,13.9,3.0,1.0,1.0,241.0,105.0,1970.0,-37.7743,145.1093
4,h,1250000.0,SP,13.9,4.0,2.0,3.0,767.0,,1963.0,-37.7735,145.1044
2,h,1140000.0,S,13.9,3.0,1.0,1.0,679.0,,1960.0,-37.7915,145.1224
3,h,1180000.0,S,13.9,3.0,1.0,2.0,657.0,,,-37.7807,145.1193
3,t,746000.0,S,13.9,3.0,2.0,2.0,118.0,106.0,2013.0,-37.7863,145.106
3,h,1485000.0,S,13.9,3.0,2.0,2.0,731.0,140.0,1960.0,-37.7892,145.131
3,h,1190000.0,S,13.9,3.0,1.0,1.0,658.0,140.0,1960.0,-37.7816,145.1066
3,h,900000.0,PI,13.9,2.0,2.0,2.0,366.0,150.0,2013.0,-37.792,145.1077
3,h,1250000.0,PI,13.9,3.0,2.0,1.0,728.0,150.0,1965.0,-37.7813,145.1318
3,h,1030000.0,S,13.9,3.0,1.0,1.0,827.0,100.0,1960.0,-37.7848,145.1029
4,t,985000.0,S,13.9,4.0,2.0,2.0,182.0,160.0,1998.0,-37.7888,145.138
3,h,1300000.0,S,13.9,3.0,1.0,2.0,651.0,119.0,1970.0,-37.7827,145.1051
2,u,522500.0,S,13.9,2.0,1.0,1.0,145.0,,,-37.7874,145.1043
5,h,1510000.0,PI,13.9,4.0,2.0,2.0,659.0,,,-37.7903,145.1107
4,h,1460000.0,SP,13.9,4.0,2.0,2.0,840.0,,,-37.78,145.1145
3,h,958000.0,S,13.9,3.0,2.0,2.0,0.0,,,-37.7814,145.1273
4,h,1462500.0,S,13.9,4.0,3.0,2.0,654.0,160.0,1969.0,-37.7795,145.1294
3,h,1430000.0,S,13.9,3.0,1.0,2.0,811.0,,1970.0,-37.7927,145.1386
4,t,1350000.0,PI,13.9,4.0,3.0,2.0,711.0,,1960.0,-37.7887,145.1086
3,h,1250000.0,PI,13.9,3.0,2.0,2.0,900.0,195.0,1970.0,-37.7902,145.1344
4,h,1460800.0,SP,13.9,4.0,3.0,2.0,654.0,305.0,1970.0,-37.7856,145.1088
3,h,1152500.0,S,13.9,3.0,2.0,2.0,648.0,129.0,1980.0,-37.7798,145.1368
5,h,1650000.0,VB,13.9,5.0,4.0,2.0,500.0,429.0,2007.0,-37.7863,145.1105
3,h,1474000.0,S,13.9,4.0,2.0,2.0,753.0,,,-37.7753,145.1114
3,u,800000.0,PI,13.9,3.0,2.0,2.0,267.0,,1991.0,-37.7882,145.1315
3,h,1391000.0,S,13.9,3.0,1.0,1.0,764.0,175.0,1965.0,-37.7934,145.1207
2,u,452000.0,S,13.9,2.0,1.0,1.0,67.0,68.0,1975.0,-37.7887,145.1436
5,h,1322000.0,S,13.9,5.0,1.0,0.0,729.0,,,-37.7932,145.1123
3,t,1102200.0,SP,13.9,3.0,2.0,2.0,233.0,175.0,2012.0,-37.7881,145.1371
4,h,1401000.0,S,13.9,4.0,3.0,2.0,650.0,261.0,1970.0,-37.7785,145.1212
4,h,1782000.0,S,13.9,4.0,3.0,3.0,586.0,306.0,2002.0,-37.7739,145.1287
3,u,735000.0,S,13.9,3.0,1.0,1.0,302.0,,,-37.7809,145.1061
4,h,1520000.0,S,13.9,4.0,3.0,2.0,657.0,275.0,2010.0,-37.7954,145.1379
3,h,990000.0,S,13.9,2.0,1.0,1.0,746.0,,,-37.7933,145.1417
3,h,1020000.0,PI,13.9,3.0,1.0,2.0,725.0,,,-37.7945,145.1172
3,h,878000.0,S,13.9,3.0,2.0,2.0,0.0,163.0,2001.0,-37.7901,145.1341
4,t,973500.0,S,13.9,4.0,2.0,2.0,234.0,160.0,2009.0,-37.7932,145.1275
3,u,751800.0,SP,13.9,3.0,1.0,2.0,109.0,120.0,2001.0,-37.7749,145.1138
3,h,1100000.0,VB,13.9,3.0,2.0,2.0,771.0,169.0,1960.0,-37.7765,145.11700000000005
3,h,1202000.0,S,13.9,3.0,2.0,2.0,649.0,150.0,1965.0,-37.7794,145.1224
3,h,1362000.0,S,13.9,3.0,1.0,2.0,798.0,132.0,1960.0,-37.7894,145.1333
4,h,1810000.0,S,13.9,4.0,2.0,4.0,769.0,240.0,1970.0,-37.7781,145.1337
3,h,826000.0,S,13.9,3.0,1.0,4.0,192.0,278.0,,-37.7837,145.1027
3,h,900000.0,S,13.9,4.0,3.0,2.0,385.0,,,-37.7774,145.1205
3,t,888000.0,S,13.9,3.0,2.0,1.0,192.0,,,-37.7942,145.1256
5,h,1901000.0,S,10.3,3.0,2.0,2.0,963.0,225.0,1925.0,-37.7674,145.0518
4,h,1650000.0,VB,10.3,4.0,3.0,2.0,724.0,327.0,1940.0,-37.7594,145.0594
3,h,1816000.0,S,10.3,3.0,1.0,2.0,846.0,180.0,1955.0,-37.7666,145.0591
2,u,525000.0,S,10.3,2.0,1.0,1.0,79.0,70.0,1970.0,-37.7612,145.0663
4,h,2050000.0,S,10.3,4.0,3.0,2.0,723.0,290.0,1950.0,-37.7615,145.0705
5,h,1930000.0,S,10.3,5.0,2.0,1.0,939.0,236.0,1930.0,-37.7659,145.0585
2,h,2850000.0,S,10.3,2.0,1.0,1.0,1777.0,,,-37.7676,145.0597
4,h,2600000.0,VB,10.3,3.0,2.0,3.0,871.0,322.0,1937.0,-37.7612,145.0676
2,u,600000.0,SP,10.3,2.0,1.0,1.0,112.0,95.0,1970.0,-37.7669,145.0521
3,h,1601000.0,S,10.3,3.0,1.0,1.0,872.0,136.0,1960.0,-37.7618,145.0649
3,h,1100000.0,VB,10.3,3.0,2.0,1.0,555.0,300.0,1988.0,-37.7585,145.0568
4,h,2550000.0,VB,10.3,4.0,2.0,2.0,1484.0,478.0,1970.0,-37.769,145.0616
3,u,1190000.0,S,10.3,3.0,2.0,2.0,0.0,148.0,1975.0,-37.7623,145.0569
4,h,2012000.0,S,10.3,4.0,3.0,2.0,597.0,245.0,1940.0,-37.765,145.0646
4,h,2309000.0,S,10.3,4.0,3.0,2.0,1177.0,291.0,1960.0,-37.7652,145.0687
2,h,900000.0,VB,8.5,2.0,1.0,2.0,239.0,110.0,1940.0,-37.8845,144.999
3,h,1625000.0,S,8.5,3.0,2.0,2.0,447.0,181.0,1920.0,-37.8912,145.0138
2,h,906000.0,S,8.5,2.0,1.0,1.0,221.0,,,-37.8829,145.0129
4,h,1100000.0,VB,8.5,4.0,2.0,0.0,147.0,159.0,1910.0,-37.8852,144.9997
2,u,930000.0,S,8.5,2.0,1.0,1.0,295.0,,,-37.8904,145.013
3,h,1755000.0,S,8.5,3.0,2.0,1.0,391.0,173.0,1905.0,-37.8885,145.0133
4,h,1400000.0,SP,8.5,4.0,1.0,1.0,489.0,150.0,1910.0,-37.8916,145.0123
3,u,1240000.0,S,8.5,3.0,2.0,2.0,319.0,123.0,1990.0,-37.8922,145.0112
2,u,700000.0,S,8.5,2.0,1.0,2.0,99.0,92.0,,-37.8951,145.0085
2,u,591000.0,S,8.5,2.0,1.0,1.0,815.0,62.0,2008.0,-37.8857,145.0136
2,u,537000.0,S,8.5,2.0,1.0,1.0,0.0,79.0,1970.0,-37.8838,145.0095
3,h,1805000.0,PI,8.5,3.0,2.0,1.0,347.0,,,-37.8833,145.0118
3,h,800000.0,VB,8.5,3.0,2.0,2.0,331.0,112.0,2010.0,-37.8847,144.9992
3,h,965000.0,PI,8.5,3.0,1.0,2.0,275.0,119.0,1900.0,-37.8859,144.9994
2,h,1160000.0,SP,8.5,2.0,2.0,2.0,155.0,137.0,2011.0,-37.8887,145.0046
3,t,820000.0,VB,8.5,3.0,2.0,2.0,108.0,3.0,2002.0,-37.8858,145.0012
4,h,2600000.0,S,8.5,4.0,2.0,2.0,527.0,184.0,1880.0,-37.883,145.0043
2,h,900000.0,VB,8.5,2.0,1.0,1.0,198.0,,,-37.8824,145.0133
3,h,1390000.0,PI,8.5,3.0,1.0,2.0,463.0,102.0,,-37.8879,145.0134
3,t,1071000.0,S,8.5,3.0,2.0,2.0,179.0,125.0,2000.0,-37.8961,145.0125
3,h,1800000.0,S,8.5,3.0,2.0,2.0,492.0,181.0,1905.0,-37.8789,145.0048
3,h,2345000.0,S,8.5,3.0,2.0,1.0,419.0,204.0,1908.0,-37.8817,145.0126
2,u,741000.0,S,8.5,3.0,1.0,1.0,0.0,1561.0,1966.0,-37.8829,145.0033
2,u,626000.0,S,8.5,2.0,1.0,1.0,1764.0,100.0,1930.0,-37.8889,145.0043
3,h,2160000.0,S,8.5,3.0,1.0,1.0,590.0,185.0,,-37.8807,145.0005
4,h,3000000.0,S,8.5,4.0,2.0,2.0,661.0,204.0,,-37.8844,145.0117
3,h,1500000.0,VB,8.5,3.0,2.0,0.0,195.0,,,-37.8831,145.0127
4,h,1650000.0,PI,8.5,1.0,3.0,2.0,386.0,185.0,1913.0,-37.883,144.999
3,t,850000.0,PI,8.5,3.0,2.0,2.0,108.0,142.0,2000.0,-37.8861,145.0014
3,h,1750000.0,VB,8.5,3.0,2.0,2.0,517.0,207.0,1900.0,-37.8813,145.0063
3,h,1450000.0,S,8.5,3.0,1.0,2.0,351.0,108.0,1915.0,-37.8832,145.0133
4,h,2806000.0,S,8.5,4.0,3.0,2.0,669.0,255.0,1930.0,-37.8871,145.0081
3,u,782000.0,S,8.5,3.0,1.0,1.0,0.0,95.0,1970.0,-37.8921,145.0106
4,h,1007000.0,S,8.5,4.0,2.0,2.0,125.0,200.0,2000.0,-37.8855,145.001
4,h,1450000.0,PI,8.5,4.0,2.0,2.0,376.0,192.0,1917.0,-37.892,145.00799999999995
2,u,500000.0,S,8.5,1.0,1.0,1.0,0.0,59.0,2006.0,-37.8822,144.9994
4,h,2600000.0,SP,8.5,5.0,3.0,2.0,701.0,273.0,1885.0,-37.8897,145.00799999999995
2,h,895000.0,S,8.5,2.0,1.0,1.0,147.0,81.0,1915.0,-37.8849,144.9993
2,t,751000.0,S,8.5,2.0,2.0,1.0,0.0,,,-37.8868,145.0
4,h,2050000.0,PI,8.5,3.0,3.0,2.0,420.0,270.0,2016.0,-37.8891,145.0102
3,h,1605000.0,S,8.5,3.0,1.0,1.0,418.0,152.0,1890.0,-37.8831,145.0153
2,u,410000.0,VB,8.5,0.0,0.0,0.0,0.0,,,-37.8863,144.9996
2,u,577000.0,S,8.5,2.0,1.0,0.0,0.0,,,-37.8889,145.0043
1,u,520000.0,S,7.7,1.0,1.0,1.0,0.0,51.0,1930.0,-37.8761,144.9871
3,t,1350000.0,S,7.7,3.0,2.0,2.0,1170.0,,,-37.8831,144.9801
1,u,392500.0,SP,7.7,1.0,1.0,0.0,0.0,,,-37.882,144.9785
2,u,507000.0,S,7.7,2.0,1.0,1.0,0.0,79.0,1970.0,-37.8752,144.9911
2,u,525000.0,S,7.7,2.0,1.0,1.0,553.0,83.0,1960.0,-37.8802,144.9942
3,h,2116000.0,S,7.7,3.0,1.0,2.0,463.0,,,-37.8787,144.985
2,u,750000.0,S,7.7,2.0,1.0,1.0,0.0,71.0,1930.0,-37.8791,144.9923
1,u,510000.0,S,7.7,1.0,1.0,1.0,0.0,60.0,2001.0,-37.8857,144.9884
2,u,599999.0,S,7.7,2.0,1.0,0.0,0.0,,,-37.8808,144.9847
1,u,300000.0,S,7.7,1.0,1.0,0.0,0.0,33.0,1930.0,-37.8749,144.9842
3,t,1395000.0,S,7.7,3.0,2.0,1.0,400.0,126.0,1996.0,-37.8829,144.9797
2,u,855000.0,S,7.7,2.0,1.0,1.0,1966.0,85.0,1960.0,-37.8725,144.9848
2,u,1050000.0,VB,7.7,2.0,2.0,2.0,2381.0,,2009.0,-37.8831,144.9841
2,u,955000.0,S,7.7,2.0,1.0,1.0,2925.0,,,-37.8867,144.9836
2,u,680000.0,PI,7.7,2.0,1.0,1.0,510.0,,,-37.881,144.9837
3,h,1911000.0,S,7.7,3.0,1.0,2.0,327.0,,1900.0,-37.8846,144.9879
2,u,790000.0,S,7.7,2.0,1.0,2.0,0.0,85.0,1940.0,-37.8794,144.9938
2,u,550000.0,S,7.7,2.0,1.0,1.0,0.0,68.0,1960.0,-37.8839,144.9855
1,u,357000.0,S,7.7,1.0,1.0,1.0,0.0,50.0,1965.0,-37.8785,144.9885
2,u,685000.0,PI,7.7,2.0,1.0,1.0,0.0,,,-37.8818,144.9918
2,h,1210000.0,S,7.7,2.0,1.0,0.0,163.0,92.0,1890.0,-37.8778,144.9904
2,u,825000.0,S,7.7,2.0,1.0,2.0,0.0,86.0,1930.0,-37.874,144.9819
3,h,1050000.0,VB,7.7,3.0,1.0,0.0,257.0,138.0,1920.0,-37.881,144.9841
2,u,632000.0,PI,7.7,2.0,1.0,1.0,0.0,54.0,1970.0,-37.8831,144.9855
2,u,582500.0,S,7.7,2.0,1.0,1.0,0.0,,,-37.885,144.991
1,u,485000.0,S,7.7,1.0,1.0,1.0,0.0,43.0,1970.0,-37.8831,144.9918
2,u,660000.0,VB,7.7,2.0,2.0,1.0,317.0,,,-37.8815,144.9903
2,u,575000.0,PI,7.7,2.0,1.0,0.0,483.0,57.0,1950.0,-37.874,144.9835
2,u,590000.0,PI,7.7,2.0,1.0,1.0,0.0,77.0,1970.0,-37.8757,144.9853
3,h,1238000.0,S,7.7,3.0,2.0,1.0,116.0,119.0,1996.0,-37.8789,144.9836
2,u,640000.0,S,7.7,2.0,1.0,1.0,626.0,,,-37.8791,144.9923
2,u,510000.0,PI,7.7,2.0,1.0,1.0,0.0,62.0,1950.0,-37.8831,144.9896
2,u,717000.0,S,7.7,2.0,1.0,1.0,0.0,,1950.0,-37.8758,144.9874
4,h,1875000.0,S,7.7,4.0,2.0,0.0,223.0,173.0,1910.0,-37.882,144.993
2,h,1180000.0,S,7.7,2.0,1.0,0.0,249.0,,,-37.8778,144.9866
3,u,780000.0,S,7.7,3.0,1.0,1.0,0.0,100.0,1960.0,-37.8726,144.9846
3,h,878500.0,S,7.7,3.0,2.0,1.0,75.0,122.0,2002.0,-37.8843,144.9917
3,h,3572000.0,S,7.7,4.0,2.0,6.0,737.0,207.0,1915.0,-37.8839,144.9831
2,u,1015000.0,S,7.7,2.0,1.0,2.0,0.0,,2003.0,-37.8844,144.9855
3,t,940000.0,S,7.7,3.0,1.0,1.0,0.0,,,-37.8808,144.9893
2,u,630000.0,S,7.7,2.0,1.0,1.0,0.0,,1960.0,-37.8828,144.9897
3,h,1700000.0,S,7.7,3.0,2.0,2.0,316.0,,1910.0,-37.875,144.9813
2,u,686000.0,S,7.7,2.0,1.0,1.0,1622.0,,1970.0,-37.8716,144.9869
2,u,560000.0,PI,7.7,2.0,1.0,0.0,0.0,70.0,1930.0,-37.8751,144.987
2,u,765000.0,S,7.7,2.0,1.0,0.0,0.0,88.0,1940.0,-37.8809,144.9833
2,u,670000.0,S,7.7,2.0,2.0,1.0,0.0,84.0,1970.0,-37.883,144.9916
3,h,1625000.0,S,7.7,3.0,2.0,1.0,246.0,133.0,1950.0,-37.8861,144.9877
2,u,1122000.0,SP,7.7,2.0,2.0,1.0,0.0,104.0,1923.0,-37.8744,144.9888
2,u,559000.0,PI,7.7,2.0,1.0,1.0,1307.0,,1960.0,-37.8838,144.9853
1,u,369000.0,S,7.7,1.0,1.0,1.0,1547.0,,1970.0,-37.8749,144.9903
2,u,525500.0,SP,7.7,2.0,1.0,1.0,0.0,,,-37.8749,144.9799
4,h,2400000.0,PI,7.7,4.0,2.0,2.0,560.0,185.0,1920.0,-37.8822,144.9913
2,u,655000.0,PI,7.7,2.0,1.0,1.0,0.0,70.0,1965.0,-37.8902,144.9907
2,u,684000.0,SP,7.7,2.0,1.0,0.0,0.0,98.0,1930.0,-37.875,144.991
1,u,451000.0,S,7.7,1.0,1.0,1.0,0.0,,1970.0,-37.8895,144.9902
2,u,500000.0,VB,7.7,2.0,1.0,1.0,0.0,63.0,1970.0,-37.8761,144.9821
2,u,680000.0,SP,7.7,2.0,1.0,1.0,0.0,67.0,1930.0,-37.8811,144.9797
2,u,600000.0,S,7.7,2.0,1.0,1.0,0.0,75.0,1960.0,-37.8715,144.9873
1,u,370000.0,PI,7.7,1.0,1.0,1.0,0.0,51.0,1960.0,-37.8767,144.9849
2,u,612000.0,S,7.7,2.0,1.0,1.0,0.0,,,-37.8861,144.9863
3,h,1561000.0,S,7.7,3.0,2.0,0.0,218.0,,,-37.8758,144.9798
1,u,390000.0,VB,7.7,1.0,1.0,1.0,644.0,47.0,1960.0,-37.8798,144.994
1,u,313000.0,S,7.7,1.0,1.0,1.0,0.0,,,-37.8766,144.991
2,u,630000.0,PI,7.7,2.0,1.0,1.0,0.0,70.0,1935.0,-37.8817,144.984
3,h,1675000.0,S,7.7,3.0,1.0,1.0,345.0,,,-37.8865,144.9891
1,u,470000.0,SP,7.7,1.0,1.0,1.0,900.0,,,-37.8839,144.9848
2,u,640000.0,S,7.7,2.0,1.0,0.0,0.0,80.0,1940.0,-37.8757,144.987
2,u,932000.0,S,7.7,2.0,2.0,1.0,799.0,110.0,2012.0,-37.8818,144.9918
2,u,645000.0,S,7.7,2.0,1.0,1.0,0.0,75.0,1975.0,-37.8842,144.9829
1,u,347000.0,S,7.7,1.0,1.0,1.0,0.0,37.0,1970.0,-37.8839,144.9903
2,u,875000.0,SP,7.7,2.0,1.0,1.0,0.0,83.0,1930.0,-37.8725,144.9854
2,u,582500.0,SP,7.7,2.0,1.0,1.0,0.0,65.0,1970.0,-37.8895,144.9902
2,u,570000.0,S,7.7,2.0,1.0,1.0,0.0,50.0,1940.0,-37.8831,144.9855
4,h,1875000.0,VB,7.7,3.0,3.0,0.0,235.0,211.0,2005.0,-37.8775,144.9808
1,u,326000.0,VB,7.7,1.0,1.0,1.0,0.0,,,-37.8768,144.9905
1,u,340000.0,SP,7.7,1.0,1.0,1.0,0.0,42.0,1970.0,-37.8784,144.9864
4,h,2200000.0,PI,7.7,4.0,3.0,2.0,348.0,218.0,1900.0,-37.8748,144.9778
2,u,687500.0,S,7.7,2.0,1.0,1.0,0.0,69.0,1930.0,-37.8828,144.9899
2,u,680000.0,PI,7.7,2.0,1.0,1.0,0.0,,1960.0,-37.8753,144.9902
2,u,730000.0,S,7.7,2.0,1.0,1.0,0.0,85.0,1940.0,-37.874,144.9903
2,u,526000.0,S,7.7,2.0,1.0,0.0,0.0,47.0,1930.0,-37.8809,144.9947
3,t,920000.0,PI,7.7,3.0,2.0,2.0,758.0,18.0,2010.0,-37.8768,144.9845
3,h,1830000.0,S,7.7,3.0,2.0,2.0,374.0,162.0,1925.0,-37.8747,144.987
2,u,572500.0,PI,7.7,2.0,2.0,1.0,1307.0,,1960.0,-37.8838,144.9853
3,h,1925000.0,VB,7.7,2.0,1.0,1.0,393.0,,1923.0,-37.8835,144.9873
3,h,1425000.0,S,8.0,3.0,2.0,2.0,684.0,147.0,1950.0,-37.7585,144.9317
2,u,660000.0,S,8.0,2.0,1.0,1.0,263.0,113.0,1980.0,-37.7418,144.8977
2,u,550000.0,VB,8.0,2.0,1.0,1.0,0.0,83.0,1980.0,-37.7575,144.9298
3,h,980000.0,VB,8.0,3.0,1.0,1.0,445.0,,,-37.7505,144.8934
3,h,1295000.0,PI,8.0,3.0,1.0,3.0,688.0,105.0,1930.0,-37.7578,144.9317
4,h,1900000.0,S,8.0,4.0,1.0,2.0,733.0,,,-37.7587,144.91
2,t,595000.0,S,8.0,2.0,1.0,2.0,752.0,89.0,1990.0,-37.7553,144.9302
3,h,911000.0,S,8.0,3.0,2.0,2.0,225.0,98.0,2008.0,-37.7454,144.8987
4,h,900000.0,SP,8.0,4.0,2.0,1.0,288.0,210.0,1980.0,-37.7562,144.9286
2,u,645000.0,S,8.0,2.0,1.0,1.0,0.0,76.0,1980.0,-37.7495,144.9205
4,h,1965000.0,S,8.0,4.0,2.0,4.0,704.0,,,-37.7509,144.9219
3,u,840000.0,S,8.0,3.0,2.0,1.0,282.0,,,-37.7491,144.8917
2,u,702500.0,S,8.0,2.0,1.0,1.0,168.0,77.0,2008.0,-37.758,144.9311
3,h,960000.0,S,8.0,3.0,1.0,2.0,549.0,106.0,1950.0,-37.7479,144.8931
4,h,1670000.0,S,8.0,4.0,2.0,1.0,291.0,183.0,1920.0,-37.7544,144.9325
3,h,1100000.0,VB,8.0,3.0,2.0,1.0,789.0,257.0,1890.0,-37.7558,144.9073
4,h,1800000.0,S,8.0,3.0,2.0,2.0,648.0,215.0,1910.0,-37.7493,144.9112
4,t,1250000.0,PI,8.0,3.0,3.0,2.0,374.0,267.0,2015.0,-37.7507,144.8911
3,h,1365000.0,S,8.0,3.0,1.0,1.0,754.0,,,-37.7528,144.8967
2,h,1130000.0,SP,8.0,2.0,1.0,1.0,646.0,100.0,1950.0,-37.7502,144.8923
2,u,370000.0,PI,8.0,2.0,1.0,3.0,0.0,55.0,1975.0,-37.7569,144.9256
3,h,1467000.0,S,8.0,3.0,2.0,2.0,188.0,171.0,1900.0,-37.7532,144.9178
2,h,1315000.0,S,8.0,2.0,1.0,0.0,634.0,,,-37.7406,144.894
3,h,2390000.0,S,8.0,3.0,1.0,1.0,669.0,,,-37.7534,144.9154
3,h,1240000.0,S,8.0,3.0,2.0,2.0,307.0,,,-37.7543,144.9249
2,u,456000.0,S,8.0,2.0,1.0,0.0,0.0,,,-37.7557,144.9222
5,h,2800000.0,PI,8.0,5.0,4.0,6.0,877.0,378.0,2005.0,-37.7491,144.9002
1,u,325000.0,S,8.0,1.0,1.0,1.0,0.0,,1975.0,-37.7447,144.9184
2,u,521000.0,S,8.0,2.0,1.0,1.0,0.0,,1970.0,-37.7504,144.9051
2,u,645000.0,S,8.0,2.0,1.0,1.0,228.0,,,-37.7531,144.9059
4,h,1160000.0,S,8.0,4.0,3.0,2.0,256.0,217.0,2015.0,-37.7527,144.8957
2,u,445000.0,S,8.0,2.0,1.0,1.0,916.0,,,-37.7502,144.9065
6,h,2620000.0,S,8.0,6.0,4.0,2.0,860.0,355.0,1930.0,-37.7484,144.9025
3,h,1226000.0,S,8.0,3.0,1.0,3.0,533.0,125.0,1955.0,-37.7462,144.8953
3,h,825000.0,PI,8.0,3.0,1.0,3.0,477.0,,,-37.7499,144.9127
4,h,1402000.0,S,8.0,4.0,2.0,1.0,554.0,193.0,1940.0,-37.7508,144.8937
3,h,897000.0,S,8.0,3.0,1.0,2.0,226.0,,2000.0,-37.7393,144.8931
3,h,1240000.0,S,8.0,3.0,1.0,1.0,503.0,,,-37.7456,144.9059
3,h,1990000.0,S,8.0,4.0,2.0,2.0,1021.0,,,-37.7415,144.8987
3,h,855000.0,S,8.0,3.0,1.0,2.0,396.0,116.0,1950.0,-37.7484,144.8907
4,h,1775000.0,S,8.0,3.0,2.0,2.0,725.0,,,-37.7551,144.9047
2,u,411000.0,S,8.0,2.0,1.0,1.0,0.0,,,-37.7547,144.9107
4,h,1275000.0,S,8.0,4.0,2.0,2.0,503.0,160.0,2008.0,-37.7513,144.8925
5,h,1800000.0,PI,8.0,5.0,2.0,2.0,611.0,,,-37.7527,144.9237
4,h,1590000.0,S,8.0,4.0,3.0,1.0,475.0,272.0,2007.0,-37.7418,144.8938
2,u,606000.0,S,8.0,2.0,1.0,2.0,0.0,93.0,1972.0,-37.7598,144.9128
3,h,1385000.0,S,8.0,3.0,2.0,1.0,619.0,137.0,1930.0,-37.7543,144.9318
3,t,650000.0,S,8.0,3.0,2.0,1.0,160.0,129.0,1985.0,-37.7403,144.8989
2,u,460000.0,S,8.0,2.0,1.0,1.0,0.0,72.0,1960.0,-37.7545,144.8964
3,t,1000000.0,VB,8.0,3.0,2.0,1.0,291.0,224.0,2013.0,-37.7499,144.8927
3,h,980000.0,S,8.0,3.0,1.0,1.0,464.0,,,-37.7545,144.9332
2,u,520000.0,VB,8.0,2.0,1.0,2.0,0.0,73.0,1975.0,-37.7486,144.9072
2,u,585000.0,VB,8.0,2.0,1.0,1.0,160.0,,,-37.7421,144.8995
4,h,1295000.0,S,8.0,4.0,2.0,2.0,696.0,,,-37.7465,144.8983
3,t,720000.0,S,8.0,3.0,1.0,2.0,190.0,142.0,1999.0,-37.7418,144.8918
2,h,732500.0,S,8.0,2.0,1.0,1.0,196.0,,,-37.7515,144.9084
4,h,1635000.0,VB,8.0,4.0,1.0,2.0,638.0,227.0,1900.0,-37.7523,144.9052
2,u,485000.0,SP,8.0,2.0,1.0,1.0,0.0,73.0,2010.0,-37.7504,144.9138
3,h,980000.0,S,8.0,3.0,1.0,3.0,503.0,,,-37.7463,144.8934
3,u,840000.0,S,8.0,3.0,2.0,2.0,282.0,,,-37.7468,144.9051
2,h,1001000.0,S,8.0,2.0,1.0,2.0,244.0,,1915.0,-37.7543,144.9307
3,u,891000.0,S,8.0,3.0,2.0,1.0,0.0,,,-37.7546,144.9134
2,u,800000.0,S,8.0,2.0,1.0,2.0,502.0,,,-37.7498,144.9048
5,h,1575000.0,PI,8.0,5.0,3.0,2.0,700.0,454.0,1988.0,-37.7461,144.9173
1,u,280000.0,SP,8.0,1.0,1.0,1.0,0.0,49.0,1960.0,-37.7475,144.9194
4,h,1467000.0,S,8.0,3.0,2.0,1.0,683.0,145.0,1920.0,-37.7439,144.9195
3,h,770000.0,S,8.0,3.0,1.0,0.0,438.0,,,-37.754,144.92600000000004
2,u,446000.0,S,8.0,2.0,1.0,1.0,0.0,,,-37.7534,144.9242
2,h,890000.0,PI,8.0,2.0,1.0,1.0,649.0,108.0,1950.0,-37.7445,144.9133
2,h,870000.0,PI,8.0,3.0,1.0,2.0,319.0,120.0,1920.0,-37.7555,144.9118
4,h,1500000.0,S,8.0,4.0,2.0,2.0,858.0,,,-37.7442,144.8934
3,h,1266000.0,S,8.0,2.0,1.0,2.0,635.0,,,-37.74,144.8941
3,h,1134000.0,S,8.0,3.0,1.0,1.0,551.0,114.0,1950.0,-37.7571,144.9335
5,h,1756000.0,S,8.0,5.0,2.0,5.0,963.0,,,-37.7501,144.9048
1,u,320500.0,S,8.0,1.0,1.0,1.0,0.0,52.0,1970.0,-37.7547,144.9107
2,u,650000.0,S,8.0,2.0,1.0,1.0,156.0,,1994.0,-37.746,144.9153
2,h,1065000.0,VB,8.0,2.0,1.0,2.0,477.0,143.0,1960.0,-37.7503,144.911
2,u,667000.0,S,8.0,2.0,1.0,1.0,206.0,,,-37.7426,144.9
4,h,1610000.0,S,8.0,4.0,2.0,2.0,601.0,250.0,2010.0,-37.7434,144.9256
3,h,1695000.0,S,8.0,3.0,1.0,3.0,855.0,,,-37.7432,144.8947
2,h,930000.0,S,8.0,2.0,1.0,2.0,225.0,107.0,1990.0,-37.7548,144.9113
4,h,1870000.0,S,8.0,4.0,1.0,1.0,700.0,,,-37.755,144.9233
2,u,395000.0,SP,8.0,2.0,1.0,1.0,0.0,68.0,1975.0,-37.7461,144.9058
4,h,1726000.0,S,8.0,4.0,2.0,2.0,705.0,,,-37.7497,144.9089
3,h,1050000.0,S,8.0,3.0,1.0,1.0,420.0,,,-37.7441,144.9041
3,h,1470000.0,S,8.0,3.0,1.0,1.0,687.0,120.0,2016.0,-37.7442,144.9045
3,h,801500.0,S,8.0,3.0,1.0,1.0,175.0,,,-37.7393,144.894
2,u,480000.0,VB,8.0,2.0,1.0,1.0,0.0,,2011.0,-37.7444,144.9116
3,h,1475000.0,PI,8.0,3.0,1.0,2.0,388.0,,1910.0,-37.7508,144.9163
3,t,750000.0,VB,8.0,3.0,1.0,1.0,253.0,145.0,1997.0,-37.7397,144.898
2,u,390000.0,VB,8.0,2.0,1.0,1.0,0.0,66.0,1970.0,-37.7554,144.9127
2,u,453000.0,S,8.0,2.0,1.0,1.0,0.0,,,-37.7494,144.921
4,u,1170000.0,SP,8.0,4.0,2.0,2.0,0.0,180.0,2013.0,-37.7465,144.91
4,h,1600000.0,SP,8.0,4.0,3.0,1.0,519.0,218.0,1930.0,-37.7517,144.9086
4,h,1535000.0,SP,8.0,4.0,1.0,2.0,638.0,227.0,1900.0,-37.7523,144.9052
3,h,1400000.0,SP,8.0,3.0,2.0,2.0,383.0,,,-37.7565,144.9241
2,u,435000.0,S,8.0,2.0,1.0,1.0,0.0,66.0,1970.0,-37.7461,144.9079
2,u,457000.0,S,8.0,2.0,1.0,1.0,0.0,,,-37.7534,144.9242
3,h,1460000.0,S,8.0,3.0,2.0,1.0,605.0,138.0,1920.0,-37.7546,144.9042
2,u,736000.0,S,8.0,2.0,1.0,1.0,0.0,106.0,1940.0,-37.7412,144.8974
2,u,405000.0,S,8.0,2.0,1.0,1.0,121.0,,1970.0,-37.7401,144.8923
2,u,450000.0,SP,8.0,2.0,1.0,1.0,0.0,65.0,1970.0,-37.745,144.915
2,u,740000.0,S,8.0,2.0,1.0,1.0,250.0,104.0,1988.0,-37.7457,144.9061
2,u,691000.0,SP,8.0,2.0,1.0,1.0,201.0,80.0,1995.0,-37.7454,144.928
2,u,370000.0,VB,8.0,2.0,1.0,0.0,0.0,,,-37.7558,144.9233
4,h,2355000.0,S,8.0,4.0,2.0,3.0,715.0,273.0,1920.0,-37.7582,144.9128
2,h,1255000.0,S,8.0,2.0,1.0,1.0,0.0,,,-37.7488,144.9165
4,h,1560000.0,S,8.0,4.0,1.0,2.0,650.0,,1950.0,-37.7452,144.8941
3,h,1330000.0,S,8.0,3.0,1.0,4.0,687.0,,,-37.7585,144.9316
3,h,1625000.0,S,8.0,3.0,2.0,1.0,858.0,165.0,1938.0,-37.7417,144.8961
3,h,1150000.0,S,8.0,3.0,1.0,0.0,300.0,145.0,1900.0,-37.7548,144.9315
3,h,1085000.0,S,8.0,3.0,1.0,1.0,325.0,,,-37.7525,144.9232
6,h,1800000.0,VB,8.0,7.0,2.0,2.0,870.0,,,-37.7517,144.9018
2,u,360000.0,VB,8.0,2.0,1.0,1.0,0.0,68.0,1970.0,-37.754,144.9209
2,u,645000.0,SP,8.0,2.0,1.0,1.0,170.0,88.0,1994.0,-37.7475,144.8959
1,u,250000.0,VB,8.0,1.0,1.0,1.0,0.0,125.0,1970.0,-37.7523,144.9221
3,h,1630000.0,S,8.0,3.0,2.0,2.0,563.0,,,-37.7579,144.9114
3,h,850000.0,PI,8.0,3.0,2.0,1.0,580.0,,,-37.753,144.891
3,u,872000.0,S,8.0,3.0,1.0,1.0,862.0,135.0,1970.0,-37.7399,144.8964
3,t,935000.0,PI,8.0,3.0,2.0,2.0,247.0,,,-37.7462,144.8949
2,u,630000.0,S,8.0,2.0,1.0,1.0,0.0,83.0,1975.0,-37.7543,144.9066
2,u,440000.0,S,8.0,2.0,1.0,1.0,1011.0,77.0,1970.0,-37.7556,144.9132
5,h,1811000.0,S,8.0,5.0,3.0,2.0,657.0,284.0,1930.0,-37.7548,144.9098
3,h,1500000.0,PI,8.0,3.0,2.0,3.0,440.0,190.0,1930.0,-37.7524,144.9074
3,h,1290000.0,S,8.0,3.0,1.0,2.0,605.0,,,-37.7541,144.9265
3,h,1045000.0,S,8.0,3.0,1.0,1.0,429.0,,,-37.7453,144.9183
3,h,1290000.0,S,8.0,3.0,1.0,1.0,618.0,132.0,1960.0,-37.7442,144.9249
2,h,953000.0,S,8.0,2.0,1.0,1.0,414.0,,,-37.7466,144.8941
3,h,1100000.0,PI,8.0,3.0,1.0,2.0,0.0,700.0,1915.0,-37.7566,144.9155
3,u,820000.0,S,8.0,3.0,1.0,1.0,0.0,,,-37.752,144.9079
4,h,1270000.0,PI,8.0,3.0,2.0,2.0,411.0,266.0,1996.0,-37.757,144.9251
3,h,1445000.0,S,8.0,3.0,2.0,1.0,400.0,168.0,1910.0,-37.7542,144.9117
4,h,1113000.0,S,8.0,3.0,1.0,2.0,533.0,127.0,1950.0,-37.7509,144.8922
2,u,370000.0,VB,8.0,2.0,1.0,1.0,0.0,59.0,1960.0,-37.7482,144.908
3,h,1505000.0,S,8.0,3.0,2.0,2.0,625.0,,,-37.7489,144.9073
2,t,590000.0,S,8.0,2.0,1.0,1.0,0.0,,1970.0,-37.7451,144.9145
2,u,396000.0,S,9.4,2.0,1.0,1.0,0.0,56.0,1975.0,-37.7428,144.9086
3,h,1580000.0,S,9.4,3.0,2.0,2.0,758.0,,,-37.7401,144.9013
2,u,393000.0,S,9.4,2.0,1.0,1.0,999.0,,1970.0,-37.7396,144.90200000000004
1,u,260000.0,S,9.4,1.0,1.0,1.0,0.0,,,-37.7428,144.9086
3,h,1320000.0,S,9.4,3.0,1.0,1.0,766.0,,,-37.7388,144.9006
2,u,450000.0,SP,9.4,2.0,1.0,1.0,88.0,59.0,1960.0,-37.7389,144.8998
5,h,1360000.0,S,9.4,5.0,3.0,2.0,463.0,196.0,1930.0,-37.7379,144.9022
2,u,340000.0,SP,9.4,2.0,1.0,1.0,0.0,65.0,1960.0,-37.7433,144.9074
3,u,765000.0,S,9.4,3.0,2.0,1.0,0.0,134.0,2002.0,-37.7364,144.8977
4,h,1605000.0,S,9.4,3.0,2.0,2.0,607.0,,1940.0,-37.7371,144.8973
3,u,712000.0,S,9.4,3.0,2.0,2.0,189.0,104.0,2009.0,-37.7374,144.9006
3,h,1425000.0,S,9.4,3.0,2.0,2.0,10100.0,,,-37.7376,144.8954
3,h,1250000.0,VB,5.8,3.0,2.0,0.0,327.0,144.0,1910.0,-37.7723,145.0179
3,h,1350000.0,PI,5.8,3.0,1.0,2.0,309.0,110.0,2000.0,-37.7828,145.0154
3,h,1125000.0,S,5.8,2.0,1.0,2.0,530.0,,,-37.7788,145.0203
3,h,1064000.0,S,5.8,3.0,1.0,1.0,235.0,,1900.0,-37.7698,145.0183
2,h,1220000.0,S,5.8,2.0,1.0,2.0,537.0,92.0,1950.0,-37.7689,145.0177
4,h,1160000.0,PI,5.8,4.0,2.0,1.0,381.0,145.0,1890.0,-37.7735,145.0192
2,u,505000.0,PI,5.8,2.0,1.0,1.0,0.0,70.0,1970.0,-37.7755,145.0178
2,u,602000.0,S,5.8,2.0,1.0,1.0,0.0,77.0,2013.0,-37.7845,145.0105
3,t,846000.0,SP,5.8,3.0,1.0,1.0,185.0,107.0,1990.0,-37.7665,145.0175
2,u,400000.0,VB,5.8,2.0,1.0,1.0,0.0,68.0,1970.0,-37.7719,145.0195
2,h,610000.0,S,5.8,2.0,1.0,1.0,66.0,,,-37.7722,145.0178
2,u,445000.0,S,5.8,2.0,1.0,1.0,0.0,56.0,1970.0,-37.7782,145.0162
2,u,730000.0,S,5.8,2.0,1.0,1.0,116.0,,1985.0,-37.7818,145.0161
4,h,1730000.0,S,5.8,4.0,2.0,2.0,490.0,226.0,2007.0,-37.7749,145.0242
2,u,438000.0,S,5.8,2.0,1.0,1.0,0.0,,,-37.7762,145.0213
3,h,1700000.0,PI,5.8,3.0,2.0,1.0,743.0,,,-37.7728,145.026
2,u,510000.0,S,5.8,2.0,1.0,1.0,1658.0,68.0,1970.0,-37.7781,145.0157
1,u,300000.0,VB,5.8,1.0,1.0,1.0,0.0,,,-37.7839,145.0171
3,h,750000.0,VB,5.8,3.0,2.0,1.0,170.0,,,-37.7674,145.0209
3,h,2350000.0,PI,5.8,3.0,2.0,4.0,735.0,,1950.0,-37.7706,145.0225
3,h,1350000.0,VB,5.8,3.0,1.0,4.0,553.0,109.0,1930.0,-37.7728,145.0214
4,h,2000000.0,VB,5.8,4.0,3.0,2.0,575.0,280.0,2015.0,-37.7671,145.0176
2,h,1010000.0,S,5.8,2.0,1.0,1.0,285.0,,,-37.774,145.0244
3,h,1065000.0,S,5.8,3.0,1.0,2.0,630.0,,1930.0,-37.7713,145.0196
2,t,805000.0,S,5.8,2.0,1.0,1.0,140.0,2.0,2008.0,-37.7697,145.0203
3,h,1055000.0,S,5.8,3.0,1.0,2.0,382.0,140.0,1950.0,-37.7696,145.0188
2,u,548000.0,SP,5.8,2.0,1.0,1.0,0.0,68.0,2014.0,-37.7845,145.0105
3,h,1500000.0,S,5.8,3.0,1.0,1.0,0.0,126.0,1910.0,-37.7714,145.0173
2,u,600000.0,VB,5.8,2.0,1.0,2.0,0.0,75.0,1970.0,-37.7732,145.0193
3,h,1510000.0,S,5.8,1.0,1.0,1.0,453.0,,,-37.7772,145.0232
2,u,545000.0,SP,5.8,2.0,1.0,1.0,0.0,77.0,2002.0,-37.7682,145.0209
3,h,1145000.0,S,5.8,3.0,1.0,3.0,590.0,,,-37.7673,145.02100000000004
3,h,1375000.0,S,5.8,3.0,1.0,1.0,496.0,122.0,1910.0,-37.7737,145.018
2,h,1000000.0,S,1.6,2.0,1.0,0.0,128.0,,,-37.7941,144.9802
3,h,1252000.0,S,1.6,3.0,2.0,2.0,0.0,137.0,2004.0,-37.8029,144.975
2,u,810000.0,S,1.6,2.0,1.0,2.0,0.0,71.0,1965.0,-37.7941,144.9802
2,u,692000.0,S,1.6,2.0,1.0,1.0,0.0,,,-37.7988,144.9772
4,h,1780000.0,S,1.6,4.0,1.0,1.0,186.0,,1902.0,-37.8048,144.9806
1,h,947500.0,S,1.6,1.0,1.0,0.0,87.0,66.0,1980.0,-37.8019,144.9821
2,h,1460000.0,PI,1.6,2.0,1.0,0.0,0.0,105.0,1890.0,-37.8006,144.9814
3,t,1520000.0,S,1.6,3.0,2.0,2.0,0.0,,,-37.7951,144.9776
2,t,880000.0,S,1.6,2.0,2.0,2.0,0.0,105.0,2000.0,-37.7953,144.9775
4,h,3310000.0,S,1.6,4.0,4.0,2.0,337.0,291.0,1854.0,-37.8052,144.9739
3,h,1481000.0,S,1.6,3.0,2.0,1.0,138.0,,1900.0,-37.795,144.9806
3,h,2200000.0,VB,1.6,3.0,2.0,1.0,187.0,,,-37.8003,144.9806
3,h,1250000.0,PI,1.6,3.0,1.0,1.0,113.0,105.0,1890.0,-37.7966,144.9821
2,h,1440000.0,S,1.6,3.0,1.0,0.0,95.0,,,-37.8032,144.9825
2,h,1315000.0,S,1.6,2.0,1.0,0.0,141.0,,,-37.7946,144.9765
4,h,1950000.0,S,1.6,4.0,1.0,0.0,177.0,152.0,1890.0,-37.7999,144.9759
1,u,597000.0,S,1.6,1.0,1.0,1.0,0.0,,2000.0,-37.7941,144.9802
2,u,650000.0,S,1.6,2.0,1.0,1.0,0.0,,,-37.799,144.9756
1,u,465000.0,SP,1.6,1.0,1.0,1.0,0.0,52.0,2011.0,-37.7974,144.9799
4,h,1620000.0,S,1.6,3.0,2.0,1.0,132.0,165.0,1880.0,-37.8004,144.9768
3,h,1600000.0,S,1.6,3.0,2.0,1.0,261.0,,,-37.803,144.9806
3,u,850000.0,VB,1.6,3.0,2.0,1.0,2782.0,115.0,2000.0,-37.8005,144.9787
2,u,790000.0,S,1.6,2.0,1.0,1.0,0.0,,,-37.7967,144.9836
2,h,1122000.0,S,1.6,2.0,1.0,0.0,106.0,101.0,1890.0,-37.7968,144.9781
2,u,660000.0,SP,1.6,2.0,2.0,0.0,0.0,,,-37.8035,144.9826
2,h,1300000.0,S,1.6,2.0,1.0,1.0,157.0,110.0,1900.0,-37.7941,144.98
1,u,420000.0,S,1.6,1.0,1.0,1.0,782.0,42.0,1975.0,-37.8055,144.9809
2,u,715000.0,S,1.6,2.0,1.0,1.0,0.0,74.0,1900.0,-37.7967,144.9836
1,u,458000.0,S,1.6,1.0,1.0,1.0,0.0,62.0,,-37.7964,144.9839
2,h,800000.0,VB,1.6,2.0,2.0,1.0,64.0,138.0,1995.0,-37.7956,144.9804
2,t,710000.0,S,1.6,2.0,1.0,1.0,0.0,90.0,2002.0,-37.7953,144.9775
2,u,630000.0,VB,1.6,2.0,1.0,1.0,0.0,70.0,2007.0,-37.8024,144.9835
4,h,4011000.0,S,1.6,4.0,3.0,2.0,286.0,275.0,1890.0,-37.7999,144.9755
2,h,677000.0,S,1.6,2.0,1.0,0.0,67.0,,1850.0,-37.7969,144.9759
2,u,700000.0,SP,3.5,2.0,2.0,1.0,4332.0,85.0,2010.0,-37.7846,144.9785
2,h,860000.0,S,3.5,2.0,1.0,0.0,104.0,70.0,1880.0,-37.7927,144.9796
2,h,870000.0,S,3.5,2.0,1.0,0.0,107.0,64.0,1910.0,-37.7898,144.9794
2,h,1116000.0,S,3.5,3.0,1.0,0.0,152.0,,,-37.791,144.9809
4,h,1450000.0,VB,3.5,4.0,2.0,1.0,266.0,175.0,1950.0,-37.7797,144.9861
2,t,930000.0,S,3.5,2.0,3.0,0.0,2778.0,3558.0,,-37.7903,144.9859
2,u,700000.0,SP,3.5,2.0,2.0,2.0,4296.0,,2011.0,-37.7846,144.9785
3,h,2170000.0,S,3.5,3.0,2.0,1.0,177.0,,,-37.7851,144.9934
1,u,358500.0,SP,3.5,1.0,1.0,1.0,0.0,40.0,1975.0,-37.7925,144.9786
3,h,1000000.0,VB,3.5,3.0,1.0,0.0,249.0,,,-37.7754,144.9806
2,h,770000.0,SA,3.5,2.0,2.0,1.0,134.0,151.0,1905.0,-37.7916,144.9784
2,h,1008000.0,S,3.5,2.0,1.0,1.0,150.0,77.0,1890.0,-37.7833,144.9819
3,t,1015000.0,S,3.5,3.0,2.0,1.0,112.0,145.0,2000.0,-37.7912,144.9825
3,h,1371000.0,S,3.5,2.0,1.0,1.0,197.0,128.0,1900.0,-37.7835,144.9816
2,t,1054000.0,S,3.5,2.0,2.0,1.0,0.0,,,-37.7903,144.9859
2,h,1055000.0,S,3.5,2.0,1.0,0.0,122.0,,,-37.7818,144.9863
2,u,720000.0,S,3.5,2.0,2.0,1.0,4296.0,,2011.0,-37.7846,144.9785
3,h,1286000.0,S,3.5,3.0,1.0,0.0,275.0,116.0,1915.0,-37.7779,144.9862
3,h,1655000.0,S,3.5,3.0,1.0,0.0,176.0,,1900.0,-37.7892,144.9773
3,h,1181000.0,S,3.5,2.0,1.0,1.0,148.0,,,-37.7835,144.9799
3,t,1600000.0,VB,3.5,3.0,3.0,1.0,188.0,129.0,2000.0,-37.7829,144.9788
5,h,2875000.0,S,3.5,5.0,2.0,3.0,818.0,,,-37.7749,144.9864
2,h,990000.0,S,3.5,2.0,1.0,0.0,145.0,,,-37.791,144.9779
4,h,1950000.0,S,3.5,4.0,2.0,2.0,233.0,216.0,1890.0,-37.7786,144.9818
4,h,3400000.0,S,3.5,3.0,2.0,1.0,445.0,175.0,1890.0,-37.786,144.9864
4,h,1785000.0,S,3.5,4.0,2.0,1.0,188.0,165.0,1900.0,-37.7815,144.9869
2,h,1315000.0,S,3.5,2.0,1.0,0.0,143.0,,,-37.7887,144.9888
2,h,1210000.0,S,3.5,2.0,1.0,1.0,223.0,118.0,1885.0,-37.7829,144.9782
3,h,1275000.0,SP,3.5,3.0,2.0,1.0,104.0,110.0,1890.0,-37.7813,144.9834
3,h,1141000.0,S,3.5,2.0,1.0,1.0,378.0,,,-37.7739,144.9819
2,h,1255000.0,S,3.5,2.0,1.0,0.0,148.0,,,-37.7841,144.9793
3,h,1700000.0,VB,3.5,3.0,2.0,1.0,240.0,,,-37.782,144.9834
2,h,1290000.0,S,3.5,2.0,1.0,0.0,136.0,92.0,1890.0,-37.7819,144.9824
2,t,750000.0,S,3.5,2.0,2.0,2.0,0.0,95.0,2002.0,-37.7761,144.9792
3,u,674000.0,S,3.5,3.0,1.0,1.0,0.0,,,-37.7899,144.9869
2,u,675000.0,SP,3.5,2.0,1.0,2.0,0.0,92.0,2010.0,-37.7918,144.9824
4,t,1700000.0,VB,3.5,4.0,3.0,2.0,127.0,209.0,2008.0,-37.7855,144.9789
2,h,875000.0,S,3.5,2.0,1.0,0.0,106.0,,,-37.7823,144.9864
3,t,1080000.0,S,3.5,3.0,2.0,1.0,77.0,133.0,2016.0,-37.7923,144.9776
3,h,1851000.0,S,3.5,3.0,1.0,1.0,225.0,,,-37.7852,144.9868
2,h,1222500.0,S,3.5,2.0,1.0,2.0,487.0,105.0,1940.0,-37.7737,144.9822
1,u,330000.0,VB,3.5,1.0,1.0,1.0,0.0,,1970.0,-37.782,144.9896
2,h,1232000.0,S,3.5,2.0,1.0,0.0,0.0,,,-37.7848,144.9806
1,h,899000.0,S,3.5,2.0,1.0,0.0,153.0,,,-37.7851,144.9784
3,h,2300000.0,S,3.5,4.0,1.0,2.0,475.0,,,-37.7786,144.9846
2,h,937500.0,S,3.5,2.0,1.0,0.0,100.0,72.0,1890.0,-37.788,144.9791
3,h,1710000.0,S,3.5,3.0,2.0,0.0,357.0,,1880.0,-37.7778,144.9824
3,h,1600000.0,S,3.5,3.0,1.0,0.0,370.0,,,-37.7794,144.9892
3,h,1300000.0,VB,3.5,3.0,1.0,1.0,203.0,110.0,1890.0,-37.7834,144.9862
4,h,2300000.0,S,3.5,4.0,2.0,1.0,197.0,,,-37.7828,144.9832
2,u,490000.0,VB,3.5,2.0,1.0,1.0,4296.0,,2012.0,-37.7846,144.9785
3,h,1300000.0,S,3.5,3.0,2.0,0.0,127.0,135.0,1890.0,-37.7851,144.9809
3,h,1300000.0,S,3.5,3.0,1.0,0.0,309.0,,,-37.776,144.9832
3,h,2150000.0,S,3.5,3.0,2.0,0.0,202.0,307.0,1898.0,-37.7835,144.9867
3,t,775000.0,S,3.5,3.0,2.0,2.0,0.0,,,-37.7918,144.9824
3,h,1581000.0,S,3.5,3.0,1.0,0.0,193.0,132.0,1910.0,-37.7836,144.985
2,u,602000.0,S,3.5,2.0,1.0,1.0,0.0,48.0,1980.0,-37.7794,144.989
2,h,650000.0,PI,3.5,2.0,1.0,1.0,0.0,75.0,1980.0,-37.777,144.9838
2,h,1283000.0,S,3.5,2.0,1.0,2.0,204.0,,,-37.7824,144.9801
3,h,1450000.0,S,3.5,3.0,2.0,1.0,118.0,103.0,1905.0,-37.7839,144.9807
2,h,1325000.0,S,3.5,2.0,1.0,0.0,160.0,,,-37.783,144.9866
2,h,865500.0,S,4.4,2.0,1.0,1.0,168.0,,,-37.7835,144.9339
2,u,365000.0,PI,4.4,2.0,1.0,1.0,0.0,60.0,1970.0,-37.7833,144.9255
1,u,380000.0,SP,4.4,1.0,1.0,1.0,2077.0,,,-37.7852,144.9216
2,u,425000.0,SP,4.4,2.0,1.0,1.0,0.0,63.0,1970.0,-37.7833,144.9255
1,u,280000.0,VB,4.4,1.0,1.0,1.0,0.0,,1970.0,-37.7839,144.9347
3,h,870000.0,S,4.4,3.0,2.0,0.0,167.0,,,-37.7869,144.9228
2,u,391000.0,S,4.4,2.0,1.0,1.0,0.0,59.0,1970.0,-37.7825,144.9239
2,h,715000.0,SP,4.4,2.0,1.0,1.0,0.0,,1980.0,-37.7852,144.9223
3,h,1130000.0,S,4.4,3.0,1.0,0.0,294.0,140.0,1900.0,-37.7856,144.9292
3,h,1110000.0,PI,4.4,3.0,1.0,1.0,272.0,131.0,1885.0,-37.7857,144.931
2,h,950000.0,SP,4.4,2.0,1.0,1.0,193.0,,,-37.7861,144.9238
2,h,918000.0,S,4.4,2.0,1.0,0.0,136.0,78.0,1900.0,-37.7839,144.9343
2,h,730000.0,SP,4.4,2.0,1.0,1.0,140.0,98.0,1890.0,-37.7867,144.9342
2,u,360000.0,PI,4.4,2.0,1.0,1.0,0.0,,,-37.7826,144.9273
2,h,855000.0,SP,4.4,2.0,1.0,0.0,225.0,85.0,1930.0,-37.7849,144.9197
2,h,860000.0,S,4.4,2.0,1.0,0.0,202.0,,,-37.7849,144.9257
3,h,1012000.0,S,4.4,3.0,1.0,1.0,212.0,102.0,1930.0,-37.7818,144.9247
3,h,885000.0,S,4.4,3.0,1.0,0.0,162.0,,,-37.7869,144.9253
3,h,1315000.0,S,4.4,2.0,1.0,1.0,313.0,20.0,,-37.7853,144.9235
4,h,1700000.0,SP,4.4,4.0,1.0,1.0,616.0,,,-37.7837,144.9319
3,h,1205000.0,S,4.4,3.0,2.0,2.0,0.0,,,-37.7826,144.9261
2,u,395000.0,PI,4.4,2.0,1.0,1.0,0.0,60.0,1970.0,-37.7833,144.9255
2,u,476000.0,S,4.4,2.0,1.0,1.0,0.0,,,-37.783,144.93200000000004
1,h,250000.0,VB,4.4,1.0,1.0,1.0,0.0,,,-37.7854,144.9326
2,u,556000.0,S,4.4,2.0,2.0,1.0,0.0,79.0,2009.0,-37.784,144.9356
2,h,845000.0,S,4.4,2.0,1.0,1.0,0.0,,1910.0,-37.7838,144.9273
1,u,345000.0,SP,4.4,1.0,1.0,1.0,0.0,46.0,1970.0,-37.7826,144.9311
3,h,1100000.0,VB,4.4,3.0,2.0,0.0,179.0,150.0,1900.0,-37.7857,144.9305
2,h,957000.0,SP,4.4,2.0,1.0,0.0,165.0,,,-37.7847,144.9341
3,h,991000.0,S,4.4,3.0,1.0,4.0,402.0,,1915.0,-37.7867,144.9249
3,h,850000.0,VB,4.4,4.0,2.0,0.0,162.0,,1905.0,-37.7866,144.9343
1,u,395000.0,SP,4.4,1.0,1.0,1.0,818.0,50.0,1880.0,-37.788,144.9306
2,u,350000.0,VB,4.4,2.0,1.0,1.0,0.0,,1970.0,-37.7857,144.9244
3,h,1115000.0,S,4.4,3.0,1.0,1.0,244.0,84.0,1940.0,-37.7823,144.9278
2,u,420500.0,S,4.4,2.0,1.0,1.0,0.0,52.0,1970.0,-37.783,144.93200000000004
3,t,585000.0,S,6.4,3.0,1.0,1.0,259.0,,,-37.7955,144.9063
1,u,85000.0,PI,6.4,1.0,1.0,0.0,0.0,,2007.0,-37.7911,144.89
4,h,1225000.0,SP,6.4,4.0,2.0,1.0,319.0,130.0,1915.0,-37.7943,144.8875
2,u,431000.0,SP,6.4,2.0,1.0,1.0,0.0,,,-37.7963,144.8853
3,h,1003000.0,S,6.4,3.0,1.0,1.0,292.0,98.0,1900.0,-37.797,144.9051
3,h,840000.0,S,6.4,3.0,1.0,0.0,164.0,93.0,1900.0,-37.7959,144.8863
3,h,1362000.0,S,6.4,3.0,2.0,0.0,497.0,156.0,1890.0,-37.7958,144.9024
4,h,977000.0,S,6.4,4.0,2.0,1.0,154.0,161.0,2007.0,-37.7983,144.8911
1,u,216000.0,S,6.4,1.0,1.0,1.0,0.0,50.0,1970.0,-37.7907,144.8924
3,h,876000.0,S,6.4,3.0,2.0,2.0,204.0,106.0,1990.0,-37.8012,144.8921
1,u,227000.0,S,6.4,1.0,1.0,1.0,0.0,52.0,1970.0,-37.7907,144.8924
4,t,841000.0,S,6.4,4.0,2.0,2.0,250.0,160.0,2000.0,-37.7959,144.8989
2,u,605000.0,SP,6.4,2.0,1.0,3.0,2794.0,87.0,2000.0,-37.8044,144.9064
2,u,305000.0,PI,6.4,2.0,1.0,1.0,47.0,35.0,2013.0,-37.8014,144.8959
2,t,480000.0,PI,6.4,2.0,1.0,1.0,556.0,75.0,2010.0,-37.7919,144.8854
1,u,357000.0,S,6.4,1.0,1.0,0.0,0.0,,1980.0,-37.7964,144.9027
3,h,910000.0,S,6.4,3.0,1.0,1.0,361.0,118.0,1940.0,-37.7913,144.8879
1,u,291000.0,PI,6.4,1.0,1.0,1.0,665.0,46.0,1970.0,-37.7978,144.8918
2,h,375000.0,S,6.4,2.0,1.0,1.0,0.0,,1968.0,-37.7906,144.8856
2,h,752000.0,SP,6.4,2.0,1.0,0.0,215.0,98.0,1910.0,-37.7922,144.891
3,h,1155000.0,S,6.4,3.0,1.0,3.0,585.0,120.0,1950.0,-37.7941,144.8924
3,h,930000.0,PI,6.4,3.0,1.0,3.0,413.0,,,-37.7931,144.893
2,u,490000.0,S,6.4,2.0,1.0,1.0,0.0,,,-37.8006,144.881
3,h,853000.0,S,6.4,3.0,1.0,1.0,0.0,141.0,2010.0,-37.7962,144.8851
4,h,1290000.0,S,6.4,3.0,1.0,2.0,411.0,,,-37.7969,144.9049
3,u,480000.0,S,6.4,3.0,1.0,1.0,0.0,90.0,1985.0,-37.7949,144.9007
4,h,775000.0,S,6.4,2.0,1.0,2.0,277.0,87.0,1890.0,-37.7901,144.8883
2,h,900000.0,SP,6.4,2.0,1.0,0.0,210.0,,1900.0,-37.7969,144.88299999999995
2,u,281000.0,S,6.4,2.0,1.0,1.0,0.0,65.0,1980.0,-37.7891,144.8912
4,h,1300000.0,S,6.4,4.0,2.0,3.0,0.0,190.0,1950.0,-37.7923,144.8848
3,t,714000.0,S,6.4,3.0,2.0,2.0,164.0,3.0,2008.0,-37.7948,144.8868
3,h,775000.0,SP,6.4,3.0,2.0,1.0,197.0,,,-37.8021,144.8924
2,h,950000.0,PI,6.4,2.0,1.0,2.0,657.0,92.0,1940.0,-37.7909,144.8884
3,u,674000.0,S,6.4,3.0,2.0,1.0,8680.0,,,-37.8016,144.9082
3,h,760000.0,S,6.4,3.0,1.0,1.0,265.0,115.0,1910.0,-37.7975,144.8894
2,u,420000.0,VB,6.4,2.0,1.0,1.0,0.0,75.0,2010.0,-37.8042,144.9049
2,t,560000.0,S,6.4,2.0,1.0,1.0,111.0,,,-37.7969,144.8852
2,h,575000.0,S,6.4,2.0,1.0,1.0,162.0,,2000.0,-37.796,144.899
4,h,1100000.0,SP,6.4,3.0,1.0,2.0,633.0,,,-37.802,144.889
3,h,932000.0,S,6.4,2.0,1.0,1.0,451.0,130.0,1910.0,-37.8023,144.8915
3,h,780000.0,S,6.4,3.0,1.0,2.0,323.0,129.0,1900.0,-37.7935,144.8893
2,u,295000.0,SP,6.4,2.0,1.0,1.0,0.0,69.0,1960.0,-37.7903,144.891
2,u,433000.0,SP,6.4,2.0,1.0,1.0,0.0,66.0,2012.0,-37.8017,144.8957
2,t,410000.0,SP,6.4,2.0,2.0,1.0,65.0,80.0,2014.0,-37.7881,144.8838
2,h,1170000.0,S,6.4,2.0,1.0,1.0,184.0,103.0,1900.0,-37.7988,144.90200000000004
1,u,375000.0,S,6.4,1.0,1.0,1.0,0.0,50.0,1920.0,-37.8006,144.881
2,u,615000.0,S,6.4,2.0,1.0,3.0,207.0,,1960.0,-37.7975,144.8855
3,h,747000.0,S,6.4,3.0,1.0,1.0,246.0,120.0,1940.0,-37.8012,144.8924
1,u,275000.0,PI,6.4,1.0,1.0,1.0,0.0,,1970.0,-37.8053,144.9029
3,h,1045000.0,S,6.4,3.0,2.0,2.0,384.0,,,-37.7976,144.8976
3,h,775000.0,SP,6.4,3.0,1.0,1.0,242.0,99.0,1920.0,-37.7956,144.8848
2,u,571000.0,S,6.4,2.0,2.0,1.0,0.0,78.0,2013.0,-37.8025,144.9073
2,u,310000.0,PI,6.4,2.0,1.0,1.0,0.0,,,-37.7878,144.8919
1,u,305000.0,S,6.4,1.0,1.0,1.0,59.0,70.0,1965.0,-37.7903,144.8899
3,h,860500.0,S,6.4,3.0,2.0,2.0,322.0,228.0,1980.0,-37.7963,144.8862
3,t,820000.0,SP,6.4,3.0,2.0,1.0,122.0,,,-37.8021,144.8976
1,u,210000.0,VB,6.4,1.0,1.0,1.0,0.0,,,-37.7878,144.8904
3,h,875000.0,S,6.4,3.0,1.0,0.0,262.0,92.0,,-37.8022,144.8924
2,u,370000.0,SP,6.4,2.0,1.0,1.0,0.0,75.0,2007.0,-37.7992,144.8961
2,h,711000.0,SP,6.4,2.0,1.0,2.0,253.0,90.0,1910.0,-37.7968,144.8887
3,u,665000.0,S,6.4,3.0,2.0,1.0,0.0,,,-37.8016,144.9082
2,h,690500.0,SP,6.4,2.0,1.0,1.0,212.0,98.0,1900.0,-37.7903,144.8879
2,h,747000.0,S,6.4,2.0,1.0,1.0,320.0,94.0,1900.0,-37.7964,144.8871
2,h,858000.0,SP,6.4,2.0,1.0,1.0,313.0,93.0,1915.0,-37.7966,144.9016
4,t,699000.0,VB,6.4,4.0,2.0,2.0,0.0,126.0,2015.0,-37.7905,144.8882
2,h,835000.0,SP,6.4,2.0,1.0,1.0,222.0,109.0,1920.0,-37.7962,144.8844
2,h,661000.0,S,6.4,2.0,1.0,1.0,132.0,83.0,1970.0,-37.7946,144.8903
2,h,757500.0,S,6.4,2.0,1.0,0.0,258.0,108.0,1900.0,-37.7959,144.8901
1,u,282000.0,PI,6.4,1.0,1.0,1.0,1783.0,42.0,1975.0,-37.7949,144.9007
3,t,699000.0,S,6.4,3.0,1.0,1.0,125.0,113.0,2000.0,-37.7922,144.8831
3,h,850000.0,SP,6.4,3.0,1.0,0.0,190.0,99.0,1930.0,-37.795,144.88299999999995
2,u,315000.0,PI,6.4,2.0,1.0,1.0,882.0,74.0,1970.0,-37.7899,144.893
3,h,740000.0,SP,6.4,3.0,1.0,1.0,211.0,94.0,1910.0,-37.8059,144.901
2,u,360000.0,S,6.4,2.0,1.0,1.0,0.0,,,-37.8012,144.8964
3,h,980000.0,S,6.4,3.0,2.0,2.0,196.0,154.0,2006.0,-37.7987,144.9034
3,u,561000.0,SP,6.4,3.0,1.0,1.0,0.0,,,-37.7952,144.909
2,u,316000.0,S,6.4,2.0,1.0,1.0,0.0,55.0,1960.0,-37.789,144.8932
2,h,800000.0,S,6.4,2.0,1.0,2.0,260.0,,1940.0,-37.7969,144.9042
2,h,760000.0,PI,6.4,2.0,1.0,0.0,130.0,70.0,1920.0,-37.7988,144.9045
3,t,735000.0,S,6.4,3.0,2.0,2.0,112.0,168.0,2010.0,-37.8001,144.8797
2,h,823000.0,S,6.4,2.0,1.0,0.0,238.0,,,-37.7946,144.8944
4,h,1225000.0,SP,6.4,4.0,2.0,1.0,319.0,130.0,1915.0,-37.7943,144.8875
2,u,296000.0,S,6.4,2.0,1.0,1.0,0.0,,,-37.789,144.8932
3,h,886500.0,S,6.4,3.0,1.0,0.0,268.0,,,-37.7942,144.8933
3,h,767500.0,S,6.4,3.0,2.0,0.0,458.0,98.0,1930.0,-37.7942,144.8832
2,u,395000.0,SP,6.4,2.0,2.0,1.0,0.0,79.0,2009.0,-37.8006,144.9053
4,h,815000.0,PI,6.4,4.0,2.0,1.0,369.0,151.0,1910.0,-37.7914,144.8957
3,t,757000.0,S,6.4,3.0,2.0,2.0,102.0,102.0,2011.0,-37.7987,144.8807
4,h,1450000.0,SP,6.4,4.0,1.0,1.0,799.0,160.0,1910.0,-37.7958,144.9001
2,h,745000.0,S,6.4,2.0,1.0,1.0,355.0,74.0,1890.0,-37.7931,144.8938
2,h,716000.0,S,6.4,2.0,1.0,2.0,274.0,275.0,2000.0,-37.7939,144.8846
3,h,1735000.0,S,9.2,3.0,2.0,3.0,680.0,170.0,1935.0,-37.854,145.0832
2,h,1699000.0,S,9.2,3.0,1.0,2.0,653.0,,,-37.8573,145.077
4,h,3400000.0,VB,9.2,4.0,3.0,2.0,856.0,265.0,1920.0,-37.8628,145.0436
5,h,3730000.0,PI,9.2,4.0,3.0,2.0,919.0,353.0,1925.0,-37.8637,145.0438
4,h,1800000.0,VB,9.2,4.0,2.0,2.0,868.0,217.0,1930.0,-37.8522,145.0893
4,h,1998000.0,S,9.2,4.0,2.0,1.0,739.0,183.0,2002.0,-37.8513,145.0601
2,u,671000.0,S,9.2,2.0,1.0,1.0,0.0,85.0,1960.0,-37.8555,145.0889
4,h,3110000.0,S,9.2,4.0,2.0,4.0,1318.0,,,-37.853,145.0491
3,h,1780000.0,S,9.2,3.0,1.0,2.0,627.0,,,-37.8599,145.0898
3,h,1425000.0,S,9.2,3.0,2.0,2.0,217.0,163.0,2006.0,-37.8639,145.0641
3,h,1530000.0,S,9.2,3.0,1.0,1.0,753.0,118.0,1940.0,-37.8543,145.0889
4,h,1900000.0,PI,9.2,4.0,4.0,2.0,708.0,323.0,1985.0,-37.8646,145.0673
2,h,1500000.0,S,9.2,3.0,1.0,2.0,660.0,,,-37.8536,145.0911
3,h,1360000.0,PI,9.2,3.0,2.0,1.0,704.0,134.0,1940.0,-37.852,145.0942
5,h,2175000.0,S,9.2,5.0,3.0,4.0,619.0,327.0,2003.0,-37.8554,145.0611
4,h,2325000.0,PI,9.2,4.0,3.0,2.0,638.0,314.0,1930.0,-37.8523,145.0726
4,h,2538000.0,S,9.2,4.0,2.0,3.0,630.0,314.0,2000.0,-37.856,145.0691
4,h,2300000.0,VB,9.2,4.0,3.0,4.0,1258.0,254.0,1941.0,-37.8552,145.082
2,u,550000.0,SP,9.2,2.0,1.0,1.0,0.0,63.0,1968.0,-37.8567,145.0435
3,h,1600000.0,VB,9.2,3.0,2.0,1.0,704.0,134.0,1940.0,-37.852,145.0942
3,h,2100000.0,VB,9.2,3.0,2.0,2.0,904.0,,,-37.856,145.0705
3,h,2115000.0,S,9.2,4.0,2.0,2.0,745.0,157.0,1920.0,-37.8501,145.059
3,h,1700000.0,S,9.2,3.0,2.0,2.0,625.0,188.0,1951.0,-37.8602,145.0925
4,h,3500000.0,S,9.2,4.0,2.0,2.0,859.0,,,-37.8625,145.04399999999995
3,h,1750000.0,S,9.2,3.0,2.0,2.0,652.0,,,-37.8556,145.06799999999996
3,h,967500.0,S,9.2,3.0,2.0,1.0,233.0,,,-37.8515,145.0938
4,h,2077000.0,S,9.2,4.0,2.0,3.0,553.0,143.0,1910.0,-37.8589,145.0413
4,h,2850000.0,S,9.2,4.0,3.0,2.0,1184.0,305.0,1935.0,-37.8526,145.0848
2,u,411000.0,SP,9.2,2.0,1.0,1.0,0.0,65.0,1970.0,-37.85,145.0461
3,h,1222000.0,S,9.2,3.0,1.0,1.0,215.0,,,-37.85,145.05700000000004
4,h,1550000.0,S,9.2,3.0,2.0,2.0,662.0,,,-37.8588,145.0832
3,h,1660000.0,S,9.2,3.0,1.0,2.0,297.0,,1930.0,-37.847,145.0535
6,h,2250000.0,VB,9.2,5.0,3.0,2.0,650.0,,1940.0,-37.8534,145.0785
3,u,1162000.0,S,9.2,2.0,2.0,2.0,281.0,,,-37.8579,145.0736
4,h,2020000.0,PI,9.2,4.0,2.0,2.0,630.0,351.0,2009.0,-37.8667,145.0752
2,h,845000.0,S,9.2,2.0,0.0,0.0,207.0,,,-37.863,145.0501
3,h,1510000.0,PI,9.2,3.0,2.0,2.0,370.0,,,-37.8597,145.0883
4,h,2010000.0,S,9.2,4.0,2.0,2.0,659.0,212.0,1930.0,-37.8509,145.0916
4,h,2975000.0,S,9.2,4.0,3.0,4.0,0.0,30.0,1930.0,-37.8541,145.0643
2,u,585000.0,SP,9.2,2.0,1.0,1.0,0.0,,,-37.8523,145.0936
3,h,1275000.0,VB,9.2,3.0,2.0,2.0,669.0,,,-37.8596,145.0871
1,u,452000.0,S,9.2,1.0,1.0,1.0,63.0,52.0,1980.0,-37.8552,145.05
3,t,1625000.0,S,9.2,3.0,2.0,2.0,365.0,,,-37.8526,145.0853
4,h,1800000.0,SP,9.2,4.0,3.0,2.0,743.0,,,-37.8566,145.0439
3,h,1820000.0,S,9.2,3.0,1.0,3.0,650.0,136.0,1930.0,-37.8571,145.0766
1,u,291000.0,PI,9.2,1.0,1.0,1.0,1097.0,38.0,1982.0,-37.8576,145.0452
2,u,710000.0,VB,9.2,2.0,1.0,2.0,123.0,,,-37.8567,145.0666
4,h,2376000.0,S,9.2,4.0,2.0,2.0,652.0,230.0,1925.0,-37.8479,145.0557
2,h,1020000.0,SP,9.2,2.0,1.0,0.0,251.0,,1910.0,-37.8627,145.0402
3,h,1456000.0,SP,9.2,3.0,1.0,2.0,504.0,142.0,1920.0,-37.8541,145.0544
3,h,1875000.0,S,9.2,3.0,2.0,3.0,607.0,,,-37.8534,145.0735
3,h,1430000.0,S,9.2,3.0,3.0,2.0,385.0,255.0,,-37.8524,145.0425
6,h,2300000.0,S,9.2,6.0,2.0,2.0,0.0,,,-37.8519,145.091
1,t,345000.0,PI,9.2,1.0,1.0,1.0,745.0,44.0,1970.0,-37.8505,145.0459
5,h,2000000.0,PI,9.2,5.0,3.0,1.0,696.0,248.0,1920.0,-37.8563,145.0709
4,h,1550000.0,PI,9.2,4.0,0.0,0.0,769.0,,,-37.8628,145.0734
3,h,1625000.0,S,9.2,4.0,2.0,4.0,1005.0,,1980.0,-37.8528,145.0487
2,u,480000.0,SP,9.2,2.0,1.0,1.0,0.0,,,-37.8559,145.049
2,t,585000.0,S,9.2,2.0,1.0,1.0,84.0,84.0,1960.0,-37.8517,145.0796
5,h,1960000.0,PI,9.2,5.0,3.0,2.0,650.0,,1940.0,-37.8534,145.0785
4,h,1700000.0,PI,9.2,4.0,3.0,1.0,650.0,266.0,1946.0,-37.8581,145.078
2,u,680000.0,S,9.2,2.0,1.0,1.0,0.0,,,-37.8566,145.0454
3,t,1220000.0,S,9.2,3.0,2.0,2.0,278.0,,1999.0,-37.8574,145.0496
3,h,1375000.0,S,9.2,3.0,2.0,2.0,328.0,176.0,1990.0,-37.8529,145.0605
2,h,920000.0,S,9.2,2.0,1.0,2.0,334.0,115.0,1930.0,-37.8577,145.0576
2,u,382000.0,SP,9.2,2.0,1.0,1.0,1069.0,33.0,1960.0,-37.8547,145.0457
2,u,545000.0,S,9.2,3.0,0.0,0.0,0.0,,,-37.85,145.0465
4,t,1350000.0,VB,9.2,3.0,2.0,2.0,342.0,,,-37.8622,145.0634
2,h,1280000.0,S,9.2,2.0,1.0,1.0,412.0,123.0,1950.0,-37.8541,145.05100000000004
3,h,1825000.0,S,9.2,3.0,1.0,2.0,652.0,,,-37.8552,145.0785
5,h,2825000.0,PI,9.2,5.0,4.0,4.0,802.0,206.0,2013.0,-37.8627,145.0719
3,h,2825000.0,S,9.2,4.0,2.0,4.0,885.0,217.0,1910.0,-37.8577,145.0421
4,h,1825000.0,S,9.2,3.0,3.0,2.0,366.0,26.0,1999.0,-37.8503,145.0586
1,u,328000.0,S,9.2,1.0,1.0,0.0,0.0,,,-37.8588,145.0512
4,h,2016000.0,S,9.2,4.0,2.0,3.0,733.0,,,-37.8561,145.0864
5,h,3085000.0,S,9.2,5.0,3.0,3.0,778.0,326.0,2000.0,-37.8582,145.0715
3,h,1710000.0,S,9.2,3.0,1.0,3.0,557.0,,,-37.8556,145.0499
3,h,1770000.0,SP,9.2,3.0,1.0,3.0,603.0,,,-37.8503,145.0754
3,h,1765000.0,S,9.2,3.0,1.0,2.0,650.0,,,-37.8505,145.0852
2,u,511000.0,S,9.2,2.0,1.0,1.0,0.0,,,-37.8517,145.0459
3,h,2000000.0,PI,9.2,2.0,1.0,2.0,821.0,,,-37.8581,145.0685
2,h,1600000.0,PI,9.2,2.0,2.0,2.0,718.0,184.0,1950.0,-37.858,145.0696
3,h,1880000.0,S,9.2,3.0,2.0,2.0,668.0,,1920.0,-37.8489,145.0711
5,h,2352500.0,PI,9.2,5.0,3.0,2.0,642.0,336.0,1930.0,-37.859,145.0656
5,h,3860000.0,S,9.2,5.0,4.0,2.0,830.0,520.0,2009.0,-37.8563,145.072
4,h,2625000.0,PI,9.2,4.0,3.0,2.0,840.0,326.0,1930.0,-37.8538,145.0641
2,u,856500.0,S,9.2,2.0,1.0,1.0,0.0,,1960.0,-37.8566,145.0553
5,h,1650000.0,PI,9.2,5.0,2.0,2.0,400.0,,,-37.8572,145.0555
2,t,600000.0,VB,9.2,2.0,1.0,1.0,0.0,1143.0,,-37.8506,145.0465
2,u,690000.0,S,9.2,2.0,1.0,2.0,166.0,,,-37.863,145.0631
3,t,1200000.0,VB,9.2,3.0,2.0,2.0,541.0,,,-37.8628,145.0486
4,h,3010000.0,S,9.2,3.0,3.0,2.0,677.0,,1910.0,-37.8476,145.0554
2,u,785000.0,S,9.2,2.0,1.0,1.0,0.0,,,-37.8488,145.0573
4,h,1950000.0,SP,9.2,4.0,2.0,2.0,775.0,155.0,1960.0,-37.8561,145.0934
3,h,2200000.0,S,9.2,3.0,1.0,2.0,700.0,142.0,1930.0,-37.8553,145.0711
3,h,1751000.0,S,9.2,3.0,1.0,3.0,609.0,140.0,1930.0,-37.8542,145.0733
4,h,1857000.0,S,9.2,4.0,2.0,3.0,548.0,205.0,1930.0,-37.8536,145.0547
1,u,375000.0,PI,9.2,1.0,1.0,1.0,602.0,,,-37.8597,145.0571
2,u,720000.0,VB,9.2,2.0,1.0,2.0,0.0,74.0,1940.0,-37.8468,145.0515
3,h,1500000.0,S,9.2,3.0,1.0,3.0,401.0,107.0,1935.0,-37.8471,145.05100000000004
4,h,2725000.0,S,9.2,4.0,3.0,2.0,603.0,246.0,2007.0,-37.8521,145.0657
2,h,1723000.0,S,9.2,2.0,1.0,1.0,553.0,,,-37.8464,145.0511
2,u,529500.0,S,9.2,2.0,1.0,1.0,0.0,,,-37.8572,145.0423
3,h,2800000.0,S,9.2,3.0,1.0,2.0,762.0,153.0,1930.0,-37.8575,145.0554
3,h,1665000.0,S,9.2,3.0,1.0,2.0,685.0,143.0,1941.0,-37.8538,145.0842
2,u,600000.0,S,9.2,2.0,1.0,1.0,0.0,80.0,1960.0,-37.8555,145.0518
3,h,1420000.0,S,9.2,3.0,1.0,2.0,615.0,607.0,1940.0,-37.8578,145.0919
3,h,1550000.0,S,9.2,3.0,2.0,2.0,307.0,,,-37.8531,145.086
1,u,420000.0,VB,9.2,1.0,1.0,1.0,805.0,,2011.0,-37.8592,145.0484
4,h,1920000.0,S,9.2,4.0,2.0,2.0,706.0,,,-37.8573,145.0904
5,h,2100000.0,S,9.2,5.0,3.0,2.0,696.0,,1989.0,-37.8478,145.0566
5,h,2410000.0,PI,9.2,5.0,2.0,2.0,654.0,354.0,2015.0,-37.8515,145.0922
4,h,2100000.0,PI,9.2,4.0,2.0,2.0,645.0,216.0,1930.0,-37.8516,145.061
4,h,2950000.0,S,9.2,4.0,2.0,2.0,1485.0,295.0,1966.0,-37.8509,145.0856
2,u,390000.0,S,9.2,2.0,1.0,1.0,0.0,,,-37.8497,145.0466
5,h,3365000.0,S,9.2,5.0,2.0,2.0,1339.0,270.0,1925.0,-37.8649,145.0547
4,h,1390000.0,S,9.2,3.0,2.0,3.0,397.0,,,-37.8578,145.06799999999996
4,h,1802000.0,S,9.2,4.0,3.0,2.0,394.0,,1980.0,-37.8523,145.0603
3,h,1310000.0,S,9.2,3.0,1.0,2.0,464.0,,,-37.8539,145.0702
3,h,1931000.0,S,9.2,3.0,2.0,2.0,648.0,193.0,1975.0,-37.8547,145.0771
4,h,2000000.0,PI,9.2,3.0,2.0,4.0,401.0,,,-37.8583,145.0726
2,h,1250000.0,S,9.2,2.0,1.0,2.0,438.0,107.0,1910.0,-37.8511,145.0428
5,h,2400000.0,VB,9.2,5.0,3.0,2.0,709.0,672.0,1930.0,-37.8529,145.0806
2,u,460000.0,PI,9.2,2.0,1.0,1.0,0.0,,,-37.8578,145.0537
3,h,610000.0,S,13.0,3.0,1.0,2.0,696.0,118.0,1960.0,-37.6972,144.9431
3,h,610000.0,S,13.0,3.0,1.0,3.0,640.0,144.0,1960.0,-37.6979,144.9335
3,t,555000.0,SP,13.0,3.0,2.0,2.0,244.0,3.0,,-37.6969,144.9299
3,h,500000.0,S,13.0,3.0,1.0,1.0,336.0,,,-37.7088,144.9356
3,h,806500.0,S,13.0,3.0,1.0,2.0,766.0,127.0,1965.0,-37.6988,144.9372
5,h,1150000.0,PI,13.0,5.0,3.0,2.0,700.0,,,-37.7095,144.9253
5,h,850000.0,PI,13.0,5.0,3.0,1.0,487.0,,,-37.7088,144.92600000000004
4,h,550000.0,VB,13.0,4.0,2.0,1.0,683.0,138.0,2017.0,-37.6964,144.9314
3,h,822000.0,S,13.0,3.0,1.0,4.0,700.0,105.0,1950.0,-37.6988,144.9438
3,h,980000.0,SP,13.0,3.0,2.0,3.0,1029.0,136.0,1950.0,-37.7115,144.9147
3,h,670000.0,S,13.0,3.0,1.0,1.0,652.0,,,-37.7062,144.9261
2,u,430000.0,PI,13.0,2.0,1.0,1.0,164.0,100.0,2010.0,-37.7072,144.9252
2,h,852500.0,S,13.0,2.0,1.0,2.0,832.0,,,-37.7126,144.9122
4,h,1025000.0,S,13.0,4.0,2.0,4.0,1011.0,,,-37.712,144.9127
2,h,540000.0,VB,13.0,2.0,1.0,1.0,164.0,114.0,2010.0,-37.7082,144.9178
2,h,530000.0,SP,13.0,2.0,1.0,2.0,643.0,,,-37.6978,144.9276
3,h,721000.0,S,13.0,3.0,1.0,2.0,674.0,,1976.0,-37.7102,144.9362
3,h,737000.0,S,13.0,3.0,1.0,4.0,640.0,97.0,1950.0,-37.6986,144.9243
3,h,575500.0,S,13.0,3.0,1.0,1.0,701.0,,,-37.6953,144.9397
3,h,600000.0,S,13.0,3.0,1.0,2.0,702.0,,,-37.6999,144.9387
3,h,460000.0,SP,13.0,3.0,2.0,2.0,224.0,3.0,1950.0,-37.702,144.9507
3,t,370000.0,PI,13.0,3.0,2.0,1.0,259.0,,2003.0,-37.6977,144.9149
3,h,691000.0,S,13.0,3.0,1.0,2.0,753.0,,,-37.7065,144.9374
3,h,500000.0,S,13.0,3.0,1.0,1.0,589.0,,,-37.6993,144.9393
3,t,545000.0,S,13.0,3.0,2.0,1.0,136.0,130.0,2014.0,-37.7112,144.9142
3,h,670000.0,PI,13.0,3.0,1.0,4.0,734.0,140.0,1960.0,-37.7007,144.9378
3,h,572000.0,S,13.0,3.0,1.0,2.0,627.0,,,-37.6974,144.9326
4,h,702000.0,S,13.0,4.0,1.0,4.0,606.0,124.0,1956.0,-37.7104,144.9088
2,h,730000.0,S,13.0,2.0,1.0,1.0,705.0,115.0,1950.0,-37.706,144.9245
3,h,711500.0,S,13.0,3.0,1.0,3.0,667.0,81.0,1950.0,-37.7005,144.9185
3,h,820000.0,VB,13.0,3.0,2.0,4.0,805.0,,,-37.708,144.9211
5,h,810000.0,S,13.0,5.0,4.0,4.0,695.0,176.0,1950.0,-37.7028,144.9377
2,u,250000.0,SP,13.0,2.0,1.0,1.0,0.0,61.0,1970.0,-37.711,144.9178
3,t,460000.0,S,13.0,3.0,1.0,1.0,325.0,106.0,1970.0,-37.7001,144.9291
3,h,793000.0,S,13.0,3.0,1.0,2.0,780.0,120.0,1960.0,-37.7,144.9427
2,u,340000.0,S,13.0,2.0,1.0,1.0,0.0,74.0,1970.0,-37.7071,144.9176
3,h,596000.0,S,13.0,3.0,1.0,3.0,624.0,,,-37.6967,144.9313
3,h,447500.0,S,13.0,3.0,1.0,1.0,320.0,130.0,2000.0,-37.6949,144.9122
3,h,588000.0,S,13.0,3.0,1.0,1.0,616.0,125.0,1960.0,-37.7029,144.9053
3,h,420000.0,PI,13.0,3.0,1.0,2.0,0.0,96.0,1960.0,-37.7025,144.9504
2,u,410000.0,SP,13.0,2.0,1.0,2.0,200.0,81.0,2000.0,-37.7002,144.9428
3,h,688000.0,S,13.0,3.0,1.0,4.0,700.0,,,-37.7022,144.924
3,h,612500.0,S,13.0,3.0,2.0,3.0,635.0,,,-37.7006,144.9239
3,h,525000.0,S,13.0,3.0,1.0,1.0,665.0,85.0,1950.0,-37.6966,144.9331
3,h,703000.0,S,13.0,3.0,1.0,4.0,704.0,102.0,1960.0,-37.7021,144.9136
4,t,608000.0,S,13.0,3.0,2.0,1.0,252.0,150.0,2014.0,-37.7006,144.9299
5,h,705000.0,PI,13.0,5.0,3.0,2.0,612.0,,1970.0,-37.7022,144.9054
2,u,320500.0,S,13.0,2.0,1.0,1.0,3056.0,,,-37.7042,144.9214
3,h,577000.0,S,13.0,3.0,1.0,2.0,706.0,,,-37.7053,144.9372
2,u,230000.0,PI,13.0,2.0,1.0,1.0,1996.0,,,-37.702,144.9154
4,t,607000.0,S,13.0,4.0,3.0,2.0,0.0,131.0,2014.0,-37.7102,144.9112
3,h,765500.0,S,13.0,3.0,2.0,2.0,780.0,180.0,1970.0,-37.6955,144.9389
3,u,470000.0,SP,13.0,3.0,1.0,2.0,187.0,99.0,2014.0,-37.7098,144.9163
3,u,482500.0,SP,13.0,3.0,1.0,1.0,265.0,,1995.0,-37.7083,144.9158
3,h,580000.0,S,13.0,3.0,1.0,2.0,650.0,142.0,1960.0,-37.7002,144.9408
2,t,434500.0,S,13.0,2.0,1.0,1.0,125.0,,1975.0,-37.7042,144.9211
2,u,620250.0,S,13.0,2.0,1.0,2.0,253.0,91.0,2012.0,-37.7117,144.9135
3,h,710000.0,S,13.0,3.0,1.0,1.0,796.0,104.0,1960.0,-37.6955,144.9253
4,h,630000.0,S,13.0,3.0,1.0,2.0,630.0,130.0,1960.0,-37.7002,144.9232
2,t,420000.0,SP,13.0,2.0,1.0,1.0,307.0,,,-37.7117,144.9348
3,h,600000.0,S,13.0,3.0,1.0,4.0,541.0,139.0,1968.0,-37.7051,144.9069
3,t,550000.0,SP,13.0,3.0,2.0,2.0,212.0,129.0,2010.0,-37.7073,144.9277
3,u,460000.0,S,13.0,3.0,2.0,1.0,190.0,,,-37.6997,144.9367
4,h,600000.0,SP,13.0,4.0,1.0,2.0,586.0,159.0,1968.0,-37.6975,144.9065
4,h,1217500.0,S,13.0,4.0,3.0,2.0,693.0,192.0,2014.0,-37.7111,144.9275
3,h,600000.0,SP,13.0,3.0,1.0,2.0,599.0,150.0,1960.0,-37.7009,144.9291
3,h,570000.0,PI,13.0,3.0,2.0,2.0,585.0,146.0,1975.0,-37.6977,144.9071
4,h,655000.0,SP,13.0,4.0,1.0,2.0,695.0,,,-37.6985,144.9441
3,h,500000.0,SP,13.0,3.0,1.0,4.0,677.0,,,-37.695,144.9271
3,h,762700.0,SP,13.0,3.0,1.0,4.0,597.0,100.0,1960.0,-37.7097,144.9351
2,u,465000.0,S,13.0,2.0,1.0,1.0,176.0,89.0,2012.0,-37.7081,144.912
2,h,741250.0,S,13.0,2.0,1.0,1.0,668.0,88.0,1955.0,-37.7067,144.9331
2,t,488500.0,S,13.0,2.0,2.0,1.0,190.0,2.0,,-37.7072,144.9241
4,h,787500.0,S,13.0,4.0,2.0,2.0,650.0,,,-37.7004,144.9411
2,u,442000.0,S,13.0,3.0,1.0,1.0,245.0,,,-37.7076,144.9097
4,h,1000000.0,PI,13.0,4.0,2.0,8.0,977.0,304.0,1935.0,-37.7063,144.9273
2,h,726335.0,S,13.0,2.0,1.0,2.0,590.0,,,-37.7072,144.938
4,h,630000.0,S,13.0,4.0,2.0,2.0,602.0,180.0,1950.0,-37.7005,144.9258
3,h,670000.0,S,13.0,3.0,1.0,3.0,705.0,135.0,1950.0,-37.6967,144.9116
2,h,417000.0,S,13.0,2.0,1.0,1.0,172.0,77.0,2013.0,-37.7074,144.9086
3,t,600000.0,VB,13.0,3.0,1.0,2.0,258.0,143.0,2001.0,-37.7047,144.9087
3,t,440000.0,SP,13.0,3.0,2.0,1.0,215.0,121.0,2010.0,-37.6952,144.9256
3,h,501000.0,SP,13.0,3.0,1.0,1.0,348.0,,,-37.7119,144.9111
3,h,660000.0,S,13.0,3.0,1.0,2.0,657.0,116.0,1950.0,-37.7019,144.9225
3,h,722000.0,S,13.0,3.0,1.0,3.0,781.0,,,-37.7048,144.9097
2,h,270000.0,PI,13.0,2.0,1.0,1.0,155.0,155.0,2000.0,-37.6972,144.9239
4,h,825000.0,S,13.0,4.0,2.0,4.0,768.0,194.0,1970.0,-37.6979,144.9377
4,h,638000.0,S,13.0,4.0,2.0,1.0,624.0,258.0,2005.0,-37.6969,144.9334
3,h,631000.0,S,13.6,3.0,2.0,2.0,608.0,138.0,2001.0,-37.709,144.8925
3,t,532000.0,S,13.6,3.0,2.0,1.0,149.0,19.0,2005.0,-37.7068,144.8963
3,h,500000.0,S,13.6,3.0,2.0,1.0,140.0,,,-37.7071,144.8959
3,h,504000.0,S,13.6,3.0,2.0,1.0,215.0,139.0,2004.0,-37.709,144.8964
3,t,468000.0,S,13.6,3.0,2.0,2.0,178.0,138.0,2000.0,-37.7087,144.8962
4,h,802500.0,S,13.6,4.0,2.0,2.0,0.0,264.0,2005.0,-37.705,144.9004
4,h,709000.0,PI,13.6,4.0,2.0,2.0,453.0,213.0,2007.0,-37.7016,144.8974
3,h,700000.0,SP,13.6,3.0,2.0,2.0,691.0,,,-37.7089,144.8927
3,h,485000.0,S,13.6,3.0,2.0,1.0,175.0,134.0,2004.0,-37.7076,144.8961
3,h,540000.0,VB,13.6,3.0,2.0,1.0,367.0,141.0,2008.0,-37.704,144.8989
3,h,390000.0,PI,13.6,3.0,2.0,1.0,158.0,136.0,2005.0,-37.7091,144.8958
4,h,800000.0,S,13.6,4.0,2.0,2.0,719.0,251.0,2000.0,-37.7062,144.8978
3,h,525000.0,PI,13.6,3.0,2.0,1.0,223.0,,,-37.704,144.8984
4,h,740000.0,SP,13.6,4.0,2.0,2.0,453.0,213.0,2007.0,-37.7016,144.8974
3,h,605000.0,PI,12.1,3.0,1.0,2.0,597.0,116.0,1960.0,-37.711,144.9478
3,h,685500.0,SP,12.1,3.0,1.0,2.0,724.0,103.0,1970.0,-37.7076,144.9481
2,h,610000.0,S,12.1,2.0,1.0,1.0,394.0,98.0,1950.0,-37.7153,144.9507
3,h,630000.0,S,12.1,3.0,1.0,1.0,604.0,112.0,1970.0,-37.7124,144.9514
4,h,870000.0,S,12.1,4.0,3.0,5.0,591.0,268.0,2010.0,-37.7127,144.9489
3,h,810000.0,S,12.1,3.0,2.0,2.0,592.0,129.0,1950.0,-37.7149,144.9473
3,h,840000.0,S,12.1,3.0,1.0,2.0,608.0,,,-37.7114,144.9378
5,h,585000.0,S,12.1,5.0,2.0,1.0,590.0,,,-37.711,144.9481
4,h,772500.0,S,12.1,3.0,2.0,2.0,595.0,,1983.0,-37.7116,144.9468
3,u,465000.0,SP,12.1,3.0,1.0,1.0,225.0,,2005.0,-37.7068,144.9467
3,h,719000.0,S,12.1,3.0,1.0,4.0,692.0,,1980.0,-37.7084,144.9412
2,u,487000.0,SP,12.1,2.0,1.0,2.0,198.0,96.0,2010.0,-37.7132,144.9488
4,h,700000.0,S,12.1,2.0,2.0,2.0,700.0,168.0,1950.0,-37.7056,144.9384
4,h,600500.0,S,12.1,4.0,2.0,1.0,462.0,161.0,1970.0,-37.7062,144.9387
3,h,730000.0,S,12.1,3.0,1.0,2.0,570.0,134.0,1970.0,-37.7106,144.9491
3,h,800000.0,S,12.1,3.0,2.0,2.0,565.0,116.0,1960.0,-37.7094,144.9377
4,h,918000.0,S,12.1,4.0,2.0,2.0,763.0,,,-37.7123,144.9426
3,t,750000.0,S,12.1,3.0,2.0,2.0,301.0,251.0,2011.0,-37.715,144.9475
3,h,740000.0,S,12.1,3.0,1.0,1.0,568.0,115.0,1960.0,-37.7077,144.9438
3,h,721000.0,S,12.1,3.0,1.0,3.0,539.0,,1960.0,-37.7098,144.9446
3,h,646000.0,S,12.1,3.0,1.0,2.0,574.0,106.0,1970.0,-37.7157,144.9507
3,h,545000.0,S,12.1,3.0,2.0,3.0,230.0,113.0,2000.0,-37.7073,144.9486
3,h,770000.0,S,12.1,3.0,1.0,2.0,700.0,,,-37.705,144.9469
4,h,777000.0,S,12.1,3.0,1.0,2.0,700.0,176.0,1960.0,-37.704,144.9399
2,h,722000.0,S,12.1,3.0,3.0,1.0,580.0,103.0,1950.0,-37.7098,144.9424
2,h,545000.0,SP,12.1,2.0,1.0,3.0,591.0,102.0,1960.0,-37.7128,144.9471
3,t,510000.0,PI,12.1,3.0,2.0,2.0,234.0,115.0,2012.0,-37.707,144.9411
2,h,542500.0,S,12.1,2.0,1.0,1.0,359.0,,1960.0,-37.7133,144.9436
3,h,631500.0,S,12.1,4.0,1.0,3.0,593.0,95.0,1965.0,-37.7133,144.947
4,h,750074.0,SP,12.1,4.0,2.0,1.0,302.0,,,-37.7149,144.9474
3,h,591000.0,S,12.1,3.0,1.0,1.0,557.0,,,-37.7079,144.9432
3,h,550000.0,SP,12.1,3.0,1.0,3.0,610.0,142.0,1960.0,-37.7107,144.9419
2,h,330000.0,VB,12.1,2.0,1.0,1.0,249.0,2.0,1970.0,-37.714,144.939
5,h,800000.0,VB,12.1,5.0,2.0,1.0,808.0,,,-37.7091,144.9491
3,h,725000.0,S,12.1,3.0,2.0,4.0,560.0,,,-37.7136,144.9374
4,h,815000.0,S,12.1,4.0,2.0,2.0,672.0,,1950.0,-37.7083,144.9495
2,h,715888.0,S,12.1,2.0,1.0,1.0,613.0,92.0,1960.0,-37.7099,144.938
4,h,650000.0,S,12.1,4.0,1.0,4.0,588.0,,,-37.7096,144.9404
2,t,468000.0,S,12.1,2.0,1.0,1.0,137.0,110.0,2012.0,-37.707,144.9413
3,h,1102000.0,S,12.1,3.0,1.0,2.0,1020.0,,,-37.709,144.9434
2,h,515000.0,S,12.1,2.0,1.0,2.0,345.0,79.0,1990.0,-37.7128,144.9496
3,h,716000.0,S,12.1,3.0,1.0,2.0,594.0,,,-37.709,144.9483
2,h,640000.0,SP,12.1,2.0,1.0,1.0,612.0,,,-37.7109,144.9389
2,h,460000.0,S,12.1,2.0,1.0,4.0,360.0,,,-37.7074,144.9407
2,u,895000.0,S,13.7,2.0,1.0,1.0,228.0,87.0,1975.0,-37.9355,145.0008
2,u,587000.0,S,13.7,2.0,1.0,1.0,0.0,74.0,1975.0,-37.9419,145.0019
4,h,2800000.0,S,13.7,3.0,3.0,2.0,701.0,320.0,2015.0,-37.9419,145.0152
2,u,720000.0,S,13.7,2.0,1.0,1.0,832.0,,,-37.9387,145.0063
4,h,3250000.0,S,13.7,4.0,3.0,2.0,928.0,300.0,1904.0,-37.9389,145.0062
4,h,2140000.0,S,13.7,4.0,2.0,3.0,688.0,187.0,1925.0,-37.9319,145.0173
4,h,1600000.0,VB,13.7,4.0,2.0,2.0,607.0,242.0,2011.0,-37.9324,145.0235
3,t,2200000.0,VB,13.7,3.0,2.0,3.0,1402.0,,,-37.9347,144.9963
3,h,1003500.0,S,13.7,3.0,1.0,2.0,289.0,109.0,1998.0,-37.9338,145.0226
2,u,802000.0,SP,13.7,2.0,1.0,1.0,0.0,85.0,1965.0,-37.939,145.0137
4,t,1500000.0,VB,13.7,4.0,1.0,1.0,692.0,,,-37.9386,145.0055
4,h,1686500.0,S,13.7,4.0,2.0,2.0,664.0,,,-37.9394,145.0099
5,h,1400000.0,VB,13.7,5.0,2.0,2.0,434.0,168.0,,-37.9361,145.0243
3,h,1560000.0,PI,13.7,3.0,1.0,3.0,593.0,125.0,1955.0,-37.9399,145.0204
2,u,680000.0,VB,13.7,2.0,1.0,2.0,0.0,78.0,,-37.939,145.0219
3,h,1715000.0,S,13.7,3.0,1.0,2.0,765.0,,,-37.9358,145.018
2,u,760000.0,S,13.7,2.0,1.0,1.0,90.0,86.0,1985.0,-37.9389,145.0186
2,u,616000.0,PI,13.7,2.0,1.0,1.0,0.0,104.0,2005.0,-37.9373,145.0027
4,h,1680000.0,S,13.7,4.0,1.0,1.0,723.0,90.0,1955.0,-37.9437,145.0175
5,h,2520000.0,S,13.7,5.0,4.0,2.0,661.0,,1960.0,-37.9438,145.0184
2,t,890000.0,S,13.7,1.0,2.0,2.0,181.0,,,-37.9433,145.019
3,h,1120000.0,S,13.7,4.0,2.0,3.0,373.0,113.0,1984.0,-37.9395,145.0088
4,h,3200000.0,VB,13.7,4.0,3.0,3.0,760.0,325.0,1920.0,-37.9326,144.9997
4,h,1250000.0,PI,13.7,4.0,3.0,2.0,398.0,220.0,2014.0,-37.9381,145.0161
4,h,2420000.0,S,13.7,3.0,3.0,2.0,560.0,,,-37.9333,144.9977
4,h,2000000.0,PI,13.7,4.0,3.0,4.0,615.0,248.0,1925.0,-37.9429,145.0072
4,h,2880000.0,S,13.7,4.0,3.0,2.0,687.0,,,-37.9312,144.9997
5,h,1805000.0,S,13.7,4.0,2.0,2.0,700.0,224.0,1950.0,-37.9419,145.0156
4,h,1460000.0,SP,13.7,4.0,2.0,2.0,487.0,,,-37.9356,145.0166
3,h,1403000.0,S,13.7,3.0,1.0,2.0,495.0,,,-37.9428,145.0092
3,h,1682000.0,S,13.7,3.0,1.0,1.0,767.0,,,-37.9365,145.02200000000005
4,h,1875000.0,PI,13.7,4.0,2.0,3.0,685.0,,,-37.9412,145.0021
4,h,2600000.0,S,13.7,3.0,1.0,2.0,1504.0,162.0,1900.0,-37.944,145.0015
2,u,685000.0,PI,13.7,2.0,1.0,2.0,0.0,,,-37.9339,145.0023
4,h,2400000.0,PI,13.7,4.0,2.0,2.0,663.0,,,-37.9323,145.0137
5,h,3470000.0,SP,13.7,5.0,3.0,4.0,670.0,413.0,2008.0,-37.9427,145.0085
2,h,1615000.0,SA,13.7,2.0,1.0,1.0,801.0,,1934.0,-37.9348,145.0162
4,h,1450000.0,S,13.7,4.0,2.0,3.0,450.0,,,-37.9341,145.02
2,u,786000.0,S,13.7,2.0,1.0,1.0,162.0,,1970.0,-37.9379,145.0061
2,u,742000.0,S,13.7,2.0,3.0,2.0,245.0,,,-37.9442,145.0016
3,h,1050000.0,S,13.7,3.0,2.0,2.0,357.0,120.0,1970.0,-37.9449,145.0144
2,h,1690000.0,S,13.7,2.0,1.0,1.0,319.0,,,-37.9409,145.0001
3,u,810000.0,S,13.7,3.0,1.0,1.0,195.0,115.0,1960.0,-37.9396,145.0156
3,h,1460000.0,S,13.7,3.0,2.0,2.0,413.0,137.0,1970.0,-37.933,144.9975
3,h,1620000.0,SP,13.7,3.0,1.0,2.0,783.0,,,-37.9359,145.017
3,h,1420000.0,S,13.7,3.0,2.0,2.0,277.0,,2012.0,-37.9393,145.0226
4,h,2400000.0,S,13.7,4.0,2.0,4.0,802.0,,1935.0,-37.9379,145.0067
5,h,3075000.0,S,13.7,3.0,2.0,2.0,830.0,204.0,1901.0,-37.9386,145.006
5,h,3201000.0,S,13.7,5.0,3.0,2.0,760.0,,1935.0,-37.9416,145.0107
2,u,875500.0,S,13.7,2.0,2.0,1.0,225.0,118.0,1970.0,-37.9442,145.0018
3,t,1400000.0,S,13.7,3.0,2.0,1.0,211.0,,2000.0,-37.9427,145.0084
3,u,1457500.0,S,13.7,3.0,2.0,2.0,0.0,,,-37.9371,145.0035
5,h,2600000.0,PI,13.7,5.0,4.0,2.0,1000.0,324.0,1950.0,-37.9332,145.0226
2,h,1465000.0,S,13.7,2.0,1.0,2.0,581.0,,,-37.9323,145.0225
5,h,1705000.0,PI,13.7,5.0,2.0,2.0,648.0,364.0,1950.0,-37.946,145.0181
3,h,1610000.0,S,13.7,3.0,1.0,2.0,569.0,,,-37.9419,145.01
2,u,750000.0,PI,13.7,2.0,1.0,2.0,153.0,,1970.0,-37.9429,145.0049
3,h,1320000.0,S,13.7,3.0,2.0,2.0,320.0,,,-37.9364,145.02100000000004
2,u,896000.0,S,13.7,2.0,2.0,2.0,677.0,,,-37.9448,145.0186
3,h,1450000.0,S,13.7,3.0,2.0,2.0,413.0,,,-37.9352,145.0009
2,u,898000.0,S,13.7,2.0,1.0,1.0,266.0,,1970.0,-37.9344,145.004
4,h,1515000.0,S,13.7,4.0,2.0,0.0,611.0,613.0,1950.0,-37.9446,145.0201
5,h,2980000.0,S,13.7,5.0,3.0,2.0,694.0,323.0,2011.0,-37.9372,145.0101
4,h,2200000.0,PI,13.7,4.0,3.0,4.0,583.0,305.0,2000.0,-37.9336,144.9999
1,u,500000.0,SP,13.7,1.0,1.0,1.0,0.0,,,-37.9414,145.0016
3,t,1100000.0,S,13.7,3.0,2.0,1.0,355.0,140.0,1987.0,-37.9391,145.012
2,u,800000.0,SP,13.7,2.0,1.0,2.0,282.0,,,-37.9444,145.0231
4,h,3325000.0,S,13.7,4.0,3.0,2.0,627.0,303.0,1997.0,-37.9449,145.0068
2,u,691000.0,S,13.7,2.0,1.0,1.0,0.0,,,-37.9392,145.0186
2,u,450000.0,PI,13.7,2.0,2.0,1.0,0.0,70.0,2007.0,-37.9462,145.0212
2,u,738000.0,S,13.7,2.0,1.0,2.0,3414.0,,,-37.9395,145.0001
3,t,1140000.0,S,13.7,3.0,2.0,2.0,224.0,,1999.0,-37.9336,144.997
2,u,500000.0,PI,13.7,2.0,1.0,1.0,0.0,61.0,1970.0,-37.9436,145.0027
4,h,1460000.0,S,13.7,4.0,3.0,2.0,562.0,228.0,1950.0,-37.9369,145.0163
4,h,2800000.0,VB,13.7,4.0,3.0,2.0,1093.0,,,-37.9345,145.0
3,t,820000.0,VB,13.7,3.0,2.0,2.0,0.0,,,-37.9368,145.0242
2,t,915500.0,S,13.7,2.0,2.0,1.0,0.0,148.0,,-37.9431,145.0118
4,h,1740000.0,S,13.7,4.0,3.0,2.0,414.0,209.0,1950.0,-37.9401,145.0083
1,h,2450000.0,S,13.7,1.0,2.0,0.0,994.0,,,-37.94,145.0151
4,h,1800000.0,S,13.7,4.0,2.0,1.0,667.0,184.0,1935.0,-37.9315,145.0109
4,h,2160000.0,S,13.7,4.0,2.0,1.0,577.0,231.0,1940.0,-37.9382,144.9997
3,h,1800000.0,S,13.7,2.0,2.0,2.0,920.0,,,-37.9452,145.0113
3,h,2439500.0,S,13.7,3.0,2.0,2.0,662.0,,1880.0,-37.9384,145.0002
4,h,2250000.0,S,13.7,5.0,2.0,2.0,647.0,260.0,1925.0,-37.9407,145.0104
4,h,2130000.0,S,13.7,4.0,2.0,2.0,714.0,188.0,1925.0,-37.9446,145.0092
2,u,400000.0,S,14.5,2.0,1.0,1.0,0.0,75.0,1960.0,-37.9367,145.0322
3,h,952000.0,S,14.5,3.0,2.0,2.0,246.0,,,-37.9356,145.0268
3,h,1255000.0,S,14.5,3.0,2.0,2.0,614.0,,,-37.9346,145.0302
3,t,1020000.0,S,14.5,2.0,2.0,2.0,221.0,171.0,,-37.9355,145.0257
3,h,926000.0,S,14.5,2.0,2.0,2.0,393.0,140.0,1950.0,-37.9431,145.0267
3,h,1070000.0,S,14.5,3.0,1.0,3.0,583.0,106.0,1970.0,-37.9428,145.0296
2,u,801000.0,S,14.5,2.0,1.0,1.0,217.0,107.0,1994.0,-37.9432,145.0348
3,t,1150000.0,S,14.5,3.0,2.0,1.0,0.0,3.0,2005.0,-37.9355,145.0276
2,u,472000.0,S,14.5,2.0,1.0,1.0,215.0,68.0,2007.0,-37.933,145.0322
3,h,1471000.0,S,14.5,3.0,2.0,2.0,732.0,,,-37.9362,145.0339
2,h,830000.0,PI,14.5,2.0,1.0,2.0,658.0,,,-37.9426,145.03
3,h,1195000.0,S,14.5,3.0,1.0,2.0,601.0,,,-37.9386,145.0317
3,h,1300000.0,S,14.5,3.0,2.0,2.0,586.0,150.0,1950.0,-37.9431,145.0274
4,h,1416000.0,S,14.5,4.0,2.0,2.0,575.0,,,-37.9343,145.0303
4,h,1200000.0,S,14.5,4.0,2.0,2.0,0.0,154.0,2002.0,-37.9405,145.0346
3,u,865000.0,S,14.5,3.0,2.0,2.0,317.0,,,-37.9431,145.0347
4,h,1650000.0,PI,4.6,4.0,2.0,2.0,317.0,210.0,2005.0,-37.8344,145.0422
3,h,5100000.0,S,4.6,3.0,2.0,3.0,1038.0,,,-37.8332,145.0366
4,h,2670000.0,S,4.6,4.0,2.0,1.0,336.0,235.0,1905.0,-37.8183,145.0371
3,h,1480000.0,S,4.6,3.0,1.0,0.0,228.0,116.0,,-37.8157,145.0263
1,u,348000.0,S,4.6,1.0,1.0,1.0,0.0,53.0,1950.0,-37.8303,145.0341
1,u,320000.0,VB,4.6,1.0,1.0,0.0,0.0,,,-37.8235,145.0258
3,u,1189000.0,S,4.6,3.0,1.0,1.0,181.0,122.0,1969.0,-37.8243,145.0328
2,u,610000.0,PI,4.6,2.0,2.0,1.0,85.0,82.0,2014.0,-37.8154,145.0369
2,u,575000.0,S,4.6,2.0,1.0,1.0,0.0,,,-37.8263,145.0257
2,u,600000.0,S,4.6,2.0,1.0,1.0,0.0,,,-37.816,145.0272
1,u,492000.0,S,4.6,1.0,1.0,1.0,0.0,63.0,1995.0,-37.8299,145.0422
2,u,891000.0,S,4.6,3.0,1.0,1.0,1585.0,,1970.0,-37.8186,145.017
2,u,806000.0,S,4.6,2.0,1.0,1.0,0.0,64.0,1930.0,-37.8249,145.0342
2,h,1155000.0,S,4.6,2.0,1.0,2.0,235.0,,,-37.8153,145.0231
3,h,2000000.0,S,4.6,3.0,2.0,1.0,460.0,176.0,1940.0,-37.8155,145.019
2,u,500000.0,VB,4.6,2.0,1.0,1.0,0.0,,2007.0,-37.8287,145.035
2,u,753000.0,S,4.6,2.0,1.0,2.0,0.0,88.0,1960.0,-37.8186,145.017
1,u,330000.0,PI,4.6,1.0,1.0,1.0,0.0,52.0,1970.0,-37.8177,145.0424
3,h,1420000.0,S,4.6,3.0,1.0,0.0,218.0,108.0,1890.0,-37.8214,145.0437
3,u,956000.0,S,4.6,3.0,2.0,2.0,189.0,,,-37.8258,145.0446
2,u,418000.0,S,4.6,2.0,1.0,0.0,1056.0,,,-37.8261,145.0349
2,u,495000.0,S,4.6,2.0,1.0,1.0,0.0,60.0,2014.0,-37.8216,145.0343
2,u,525000.0,S,4.6,2.0,1.0,1.0,0.0,,,-37.8265,145.0257
1,u,292000.0,S,4.6,1.0,1.0,0.0,0.0,56.0,1966.0,-37.8294,145.0382
2,u,430000.0,S,4.6,2.0,1.0,1.0,1997.0,,,-37.8248,145.0282
1,u,365000.0,PI,4.6,1.0,1.0,1.0,0.0,,1975.0,-37.8272,145.0444
2,u,580000.0,S,4.6,2.0,1.0,1.0,1089.0,76.0,2003.0,-37.8143,145.0322
3,h,1300000.0,S,4.6,3.0,2.0,1.0,341.0,155.0,1938.0,-37.8236,145.0425
3,h,1300000.0,S,4.6,3.0,1.0,0.0,232.0,90.0,1900.0,-37.8173,145.0252
2,u,575000.0,S,4.6,2.0,2.0,1.0,0.0,,,-37.8213,145.0291
1,u,335000.0,VB,4.6,1.0,1.0,1.0,3132.0,,,-37.8276,145.0342
2,u,440000.0,SP,4.6,2.0,1.0,1.0,0.0,52.0,1970.0,-37.8192,145.0385
3,u,1000000.0,PI,4.6,3.0,3.0,2.0,0.0,145.0,1999.0,-37.8144,145.0153
4,h,2610000.0,S,4.6,4.0,2.0,7.0,0.0,,,-37.8187,145.0272
3,h,1741000.0,S,4.6,3.0,1.0,1.0,383.0,109.0,1910.0,-37.8155,145.0385
3,h,2325000.0,S,4.6,3.0,2.0,1.0,373.0,,,-37.8281,145.0391
2,u,545000.0,S,4.6,2.0,1.0,1.0,0.0,,2004.0,-37.8258,145.0446
2,u,655000.0,S,4.6,2.0,1.0,1.0,0.0,78.0,1960.0,-37.8343,145.0364
2,h,2920000.0,S,4.6,2.0,1.0,3.0,791.0,,1928.0,-37.8251,145.0385
1,u,488000.0,S,4.6,1.0,1.0,1.0,0.0,57.0,2004.0,-37.8272,145.0343
3,h,1510000.0,S,4.6,3.0,2.0,2.0,264.0,,1970.0,-37.8163,145.0301
1,u,450000.0,S,4.6,1.0,1.0,1.0,0.0,,,-37.8237,145.0242
3,h,2065000.0,S,4.6,3.0,1.0,1.0,351.0,150.0,1910.0,-37.8165,145.02100000000004
1,u,350000.0,VB,4.6,1.0,1.0,1.0,0.0,51.0,1960.0,-37.8208,145.0456
2,u,645000.0,S,4.6,2.0,1.0,1.0,0.0,,,-37.8314,145.0353
3,t,1400000.0,S,4.6,3.0,2.0,2.0,299.0,,1960.0,-37.8299,145.0387
3,h,1712000.0,S,4.6,3.0,1.0,1.0,342.0,130.0,1900.0,-37.814,145.0212
2,u,520000.0,PI,4.6,2.0,1.0,1.0,0.0,,,-37.8185,145.0235
1,u,480000.0,VB,4.6,1.0,1.0,1.0,0.0,50.0,1940.0,-37.8128,145.0171
2,u,630000.0,S,4.6,2.0,1.0,1.0,71.0,,,-37.8268,145.0267
4,h,3225000.0,S,4.6,4.0,2.0,2.0,665.0,220.0,1890.0,-37.814,145.0175
2,u,517000.0,S,4.6,2.0,1.0,1.0,0.0,,,-37.8261,145.0254
1,u,320000.0,VB,4.6,1.0,1.0,1.0,0.0,,,-37.827,145.0444
2,h,1828500.0,S,4.6,2.0,1.0,0.0,243.0,,1885.0,-37.8202,145.0409
1,u,400000.0,PI,4.6,1.0,1.0,1.0,0.0,41.0,1950.0,-37.8155,145.0161
4,u,1650000.0,VB,4.6,4.0,2.0,3.0,207.0,180.0,2002.0,-37.8271,145.0243
5,h,3950000.0,S,4.6,4.0,2.0,3.0,1236.0,340.0,1890.0,-37.8257,145.0321
2,u,587500.0,S,4.6,2.0,1.0,1.0,1099.0,72.0,1965.0,-37.8271,145.0347
2,u,560000.0,S,4.6,2.0,1.0,1.0,0.0,70.0,2013.0,-37.8268,145.0344
4,h,1936000.0,S,4.6,4.0,2.0,1.0,218.0,173.0,1890.0,-37.8142,145.0252
5,h,4250000.0,PI,4.6,5.0,4.0,3.0,1275.0,435.0,1930.0,-37.8291,145.0308
5,h,3500000.0,VB,4.6,5.0,1.0,3.0,740.0,5.0,,-37.8298,145.0355
2,u,487500.0,S,4.6,2.0,1.0,1.0,0.0,,,-37.814,145.02100000000004
3,u,630000.0,S,4.6,3.0,1.0,1.0,0.0,75.0,1970.0,-37.8153,145.02100000000004
3,h,1560000.0,PI,4.6,3.0,2.0,0.0,198.0,148.0,1910.0,-37.8169,145.0234
2,h,2265000.0,S,4.6,2.0,1.0,1.0,460.0,,,-37.8173,145.0248
3,u,840000.0,VB,4.6,3.0,2.0,2.0,0.0,88.0,2014.0,-37.8268,145.0344
3,h,1780000.0,SP,4.6,3.0,3.0,2.0,88.0,178.0,2011.0,-37.824,145.0427
2,u,605000.0,S,4.6,2.0,1.0,1.0,0.0,,,-37.8268,145.0257
2,u,535000.0,S,4.6,2.0,1.0,1.0,1228.0,,1970.0,-37.8185,145.0236
2,u,815000.0,PI,4.6,2.0,1.0,1.0,0.0,93.0,1940.0,-37.8184,145.0163
3,u,1975000.0,VB,4.6,3.0,2.0,1.0,0.0,196.0,2010.0,-37.8235,145.029
2,u,445000.0,PI,4.6,2.0,1.0,1.0,0.0,,1960.0,-37.8249,145.026
2,u,663000.0,S,4.6,2.0,1.0,1.0,0.0,,,-37.8166,145.0163
2,u,657500.0,S,4.6,2.0,1.0,1.0,728.0,73.0,1965.0,-37.8177,145.0424
4,h,5050000.0,VB,4.6,4.0,4.0,2.0,905.0,373.0,1913.0,-37.8168,145.0321
1,u,445000.0,S,4.6,1.0,1.0,1.0,0.0,52.0,1970.0,-37.8261,145.0269
2,u,750000.0,VB,4.6,2.0,1.0,1.0,747.0,,2007.0,-37.8287,145.035
3,h,1180000.0,S,4.6,3.0,1.0,3.0,218.0,92.0,1900.0,-37.8176,145.0204
2,u,470000.0,VB,4.6,2.0,1.0,1.0,0.0,70.0,1970.0,-37.813,145.0207
2,u,485000.0,VB,4.6,2.0,1.0,1.0,0.0,76.0,2005.0,-37.8226,145.0368
1,u,290000.0,S,4.6,1.0,1.0,1.0,1568.0,,,-37.8308,145.034
4,h,1800000.0,SP,4.6,3.0,2.0,4.0,601.0,158.0,1940.0,-37.839,145.0418
2,u,805000.0,S,4.6,2.0,1.0,1.0,0.0,,1970.0,-37.8235,145.0294
3,h,1855000.0,S,4.6,3.0,1.0,1.0,304.0,125.0,1900.0,-37.8253,145.0287
3,h,1377000.0,S,4.6,3.0,1.0,2.0,314.0,,1890.0,-37.8202,145.0404
2,u,665000.0,S,4.6,2.0,1.0,3.0,0.0,70.0,1965.0,-37.8183,145.0194
2,u,751000.0,S,4.6,2.0,1.0,1.0,711.0,,,-37.8144,145.0328
3,h,1551000.0,S,4.6,3.0,1.0,1.0,199.0,103.0,1890.0,-37.8172,145.0243
1,u,415000.0,S,4.6,1.0,1.0,1.0,0.0,,,-37.8192,145.0221
2,u,743000.0,S,4.6,2.0,1.0,2.0,0.0,,,-37.8249,145.0405
2,h,1535000.0,S,4.6,2.0,1.0,0.0,243.0,,,-37.8198,145.0245
2,u,612500.0,S,4.6,2.0,1.0,1.0,859.0,71.0,1960.0,-37.8183,145.0423
3,h,2410000.0,S,4.6,3.0,2.0,0.0,249.0,171.0,1890.0,-37.8169,145.02100000000004
2,u,690000.0,S,4.6,2.0,1.0,1.0,82.0,,,-37.81800000000001,145.0268
2,u,695000.0,S,4.6,2.0,1.0,1.0,3194.0,,,-37.8305,145.0341
2,u,715000.0,S,4.6,2.0,1.0,1.0,0.0,82.0,2001.0,-37.8142,145.0308
3,h,2375000.0,VB,4.6,3.0,2.0,2.0,472.0,,,-37.8171,145.0252
3,h,1980000.0,S,4.6,3.0,2.0,1.0,151.0,,,-37.8219,145.0241
2,t,1055000.0,S,4.6,2.0,2.0,1.0,191.0,151.0,1975.0,-37.813,145.0167
4,h,1976000.0,S,4.6,4.0,2.0,2.0,410.0,275.0,1890.0,-37.8246,145.026
1,u,382000.0,SP,4.6,1.0,1.0,1.0,0.0,,,-37.8339,145.0335
1,u,499000.0,S,4.6,1.0,1.0,1.0,0.0,56.0,1960.0,-37.8158,145.0342
2,u,495000.0,S,4.6,2.0,1.0,1.0,0.0,85.0,1970.0,-37.8157,145.0273
5,h,3750000.0,PI,4.6,5.0,3.0,2.0,827.0,344.0,1920.0,-37.8144,145.0279
3,h,1400000.0,PI,4.6,3.0,2.0,1.0,164.0,126.0,1890.0,-37.8159,145.0219
1,u,370000.0,PI,4.6,1.0,1.0,1.0,0.0,44.0,2014.0,-37.8222,145.0329
2,u,627500.0,S,4.6,2.0,2.0,2.0,0.0,89.0,2000.0,-37.8213,145.0224
2,u,710000.0,S,4.6,2.0,2.0,1.0,0.0,,,-37.8264,145.02700000000004
1,u,485000.0,S,4.6,2.0,1.0,1.0,0.0,,,-37.8264,145.02700000000004
1,u,310000.0,VB,4.6,1.0,1.0,1.0,0.0,,,-37.8216,145.0343
3,h,3120000.0,S,4.6,2.0,1.0,4.0,677.0,,,-37.8224,145.0243
2,u,450000.0,VB,4.6,2.0,1.0,1.0,0.0,,1970.0,-37.8186,145.0423
3,h,2160000.0,S,4.6,3.0,2.0,2.0,387.0,,1910.0,-37.82,145.0421
2,h,815000.0,SP,10.5,2.0,1.0,2.0,589.0,120.0,1930.0,-37.7501,145.0505
3,h,720000.0,S,10.5,3.0,1.0,0.0,505.0,,,-37.7375,145.0555
4,h,1370000.0,S,10.5,4.0,2.0,4.0,481.0,,,-37.746,145.0511
2,h,757000.0,S,10.5,2.0,2.0,2.0,275.0,,,-37.7494,145.0538
3,h,740600.0,S,10.5,3.0,2.0,2.0,337.0,,,-37.7375,145.0586
3,h,580000.0,VB,10.5,2.0,1.0,1.0,577.0,,,-37.7428,145.0532
2,t,565000.0,S,10.5,2.0,2.0,1.0,201.0,107.0,2007.0,-37.7426,145.0556
5,h,1587500.0,S,10.5,4.0,5.0,2.0,599.0,,2013.0,-37.7521,145.0505
4,h,758500.0,S,10.5,2.0,2.0,3.0,510.0,,,-37.7427,145.0547
3,h,994000.0,S,10.5,3.0,2.0,2.0,807.0,192.0,1950.0,-37.7453,145.0559
3,h,725000.0,SP,10.5,3.0,2.0,1.0,665.0,,,-37.7505,145.0477
2,h,725000.0,S,10.5,2.0,1.0,3.0,577.0,,1955.0,-37.7368,145.0524
3,h,743000.0,S,10.5,3.0,1.0,0.0,673.0,,1950.0,-37.7428,145.0494
3,h,785000.0,S,10.5,3.0,1.0,0.0,592.0,130.0,1950.0,-37.7477,145.0481
3,t,620000.0,VB,10.5,3.0,2.0,2.0,215.0,118.0,2005.0,-37.7424,145.0519
2,h,700000.0,VB,10.5,3.0,2.0,1.0,608.0,,,-37.7376,145.0488
3,t,706750.0,S,10.5,3.0,2.0,2.0,250.0,125.0,2012.0,-37.7449,145.0523
2,h,584000.0,S,10.5,2.0,1.0,1.0,428.0,84.0,1950.0,-37.7418,145.0513
3,h,909000.0,S,10.5,3.0,2.0,2.0,585.0,134.0,1960.0,-37.7358,145.0546
4,h,1086000.0,S,10.5,4.0,2.0,2.0,724.0,161.0,1960.0,-37.7404,145.0582
2,h,680000.0,S,10.5,2.0,1.0,1.0,605.0,78.0,1950.0,-37.7365,145.0545
2,u,440000.0,VB,10.5,2.0,1.0,2.0,281.0,,1970.0,-37.7429,145.0519
2,h,650000.0,S,10.5,2.0,1.0,3.0,620.0,85.0,1950.0,-37.7377,145.0541
5,h,890000.0,S,10.5,5.0,2.0,2.0,596.0,172.0,1972.0,-37.7487,145.0522
3,h,650000.0,S,10.5,3.0,1.0,2.0,582.0,90.0,1955.0,-37.7422,145.05
3,h,659500.0,SP,10.5,3.0,1.0,1.0,608.0,,,-37.7361,145.0551
3,h,725000.0,S,10.5,3.0,1.0,2.0,580.0,,,-37.738,145.0563
2,u,605000.0,S,10.5,2.0,1.0,1.0,166.0,87.0,2008.0,-37.7416,145.0567
8,h,770000.0,VB,10.5,8.0,4.0,4.0,638.0,115.0,1960.0,-37.7426,145.048
3,h,950000.0,S,10.5,3.0,1.0,2.0,800.0,118.0,1960.0,-37.7406,145.0483
4,h,856000.0,S,10.5,4.0,1.0,2.0,722.0,208.0,1975.0,-37.7477,145.0565
3,h,600000.0,VB,10.5,3.0,2.0,2.0,251.0,200.0,2012.0,-37.7358,145.0559
2,u,450000.0,SP,10.5,2.0,1.0,1.0,0.0,82.0,,-37.7359,145.0563
2,h,1060000.0,S,10.5,2.0,1.0,0.0,837.0,,,-37.7389,145.053
3,h,850000.0,S,10.5,3.0,1.0,1.0,590.0,,,-37.7483,145.0479
2,h,510000.0,SP,10.5,2.0,1.0,2.0,244.0,,,-37.7421,145.0491
3,h,1100000.0,SP,10.5,3.0,1.0,0.0,613.0,,1925.0,-37.7532,145.0554
3,h,915000.0,S,10.5,3.0,1.0,1.0,748.0,101.0,1950.0,-37.7416,145.0481
2,u,400000.0,PI,10.5,2.0,1.0,1.0,127.0,83.0,1970.0,-37.747,145.0575
2,h,526000.0,S,10.5,2.0,1.0,1.0,310.0,,1994.0,-37.7389,145.0486
2,h,570000.0,S,10.5,2.0,1.0,3.0,428.0,,,-37.7355,145.0573
3,h,550000.0,VB,10.5,3.0,1.0,1.0,420.0,90.0,1960.0,-37.7363,145.0506
2,h,510000.0,SP,10.5,2.0,1.0,1.0,174.0,,,-37.7433,145.0545
2,h,590000.0,S,10.5,2.0,1.0,2.0,586.0,80.0,1955.0,-37.7435,145.0486
2,h,920000.0,S,10.5,2.0,1.0,3.0,932.0,97.0,1950.0,-37.7333,145.0588
2,h,460000.0,VB,10.5,2.0,1.0,2.0,508.0,79.0,1955.0,-37.7428,145.0557
3,h,662500.0,S,10.5,3.0,1.0,4.0,552.0,,,-37.7379,145.0514
4,h,1000500.0,S,10.5,4.0,2.0,1.0,592.0,191.0,1950.0,-37.7478,145.0477
3,h,631000.0,S,10.5,3.0,1.0,1.0,596.0,99.0,1960.0,-37.7432,145.0479
5,h,765000.0,S,9.4,3.0,2.0,2.0,415.0,,,-37.7354,145.0381
3,h,691000.0,S,9.4,2.0,1.0,2.0,624.0,86.0,1965.0,-37.7456,145.0397
3,h,560000.0,SP,9.4,3.0,1.0,1.0,523.0,87.0,1960.0,-37.7369,145.0376
2,h,735000.0,SP,9.4,2.0,1.0,3.0,602.0,,,-37.7455,145.0452
3,h,830000.0,S,9.4,3.0,2.0,0.0,643.0,,,-37.737,145.0364
3,h,330000.0,S,9.4,3.0,1.0,1.0,468.0,,,-37.7357,145.0413
1,h,405000.0,S,9.4,1.0,1.0,2.0,374.0,,,-37.7359,145.03799999999995
2,t,370000.0,VB,9.4,2.0,1.0,1.0,100.0,90.0,2013.0,-37.7383,145.036
3,h,532000.0,S,9.4,3.0,1.0,1.0,390.0,86.0,1955.0,-37.7369,145.0422
3,h,740000.0,S,9.4,3.0,2.0,1.0,627.0,,1960.0,-37.747,145.0402
2,h,686000.0,S,9.4,2.0,1.0,2.0,650.0,,,-37.7446,145.0404
2,h,501500.0,S,9.4,2.0,1.0,2.0,538.0,,,-37.7405,145.0365
3,h,525500.0,S,9.4,3.0,1.0,1.0,605.0,,,-37.7344,145.0404
3,h,525000.0,S,9.4,3.0,1.0,2.0,192.0,,1970.0,-37.7409,145.0398
3,h,710000.0,S,9.4,3.0,1.0,1.0,594.0,107.0,,-37.7385,145.0409
3,h,808000.0,S,9.4,3.0,1.0,0.0,649.0,,,-37.7386,145.0441
3,h,652000.0,S,9.4,3.0,1.0,0.0,589.0,,,-37.7356,145.0448
2,h,515500.0,S,9.4,2.0,1.0,1.0,331.0,111.0,1960.0,-37.7441,145.0379
3,h,800000.0,S,9.4,3.0,1.0,3.0,633.0,88.0,1950.0,-37.746,145.0422
2,h,450000.0,S,9.4,2.0,1.0,2.0,418.0,,1960.0,-37.7392,145.0425
3,h,605000.0,PI,9.4,1.0,2.0,4.0,0.0,,,-37.7391,145.0427
2,h,620000.0,PI,9.4,2.0,1.0,2.0,668.0,88.0,1950.0,-37.7389,145.0393
2,h,497500.0,SP,9.4,2.0,1.0,2.0,708.0,,,-37.7443,145.0454
2,u,360000.0,SP,9.4,2.0,1.0,1.0,89.0,85.0,1970.0,-37.7444,145.047
2,h,440500.0,S,9.4,2.0,1.0,1.0,368.0,81.0,1955.0,-37.7341,145.0434
4,h,758000.0,S,9.4,4.0,1.0,1.0,632.0,152.0,1955.0,-37.7466,145.0428
3,h,690500.0,S,9.4,3.0,1.0,2.0,605.0,,,-37.7386,145.0447
2,h,752000.0,S,9.4,2.0,1.0,0.0,627.0,,,-37.7469,145.0399
2,h,777000.0,S,9.4,2.0,1.0,0.0,649.0,,,-37.7443,145.0452
2,h,680000.0,PI,9.4,2.0,1.0,1.0,591.0,,,-37.7385,145.0387
3,h,480000.0,PI,9.4,3.0,1.0,1.0,338.0,13.0,1980.0,-37.739,145.0481
4,h,715000.0,S,9.4,4.0,2.0,2.0,521.0,196.0,1990.0,-37.738,145.0374
2,h,520000.0,VB,9.4,2.0,1.0,2.0,594.0,,,-37.7471,145.0427
3,h,646250.0,S,9.4,3.0,1.0,2.0,616.0,18.0,1965.0,-37.747,145.0389
3,h,1375000.0,PI,9.4,3.0,1.0,1.0,368.0,106.0,1960.0,-37.7344,145.04399999999995
3,h,722000.0,S,9.4,3.0,1.0,2.0,593.0,99.0,1950.0,-37.7386,145.0387
2,h,715000.0,S,9.4,2.0,1.0,3.0,609.0,,,-37.7415,145.0391
1,h,636000.0,S,9.4,1.0,1.0,1.0,588.0,,,-37.7454,145.0397
2,h,590000.0,S,9.4,2.0,1.0,2.0,586.0,,,-37.7418,145.0464
4,h,820000.0,S,9.4,4.0,2.0,2.0,608.0,,,-37.7437,145.0402
2,h,725000.0,S,9.4,2.0,1.0,3.0,632.0,77.0,1960.0,-37.7443,145.0462
2,h,705000.0,S,9.4,2.0,1.0,1.0,583.0,,,-37.7352,145.0449
3,h,710000.0,S,9.4,3.0,2.0,4.0,1.0,,,-37.7411,145.0394
2,h,415000.0,SP,9.4,2.0,1.0,1.0,422.0,,,-37.7343,145.04399999999995
3,h,392000.0,S,9.4,3.0,1.0,2.0,372.0,,,-37.7383,145.0414
3,h,961000.0,S,9.4,3.0,1.0,2.0,1179.0,,,-37.7411,145.0468
3,h,507000.0,PI,9.4,3.0,1.0,1.0,536.0,,,-37.7403,145.0365
3,h,465000.0,S,9.4,2.0,1.0,1.0,413.0,85.0,1960.0,-37.7399,145.0369
3,h,675000.0,SP,9.4,3.0,1.0,2.0,665.0,,,-37.739,145.0451
2,h,1550000.0,S,13.0,2.0,1.0,1.0,732.0,97.0,1950.0,-37.8931,145.0791
2,u,516000.0,S,13.0,2.0,1.0,1.0,0.0,76.0,1970.0,-37.8967,145.0858
3,h,1340000.0,S,13.0,3.0,1.0,1.0,705.0,128.0,1920.0,-37.8994,145.0816
3,u,855000.0,S,13.0,3.0,1.0,2.0,0.0,,,-37.8909,145.0807
3,h,1316000.0,S,13.0,2.0,1.0,2.0,715.0,126.0,1949.0,-37.9072,145.0762
3,t,828000.0,S,13.0,3.0,2.0,1.0,206.0,118.0,2002.0,-37.8966,145.0863
3,h,1055000.0,S,13.0,3.0,1.0,1.0,562.0,97.0,1930.0,-37.9022,145.0811
2,u,623000.0,S,13.0,2.0,1.0,1.0,101.0,90.0,1970.0,-37.8988,145.0781
4,h,2120000.0,S,13.0,4.0,2.0,2.0,847.0,315.0,1925.0,-37.8927,145.0781
4,h,1745000.0,S,13.0,4.0,2.0,1.0,547.0,185.0,1925.0,-37.9002,145.0768
4,h,1700000.0,S,13.0,4.0,2.0,2.0,545.0,180.0,1940.0,-37.9002,145.0773
2,u,420000.0,VB,13.0,2.0,1.0,1.0,0.0,70.0,2010.0,-37.9008,145.0859
2,u,375500.0,S,13.0,2.0,1.0,1.0,0.0,,1970.0,-37.8934,145.0853
3,h,1350000.0,S,13.0,3.0,1.0,2.0,698.0,,,-37.8982,145.0806
4,h,900000.0,S,13.0,1.0,1.0,1.0,369.0,,,-37.9054,145.0857
2,h,1262000.0,S,13.0,2.0,1.0,1.0,546.0,,,-37.9003,145.0777
4,h,1337000.0,S,13.0,4.0,1.0,2.0,696.0,100.0,1930.0,-37.8991,145.0804
2,u,455000.0,S,13.0,2.0,1.0,2.0,0.0,60.0,1960.0,-37.8942,145.0867
2,u,400000.0,PI,13.0,2.0,1.0,1.0,100.0,88.0,1975.0,-37.8945,145.0876
2,u,648000.0,S,13.0,2.0,1.0,1.0,0.0,,,-37.9014,145.0824
3,h,1210000.0,S,13.0,3.0,1.0,2.0,730.0,122.0,1940.0,-37.9034,145.0796
4,h,1167500.0,S,13.0,3.0,2.0,1.0,678.0,184.0,1950.0,-37.898,145.0815
3,t,900000.0,S,13.0,3.0,2.0,1.0,360.0,154.0,1975.0,-37.8937,145.0779
4,h,1322000.0,S,13.0,3.0,2.0,4.0,738.0,,,-37.8996,145.076
2,h,677500.0,PI,13.0,2.0,1.0,4.0,575.0,83.0,1950.0,-37.9084,145.0775
2,u,480000.0,VB,7.9,2.0,1.0,1.0,0.0,,,-37.77,145.0472
2,u,430000.0,VB,7.9,2.0,1.0,1.0,0.0,,1970.0,-37.7662,145.0516
1,u,460000.0,SP,7.9,1.0,1.0,0.0,75.0,,1970.0,-37.7759,145.043
4,h,1601000.0,S,7.9,4.0,3.0,2.0,610.0,,,-37.7662,145.04
4,h,2265000.0,S,7.9,4.0,2.0,2.0,925.0,208.0,1925.0,-37.7652,145.041
3,h,1680000.0,VB,7.9,3.0,2.0,2.0,665.0,,,-37.7714,145.0455
2,u,440000.0,SP,7.9,2.0,1.0,0.0,0.0,,1960.0,-37.7711,145.047
4,h,2350000.0,S,7.9,4.0,2.0,2.0,638.0,,,-37.7641,145.0501
3,t,962000.0,S,7.9,3.0,2.0,1.0,108.0,,,-37.7668,145.0434
3,h,981000.0,S,7.9,5.0,3.0,2.0,626.0,378.0,2016.0,-37.76,145.0326
4,h,2400000.0,S,7.9,0.0,2.0,2.0,1252.0,201.0,1920.0,-37.7727,145.0484
3,t,890000.0,S,7.9,3.0,2.0,2.0,249.0,140.0,2005.0,-37.766,145.0345
2,u,490000.0,S,7.9,2.0,1.0,1.0,0.0,,1960.0,-37.7669,145.0505
2,u,739000.0,S,7.9,2.0,1.0,1.0,648.0,91.0,1965.0,-37.7702,145.0493
3,h,1340000.0,S,7.9,2.0,1.0,1.0,571.0,,,-37.7614,145.0433
3,h,785000.0,S,7.9,3.0,2.0,0.0,399.0,110.0,1950.0,-37.7551,145.05
3,h,1155000.0,S,7.9,3.0,1.0,2.0,537.0,170.0,1945.0,-37.7773,145.0379
4,h,1300000.0,S,7.9,4.0,1.0,1.0,586.0,,,-37.7726,145.0396
2,h,1020000.0,S,7.9,2.0,1.0,1.0,557.0,78.0,1955.0,-37.7568,145.0355
3,h,1796000.0,S,7.9,3.0,1.0,1.0,614.0,,,-37.7768,145.0409
2,h,790000.0,S,7.9,2.0,1.0,1.0,221.0,,,-37.7654,145.036
3,h,1465000.0,S,7.9,3.0,1.0,2.0,630.0,126.0,1960.0,-37.7635,145.039
3,t,855000.0,S,7.9,3.0,2.0,2.0,0.0,130.0,1980.0,-37.765,145.0422
2,u,705000.0,S,7.9,2.0,1.0,1.0,94.0,,,-37.7679,145.0452
2,u,504000.0,S,7.9,2.0,1.0,1.0,0.0,,,-37.7712,145.0455
1,u,413000.0,S,7.9,1.0,1.0,1.0,845.0,59.0,1960.0,-37.7591,145.0501
3,t,1010000.0,S,7.9,3.0,2.0,2.0,314.0,,2003.0,-37.7554,145.0516
3,h,1220000.0,S,7.9,3.0,1.0,1.0,687.0,110.0,1975.0,-37.7634,145.0361
3,h,1605000.0,S,7.9,3.0,2.0,2.0,608.0,165.0,1920.0,-37.7702,145.0398
2,u,587000.0,S,7.9,2.0,1.0,1.0,721.0,78.0,1960.0,-37.7634,145.0406
2,u,475000.0,SP,7.9,2.0,1.0,1.0,0.0,,1960.0,-37.7707,145.0471
3,h,1075000.0,S,7.9,3.0,1.0,2.0,677.0,,1950.0,-37.7616,145.0322
2,u,465000.0,S,7.9,2.0,1.0,1.0,795.0,,1970.0,-37.7744,145.0415
2,t,610000.0,VB,7.9,2.0,1.0,1.0,277.0,,,-37.7577,145.0358
2,u,690000.0,S,7.9,2.0,1.0,1.0,103.0,83.0,,-37.7671,145.0408
3,h,1535000.0,S,7.9,3.0,1.0,2.0,691.0,140.0,1950.0,-37.7674,145.0392
4,h,1470000.0,VB,7.9,4.0,2.0,1.0,694.0,217.0,1950.0,-37.7565,145.0506
3,h,1486000.0,S,7.9,3.0,1.0,2.0,645.0,158.0,1930.0,-37.7634,145.0439
1,u,420000.0,SP,7.9,1.0,1.0,1.0,55.0,,1970.0,-37.7772,145.0414
3,t,750000.0,S,7.9,3.0,1.0,1.0,110.0,,1990.0,-37.765,145.0407
2,u,460000.0,VB,7.9,2.0,0.0,0.0,0.0,,,-37.7662,145.0516
4,h,1615000.0,S,7.9,5.0,2.0,3.0,758.0,,,-37.7668,145.03799999999995
5,h,1730000.0,S,7.9,4.0,2.0,2.0,689.0,292.0,2007.0,-37.7591,145.04
2,t,779000.0,S,7.9,3.0,1.0,2.0,152.0,,1970.0,-37.7635,145.0464
3,h,1850000.0,S,7.9,3.0,2.0,2.0,684.0,232.0,2000.0,-37.7659,145.0392
2,h,1910000.0,S,7.9,2.0,1.0,2.0,760.0,,,-37.7784,145.0394
5,h,2600000.0,S,7.9,5.0,3.0,1.0,1006.0,411.0,1920.0,-37.7765,145.0427
2,u,500000.0,PI,7.9,2.0,1.0,1.0,71.0,70.0,1960.0,-37.7634,145.0406
3,h,950000.0,VB,7.9,3.0,3.0,2.0,290.0,,,-37.7601,145.0363
2,u,450000.0,S,7.9,2.0,1.0,1.0,0.0,,,-37.759,145.047
3,h,1102000.0,S,7.9,3.0,1.0,1.0,597.0,115.0,1950.0,-37.7645,145.0314
3,h,1275000.0,VB,7.9,3.0,2.0,2.0,834.0,169.0,1950.0,-37.7587,145.0426
3,h,1065000.0,S,7.9,3.0,1.0,1.0,596.0,,,-37.7581,145.0371
2,t,785000.0,S,7.9,2.0,2.0,1.0,124.0,135.0,2010.0,-37.7618,145.0287
3,h,1223500.0,S,7.9,3.0,2.0,2.0,721.0,136.0,1980.0,-37.758,145.0408
2,u,845000.0,S,7.9,2.0,2.0,2.0,147.0,,1980.0,-37.7679,145.0467
4,h,1720000.0,S,7.9,4.0,2.0,3.0,631.0,233.0,1935.0,-37.7771,145.0448
3,h,1225000.0,SP,7.9,3.0,1.0,1.0,572.0,130.0,1930.0,-37.7709,145.0425
2,u,630000.0,S,7.9,2.0,1.0,1.0,199.0,,,-37.7666,145.0356
4,h,1460000.0,S,7.9,4.0,1.0,2.0,605.0,181.0,1940.0,-37.7707,145.0467
1,u,421000.0,SP,7.9,1.0,1.0,1.0,0.0,58.0,1992.0,-37.7753,145.0419
4,h,2090000.0,S,7.9,4.0,3.0,2.0,608.0,315.0,1980.0,-37.7705,145.0396
4,h,1758000.0,S,7.9,4.0,2.0,2.0,650.0,,,-37.7607,145.0456
3,t,700000.0,S,7.9,3.0,2.0,1.0,189.0,110.0,1990.0,-37.7661,145.0354
5,h,1420000.0,S,7.9,5.0,3.0,1.0,455.0,,2006.0,-37.7653,145.0392
3,t,550000.0,PI,7.9,3.0,1.0,1.0,139.0,,1970.0,-37.757,145.0382
4,h,2595000.0,S,7.9,4.0,3.0,3.0,719.0,407.0,2007.0,-37.7815,145.0403
2,t,710000.0,PI,7.9,2.0,1.0,1.0,134.0,120.0,2012.0,-37.7582,145.034
3,u,650000.0,PI,7.9,3.0,2.0,2.0,0.0,96.0,2000.0,-37.7694,145.0406
1,u,385000.0,SP,7.9,1.0,1.0,1.0,0.0,,1970.0,-37.7638,145.0458
4,h,740000.0,SP,15.0,4.0,2.0,2.0,558.0,,,-37.7311,144.8257
4,h,500000.0,S,15.0,4.0,2.0,2.0,579.0,,,-37.7359,144.8251
3,h,365000.0,SP,15.0,3.0,1.0,0.0,543.0,,,-37.7367,144.82399999999996
4,h,570000.0,S,15.0,4.0,2.0,2.0,558.0,,,-37.7369,144.8252
3,h,515000.0,S,15.0,3.0,1.0,4.0,597.0,114.0,1975.0,-37.7392,144.8241
4,h,1095000.0,S,15.0,4.0,3.0,5.0,654.0,414.0,,-37.7392,144.8299
3,h,582000.0,SP,15.0,3.0,2.0,4.0,530.0,186.0,1980.0,-37.7375,144.8282
3,h,545000.0,SP,15.0,3.0,2.0,2.0,570.0,163.0,1980.0,-37.7367,144.8246
3,h,461000.0,S,15.0,3.0,1.0,0.0,534.0,,,-37.7294,144.8216
4,h,751000.0,S,15.0,4.0,2.0,2.0,649.0,305.0,2000.0,-37.7382,144.8292
4,h,500000.0,SP,15.0,4.0,1.0,2.0,574.0,100.0,1985.0,-37.7336,144.8226
4,h,560000.0,SP,15.0,4.0,2.0,2.0,612.0,155.0,1980.0,-37.7378,144.8264
3,h,320000.0,VB,15.0,3.0,2.0,1.0,119.0,,,-37.7328,144.8194
3,h,450000.0,SP,15.0,3.0,1.0,2.0,548.0,,,-37.7334,144.8254
3,h,703000.0,S,12.8,3.0,2.0,2.0,683.0,200.0,1995.0,-37.7402,144.8591
3,h,650000.0,SP,12.8,3.0,1.0,1.0,538.0,104.0,1970.0,-37.7441,144.8503
3,t,770000.0,SP,12.8,3.0,2.0,1.0,331.0,201.0,2010.0,-37.7325,144.8621
3,t,480000.0,S,12.8,3.0,2.0,1.0,184.0,,2012.0,-37.7424,144.8639
3,h,590000.0,S,12.8,3.0,1.0,2.0,610.0,,1974.0,-37.7455,144.8484
4,h,900000.0,S,12.8,4.0,2.0,1.0,289.0,125.0,2011.0,-37.7506,144.8689
3,h,935000.0,S,12.8,3.0,1.0,2.0,662.0,,,-37.738,144.869
3,h,700000.0,VB,12.8,3.0,2.0,2.0,288.0,116.0,1999.0,-37.7514,144.8731
3,h,675000.0,S,12.8,3.0,2.0,1.0,549.0,,,-37.7496,144.8589
4,h,816000.0,S,12.8,4.0,2.0,1.0,540.0,188.0,1978.0,-37.7482,144.877
4,h,845000.0,S,12.8,3.0,1.0,1.0,622.0,126.0,1965.0,-37.7425,144.8683
3,h,725000.0,S,12.8,3.0,1.0,1.0,657.0,,1965.0,-37.7411,144.8638
3,h,772000.0,S,12.8,3.0,2.0,3.0,672.0,132.0,1980.0,-37.7465,144.876
3,h,650000.0,SP,12.8,3.0,2.0,2.0,3977.0,113.0,2013.0,-37.747,144.8663
3,h,757000.0,S,12.8,3.0,2.0,1.0,532.0,140.0,1960.0,-37.7295,144.8644
3,h,690000.0,S,12.8,3.0,2.0,2.0,568.0,148.0,1970.0,-37.7469,144.8526
3,t,785000.0,S,12.8,3.0,2.0,2.0,610.0,,,-37.7504,144.8645
3,h,583000.0,S,12.8,3.0,1.0,1.0,412.0,133.0,2003.0,-37.7459,144.8643
4,h,920000.0,S,12.8,3.0,2.0,2.0,603.0,,1975.0,-37.7323,144.8683
3,h,880000.0,S,12.8,3.0,1.0,2.0,584.0,123.0,1980.0,-37.7435,144.8798
3,u,580000.0,S,12.8,3.0,2.0,2.0,112.0,138.0,2013.0,-37.7434,144.881
4,t,886000.0,S,12.8,4.0,3.0,1.0,322.0,257.0,1950.0,-37.7293,144.8659
4,h,970000.0,S,12.8,4.0,2.0,4.0,659.0,,,-37.7467,144.8683
4,h,920000.0,SP,12.8,4.0,2.0,2.0,745.0,182.0,1992.0,-37.7479,144.8805
3,h,625000.0,S,12.8,3.0,1.0,2.0,539.0,,,-37.7452,144.8511
3,h,825000.0,S,12.8,3.0,3.0,1.0,318.0,,,-37.7338,144.8662
3,h,695000.0,S,12.8,3.0,1.0,1.0,564.0,,,-37.7445,144.8511
3,h,915000.0,S,12.8,3.0,1.0,2.0,610.0,,,-37.7359,144.868
3,h,976000.0,S,12.8,3.0,3.0,2.0,605.0,212.0,1980.0,-37.7459,144.8788
2,t,520000.0,S,12.8,2.0,2.0,2.0,54.0,,,-37.7384,144.8768
4,h,1420000.0,S,12.8,4.0,2.0,2.0,613.0,250.0,2011.0,-37.7453,144.8721
3,h,900000.0,S,12.8,3.0,1.0,1.0,713.0,127.0,1970.0,-37.7301,144.8671
2,u,470000.0,VB,12.8,2.0,1.0,1.0,218.0,88.0,,-37.7337,144.8617
5,h,1100000.0,PI,12.8,4.0,2.0,2.0,781.0,,,-37.7497,144.8746
3,u,470000.0,SP,12.8,3.0,1.0,1.0,254.0,,,-37.74800000000001,144.863
2,h,380000.0,S,12.8,2.0,1.0,1.0,116.0,,,-37.74800000000001,144.8696
3,u,560000.0,S,12.8,3.0,1.0,2.0,352.0,102.0,2000.0,-37.7459,144.8673
4,h,1010000.0,S,12.8,4.0,2.0,2.0,776.0,268.0,1980.0,-37.7502,144.8745
3,h,740000.0,S,12.8,3.0,1.0,2.0,684.0,,,-37.7426,144.8599
3,h,630000.0,S,12.8,2.0,2.0,1.0,221.0,,,-37.7504,144.8594
4,h,835000.0,S,12.8,4.0,2.0,3.0,708.0,184.0,1990.0,-37.7452,144.8652
3,t,705000.0,S,12.8,3.0,2.0,1.0,440.0,156.0,1995.0,-37.7517,144.8776
3,t,680000.0,SP,12.8,3.0,2.0,2.0,224.0,154.0,1998.0,-37.749,144.8599
4,h,871000.0,S,12.8,4.0,2.0,2.0,570.0,,,-37.7361,144.8691
5,h,808000.0,S,12.8,5.0,2.0,2.0,561.0,,,-37.74800000000001,144.8552
3,h,891000.0,S,12.8,3.0,3.0,1.0,292.0,,,-37.7505,144.8657
3,h,785000.0,S,12.8,3.0,1.0,2.0,606.0,141.0,1965.0,-37.7311,144.8663
3,h,695000.0,S,12.8,3.0,2.0,2.0,716.0,154.0,1970.0,-37.734,144.8593
4,t,807000.0,S,12.8,4.0,2.0,2.0,319.0,,,-37.7393,144.8648
2,u,502000.0,S,12.8,5.0,1.0,2.0,0.0,85.0,1990.0,-37.7346,144.8646
4,h,770000.0,S,12.8,4.0,2.0,2.0,546.0,174.0,1970.0,-37.7428,144.8536
5,h,700000.0,PI,12.8,4.0,2.0,2.0,629.0,,,-37.7423,144.869
3,h,570000.0,SP,12.8,3.0,1.0,2.0,542.0,120.0,1970.0,-37.7408,144.8553
4,h,830000.0,S,12.8,4.0,2.0,2.0,686.0,198.0,1995.0,-37.7394,144.8628
3,h,600000.0,S,12.8,3.0,1.0,1.0,565.0,125.0,1970.0,-37.7498,144.8585
3,h,825000.0,S,12.8,3.0,2.0,1.0,630.0,126.0,2017.0,-37.7378,144.8705
4,h,680000.0,S,12.8,4.0,2.0,2.0,545.0,,,-37.742,144.8523
3,h,720000.0,SP,12.8,3.0,1.0,2.0,639.0,18.0,,-37.7334,144.8638
4,h,735000.0,SP,12.8,4.0,2.0,2.0,547.0,184.0,2000.0,-37.7381,144.8554
3,h,875000.0,PI,12.8,3.0,2.0,2.0,928.0,130.0,1970.0,-37.7362,144.8643
3,h,601200.0,S,12.8,4.0,1.0,1.0,554.0,147.0,1960.0,-37.7303,144.8636
3,h,695000.0,S,12.8,3.0,1.0,3.0,0.0,,,-37.7483,144.85
3,h,680000.0,S,12.8,3.0,1.0,2.0,558.0,105.0,1980.0,-37.7305,144.8646
3,t,660000.0,PI,12.8,3.0,2.0,1.0,265.0,,,-37.7444,144.8763
3,h,650000.0,S,12.8,3.0,2.0,2.0,176.0,,,-37.7432,144.8816
3,h,900000.0,S,12.8,3.0,1.0,2.0,600.0,,,-37.7312,144.8685
3,h,823000.0,S,12.8,3.0,1.0,2.0,538.0,,,-37.7486,144.8778
4,h,847000.0,S,12.8,4.0,3.0,2.0,579.0,,,-37.7368,144.8689
3,h,705000.0,S,12.8,3.0,1.0,2.0,616.0,201.0,1970.0,-37.7449,144.8533
3,t,710000.0,SP,12.8,3.0,2.0,1.0,320.0,133.0,2013.0,-37.7415,144.8668
4,h,732000.0,S,12.8,4.0,2.0,2.0,544.0,233.0,1980.0,-37.7479,144.8763
3,h,715000.0,SP,12.8,3.0,2.0,4.0,598.0,123.0,1970.0,-37.7487,144.8526
3,h,785000.0,S,4.2,2.0,1.0,1.0,258.0,64.0,,-37.7906,144.924
3,h,852000.0,S,4.2,3.0,1.0,1.0,166.0,138.0,2000.0,-37.7929,144.9197
3,h,1037000.0,S,4.2,3.0,1.0,1.0,188.0,106.0,1910.0,-37.7953,144.9275
2,h,775000.0,S,4.2,2.0,1.0,0.0,150.0,,,-37.7963,144.935
3,h,1470000.0,S,4.2,3.0,1.0,1.0,199.0,121.0,1910.0,-37.7957,144.93200000000004
2,u,630000.0,S,4.2,2.0,2.0,1.0,0.0,,,-37.7886,144.9328
3,t,845000.0,S,4.2,3.0,2.0,1.0,132.0,105.0,,-37.7907,144.9247
2,u,492500.0,S,4.2,2.0,1.0,1.0,0.0,81.0,2008.0,-37.7974,144.9261
2,u,420000.0,VB,4.2,2.0,1.0,1.0,0.0,55.0,1970.0,-37.794,144.923
2,t,650000.0,S,4.2,2.0,1.0,1.0,79.0,,,-37.7914,144.9344
3,h,1050000.0,S,4.2,3.0,1.0,1.0,274.0,,1900.0,-37.7984,144.929
3,h,1291000.0,SP,4.2,3.0,1.0,1.0,416.0,,,-37.7946,144.924
2,u,420000.0,SP,4.2,2.0,1.0,1.0,0.0,80.0,2002.0,-37.7899,144.9231
3,h,961000.0,S,4.2,3.0,1.0,1.0,235.0,,,-37.7925,144.9323
3,h,1271000.0,S,4.2,3.0,1.0,1.0,284.0,113.0,1900.0,-37.7938,144.9228
3,h,1010000.0,PI,4.2,3.0,1.0,0.0,234.0,104.0,1900.0,-37.7923,144.9332
2,t,750000.0,S,4.2,2.0,1.0,1.0,325.0,112.0,2002.0,-37.7976,144.9213
4,h,1675000.0,S,4.2,4.0,2.0,2.0,279.0,,,-37.797,144.9303
2,h,905000.0,S,4.2,2.0,2.0,1.0,138.0,126.0,1999.0,-37.799,144.9276
2,h,960000.0,S,4.2,2.0,1.0,1.0,174.0,72.0,1900.0,-37.7959,144.9343
2,h,1031000.0,SP,4.2,2.0,1.0,1.0,163.0,99.0,1900.0,-37.7929,144.9287
3,t,918000.0,SP,4.2,3.0,2.0,1.0,788.0,,1998.0,-37.7938,144.9186
3,h,870000.0,S,4.2,3.0,1.0,1.0,211.0,95.0,1992.0,-37.7891,144.92600000000004
3,h,1165000.0,S,4.2,3.0,1.0,0.0,239.0,135.0,1910.0,-37.7923,144.9324
5,h,1710000.0,PI,4.2,5.0,2.0,2.0,566.0,270.0,1890.0,-37.7893,144.933
1,u,360000.0,VB,4.2,1.0,1.0,1.0,4267.0,,,-37.7966,144.9254
3,h,1455000.0,S,4.2,3.0,1.0,0.0,275.0,120.0,1900.0,-37.7954,144.9274
1,u,365000.0,VB,4.2,1.0,1.0,1.0,0.0,47.0,2012.0,-37.7961,144.9261
3,u,551000.0,S,4.2,3.0,1.0,1.0,4440.0,,,-37.7898,144.9233
2,u,442000.0,S,4.2,2.0,2.0,1.0,3448.0,71.0,2010.0,-37.7976,144.9285
2,h,765000.0,S,4.2,2.0,1.0,2.0,158.0,76.0,1965.0,-37.7902,144.9319
2,u,515000.0,SP,4.2,2.0,1.0,1.0,3957.0,81.0,2010.0,-37.7974,144.9261
3,u,570000.0,VB,4.2,3.0,1.0,2.0,0.0,,1990.0,-37.7897,144.9239
1,u,370000.0,VB,4.2,1.0,1.0,1.0,0.0,50.0,2012.0,-37.7961,144.9261
2,h,1005000.0,S,4.2,2.0,1.0,0.0,274.0,,,-37.7931,144.9247
2,h,1234500.0,SP,4.2,2.0,2.0,2.0,169.0,127.0,2008.0,-37.7922,144.9316
2,u,666000.0,S,4.2,2.0,1.0,2.0,1111.0,92.0,1998.0,-37.7896,144.9321
2,h,825000.0,S,4.2,2.0,1.0,1.0,211.0,88.0,1915.0,-37.7925,144.9264
2,t,770000.0,S,4.2,2.0,2.0,1.0,0.0,,,-37.7937,144.9169
3,h,1135000.0,S,4.2,3.0,1.0,0.0,0.0,,,-37.7957,144.93200000000004
4,h,975000.0,S,4.2,4.0,3.0,1.0,0.0,,,-37.7941,144.91899999999995
2,t,812000.0,SP,4.2,2.0,1.0,0.0,132.0,79.0,1887.0,-37.7989,144.9275
5,h,1900000.0,VB,4.2,5.0,2.0,2.0,566.0,270.0,1890.0,-37.7893,144.933
1,u,445000.0,S,4.2,1.0,1.0,0.0,0.0,67.0,1997.0,-37.7913,144.9323
2,h,732000.0,SP,4.2,3.0,2.0,1.0,94.0,130.0,2002.0,-37.7934,144.9166
3,h,1260000.0,S,4.2,3.0,2.0,2.0,250.0,147.0,1900.0,-37.792,144.9324
3,h,1000000.0,SP,4.2,3.0,2.0,2.0,211.0,132.0,1997.0,-37.7926,144.9197
2,h,1155000.0,SP,4.2,2.0,1.0,1.0,197.0,101.0,1890.0,-37.7918,144.9264
2,t,700000.0,S,4.2,2.0,1.0,3.0,62.0,,1997.0,-37.7917,144.9231
3,h,813500.0,SP,4.2,3.0,1.0,1.0,165.0,,,-37.7907,144.9303
2,u,526000.0,S,4.2,2.0,0.0,0.0,0.0,,,-37.7919,144.9253
3,t,790000.0,SP,4.2,3.0,2.0,2.0,1181.0,136.0,2003.0,-37.7982,144.9202
4,h,1365000.0,S,4.2,4.0,2.0,1.0,242.0,,,-37.7913,144.9275
2,t,700000.0,VB,4.2,2.0,2.0,1.0,324.0,97.0,2009.0,-37.7903,144.9345
1,u,370000.0,PI,4.2,1.0,1.0,2.0,0.0,,,-37.7896,144.9321
3,h,1230000.0,S,4.2,3.0,1.0,1.0,312.0,109.0,1915.0,-37.793,144.934
2,u,460000.0,SP,4.2,2.0,1.0,1.0,0.0,84.0,2010.0,-37.7948,144.9314
2,u,395000.0,PI,4.2,2.0,1.0,1.0,0.0,80.0,2002.0,-37.7899,144.9231
5,h,1001000.0,S,4.2,3.0,1.0,0.0,301.0,,,-37.7896,144.9307
2,h,850000.0,SP,4.2,2.0,1.0,1.0,169.0,90.0,1900.0,-37.7925,144.9315
3,h,1335000.0,S,4.2,3.0,1.0,3.0,459.0,,,-37.7917,144.9251
2,h,868000.0,S,4.2,2.0,1.0,1.0,97.0,103.0,2000.0,-37.7921,144.9234
2,h,960000.0,S,4.2,2.0,1.0,0.0,179.0,,1900.0,-37.7963,144.9327
2,t,773000.0,S,4.2,2.0,1.0,1.0,0.0,90.0,1970.0,-37.7937,144.9295
2,u,631090.0,S,4.2,2.0,2.0,1.0,2136.0,94.0,2012.0,-37.7956,144.935
2,u,410000.0,PI,4.2,2.0,1.0,1.0,0.0,86.0,2000.0,-37.7897,144.9228
2,u,425000.0,S,4.2,2.0,1.0,1.0,0.0,59.0,2006.0,-37.7966,144.9254
2,h,1211000.0,SP,4.2,2.0,1.0,1.0,183.0,,,-37.7959,144.9342
2,u,506000.0,SP,4.2,2.0,1.0,1.0,0.0,,,-37.7952,144.9262
2,h,806000.0,S,4.2,2.0,1.0,1.0,173.0,,,-37.7959,144.9341
3,h,829000.0,S,4.2,2.0,2.0,2.0,84.0,,,-37.7935,144.9187
2,h,786000.0,S,4.2,2.0,1.0,0.0,149.0,,,-37.7908,144.9309
2,u,458000.0,S,4.2,1.0,1.0,1.0,0.0,,,-37.7966,144.9254
3,h,1635000.0,S,5.6,3.0,1.0,2.0,396.0,,1990.0,-37.8102,145.0451
2,h,4800000.0,S,5.6,2.0,2.0,1.0,697.0,,,-37.812,145.0547
2,u,562500.0,S,5.6,2.0,2.0,1.0,0.0,,,-37.8099,145.0606
2,u,520000.0,VB,5.6,2.0,1.0,1.0,0.0,12.0,,-37.804,145.0347
5,h,4350000.0,S,5.6,5.0,3.0,2.0,853.0,,1930.0,-37.8151,145.0555
3,h,1528500.0,SP,5.6,3.0,1.0,1.0,375.0,,,-37.8015,145.0505
2,u,630000.0,PI,5.6,2.0,1.0,2.0,91.0,,1970.0,-37.8003,145.0375
4,h,1690000.0,S,5.6,4.0,3.0,1.0,358.0,,,-37.8034,145.0283
2,u,610000.0,SP,5.6,2.0,1.0,1.0,745.0,72.0,1968.0,-37.8024,145.0346
3,h,1490000.0,S,5.6,3.0,2.0,2.0,597.0,,1970.0,-37.8093,145.0299
2,u,588000.0,S,5.6,2.0,1.0,1.0,0.0,,1982.0,-37.8034,145.0369
3,u,882000.0,S,5.6,3.0,2.0,2.0,0.0,141.0,1950.0,-37.8064,145.0182
2,u,831000.0,S,5.6,2.0,1.0,1.0,0.0,,1970.0,-37.8117,145.0222
4,h,2130000.0,S,5.6,4.0,2.0,2.0,649.0,,1985.0,-37.802,145.036
2,u,650000.0,VB,5.6,2.0,1.0,1.0,0.0,,,-37.8083,145.0382
2,u,599000.0,S,5.6,2.0,1.0,1.0,0.0,,,-37.8046,145.0375
2,u,820000.0,S,5.6,2.0,1.0,2.0,0.0,,,-37.8066,145.0211
4,h,2200000.0,S,5.6,4.0,1.0,2.0,735.0,,,-37.8028,145.0534
4,h,3550000.0,VB,5.6,4.0,3.0,4.0,992.0,374.0,1935.0,-37.8046,145.0603
2,h,1326000.0,S,5.6,2.0,1.0,2.0,405.0,80.0,1890.0,-37.8012,145.0361
2,u,610000.0,S,5.6,2.0,1.0,1.0,0.0,,1960.0,-37.8092,145.0366
4,h,1950000.0,VB,5.6,3.0,2.0,2.0,400.0,251.0,2000.0,-37.8147,145.0438
3,h,1875000.0,S,5.6,3.0,2.0,2.0,426.0,,,-37.8012,145.0514
5,h,2850000.0,S,5.6,5.0,2.0,2.0,815.0,,,-37.8118,145.035
4,h,2550000.0,S,5.6,4.0,2.0,2.0,603.0,220.0,1930.0,-37.8095,145.0391
3,h,1878000.0,SP,5.6,3.0,2.0,1.0,392.0,426.0,2015.0,-37.8081,145.0263
4,h,1910000.0,PI,5.6,4.0,3.0,2.0,277.0,199.0,2016.0,-37.8007,145.0374
3,h,1410000.0,S,5.6,3.0,1.0,2.0,304.0,127.0,1885.0,-37.8023,145.0404
2,u,515000.0,S,5.6,2.0,1.0,1.0,743.0,,,-37.8017,145.0445
3,h,2310000.0,S,5.6,3.0,1.0,2.0,782.0,175.0,1920.0,-37.8107,145.0219
2,h,890000.0,S,5.6,2.0,1.0,1.0,0.0,,1970.0,-37.8128,145.0588
3,h,1668000.0,S,5.6,3.0,2.0,2.0,289.0,,,-37.8048,145.0303
4,h,2315000.0,S,5.6,4.0,2.0,0.0,364.0,183.0,1900.0,-37.8125,145.043
3,t,800000.0,S,5.6,3.0,2.0,2.0,848.0,97.0,1970.0,-37.796,145.0324
2,h,1950000.0,S,5.6,2.0,1.0,4.0,596.0,,,-37.8146,145.0419
5,h,4850000.0,S,5.6,5.0,4.0,4.0,957.0,400.0,1930.0,-37.8112,145.05700000000004
3,h,2770000.0,S,5.6,3.0,3.0,4.0,1197.0,,1927.0,-37.8168,145.056
6,h,6500000.0,S,5.6,6.0,6.0,3.0,1334.0,365.0,1890.0,-37.8029,145.0267
2,u,580000.0,PI,5.6,2.0,1.0,1.0,0.0,90.0,1970.0,-37.8071,145.0243
2,u,525000.0,PI,5.6,2.0,1.0,1.0,0.0,,,-37.8054,145.0373
3,h,1905000.0,S,5.6,4.0,2.0,2.0,591.0,190.0,1910.0,-37.812,145.0268
2,u,478000.0,S,5.6,1.0,1.0,1.0,0.0,51.0,1970.0,-37.7997,145.0304
2,u,672000.0,S,5.6,2.0,1.0,1.0,0.0,77.0,1966.0,-37.8108,145.0545
4,h,2286000.0,S,5.6,4.0,3.0,2.0,712.0,237.0,1975.0,-37.8034,145.0527
3,h,1575000.0,PI,5.6,3.0,2.0,2.0,397.0,80.0,1940.0,-37.8013,145.0335
2,u,590000.0,SP,5.6,2.0,1.0,1.0,0.0,80.0,1975.0,-37.805,145.0294
2,u,765000.0,S,5.6,2.0,1.0,2.0,0.0,,1960.0,-37.8066,145.0211
2,h,1507000.0,S,5.6,2.0,1.0,2.0,667.0,,,-37.8007,145.0327
3,h,972500.0,S,5.6,3.0,2.0,2.0,0.0,,1970.0,-37.7925,145.0389
2,t,672000.0,S,5.6,2.0,1.0,1.0,0.0,,1980.0,-37.8094,145.0446
4,h,2350000.0,VB,5.6,4.0,2.0,2.0,861.0,358.0,1983.0,-37.8047,145.0534
4,h,1312000.0,PI,5.6,4.0,2.0,1.0,687.0,180.0,1955.0,-37.8096,145.0529
2,u,890000.0,S,5.6,2.0,2.0,1.0,89.0,87.0,1965.0,-37.8148,145.0571
4,h,2117000.0,S,5.6,4.0,1.0,2.0,520.0,,,-37.8082,145.0323
2,h,1331000.0,S,5.6,2.0,1.0,1.0,424.0,89.0,1940.0,-37.7995,145.0418
4,h,1800000.0,VB,5.6,5.0,2.0,2.0,586.0,187.0,1940.0,-37.7933,145.0343
4,h,2513000.0,S,5.6,3.0,1.0,2.0,832.0,,,-37.8036,145.0545
3,h,1476000.0,S,5.6,3.0,2.0,2.0,288.0,203.0,1997.0,-37.7997,145.046
4,h,2590000.0,S,5.6,4.0,2.0,2.0,660.0,215.0,1928.0,-37.8124,145.0361
4,h,2625000.0,PI,5.6,4.0,2.0,2.0,717.0,225.0,1890.0,-37.8083,145.0418
4,h,2265000.0,S,5.6,4.0,1.0,1.0,650.0,242.0,1930.0,-37.8098,145.02200000000005
5,h,1975000.0,S,5.6,3.0,2.0,1.0,531.0,1022.0,1890.0,-37.813,145.0411
4,h,2075000.0,S,5.6,4.0,2.0,2.0,764.0,,,-37.8046,145.0595
5,h,2550000.0,PI,5.6,5.0,4.0,2.0,597.0,342.0,2016.0,-37.7937,145.0353
4,h,2240000.0,S,5.6,4.0,2.0,2.0,820.0,,,-37.804,145.0553
2,h,1275000.0,S,5.6,2.0,1.0,0.0,381.0,,,-37.8033,145.036
3,t,1330000.0,PI,5.6,3.0,2.0,2.0,205.0,184.0,1995.0,-37.7993,145.0267
3,u,720000.0,S,5.6,3.0,1.0,1.0,0.0,,,-37.8135,145.0355
3,h,1450000.0,VB,5.6,3.0,2.0,2.0,247.0,204.0,1998.0,-37.8053,145.0327
3,h,3650000.0,VB,5.6,3.0,2.0,3.0,1353.0,282.0,1960.0,-37.8006,145.0218
2,u,551000.0,S,5.6,2.0,1.0,2.0,0.0,86.0,1992.0,-37.7925,145.0263
4,h,2800000.0,VB,5.6,4.0,1.0,0.0,919.0,,,-37.8012,145.0297
2,u,557000.0,S,5.6,2.0,1.0,1.0,0.0,,,-37.8034,145.0369
3,h,1410000.0,PI,5.6,3.0,1.0,1.0,519.0,,,-37.796,145.0377
4,t,1000000.0,VB,5.6,3.0,3.0,2.0,317.0,,,-37.794,145.032
4,h,2450000.0,VB,5.6,3.0,2.0,2.0,1012.0,,1900.0,-37.8067,145.0277
4,h,2460000.0,S,5.6,4.0,4.0,2.0,737.0,293.0,1910.0,-37.8042,145.0291
4,h,2850000.0,S,5.6,4.0,2.0,4.0,690.0,248.0,1890.0,-37.8037,145.0308
5,h,2425000.0,VB,5.6,5.0,2.0,2.0,534.0,237.0,1890.0,-37.8044,145.0386
2,u,610000.0,SP,5.6,2.0,1.0,1.0,745.0,72.0,1968.0,-37.8024,145.0346
3,u,955000.0,S,5.6,3.0,2.0,2.0,140.0,121.0,1980.0,-37.8063,145.0179
2,t,707500.0,S,5.6,2.0,1.0,1.0,124.0,86.0,1992.0,-37.7938,145.0321
3,h,1410000.0,S,5.6,3.0,2.0,1.0,442.0,,,-37.8046,145.0382
3,t,732000.0,S,5.6,3.0,1.0,1.0,904.0,110.0,1980.0,-37.801,145.0297
2,h,2875000.0,S,5.6,2.0,1.0,1.0,1065.0,90.0,1910.0,-37.7944,145.0339
3,h,1565000.0,S,5.6,3.0,1.0,1.0,535.0,,1947.0,-37.8027,145.0404
2,u,480000.0,VB,5.6,2.0,2.0,1.0,0.0,,2005.0,-37.8162,145.0592
4,h,1725000.0,S,5.6,4.0,2.0,3.0,709.0,,,-37.8065,145.0287
3,h,1500000.0,PI,5.6,3.0,1.0,2.0,857.0,130.0,1941.0,-37.7981,145.0423
4,h,1750000.0,S,5.6,4.0,3.0,2.0,641.0,230.0,2010.0,-37.7982,145.0281
3,u,1100000.0,S,5.6,3.0,1.0,1.0,0.0,115.0,1935.0,-37.8087,145.0452
3,h,1290000.0,S,5.6,3.0,1.0,0.0,321.0,,,-37.8116,145.0285
3,h,1440000.0,S,5.6,3.0,1.0,1.0,298.0,130.0,1900.0,-37.8021,145.0391
4,h,2560000.0,PI,5.6,4.0,3.0,4.0,670.0,346.0,1990.0,-37.8042,145.0279
5,h,2600000.0,VB,5.6,5.0,2.0,2.0,674.0,281.0,1959.0,-37.8064,145.0608
4,h,2245000.0,S,5.6,4.0,3.0,2.0,627.0,,,-37.7915,145.0348
5,h,3280000.0,PI,5.6,4.0,5.0,2.0,480.0,147.0,1979.0,-37.8117,145.0449
3,t,730000.0,SP,5.6,3.0,2.0,2.0,0.0,,,-37.7941,145.0238
4,h,4005000.0,PI,5.6,4.0,3.0,3.0,800.0,,2009.0,-37.8022,145.0565
3,h,1211000.0,S,5.6,3.0,1.0,1.0,633.0,,,-37.7916,145.0352
2,u,891000.0,S,5.6,2.0,1.0,1.0,121.0,,,-37.8126,145.0534
3,u,620000.0,VB,5.6,3.0,1.0,1.0,0.0,112.0,1970.0,-37.7978,145.0333
4,h,2600000.0,VB,5.6,4.0,3.0,2.0,700.0,700.0,1992.0,-37.8033,145.0526
5,h,2800000.0,PI,5.6,5.0,2.0,3.0,920.0,241.0,1900.0,-37.8017,145.0419
3,h,1420000.0,S,5.6,3.0,2.0,2.0,275.0,153.0,1999.0,-37.8052,145.0489
3,h,1800000.0,PI,5.6,4.0,2.0,1.0,336.0,139.0,1910.0,-37.8074,145.0318
3,h,3065000.0,S,5.6,3.0,2.0,3.0,773.0,,,-37.8107,145.05100000000004
1,u,395000.0,VB,5.6,1.0,1.0,1.0,0.0,55.0,2005.0,-37.7999,145.0544
4,h,2250000.0,S,5.6,4.0,3.0,2.0,741.0,307.0,1890.0,-37.8043,145.0291
4,h,2490000.0,S,7.5,3.0,2.0,2.0,712.0,14.0,,-37.7936,145.0566
2,u,620000.0,S,7.5,2.0,1.0,1.0,0.0,,1970.0,-37.7971,145.0514
3,h,1750000.0,S,7.5,3.0,1.0,3.0,650.0,,,-37.7955,145.0473
5,h,1950000.0,VB,7.5,5.0,2.0,3.0,711.0,253.0,1940.0,-37.7923,145.0528
2,u,605000.0,S,7.5,2.0,1.0,1.0,0.0,83.0,1960.0,-37.7969,145.0511
3,h,1920000.0,S,7.5,3.0,1.0,2.0,672.0,152.0,1940.0,-37.789,145.0616
4,h,1610000.0,S,7.5,4.0,2.0,2.0,763.0,,,-37.7916,145.0529
5,h,1850000.0,PI,7.5,5.0,3.0,4.0,787.0,,,-37.7894,145.0462
3,h,1615000.0,S,7.5,3.0,1.0,1.0,702.0,127.0,1933.0,-37.7922,145.0518
4,h,1830000.0,PI,7.5,4.0,2.0,3.0,596.0,,1930.0,-37.799,145.0578
3,h,1300000.0,S,7.5,3.0,1.0,2.0,378.0,,,-37.7956,145.0525
3,h,1880000.0,S,7.5,3.0,1.0,2.0,836.0,,,-37.7951,145.053
4,h,2081000.0,S,7.5,3.0,4.0,3.0,948.0,311.0,1960.0,-37.7881,145.0631
4,h,1315000.0,SP,7.5,4.0,2.0,2.0,458.0,200.0,1930.0,-37.7981,145.0472
3,h,1750000.0,S,7.5,3.0,2.0,4.0,611.0,160.0,1930.0,-37.7997,145.058
5,h,3028000.0,S,7.5,5.0,5.0,4.0,696.0,,,-37.7974,145.0491
5,h,2100000.0,VB,7.5,5.0,3.0,2.0,695.0,360.0,1950.0,-37.7904,145.0548
2,u,1110000.0,S,7.5,2.0,1.0,1.0,0.0,,,-37.7927,145.0597
4,h,2175000.0,VB,7.5,4.0,2.0,2.0,691.0,,1940.0,-37.793,145.0592
6,h,1300000.0,VB,7.5,6.0,3.0,2.0,730.0,310.0,1968.0,-37.7917,145.0509
3,h,1350000.0,SA,7.5,3.0,2.0,2.0,414.0,,2005.0,-37.7938,145.0545
3,t,1963000.0,S,7.5,3.0,2.0,2.0,426.0,,2010.0,-37.7917,145.0585
4,h,1315000.0,SP,7.5,4.0,2.0,2.0,458.0,200.0,1930.0,-37.7981,145.0472
3,t,1620000.0,S,7.5,3.0,2.0,2.0,248.0,167.0,2012.0,-37.7923,145.0595
3,h,1770000.0,S,7.5,3.0,1.0,1.0,698.0,,,-37.7902,145.061
3,t,1260000.0,S,7.5,3.0,2.0,2.0,284.0,,1990.0,-37.7966,145.048
2,h,1290000.0,S,6.2,2.0,2.0,2.0,0.0,,,-37.8407,145.0343
3,h,670000.0,S,9.2,3.0,1.0,3.0,564.0,,,-37.7832,144.8745
3,t,615000.0,S,9.2,3.0,2.0,2.0,165.0,161.0,2007.0,-37.7773,144.8725
3,h,715000.0,S,9.2,3.0,1.0,1.0,576.0,128.0,1970.0,-37.7808,144.8678
4,h,826000.0,S,9.2,4.0,2.0,2.0,308.0,185.0,2012.0,-37.7833,144.8817
2,u,275000.0,PI,9.2,2.0,1.0,1.0,1972.0,63.0,1960.0,-37.7863,144.8769
2,h,711000.0,S,9.2,2.0,1.0,0.0,163.0,69.0,1920.0,-37.789,144.8813
3,t,640000.0,SP,9.2,3.0,2.0,2.0,214.0,,,-37.7806,144.8714
3,h,1200000.0,SP,9.2,3.0,1.0,1.0,589.0,,,-37.7863,144.881
2,h,927000.0,S,9.2,2.0,1.0,4.0,524.0,139.0,,-37.779,144.8832
3,t,695000.0,SP,9.2,3.0,2.0,1.0,156.0,124.0,2012.0,-37.7898,144.8722
3,h,880000.0,SP,9.2,3.0,1.0,1.0,586.0,,,-37.786,144.871
2,u,485000.0,S,9.2,2.0,1.0,1.0,152.0,,,-37.7844,144.8791
3,h,490000.0,SP,9.2,3.0,1.0,2.0,306.0,91.0,1960.0,-37.7838,144.8724
3,h,725000.0,SP,9.2,3.0,1.0,2.0,305.0,,,-37.7858,144.8834
3,h,676500.0,S,9.2,3.0,2.0,1.0,250.0,,,-37.7905,144.8762
2,h,502000.0,SP,9.2,2.0,1.0,1.0,144.0,79.0,2005.0,-37.7895,144.8667
3,h,721000.0,S,9.2,2.0,2.0,1.0,239.0,121.0,1955.0,-37.7882,144.8784
4,h,1048000.0,S,9.2,3.0,2.0,1.0,647.0,,1920.0,-37.79,144.8815
3,u,520000.0,PI,9.2,3.0,2.0,2.0,184.0,184.0,,-37.7868,144.8772
2,h,1000000.0,SP,9.2,2.0,1.0,2.0,700.0,,,-37.7861,144.8791
3,h,580000.0,PI,9.2,3.0,1.0,2.0,278.0,,,-37.7817,144.8685
3,h,840000.0,S,9.2,3.0,1.0,1.0,584.0,81.0,1900.0,-37.7885,144.8771
2,u,335000.0,SP,9.2,2.0,1.0,1.0,0.0,70.0,2009.0,-37.7776,144.8723
3,h,893000.0,S,9.2,3.0,1.0,3.0,528.0,,,-37.779,144.8829
3,h,832000.0,SP,9.2,3.0,1.0,2.0,300.0,125.0,1950.0,-37.7896,144.8752
2,h,646000.0,SP,9.2,2.0,1.0,2.0,270.0,95.0,1900.0,-37.7871,144.8791
3,h,673000.0,SP,9.2,3.0,1.0,2.0,285.0,107.0,1910.0,-37.7813,144.8678
3,t,728000.0,S,9.2,3.0,2.0,2.0,218.0,,,-37.7895,144.8723
2,t,600000.0,S,9.2,2.0,1.0,2.0,127.0,112.0,,-37.7859,144.8787
3,h,695000.0,S,9.2,3.0,1.0,2.0,214.0,146.0,2007.0,-37.7798,144.8661
3,h,935000.0,S,9.2,3.0,1.0,2.0,485.0,,,-37.7905,144.8812
2,u,349000.0,PI,9.2,2.0,1.0,1.0,0.0,69.0,2011.0,-37.7795,144.8729
3,t,555000.0,PI,9.2,3.0,1.0,2.0,210.0,121.0,2012.0,-37.7869,144.8749
3,h,815000.0,S,9.2,3.0,1.0,2.0,0.0,,,-37.781,144.8813
3,h,915000.0,S,9.2,3.0,1.0,3.0,667.0,,,-37.7784,144.8708
2,u,352500.0,S,9.2,2.0,1.0,1.0,15100.0,66.0,2012.0,-37.7795,144.8729
2,h,600000.0,S,9.2,2.0,1.0,1.0,194.0,,,-37.787,144.8654
4,h,690000.0,PI,9.2,3.0,2.0,1.0,270.0,,,-37.7798,144.8659
5,h,1350000.0,S,9.2,5.0,3.0,2.0,527.0,358.0,2009.0,-37.7746,144.8727
3,h,930000.0,SP,9.2,3.0,1.0,2.0,492.0,,,-37.7909,144.8777
2,t,510000.0,SP,9.2,2.0,1.0,2.0,118.0,91.0,2014.0,-37.787,144.8748
3,h,725500.0,SP,9.2,3.0,2.0,2.0,214.0,,,-37.7831,144.8825
3,h,746000.0,S,9.2,3.0,1.0,1.0,314.0,,1950.0,-37.7877,144.8772
3,h,750000.0,VB,9.2,2.0,2.0,1.0,782.0,,,-37.7829,144.8684
2,u,360000.0,PI,9.2,3.0,2.0,1.0,0.0,90.0,,-37.7776,144.8723
4,h,765000.0,SP,9.2,4.0,1.0,2.0,672.0,,1955.0,-37.7824,144.8704
4,h,1060000.0,S,9.2,4.0,2.0,2.0,660.0,,,-37.7905,144.8739
3,h,740000.0,S,9.2,3.0,1.0,2.0,333.0,,1950.0,-37.7889,144.8787
2,h,770000.0,S,9.2,2.0,1.0,1.0,329.0,,1955.0,-37.7887,144.8788
3,h,490000.0,SP,9.2,3.0,1.0,2.0,269.0,80.0,1960.0,-37.7844,144.8665
3,t,657000.0,S,9.2,3.0,2.0,2.0,159.0,,,-37.7846,144.87
2,h,830000.0,S,9.2,2.0,1.0,2.0,318.0,,,-37.7898,144.8817
4,h,675000.0,S,9.2,4.0,1.0,1.0,595.0,80.0,1950.0,-37.7817,144.868
3,h,865000.0,SP,9.2,3.0,1.0,3.0,381.0,121.0,1940.0,-37.7874,144.8763
2,t,600000.0,S,9.2,2.0,2.0,1.0,145.0,112.0,2012.0,-37.7801,144.869
4,h,773000.0,S,9.2,4.0,1.0,2.0,333.0,137.0,1970.0,-37.7893,144.8818
3,h,905000.0,S,9.2,3.0,1.0,1.0,686.0,,,-37.782,144.8828
2,u,570500.0,S,7.4,2.0,1.0,2.0,0.0,,,-37.8597,145.0318
2,u,1350000.0,VB,7.4,2.0,2.0,2.0,0.0,,,-37.8638,145.0379
3,h,2050000.0,S,7.4,2.0,2.0,1.0,231.0,180.0,1890.0,-37.8607,145.0373
4,h,2300000.0,S,7.4,4.0,2.0,2.0,599.0,,1977.0,-37.8493,145.0395
4,h,3460000.0,S,7.4,4.0,2.0,2.0,502.0,309.0,2016.0,-37.8515,145.0324
4,h,2400000.0,VB,7.4,4.0,2.0,2.0,586.0,195.0,1890.0,-37.866,145.039
2,u,569000.0,S,7.4,2.0,1.0,2.0,0.0,,1970.0,-37.854,145.041
3,h,2025000.0,VB,7.4,3.0,2.0,2.0,396.0,105.0,1910.0,-37.8562,145.0373
3,h,1950000.0,S,7.4,2.0,1.0,1.0,325.0,,,-37.8636,145.0301
3,h,1895000.0,S,7.4,3.0,2.0,0.0,258.0,,,-37.8644,145.0302
2,u,635000.0,S,7.4,2.0,1.0,1.0,0.0,,1970.0,-37.8537,145.041
2,u,611000.0,SP,7.4,2.0,1.0,1.0,0.0,68.0,2008.0,-37.8515,145.0372
2,h,1611000.0,S,7.4,2.0,1.0,2.0,277.0,,,-37.8586,145.0375
4,h,3800000.0,S,7.4,4.0,3.0,2.0,587.0,392.0,2016.0,-37.8613,145.0393
3,t,1390000.0,PI,7.4,3.0,2.0,1.0,227.0,181.0,1995.0,-37.8577,145.0406
2,h,780000.0,VB,7.4,2.0,0.0,0.0,0.0,,,-37.8502,145.0418
4,h,4700000.0,S,7.4,4.0,3.0,2.0,879.0,,,-37.8527,145.0301
3,h,2415000.0,S,7.4,3.0,1.0,3.0,696.0,128.0,1910.0,-37.8462,145.0386
2,u,566000.0,SP,7.4,2.0,1.0,1.0,0.0,80.0,1970.0,-37.8633,145.0338
3,h,1437000.0,S,7.4,2.0,1.0,1.0,313.0,132.0,1910.0,-37.8511,145.0317
2,t,500000.0,S,7.4,2.0,1.0,1.0,0.0,54.0,1970.0,-37.8693,145.0348
2,u,1155000.0,S,7.4,2.0,2.0,2.0,0.0,,2002.0,-37.851,145.03
3,h,3010000.0,S,7.4,3.0,3.0,4.0,283.0,,,-37.858,145.0351
2,u,650000.0,VB,7.4,2.0,2.0,1.0,0.0,,,-37.8514,145.0361
5,h,3400000.0,SP,7.4,4.0,3.0,4.0,807.0,339.0,1920.0,-37.8684,145.035
3,h,2355000.0,S,7.4,3.0,2.0,4.0,471.0,235.0,1985.0,-37.851,145.0316
5,h,4240000.0,S,7.4,5.0,3.0,3.0,580.0,320.0,1890.0,-37.8653,145.0304
3,u,927000.0,S,7.4,3.0,1.0,1.0,0.0,,,-37.8549,145.0298
2,h,1326000.0,S,7.4,2.0,1.0,0.0,254.0,100.0,1900.0,-37.8674,145.0355
4,h,4525000.0,PI,7.4,4.0,4.0,2.0,716.0,159.0,1925.0,-37.8469,145.0377
2,u,660000.0,S,7.4,2.0,1.0,1.0,0.0,,,-37.852,145.0343
4,h,1617000.0,S,7.4,2.0,1.0,0.0,337.0,,,-37.8575,145.0392
4,h,1965000.0,SP,7.4,4.0,2.0,1.0,300.0,185.0,1890.0,-37.8638,145.0298
3,h,2325000.0,PI,7.4,3.0,2.0,2.0,347.0,,,-37.8602,145.0399
4,h,3470000.0,S,7.4,4.0,3.0,2.0,585.0,248.0,1915.0,-37.868,145.03799999999995
2,u,740000.0,S,7.4,2.0,1.0,1.0,0.0,91.0,1967.0,-37.8597,145.0322
5,h,2325000.0,S,7.4,5.0,3.0,2.0,501.0,233.0,2006.0,-37.8631,145.0353
3,h,1970000.0,S,7.4,3.0,2.0,1.0,246.0,106.0,1910.0,-37.871,145.0364
1,u,405000.0,S,7.4,1.0,1.0,1.0,0.0,,,-37.8637,145.0373
2,h,1475000.0,S,7.4,2.0,1.0,1.0,232.0,95.0,2001.0,-37.8686,145.03799999999995
2,u,640000.0,PI,7.4,2.0,2.0,1.0,0.0,,,-37.8514,145.0361
2,u,700000.0,VB,7.4,2.0,1.0,2.0,0.0,,1998.0,-37.8597,145.0318
3,u,1000000.0,VB,7.4,3.0,2.0,1.0,176.0,,,-37.8563,145.0369
2,u,584000.0,S,7.4,2.0,1.0,1.0,0.0,74.0,1971.0,-37.854,145.041
1,u,420000.0,SP,7.4,1.0,1.0,3.0,0.0,,,-37.8633,145.0336
3,h,2300000.0,S,7.4,3.0,2.0,2.0,313.0,,1920.0,-37.8603,145.0322
3,h,1490000.0,S,11.2,3.0,1.0,1.0,322.0,137.0,1910.0,-37.8726,145.0396
3,h,1210000.0,S,11.2,3.0,2.0,1.0,337.0,146.0,1993.0,-37.8833,145.0697
4,h,1300000.0,S,11.2,3.0,2.0,2.0,644.0,,,-37.8747,145.0836
4,h,1675000.0,PI,11.2,3.0,2.0,4.0,727.0,,,-37.8779,145.0651
3,u,980000.0,S,11.2,3.0,1.0,2.0,317.0,,1940.0,-37.8832,145.0779
4,h,2400000.0,VB,11.2,4.0,2.0,2.0,758.0,,,-37.8757,145.0518
4,h,2355000.0,S,11.2,4.0,2.0,3.0,0.0,223.0,1915.0,-37.8755,145.0523
2,h,1036000.0,S,11.2,2.0,1.0,1.0,310.0,102.0,1910.0,-37.8717,145.0399
4,h,1301000.0,PI,11.2,4.0,3.0,2.0,611.0,,,-37.8724,145.0628
3,h,2273000.0,S,11.2,3.0,3.0,1.0,376.0,254.0,1930.0,-37.8727,145.0458
5,h,2350000.0,PI,11.2,5.0,2.0,2.0,567.0,327.0,1915.0,-37.8786,145.0495
4,h,1215000.0,PI,11.2,4.0,2.0,2.0,207.0,,,-37.8845,145.072
2,u,447000.0,S,11.2,2.0,1.0,1.0,0.0,,1990.0,-37.8769,145.0471
4,h,2200000.0,VB,11.2,4.0,2.0,2.0,541.0,,,-37.8717,145.0403
4,h,2200000.0,VB,11.2,4.0,3.0,2.0,567.0,215.0,1920.0,-37.8742,145.0614
2,u,790000.0,S,11.2,2.0,1.0,2.0,196.0,109.0,1970.0,-37.8796,145.0876
4,h,2250000.0,S,11.2,4.0,1.0,2.0,720.0,,,-37.8753,145.0532
4,h,1185000.0,S,11.2,3.0,2.0,2.0,797.0,180.0,1950.0,-37.8783,145.0869
3,h,1837000.0,S,11.2,4.0,2.0,1.0,769.0,196.0,1920.0,-37.8799,145.0552
3,h,1105000.0,S,11.2,3.0,2.0,2.0,331.0,,,-37.877,145.067
3,t,1253000.0,S,11.2,3.0,2.0,1.0,216.0,135.0,1994.0,-37.866,145.0549
3,h,1505000.0,SP,11.2,3.0,2.0,1.0,647.0,,,-37.8822,145.0677
3,h,1500000.0,VB,11.2,3.0,1.0,1.0,693.0,,,-37.884,145.0713
4,h,1400000.0,VB,11.2,4.0,2.0,2.0,260.0,,,-37.8708,145.0616
2,u,720000.0,S,11.2,2.0,1.0,1.0,92.0,,,-37.8706,145.0578
3,h,2210000.0,SP,11.2,3.0,1.0,2.0,789.0,,,-37.8747,145.05200000000005
3,t,940000.0,PI,11.2,3.0,2.0,1.0,206.0,,,-37.8826,145.0868
5,h,1810000.0,PI,11.2,5.0,3.0,2.0,751.0,,1934.0,-37.8775,145.0622
3,t,922000.0,S,11.2,3.0,2.0,2.0,0.0,138.0,2000.0,-37.8782,145.0649
5,h,4802500.0,S,11.2,5.0,2.0,4.0,837.0,267.0,1919.0,-37.8756,145.0561
1,u,350000.0,SP,11.2,1.0,1.0,1.0,0.0,117.0,1975.0,-37.8769,145.0471
3,h,1555000.0,S,11.2,3.0,2.0,2.0,691.0,150.0,1950.0,-37.8734,145.0887
4,h,2123000.0,S,11.2,4.0,3.0,2.0,412.0,254.0,1930.0,-37.8707,145.0482
4,h,2800000.0,S,11.2,4.0,2.0,3.0,809.0,,1925.0,-37.8664,145.0452
3,h,2305000.0,S,11.2,3.0,2.0,2.0,543.0,,,-37.8691,145.0435
4,h,1700000.0,VB,11.2,4.0,3.0,2.0,365.0,110.0,1930.0,-37.8818,145.0548
5,h,2500000.0,VB,11.2,5.0,3.0,2.0,488.0,,,-37.8733,145.0507
2,u,370000.0,VB,11.2,2.0,1.0,1.0,0.0,,1965.0,-37.8801,145.0874
2,h,1150000.0,PI,11.2,2.0,1.0,2.0,604.0,119.0,1960.0,-37.8835,145.0886
5,h,1600000.0,S,11.2,5.0,2.0,2.0,639.0,,,-37.8915,145.0844
4,h,2001000.0,S,11.2,4.0,2.0,2.0,526.0,243.0,1910.0,-37.8771,145.0505
3,h,1915000.0,PI,11.2,3.0,2.0,2.0,700.0,126.0,1920.0,-37.8807,145.0547
4,h,1690000.0,S,11.2,4.0,2.0,2.0,334.0,,1920.0,-37.8743,145.0588
3,t,1135000.0,S,11.2,3.0,3.0,2.0,0.0,130.0,1988.0,-37.8812,145.05700000000004
4,t,1240000.0,PI,11.2,4.0,2.0,2.0,310.0,180.0,1990.0,-37.8822,145.0837
3,t,1120000.0,PI,11.2,3.0,2.0,2.0,181.0,151.0,1990.0,-37.8823,145.0839
3,h,1625000.0,S,11.2,3.0,2.0,1.0,87.0,,,-37.8769,145.05200000000005
3,h,1500000.0,S,11.2,3.0,1.0,2.0,888.0,165.0,1886.0,-37.8799,145.0738
2,h,1400000.0,S,11.2,2.0,1.0,1.0,312.0,,,-37.8654,145.0412
3,u,707500.0,S,11.2,2.0,1.0,1.0,170.0,83.0,1975.0,-37.8689,145.0504
2,u,835000.0,S,11.2,2.0,1.0,1.0,0.0,118.0,1930.0,-37.865,145.0506
3,h,1870000.0,S,11.2,3.0,2.0,1.0,400.0,152.0,1930.0,-37.8718,145.0404
4,h,1580000.0,PI,11.2,4.0,2.0,1.0,504.0,260.0,1920.0,-37.8834,145.0635
2,u,820000.0,S,11.2,2.0,2.0,1.0,0.0,104.0,2013.0,-37.8823,145.0729
2,u,480000.0,S,11.2,2.0,1.0,1.0,0.0,74.0,1970.0,-37.8811,145.0524
2,h,1420000.0,S,11.2,2.0,1.0,1.0,348.0,,,-37.8672,145.0432
3,t,1370000.0,S,11.2,3.0,2.0,2.0,323.0,204.0,,-37.8704,145.0411
3,h,1680000.0,S,11.2,3.0,2.0,2.0,234.0,201.0,1998.0,-37.8695,145.05
4,h,2960000.0,S,11.2,5.0,2.0,4.0,798.0,,,-37.8719,145.0511
4,h,2110000.0,PI,11.2,4.0,2.0,2.0,645.0,,,-37.8805,145.0668
3,h,1300000.0,S,11.2,3.0,2.0,2.0,323.0,,,-37.8709,145.0565
3,h,1750000.0,S,11.2,3.0,1.0,2.0,562.0,,,-37.8657,145.0536
1,u,300000.0,PI,11.2,1.0,1.0,1.0,0.0,42.0,2013.0,-37.8764,145.0463
3,h,1100000.0,PI,11.2,3.0,1.0,2.0,645.0,126.0,1960.0,-37.875,145.0861
1,u,373000.0,SP,11.2,1.0,1.0,1.0,0.0,38.0,1965.0,-37.8728,145.0417
3,h,1230000.0,S,11.2,3.0,2.0,2.0,822.0,,,-37.8787,145.0807
2,u,536000.0,S,11.2,2.0,1.0,1.0,0.0,,1960.0,-37.8713,145.0515
2,h,2412000.0,S,11.2,2.0,1.0,4.0,1220.0,,,-37.8846,145.08700000000005
4,t,2560000.0,PI,11.2,4.0,3.0,2.0,427.0,337.0,2012.0,-37.8704,145.0503
3,h,960000.0,S,11.2,3.0,2.0,1.0,310.0,114.0,1970.0,-37.8733,145.0883
1,u,315000.0,S,11.2,1.0,1.0,1.0,0.0,46.0,1940.0,-37.8704,145.0495
3,h,1297000.0,S,11.2,3.0,1.0,1.0,333.0,147.0,1948.0,-37.8722,145.067
3,t,1015000.0,S,11.2,3.0,2.0,2.0,0.0,134.0,2013.0,-37.8689,145.06
2,u,523000.0,S,11.2,2.0,1.0,1.0,0.0,62.0,1960.0,-37.8801,145.0874
3,h,1335000.0,S,11.2,3.0,2.0,2.0,606.0,133.0,1965.0,-37.8831,145.0879
3,h,1055000.0,PI,11.2,3.0,2.0,1.0,0.0,,,-37.866,145.0402
2,u,425000.0,SP,11.2,2.0,1.0,1.0,0.0,57.0,1997.0,-37.8804,145.0501
3,h,1670000.0,S,11.2,3.0,2.0,1.0,375.0,155.0,1920.0,-37.8777,145.0608
4,h,1350000.0,VB,11.2,4.0,3.0,2.0,222.0,90.0,2010.0,-37.878,145.0666
3,h,1650000.0,S,11.2,3.0,1.0,2.0,764.0,114.0,1925.0,-37.8814,145.0583
4,h,1550000.0,VB,11.2,4.0,2.0,4.0,848.0,,1970.0,-37.8847,145.076
3,h,950000.0,VB,11.2,3.0,1.0,1.0,288.0,132.0,1999.0,-37.8752,145.0817
3,h,1782500.0,S,11.2,3.0,1.0,2.0,615.0,126.0,1950.0,-37.8846,145.0861
4,h,2490000.0,S,11.2,3.0,2.0,2.0,640.0,,,-37.8738,145.0415
2,t,500000.0,SP,11.2,2.0,1.0,1.0,50.0,,,-37.8767,145.0469
2,t,650000.0,S,11.2,2.0,2.0,1.0,0.0,120.0,2015.0,-37.8828,145.0528
3,h,870000.0,SP,8.7,3.0,2.0,2.0,392.0,,,-37.774,144.8744
2,u,635000.0,PI,8.7,2.0,2.0,1.0,0.0,,,-37.7865,144.9008
3,h,975000.0,PI,8.7,3.0,1.0,2.0,597.0,154.0,1970.0,-37.76300000000001,144.8877
3,t,560000.0,VB,8.7,3.0,2.0,2.0,77.0,115.0,2004.0,-37.7746,144.8798
3,t,560000.0,VB,8.7,3.0,2.0,2.0,83.0,,2000.0,-37.7719,144.8815
2,t,355000.0,SP,8.7,2.0,1.0,1.0,0.0,88.0,2004.0,-37.7716,144.882
3,t,550000.0,SP,8.7,3.0,2.0,2.0,77.0,138.0,2000.0,-37.7743,144.8797
2,u,420000.0,SP,8.7,2.0,1.0,2.0,5661.0,103.0,1940.0,-37.773,144.8806
2,h,399000.0,S,8.7,2.0,1.0,1.0,904.0,53.0,1985.0,-37.7679,144.8935
4,h,940000.0,SP,8.7,4.0,2.0,1.0,516.0,,,-37.7839,144.8853
3,h,1105000.0,S,8.7,3.0,1.0,4.0,762.0,142.0,1950.0,-37.7707,144.8924
3,t,730000.0,S,8.7,3.0,1.0,2.0,250.0,132.0,2000.0,-37.7861,144.8897
2,u,425000.0,S,8.7,2.0,1.0,1.0,170.0,,,-37.7818,144.8859
3,u,662500.0,S,8.7,3.0,2.0,2.0,202.0,121.0,2006.0,-37.768,144.8894
3,h,986500.0,S,8.7,3.0,1.0,1.0,629.0,,,-37.7798,144.8872
2,t,410000.0,S,8.7,2.0,1.0,2.0,53.0,71.0,2000.0,-37.7736,144.8798
5,h,930000.0,VB,8.7,5.0,2.0,2.0,330.0,,,-37.7859,144.8898
3,h,920000.0,SP,8.7,3.0,1.0,2.0,689.0,110.0,1920.0,-37.7823,144.887
3,h,1320000.0,S,8.7,3.0,2.0,2.0,645.0,211.0,1900.0,-37.7662,144.8971
5,h,1150000.0,SP,8.7,5.0,3.0,2.0,446.0,286.0,2002.0,-37.7712,144.8763
3,h,680000.0,SP,8.7,3.0,2.0,2.0,225.0,,,-37.7699,144.8791
5,h,990000.0,S,8.7,5.0,2.0,2.0,433.0,,,-37.7742,144.8755
2,u,330000.0,SP,8.7,2.0,1.0,1.0,950.0,,,-37.7665,144.9004
3,t,1011000.0,S,8.7,3.0,2.0,2.0,225.0,,,-37.7867,144.8906
3,h,847000.0,S,8.7,3.0,2.0,2.0,222.0,200.0,2002.0,-37.7697,144.878
2,u,400000.0,SP,8.7,2.0,1.0,2.0,3967.0,87.0,2007.0,-37.7706,144.8805
4,h,1100000.0,PI,8.7,4.0,2.0,2.0,586.0,,,-37.7648,144.8881
3,h,1072000.0,S,8.7,3.0,2.0,2.0,1396.0,175.0,1955.0,-37.7833,144.888
2,t,479000.0,S,8.7,2.0,2.0,1.0,0.0,,,-37.7691,144.8905
2,t,470000.0,S,8.7,2.0,2.0,1.0,0.0,,,-37.7692,144.8905
2,t,510000.0,PI,8.7,2.0,2.0,1.0,176.0,142.0,2010.0,-37.7693,144.8905
3,t,865000.0,PI,8.7,3.0,2.0,2.0,151.0,3.0,2010.0,-37.7855,144.8958
2,u,488000.0,S,8.7,2.0,2.0,2.0,0.0,,,-37.7752,144.8925
4,h,940000.0,S,8.7,4.0,2.0,1.0,325.0,,2004.0,-37.7822,144.892
2,t,570000.0,S,8.7,3.0,1.0,2.0,98.0,128.0,2009.0,-37.7677,144.8925
2,h,335000.0,S,8.7,2.0,1.0,1.0,0.0,99.0,,-37.7681,144.8979
4,h,1900000.0,VB,8.7,4.0,3.0,8.0,865.0,374.0,2013.0,-37.7682,144.8971
2,t,429000.0,S,8.7,2.0,1.0,1.0,83.0,88.0,1980.0,-37.7732,144.8927
2,u,495000.0,S,8.7,2.0,2.0,2.0,37000.0,,,-37.7752,144.8925
3,t,820000.0,VB,8.7,3.0,2.0,2.0,275.0,,,-37.7719,144.8767
3,h,456000.0,SP,8.7,3.0,2.0,2.0,4977.0,95.0,2005.0,-37.7737,144.8816
2,u,566000.0,S,8.7,2.0,2.0,1.0,3014.0,80.0,2012.0,-37.7853,144.8944
2,t,408000.0,S,8.7,2.0,1.0,1.0,85.0,84.0,1980.0,-37.7732,144.8927
4,h,1040000.0,S,8.7,4.0,3.0,2.0,298.0,,,-37.7858,144.8937
2,u,470000.0,VB,8.7,2.0,2.0,1.0,0.0,79.0,2011.0,-37.7853,144.8999
3,h,1460000.0,S,8.7,3.0,1.0,2.0,926.0,,,-37.769,144.8909
3,h,780000.0,VB,8.7,3.0,3.0,2.0,173.0,184.0,2000.0,-37.773,144.8947
3,t,675000.0,SP,8.7,3.0,2.0,2.0,210.0,,,-37.7732,144.879
2,t,440000.0,PI,8.7,2.0,1.0,2.0,54.0,85.0,2000.0,-37.774,144.8797
4,h,1048700.0,SP,8.7,3.0,2.0,2.0,452.0,245.0,1999.0,-37.774,144.877
2,t,400000.0,PI,8.7,2.0,1.0,2.0,54.0,85.0,2000.0,-37.774,144.8797
4,h,1215000.0,S,8.7,4.0,3.0,4.0,613.0,142.0,1950.0,-37.7799,144.8879
4,h,1180000.0,SP,8.7,4.0,3.0,2.0,688.0,166.0,1960.0,-37.7713,144.8937
4,h,1117000.0,S,8.7,4.0,3.0,2.0,325.0,207.0,2005.0,-37.7822,144.8922
2,u,420000.0,S,8.7,2.0,1.0,1.0,0.0,68.0,1970.0,-37.7678,144.8899
5,t,1000000.0,PI,8.7,5.0,3.0,2.0,98.0,,,-37.7843,144.8939
4,h,770000.0,SP,8.7,4.0,2.0,2.0,215.0,231.0,2000.0,-37.7817,144.8916
3,h,905000.0,S,8.7,3.0,1.0,2.0,696.0,,,-37.7832,144.8864
5,h,1151000.0,S,8.7,5.0,2.0,5.0,694.0,232.0,1950.0,-37.7819,144.8901
3,h,907000.0,S,8.7,3.0,1.0,2.0,678.0,124.0,1950.0,-37.769,144.8935
2,u,570000.0,PI,8.7,2.0,2.0,1.0,3014.0,204.0,2012.0,-37.7853,144.8944
3,h,820000.0,PI,8.7,3.0,2.0,2.0,203.0,160.0,2006.0,-37.7853,144.8972
3,h,940000.0,S,8.7,3.0,1.0,1.0,695.0,141.0,1940.0,-37.7825,144.886
4,h,1030000.0,S,8.7,4.0,2.0,1.0,573.0,196.0,1925.0,-37.7844,144.8876
5,h,1350000.0,S,8.7,5.0,3.0,5.0,670.0,,,-37.7676,144.9009
4,h,1230000.0,SP,8.7,3.0,3.0,2.0,270.0,215.0,2009.0,-37.7847,144.8962
3,h,460000.0,VB,8.7,3.0,2.0,1.0,95.0,,2001.0,-37.772,144.8801
3,h,884500.0,S,8.7,3.0,2.0,2.0,211.0,234.0,2005.0,-37.7848,144.8969
3,h,1010000.0,S,8.7,3.0,1.0,1.0,594.0,,1940.0,-37.7804,144.8878
3,h,820000.0,VB,8.7,3.0,1.0,4.0,539.0,,,-37.7837,144.8888
3,h,820000.0,VB,8.7,3.0,1.0,4.0,578.0,176.0,2006.0,-37.7837,144.8887
2,u,330000.0,S,8.7,2.0,1.0,1.0,0.0,,1970.0,-37.7689,144.8981
1,u,427000.0,S,2.8,1.0,1.0,0.0,0.0,,,-37.8111,144.9715
2,u,1160500.0,S,2.8,2.0,2.0,1.0,4230.0,,2006.0,-37.8157,144.9727
2,u,780000.0,SP,2.8,2.0,2.0,1.0,0.0,85.0,1997.0,-37.8095,144.9691
2,u,535000.0,S,2.8,2.0,1.0,1.0,0.0,84.0,2001.0,-37.808,144.9617
2,u,450000.0,VB,2.8,2.0,1.0,1.0,0.0,55.0,2014.0,-37.8091,144.9609
2,u,360000.0,VB,2.8,2.0,1.0,0.0,0.0,66.0,1974.0,-37.8138,144.9548
2,u,665000.0,S,2.8,2.0,1.0,1.0,0.0,80.0,2004.0,-37.8106,144.9646
1,u,386000.0,S,2.8,1.0,1.0,0.0,0.0,64.0,1976.0,-37.8127,144.9627
1,u,659000.0,S,2.8,1.0,1.0,1.0,0.0,59.0,2006.0,-37.8157,144.9727
2,u,671000.0,SP,2.8,2.0,1.0,1.0,0.0,,,-37.8089,144.967
2,u,545000.0,SP,2.8,2.0,1.0,1.0,0.0,67.0,2002.0,-37.8188,144.9544
1,u,450000.0,VB,2.8,1.0,1.0,0.0,0.0,57.0,1960.0,-37.8178,144.9607
1,u,432000.0,S,2.8,1.0,1.0,1.0,0.0,51.0,2005.0,-37.8111,144.9715
1,u,400000.0,VB,2.8,1.0,1.0,1.0,0.0,,2005.0,-37.8106,144.9646
1,u,210000.0,VB,2.8,1.0,1.0,0.0,0.0,,,-37.8078,144.961
3,u,750000.0,S,2.8,3.0,2.0,1.0,0.0,122.0,1998.0,-37.8095,144.9691
1,u,375000.0,PI,2.8,1.0,1.0,0.0,1414.0,47.0,2014.0,-37.8161,144.9712
1,u,680000.0,S,2.8,1.0,1.0,2.0,0.0,102.0,1965.0,-37.8132,144.9545
2,u,470000.0,VB,2.8,2.0,1.0,2.0,0.0,55.0,1917.0,-37.816,144.9535
2,u,650000.0,VB,2.8,2.0,1.0,1.0,0.0,92.0,,-37.8138,144.952
2,u,483000.0,S,2.8,1.0,1.0,1.0,0.0,68.0,2004.0,-37.8106,144.9646
3,u,610000.0,S,2.8,3.0,2.0,0.0,0.0,,,-37.8114,144.961
1,u,700000.0,VB,2.8,1.0,1.0,1.0,0.0,64.0,1920.0,-37.8157,144.9727
2,u,520000.0,VB,2.8,1.0,1.0,1.0,4051.0,68.0,2005.0,-37.8072,144.9623
1,u,440000.0,S,2.8,1.0,1.0,1.0,0.0,65.0,1920.0,-37.8168,144.9691
1,u,436000.0,S,2.8,1.0,1.0,0.0,0.0,,,-37.8159,144.972
2,u,733000.0,S,2.8,2.0,2.0,1.0,0.0,94.0,1965.0,-37.8166,144.9635
2,u,675000.0,VB,2.8,2.0,2.0,1.0,0.0,,2014.0,-37.8161,144.9712
3,h,1630000.0,S,2.8,3.0,2.0,0.0,95.0,,,-37.8092,144.967
3,u,760000.0,S,2.8,2.0,2.0,1.0,0.0,89.0,1997.0,-37.8095,144.9691
2,u,360000.0,VB,2.8,1.0,1.0,1.0,1136.0,69.0,2009.0,-37.8211,144.9559
2,u,390000.0,PI,2.8,2.0,1.0,1.0,1751.0,,2012.0,-37.8077,144.9668
3,h,2600000.0,VB,4.1,3.0,1.0,1.0,279.0,133.0,1900.0,-37.8499,144.957
3,h,2350000.0,S,4.1,3.0,1.0,2.0,277.0,132.0,1900.0,-37.8516,144.9624
3,h,2956000.0,S,4.1,3.0,2.0,0.0,300.0,,,-37.8477,144.9607
2,u,535000.0,S,4.1,2.0,1.0,1.0,760.0,58.0,1930.0,-37.8474,144.9625
1,u,400000.0,S,4.1,1.0,1.0,1.0,0.0,,,-37.8522,144.9678
2,h,1690000.0,VB,4.1,2.0,1.0,1.0,145.0,,,-37.852,144.9654
2,h,1020000.0,S,4.1,2.0,1.0,1.0,107.0,,1900.0,-37.8468,144.9612
2,h,1515000.0,S,4.1,3.0,1.0,0.0,98.0,,,-37.8541,144.9665
2,u,700000.0,SP,4.1,2.0,1.0,1.0,0.0,67.0,1970.0,-37.8556,144.9669
3,h,2360000.0,S,4.1,3.0,1.0,1.0,288.0,,1900.0,-37.8507,144.9591
3,h,2005000.0,S,4.1,3.0,1.0,0.0,220.0,,,-37.8508,144.9589
2,u,702000.0,SP,4.1,2.0,1.0,1.0,0.0,,1970.0,-37.8549,144.9662
4,h,3120000.0,S,4.1,4.0,2.0,1.0,182.0,100.0,1900.0,-37.8518,144.9663
2,h,1025000.0,S,4.1,2.0,1.0,0.0,123.0,73.0,1910.0,-37.8551,144.968
2,h,1920000.0,S,4.1,2.0,1.0,0.0,152.0,82.0,1910.0,-37.8498,144.9628
3,h,2623000.0,S,4.1,3.0,2.0,2.0,181.0,212.0,2010.0,-37.8536,144.9625
3,h,1500000.0,VB,4.1,3.0,2.0,1.0,151.0,165.0,1880.0,-37.847,144.9594
2,h,1630000.0,SP,4.1,2.0,1.0,0.0,152.0,113.0,1915.0,-37.8513,144.9586
3,h,1910000.0,PI,4.1,3.0,1.0,3.0,217.0,125.0,1900.0,-37.8474,144.9582
2,h,1320000.0,SP,11.8,2.0,1.0,1.0,613.0,115.0,1950.0,-37.8238,145.1135
4,h,2850000.0,S,11.8,4.0,2.0,2.0,1388.0,,,-37.82,145.1118
2,u,750000.0,S,11.8,2.0,2.0,2.0,0.0,80.0,2003.0,-37.8161,145.1098
3,h,2588000.0,SP,11.8,3.0,3.0,2.0,1149.0,225.0,1920.0,-37.812,145.1095
5,h,1955000.0,PI,11.8,5.0,3.0,2.0,424.0,,,-37.8145,145.1131
5,h,1400000.0,PI,11.8,5.0,4.0,2.0,355.0,25.0,1979.0,-37.812,145.1074
2,u,665000.0,S,11.8,2.0,2.0,2.0,1291.0,,,-37.8167,145.1118
5,h,2714000.0,S,11.8,5.0,2.0,2.0,1053.0,,,-37.8117,145.1061
6,h,2350000.0,PI,11.8,6.0,3.0,3.0,2026.0,,,-37.8176,145.1117
4,h,2200000.0,S,11.8,4.0,2.0,2.0,931.0,199.0,1930.0,-37.8226,145.1103
2,t,660000.0,PI,11.8,2.0,2.0,1.0,146.0,,,-37.8157,145.1101
3,t,1310000.0,S,11.8,3.0,2.0,2.0,330.0,148.0,2001.0,-37.8167,145.107
2,u,540000.0,S,11.8,2.0,1.0,1.0,0.0,,1960.0,-37.8172,145.1114
4,h,2335000.0,S,11.8,4.0,2.0,2.0,813.0,170.0,1938.0,-37.8118,145.1065
4,h,2000000.0,S,11.8,3.0,2.0,1.0,626.0,,1929.0,-37.8197,145.1106
5,h,1815000.0,S,11.8,5.0,1.0,0.0,711.0,207.0,1950.0,-37.8195,145.1134
2,u,725000.0,VB,11.8,2.0,2.0,2.0,0.0,116.0,2005.0,-37.8161,145.1098
4,h,3900000.0,PI,11.8,4.0,2.0,6.0,2187.0,327.0,1903.0,-37.8186,145.1134
2,h,666000.0,S,11.8,2.0,1.0,1.0,0.0,,,-37.8147,145.1032
3,t,1200000.0,S,11.8,3.0,2.0,2.0,255.0,152.0,2000.0,-37.8192,145.111
3,h,1564000.0,S,11.8,3.0,2.0,2.0,640.0,117.0,1950.0,-37.8173,145.1123
2,u,520000.0,VB,11.8,2.0,1.0,1.0,0.0,92.0,2005.0,-37.8161,145.1098
3,u,670000.0,S,6.9,3.0,2.0,2.0,0.0,120.0,2000.0,-37.7672,144.9209
4,h,1715000.0,S,6.9,4.0,2.0,3.0,668.0,,,-37.7633,144.908
3,h,1055000.0,S,6.9,3.0,2.0,2.0,0.0,189.0,2009.0,-37.7688,144.9054
2,u,348000.0,S,6.9,2.0,1.0,1.0,0.0,63.0,2007.0,-37.7677,144.9221
4,h,1780000.0,S,6.9,4.0,3.0,2.0,615.0,201.0,1920.0,-37.7617,144.9052
6,h,2150000.0,VB,6.9,6.0,3.0,2.0,912.0,,,-37.77,144.9189
5,h,1730000.0,S,6.9,5.0,1.0,1.0,584.0,,,-37.7696,144.9229
3,h,1440000.0,S,6.9,3.0,2.0,1.0,287.0,196.0,1880.0,-37.7698,144.9214
4,h,1225000.0,SP,6.9,4.0,1.0,1.0,388.0,120.0,1920.0,-37.7692,144.9057
4,h,1445000.0,S,6.9,3.0,3.0,2.0,384.0,178.0,1920.0,-37.7617,144.9272
3,h,990000.0,PI,6.9,3.0,1.0,2.0,328.0,107.0,1900.0,-37.7658,144.9077
3,h,1400000.0,S,6.9,3.0,2.0,2.0,597.0,,,-37.761,144.9296
3,h,1550000.0,SP,6.9,3.0,2.0,3.0,477.0,258.0,2014.0,-37.7661,144.9076
3,h,1170000.0,S,6.9,3.0,1.0,1.0,443.0,102.0,1930.0,-37.7585,144.928
4,h,1120000.0,VB,6.9,4.0,1.0,1.0,571.0,138.0,1915.0,-37.7659,144.9116
2,u,675000.0,S,6.9,2.0,1.0,1.0,206.0,,,-37.7694,144.9059
3,h,880000.0,SP,6.9,3.0,2.0,2.0,315.0,,,-37.769,144.9057
4,h,1530000.0,S,6.9,3.0,2.0,1.0,431.0,152.0,1906.0,-37.7702,144.9268
4,h,1350000.0,PI,6.9,4.0,2.0,2.0,447.0,,1880.0,-37.7704,144.9199
3,h,832000.0,S,6.9,3.0,2.0,2.0,214.0,111.0,1997.0,-37.7709,144.9334
2,u,420000.0,VB,6.9,2.0,1.0,1.0,0.0,82.0,1950.0,-37.7701,144.9079
4,h,2400000.0,S,6.9,4.0,4.0,2.0,636.0,308.0,1900.0,-37.7629,144.9157
3,u,565000.0,S,6.9,2.0,2.0,1.0,0.0,115.0,2001.0,-37.7672,144.9209
2,u,550000.0,VB,6.9,2.0,1.0,1.0,0.0,85.0,1990.0,-37.7617,144.9367
4,h,1211000.0,S,6.9,3.0,1.0,3.0,477.0,146.0,1910.0,-37.7632,144.9292
5,h,2405000.0,S,6.9,5.0,2.0,1.0,0.0,,,-37.7696,144.9227
4,h,1395000.0,PI,6.9,4.0,1.0,2.0,603.0,,,-37.7692,144.917
3,h,1630000.0,S,6.9,3.0,2.0,0.0,408.0,199.0,1900.0,-37.77,144.91299999999995
3,h,1160000.0,S,6.9,3.0,1.0,1.0,449.0,133.0,1910.0,-37.7674,144.9084
3,h,1065000.0,S,6.9,3.0,1.0,1.0,395.0,,,-37.7593,144.9276
4,h,1361500.0,S,6.9,4.0,1.0,2.0,453.0,145.0,1920.0,-37.7698,144.9336
2,h,945000.0,S,6.9,2.0,1.0,0.0,225.0,97.0,1890.0,-37.7639,144.9093
1,u,360000.0,SP,6.9,1.0,1.0,1.0,0.0,54.0,1965.0,-37.7652,144.9116
2,h,860000.0,S,6.9,2.0,1.0,1.0,301.0,80.0,1920.0,-37.7695,144.9092
3,h,1260000.0,S,6.9,3.0,2.0,1.0,253.0,,,-37.7708,144.9234
4,h,1637000.0,S,6.9,4.0,1.0,3.0,539.0,190.0,1900.0,-37.7701,144.9287
3,h,1505000.0,S,6.9,3.0,2.0,2.0,249.0,168.0,2007.0,-37.7609,144.9296
2,t,515000.0,VB,6.9,2.0,1.0,1.0,1981.0,111.0,2006.0,-37.7677,144.9221
3,h,1100000.0,VB,6.9,3.0,1.0,2.0,572.0,,,-37.7683,144.9325
2,u,330000.0,VB,6.9,2.0,1.0,1.0,0.0,39.0,2014.0,-37.7715,144.916
3,h,1145000.0,SP,6.9,3.0,2.0,2.0,478.0,,,-37.7615,144.9076
4,h,1322000.0,S,6.9,3.0,1.0,1.0,549.0,192.0,1930.0,-37.7696,144.929
2,h,1015000.0,S,6.9,2.0,1.0,1.0,228.0,125.0,1910.0,-37.7685,144.9183
2,h,750000.0,VB,6.9,2.0,1.0,1.0,0.0,,,-37.7686,144.9068
2,h,1013000.0,S,6.9,2.0,1.0,0.0,237.0,,,-37.769,144.91899999999995
3,h,840000.0,VB,6.9,3.0,1.0,0.0,307.0,136.0,1910.0,-37.7704,144.9083
4,h,1150000.0,S,6.9,4.0,2.0,1.0,481.0,,,-37.7709,144.9151
5,h,1900000.0,VB,6.9,5.0,3.0,2.0,646.0,261.0,1925.0,-37.7625,144.9074
3,t,890500.0,S,6.9,3.0,2.0,1.0,213.0,,1950.0,-37.7631,144.9073
5,h,2340000.0,S,6.9,5.0,3.0,3.0,619.0,372.0,2009.0,-37.7691,144.9321
3,h,1370000.0,S,6.9,3.0,1.0,2.0,427.0,,,-37.7702,144.9266
3,h,1400000.0,SP,6.9,3.0,2.0,2.0,394.0,160.0,1890.0,-37.7699,144.9149
4,h,1310000.0,S,6.9,3.0,3.0,2.0,475.0,,,-37.7609,144.9285
4,h,1833000.0,SP,6.9,4.0,1.0,1.0,583.0,,,-37.7682,144.9151
3,h,855000.0,S,6.9,3.0,1.0,1.0,274.0,,,-37.7641,144.9112
3,h,930000.0,S,6.9,2.0,1.0,1.0,305.0,,1900.0,-37.7711,144.9122
4,h,1640000.0,S,6.9,4.0,2.0,1.0,435.0,329.0,1920.0,-37.7601,144.9228
3,h,1480000.0,S,6.9,3.0,1.0,2.0,436.0,142.0,1910.0,-37.7704,144.9292
2,u,672000.0,SP,6.9,2.0,1.0,2.0,230.0,,1989.0,-37.7595,144.9317
2,u,410000.0,S,6.9,2.0,1.0,1.0,0.0,59.0,1970.0,-37.7597,144.9188
5,t,980000.0,PI,6.9,5.0,2.0,2.0,207.0,168.0,2004.0,-37.7615,144.9333
2,h,1055000.0,S,6.9,2.0,1.0,1.0,292.0,,,-37.7642,144.9195
2,u,440000.0,VB,6.9,2.0,1.0,1.0,0.0,,,-37.7715,144.9155
3,h,1435000.0,S,6.9,3.0,1.0,3.0,633.0,,,-37.7608,144.9322
4,h,1275000.0,S,6.9,4.0,2.0,1.0,627.0,,,-37.7649,144.9091
3,t,842500.0,S,6.9,3.0,2.0,1.0,216.0,156.0,1995.0,-37.7607,144.9314
4,h,1345000.0,SP,6.9,4.0,2.0,2.0,313.0,193.0,1910.0,-37.7709,144.9288
1,u,265000.0,VB,6.9,1.0,1.0,1.0,0.0,41.0,1970.0,-37.758,144.9237
2,h,849000.0,S,6.9,2.0,1.0,1.0,345.0,95.0,1930.0,-37.773,144.9335
3,h,1425000.0,SP,6.9,3.0,1.0,1.0,526.0,159.0,1900.0,-37.7701,144.9172
3,t,1345000.0,SP,6.9,3.0,2.0,1.0,310.0,287.0,1930.0,-37.7639,144.9126
2,u,330000.0,SP,6.9,3.0,1.0,1.0,0.0,54.0,1970.0,-37.7654,144.9094
4,t,726000.0,S,6.9,4.0,2.0,1.0,67.0,145.0,2000.0,-37.761,144.9262
3,h,1250000.0,S,6.9,3.0,2.0,1.0,283.0,222.0,2002.0,-37.7638,144.9175
3,t,870000.0,S,6.9,3.0,2.0,2.0,156.0,152.0,2000.0,-37.7631,144.9357
2,h,801000.0,S,6.9,2.0,1.0,0.0,133.0,,,-37.7712,144.9254
3,h,1725000.0,PI,6.9,3.0,2.0,3.0,596.0,203.0,1950.0,-37.7609,144.905
1,u,415000.0,S,6.9,1.0,1.0,1.0,0.0,,,-37.7623,144.9211
3,u,650000.0,SP,6.9,3.0,1.0,1.0,0.0,,,-37.7606,144.9236
2,u,600000.0,S,6.9,2.0,1.0,1.0,166.0,81.0,1965.0,-37.7624,144.9365
4,h,1505000.0,S,6.9,4.0,2.0,2.0,441.0,164.0,1910.0,-37.7627,144.9278
3,h,850000.0,S,6.9,3.0,2.0,1.0,271.0,143.0,1915.0,-37.7682,144.9058
1,u,292000.0,S,6.9,1.0,1.0,1.0,0.0,45.0,1970.0,-37.758,144.9237
2,h,956000.0,SP,6.9,2.0,1.0,2.0,435.0,,1920.0,-37.7692,144.9042
5,h,1740000.0,S,6.9,4.0,1.0,2.0,739.0,155.0,1930.0,-37.7613,144.9177
3,h,1683000.0,SP,6.9,3.0,2.0,2.0,222.0,,1880.0,-37.7688,144.9291
2,u,574000.0,S,6.9,2.0,2.0,1.0,159.0,,,-37.7666,144.9184
2,u,470000.0,VB,6.9,2.0,1.0,1.0,0.0,65.0,2014.0,-37.7677,144.92
3,t,1130000.0,S,6.9,3.0,2.0,2.0,217.0,145.0,2013.0,-37.7704,144.9162
2,u,730000.0,SP,6.9,2.0,1.0,2.0,217.0,,,-37.7609,144.9308
2,h,831000.0,S,6.9,2.0,1.0,1.0,0.0,,,-37.7685,144.9186
3,h,930000.0,S,6.9,3.0,3.0,1.0,325.0,132.0,1910.0,-37.7702,144.9091
3,h,800000.0,VB,6.9,2.0,1.0,1.0,207.0,,,-37.7687,144.9203
3,h,1111000.0,S,6.9,3.0,1.0,2.0,502.0,,,-37.7693,144.9299
2,h,900000.0,S,6.9,2.0,1.0,1.0,339.0,,,-37.7651,144.9078
2,h,822500.0,S,6.9,3.0,1.0,1.0,219.0,,1900.0,-37.7627,144.9141
4,h,1400000.0,S,6.9,3.0,2.0,2.0,595.0,,,-37.7641,144.9265
1,u,336000.0,S,6.9,1.0,1.0,1.0,0.0,50.0,1980.0,-37.7652,144.9116
2,t,800000.0,S,6.9,2.0,2.0,2.0,239.0,120.0,1970.0,-37.7708,144.9093
3,h,1224000.0,S,14.6,3.0,1.0,3.0,834.0,143.0,1960.0,-37.9376,145.0474
3,h,1020000.0,S,14.6,3.0,1.0,3.0,771.0,,,-37.9375,145.0474
3,h,1000000.0,S,14.6,3.0,2.0,2.0,573.0,150.0,1970.0,-37.9428,145.04399999999995
1,u,380500.0,S,14.6,1.0,1.0,1.0,106.0,51.0,1990.0,-37.9374,145.0388
4,h,930000.0,VB,14.6,4.0,3.0,2.0,443.0,4.0,,-37.9371,145.0578
3,h,1090000.0,SP,14.6,3.0,2.0,2.0,784.0,160.0,1960.0,-37.9368,145.0568
4,h,947500.0,S,14.6,4.0,2.0,2.0,609.0,16.0,,-37.9416,145.058
3,h,836000.0,S,14.6,3.0,1.0,4.0,695.0,165.0,1970.0,-37.9364,145.0559
3,h,1417250.0,S,14.6,3.0,2.0,2.0,653.0,180.0,1950.0,-37.9418,145.0549
3,h,980000.0,SP,14.6,3.0,1.0,2.0,623.0,119.0,,-37.9404,145.046
3,h,1110000.0,S,14.6,3.0,1.0,4.0,690.0,,,-37.9386,145.0585
2,h,950000.0,SP,14.6,2.0,1.0,3.0,649.0,75.0,1950.0,-37.9424,145.0464
4,h,1140000.0,SA,14.6,4.0,2.0,1.0,318.0,242.0,2015.0,-37.9443,145.0448
3,t,750000.0,PI,14.6,3.0,2.0,1.0,164.0,123.0,2010.0,-37.9378,145.0385
3,u,931000.0,S,14.6,3.0,1.0,2.0,313.0,,,-37.9449,145.0459
4,h,1000000.0,S,14.6,4.0,3.0,4.0,581.0,159.0,1960.0,-37.9382,145.0577
2,u,655000.0,S,14.6,2.0,1.0,1.0,1202.0,,,-37.9412,145.0465
4,h,1200000.0,S,14.6,4.0,2.0,1.0,696.0,214.0,1955.0,-37.9398,145.0554
3,h,987000.0,S,14.6,3.0,1.0,1.0,603.0,112.0,1960.0,-37.9404,145.0464
3,h,937000.0,S,14.6,3.0,2.0,1.0,534.0,104.0,1960.0,-37.9426,145.0568
4,h,1426000.0,S,14.6,4.0,2.0,1.0,720.0,218.0,1950.0,-37.9394,145.0408
4,h,1016000.0,S,14.6,4.0,3.0,2.0,272.0,188.0,2000.0,-37.9443,145.0444
3,t,910000.0,S,14.6,3.0,2.0,2.0,312.0,,,-37.9412,145.0491
4,h,1385000.0,S,14.6,4.0,2.0,2.0,807.0,,,-37.9431,145.0407
3,t,785000.0,S,14.6,3.0,2.0,2.0,169.0,,,-37.9385,145.0397
3,h,901000.0,S,14.6,2.0,2.0,3.0,558.0,133.0,1955.0,-37.9435,145.0522
4,h,1300000.0,S,14.6,4.0,3.0,2.0,743.0,171.0,1973.0,-37.9362,145.0442
3,h,975000.0,S,14.6,2.0,1.0,2.0,576.0,121.0,1940.0,-37.9363,145.0495
4,h,1070000.0,S,14.6,4.0,2.0,1.0,603.0,140.0,1955.0,-37.9381,145.0534
2,u,639000.0,S,14.6,2.0,1.0,1.0,83.0,79.0,1960.0,-37.9355,145.0485
2,u,605000.0,S,14.6,2.0,1.0,2.0,180.0,68.0,1980.0,-37.9363,145.0564
3,h,960000.0,S,14.6,3.0,1.0,1.0,593.0,115.0,1960.0,-37.9431,145.0484
3,h,725000.0,PI,14.6,3.0,2.0,1.0,374.0,137.0,1950.0,-37.939,145.0533
3,h,981000.0,S,14.6,2.0,1.0,2.0,601.0,,,-37.9361,145.0456
3,h,975000.0,SP,14.6,3.0,1.0,2.0,650.0,,,-37.9378,145.0546
3,h,800000.0,PI,14.6,3.0,2.0,2.0,261.0,107.0,1990.0,-37.9429,145.0474
4,h,921000.0,S,14.6,4.0,1.0,2.0,592.0,,,-37.9407,145.0482
3,t,917000.0,S,14.6,3.0,2.0,2.0,472.0,152.0,2001.0,-37.9387,145.0461
3,h,890000.0,PI,14.6,3.0,1.0,1.0,698.0,114.0,1960.0,-37.9369,145.0578
3,h,1008000.0,S,14.6,3.0,2.0,1.0,1660.0,160.0,1960.0,-37.9354,145.0464
2,h,1191000.0,S,14.6,2.0,1.0,2.0,756.0,97.0,1950.0,-37.94,145.0449
4,h,1130000.0,S,14.6,4.0,1.0,2.0,638.0,,1972.0,-37.9378,145.05700000000004
2,h,776000.0,S,14.6,2.0,1.0,1.0,209.0,101.0,2002.0,-37.9389,145.0467
4,h,1035000.0,S,14.6,3.0,1.0,2.0,688.0,161.0,1950.0,-37.9411,145.043
3,h,920000.0,S,14.6,3.0,1.0,1.0,653.0,,,-37.9392,145.0481
4,h,1160000.0,S,14.6,4.0,2.0,2.0,588.0,199.0,2011.0,-37.9395,145.0477
3,h,825000.0,PI,14.6,3.0,1.0,2.0,538.0,,,-37.9454,145.0507
3,t,800000.0,S,14.6,3.0,2.0,1.0,0.0,,1999.0,-37.9374,145.0542
1,u,240000.0,VB,14.6,1.0,1.0,1.0,0.0,43.0,1970.0,-37.9428,145.0584
4,t,1105000.0,S,14.6,3.0,2.0,2.0,220.0,187.0,2015.0,-37.9387,145.0398
3,h,1025000.0,SP,8.4,3.0,2.0,2.0,301.0,195.0,,-37.842,144.8902
3,h,826000.0,S,8.4,2.0,1.0,2.0,281.0,100.0,1957.0,-37.8457,144.8651
3,h,900000.0,SP,8.4,3.0,2.0,2.0,194.0,176.0,2010.0,-37.8395,144.8787
3,t,962000.0,S,8.4,3.0,2.0,2.0,283.0,179.0,2011.0,-37.8477,144.8753
2,h,800000.0,S,8.4,2.0,1.0,1.0,244.0,73.0,1940.0,-37.846,144.8729
3,h,785000.0,S,8.4,3.0,2.0,2.0,0.0,,2013.0,-37.8447,144.8654
4,h,710000.0,S,8.4,4.0,1.0,2.0,329.0,108.0,1955.0,-37.847,144.8788
3,h,920000.0,VB,8.4,3.0,2.0,2.0,296.0,,1910.0,-37.8395,144.8825
4,h,940000.0,VB,8.4,3.0,2.0,1.0,379.0,172.0,1930.0,-37.8408,144.8893
3,h,655800.0,S,8.4,2.0,2.0,1.0,178.0,102.0,2009.0,-37.8416,144.8651
4,h,1082000.0,S,8.4,4.0,3.0,2.0,233.0,165.0,2011.0,-37.841,144.8874
3,h,1210000.0,SP,8.4,3.0,1.0,1.0,546.0,144.0,1920.0,-37.8414,144.892
3,h,880000.0,S,8.4,3.0,1.0,1.0,557.0,111.0,1950.0,-37.834,144.8668
1,u,335000.0,S,8.4,1.0,1.0,1.0,0.0,50.0,2005.0,-37.8413,144.8741
4,h,1260000.0,PI,8.4,4.0,1.0,3.0,757.0,159.0,1960.0,-37.8411,144.889
3,h,1400000.0,PI,8.4,3.0,2.0,3.0,2522.0,195.0,2006.0,-37.8462,144.8944
3,h,995000.0,SP,8.4,3.0,1.0,2.0,316.0,118.0,1960.0,-37.849,144.8907
4,h,1380000.0,S,8.4,4.0,1.0,4.0,766.0,,,-37.839,144.8765
3,h,1220000.0,S,8.4,3.0,2.0,0.0,311.0,,1920.0,-37.85,144.8914
3,h,785000.0,S,8.4,3.0,1.0,1.0,185.0,,,-37.8447,144.8734
2,h,962000.0,S,8.4,2.0,1.0,1.0,402.0,94.0,1920.0,-37.8446,144.8796
4,h,860000.0,PI,8.4,3.0,3.0,2.0,217.0,195.0,,-37.8344,144.8764
5,h,1220000.0,S,8.4,5.0,3.0,2.0,681.0,,,-37.8426,144.8731
3,h,930000.0,SP,8.4,3.0,1.0,1.0,307.0,,,-37.8389,144.8779
3,h,930000.0,SP,8.4,3.0,2.0,1.0,343.0,,,-37.8432,144.8764
3,h,800000.0,SP,8.4,3.0,2.0,1.0,0.0,138.0,1970.0,-37.8352,144.8661
3,h,1305000.0,S,8.4,3.0,1.0,0.0,357.0,112.0,1900.0,-37.8459,144.8877
3,h,1060000.0,SP,8.4,3.0,1.0,4.0,600.0,130.0,,-37.8472,144.8707
2,u,485000.0,S,8.4,2.0,1.0,1.0,0.0,65.0,2011.0,-37.8421,144.8821
3,h,950000.0,S,8.4,3.0,2.0,1.0,224.0,,,-37.8364,144.8769
2,h,910000.0,S,8.4,2.0,1.0,1.0,264.0,,,-37.8469,144.8872
3,h,810000.0,S,8.4,3.0,1.0,1.0,390.0,84.0,1970.0,-37.847,144.8734
3,h,776000.0,S,8.4,3.0,1.0,3.0,363.0,,,-37.8476,144.8673
3,h,1002500.0,S,8.4,3.0,1.0,2.0,501.0,,,-37.8356,144.8785
3,h,807500.0,S,8.4,3.0,1.0,3.0,647.0,157.0,,-37.8481,144.8666
2,h,1120000.0,S,8.4,1.0,1.0,3.0,574.0,,,-37.8414,144.8922
3,h,950000.0,S,8.4,2.0,2.0,2.0,281.0,,1950.0,-37.8431,144.8845
4,h,1620000.0,S,8.4,4.0,3.0,1.0,425.0,233.0,2015.0,-37.8456,144.8741
3,h,923000.0,S,8.4,3.0,1.0,0.0,221.0,118.0,1900.0,-37.8415,144.8852
2,h,1030000.0,S,8.4,2.0,1.0,2.0,470.0,136.0,1930.0,-37.8471,144.8769
3,h,1046000.0,SP,8.4,3.0,2.0,2.0,284.0,125.0,1890.0,-37.8446,144.8861
3,h,716000.0,S,8.4,3.0,1.0,2.0,268.0,,,-37.8472,144.8754
2,h,740000.0,S,8.4,2.0,2.0,1.0,213.0,127.0,2006.0,-37.8441,144.8805
4,h,970000.0,S,8.4,3.0,1.0,1.0,619.0,151.0,1915.0,-37.839,144.8854
3,t,735000.0,S,8.4,3.0,2.0,2.0,0.0,162.0,2007.0,-37.8436,144.8691
2,h,762000.0,S,8.4,2.0,1.0,2.0,451.0,,,-37.8349,144.8714
2,u,485000.0,SP,8.4,2.0,1.0,1.0,0.0,63.0,2006.0,-37.8413,144.8741
3,h,950000.0,S,8.4,3.0,1.0,2.0,453.0,145.0,1950.0,-37.8414,144.8707
4,h,1280000.0,S,8.4,4.0,2.0,1.0,458.0,153.0,1930.0,-37.8427,144.879
4,h,1040000.0,S,8.4,3.0,2.0,2.0,299.0,198.0,2004.0,-37.8477,144.8706
2,h,922000.0,S,8.4,2.0,1.0,0.0,301.0,380.0,,-37.8472,144.8907
5,h,2415000.0,S,8.4,3.0,3.0,2.0,803.0,293.0,,-37.8463,144.8935
4,h,1115000.0,S,8.4,4.0,1.0,1.0,0.0,163.0,1880.0,-37.8423,144.8795
3,h,1675000.0,S,8.4,3.0,2.0,2.0,575.0,,,-37.8468,144.8912
3,h,1176000.0,S,8.4,3.0,1.0,2.0,767.0,111.0,1960.0,-37.8466,144.8636
4,h,1265000.0,S,8.4,5.0,2.0,2.0,774.0,185.0,1950.0,-37.8366,144.8758
2,h,801000.0,SP,8.4,1.0,1.0,1.0,343.0,106.0,1920.0,-37.8414,144.8752
3,h,1185000.0,S,8.4,3.0,1.0,2.0,771.0,,,-37.8439,144.8715
3,t,770000.0,S,8.4,3.0,2.0,2.0,224.0,132.0,2015.0,-37.8424,144.8653
3,h,1200000.0,SP,8.4,3.0,2.0,0.0,288.0,,,-37.8426,144.89
3,h,993000.0,SP,8.4,3.0,2.0,2.0,348.0,158.0,1900.0,-37.8435,144.8788
3,h,901000.0,SP,8.4,3.0,1.0,1.0,557.0,,,-37.8378,144.8657
2,h,650000.0,SP,8.4,2.0,1.0,1.0,149.0,62.0,1890.0,-37.8491,144.8903
3,h,891500.0,SP,8.4,3.0,1.0,0.0,344.0,130.0,1920.0,-37.8424,144.8754
4,h,3420000.0,PI,8.4,4.0,2.0,2.0,757.0,,1886.0,-37.849,144.8947
3,h,805000.0,S,8.4,3.0,1.0,2.0,322.0,104.0,1930.0,-37.8422,144.8784
2,h,680000.0,SP,8.4,2.0,1.0,1.0,229.0,101.0,2000.0,-37.8368,144.8768
4,t,827500.0,S,8.4,4.0,3.0,2.0,221.0,,,-37.8424,144.8653
2,h,793000.0,S,8.4,2.0,1.0,1.0,144.0,140.0,1995.0,-37.845,144.8873
3,h,988000.0,SP,8.4,3.0,1.0,1.0,450.0,,,-37.84,144.887
3,t,747000.0,S,8.4,3.0,2.0,2.0,753.0,170.0,2005.0,-37.8413,144.8741
3,h,910000.0,S,8.4,3.0,1.0,2.0,531.0,,,-37.8409,144.8663
2,h,896000.0,S,8.4,2.0,1.0,0.0,297.0,95.0,1900.0,-37.8501,144.8931
2,h,890000.0,SP,8.4,2.0,1.0,0.0,168.0,90.0,1900.0,-37.8475,144.8897
3,h,1199000.0,S,8.4,3.0,1.0,3.0,506.0,,,-37.841,144.8878
3,h,1100000.0,SP,8.4,3.0,2.0,1.0,293.0,,,-37.8446,144.8859
5,h,2015000.0,S,8.4,5.0,2.0,4.0,1017.0,,,-37.8366,144.8769
4,t,930000.0,PI,8.4,4.0,3.0,3.0,278.0,188.0,2009.0,-37.8468,144.874
3,h,1151000.0,S,8.4,2.0,1.0,5.0,571.0,120.0,1920.0,-37.8417,144.8896
4,t,820000.0,S,8.4,4.0,2.0,2.0,753.0,204.0,2006.0,-37.8413,144.8741
2,u,670000.0,SP,8.4,2.0,1.0,1.0,190.0,,,-37.8433,144.8725
3,h,1040000.0,S,8.4,3.0,1.0,2.0,595.0,,,-37.8394,144.8669
4,h,1316000.0,S,8.4,4.0,2.0,3.0,539.0,,2000.0,-37.8366,144.8773
2,h,816000.0,S,8.4,2.0,1.0,1.0,315.0,104.0,1930.0,-37.8465,144.8714
3,h,945000.0,S,8.4,4.0,2.0,1.0,487.0,190.0,2017.0,-37.8438,144.8806
1,h,643700.0,SP,8.4,1.0,1.0,0.0,129.0,45.0,1900.0,-37.8491,144.8903
2,h,760000.0,S,8.4,2.0,1.0,2.0,255.0,109.0,1930.0,-37.8469,144.8766
8,h,881000.0,S,8.4,6.0,2.0,4.0,663.0,190.0,1920.0,-37.8385,144.8824
3,h,900000.0,SP,8.4,3.0,2.0,2.0,360.0,168.0,2013.0,-37.835,144.8814
3,t,830000.0,S,11.2,3.0,3.0,2.0,303.0,236.0,2013.0,-37.742,144.8885
3,h,780000.0,PI,11.2,3.0,2.0,2.0,274.0,,,-37.7353,144.8907
3,h,1020000.0,PI,11.2,3.0,1.0,2.0,650.0,,,-37.7423,144.8905
1,h,1330000.0,S,11.2,1.0,1.0,1.0,846.0,,,-37.7467,144.8872
4,h,1126000.0,SP,11.2,4.0,2.0,2.0,650.0,150.0,1960.0,-37.7429,144.888
3,h,1235000.0,S,11.2,3.0,2.0,1.0,0.0,204.0,2009.0,-37.7473,144.8897
2,u,457000.0,S,11.2,2.0,1.0,1.0,0.0,89.0,1975.0,-37.7467,144.8906
2,u,660000.0,S,11.2,2.0,2.0,1.0,217.0,113.0,2006.0,-37.7465,144.8868
3,t,770000.0,S,11.2,3.0,2.0,1.0,313.0,145.0,2011.0,-37.7335,144.8788
3,h,895500.0,S,11.2,3.0,2.0,2.0,347.0,,,-37.7413,144.8871
4,h,1350000.0,SP,11.2,4.0,3.0,2.0,747.0,242.0,1985.0,-37.7387,144.8827
3,t,820000.0,PI,11.2,3.0,2.0,1.0,229.0,180.0,2012.0,-37.7462,144.8873
2,t,617500.0,S,11.2,2.0,1.0,1.0,237.0,,,-37.74,144.8851
2,u,490000.0,S,11.2,2.0,1.0,1.0,142.0,,,-37.7415,144.8914
3,u,800000.0,S,11.2,3.0,2.0,1.0,0.0,,,-37.7452,144.8895
3,h,991000.0,S,11.2,3.0,1.0,1.0,716.0,139.0,1950.0,-37.7368,144.8856
3,u,970000.0,S,11.2,3.0,2.0,1.0,320.0,167.0,,-37.7377,144.888
2,h,657000.0,S,11.2,2.0,2.0,1.0,268.0,104.0,1950.0,-37.7343,144.8783
3,h,710000.0,S,11.2,3.0,2.0,1.0,317.0,140.0,1950.0,-37.7449,144.8869
3,h,840000.0,S,11.2,3.0,1.0,2.0,603.0,,,-37.7484,144.8892
3,h,975000.0,S,11.2,3.0,1.0,1.0,822.0,,,-37.7379,144.8854
3,u,600000.0,SP,11.2,3.0,2.0,1.0,164.0,,,-37.7479,144.8868
4,h,875000.0,VB,11.2,4.0,3.0,1.0,321.0,,,-37.7424,144.8851
3,h,785000.0,S,11.2,3.0,1.0,2.0,620.0,,,-37.7321,144.8771
3,t,840000.0,S,11.2,3.0,2.0,2.0,374.0,180.0,1990.0,-37.7445,144.8834
3,h,1076000.0,S,11.2,3.0,1.0,1.0,654.0,,,-37.7412,144.8888
4,h,850000.0,S,11.2,4.0,3.0,2.0,641.0,,,-37.7317,144.8751
5,h,1400000.0,VB,11.2,4.0,2.0,2.0,650.0,290.0,2005.0,-37.7391,144.8875
4,h,1080000.0,S,11.2,3.0,3.0,2.0,539.0,162.0,1976.0,-37.7444,144.8847
3,h,1065000.0,SP,11.2,3.0,1.0,2.0,653.0,,,-37.734,144.8785
3,h,773000.0,S,11.2,3.0,2.0,2.0,403.0,,,-37.7324,144.8765
3,u,700000.0,S,11.2,3.0,1.0,1.0,202.0,,,-37.7389,144.887
3,u,760000.0,S,11.2,3.0,2.0,1.0,198.0,,2008.0,-37.7357,144.8908
2,h,1190000.0,S,11.2,2.0,1.0,2.0,650.0,,,-37.7378,144.8893
3,h,1015000.0,S,11.2,3.0,1.0,1.0,643.0,125.0,1950.0,-37.736,144.8839
3,h,875000.0,SP,11.2,3.0,1.0,0.0,656.0,,1950.0,-37.738,144.8816
3,h,1020000.0,S,11.2,3.0,1.0,1.0,650.0,,,-37.7352,144.8845
3,u,773000.0,S,11.2,3.0,1.0,1.0,275.0,,,-37.7383,144.8898
2,u,522500.0,SP,11.2,2.0,1.0,1.0,167.0,,,-37.7328,144.8764
3,h,1100000.0,S,11.2,3.0,1.0,1.0,655.0,,,-37.7459,144.8906
2,h,1007000.0,S,11.2,2.0,1.0,1.0,646.0,,,-37.7433,144.891
4,h,1245000.0,PI,11.2,4.0,3.0,3.0,0.0,225.0,1950.0,-37.7386,144.8902
3,h,1155000.0,S,11.2,3.0,2.0,3.0,653.0,,,-37.7396,144.8887
3,u,746000.0,S,11.2,3.0,1.0,1.0,256.0,,,-37.741,144.8901
4,h,1160000.0,PI,11.2,4.0,3.0,2.0,424.0,,,-37.74800000000001,144.8873
3,h,1105000.0,S,11.2,3.0,1.0,1.0,643.0,119.0,1950.0,-37.7449,144.8899
2,u,591000.0,S,11.2,2.0,1.0,1.0,269.0,,,-37.74,144.8851
3,h,960000.0,PI,11.2,3.0,1.0,1.0,645.0,,,-37.736,144.8809
3,u,815000.0,S,11.2,3.0,2.0,2.0,203.0,,,-37.7465,144.8867
4,h,2920000.0,S,2.3,4.0,3.0,4.0,310.0,276.0,1880.0,-37.7958,144.944
3,h,1635000.0,S,2.3,2.0,1.0,0.0,517.0,,,-37.7967,144.9472
1,u,491000.0,SP,2.3,1.0,1.0,1.0,0.0,,,-37.8044,144.9566
2,u,540000.0,S,2.3,2.0,1.0,1.0,0.0,65.0,1970.0,-37.7994,144.9464
1,u,340000.0,S,2.3,1.0,1.0,1.0,0.0,,,-37.7916,144.9443
2,u,726000.0,S,2.3,2.0,1.0,1.0,0.0,64.0,1970.0,-37.7936,144.9426
3,h,1340000.0,S,2.3,3.0,1.0,0.0,83.0,129.0,1980.0,-37.7987,144.9497
2,t,1105000.0,S,2.3,2.0,2.0,1.0,88.0,119.0,2010.0,-37.8018,144.9429
2,t,841000.0,S,2.3,2.0,1.0,1.0,215.0,0.0,2000.0,-37.7953,144.9437
2,u,528500.0,SP,2.3,2.0,1.0,1.0,0.0,74.0,1960.0,-37.7988,144.9475
2,u,585000.0,SA,2.3,2.0,1.0,1.0,0.0,,,-37.802,144.951
2,u,645000.0,S,2.3,2.0,1.0,1.0,0.0,,,-37.8055,144.9547
1,u,410000.0,VB,2.3,1.0,1.0,1.0,1045.0,55.0,2011.0,-37.802,144.9516
2,u,550000.0,SP,2.3,2.0,1.0,2.0,0.0,54.0,1975.0,-37.7955,144.9492
2,u,470000.0,VB,2.3,2.0,1.0,1.0,0.0,,,-37.7988,144.9478
2,u,470000.0,VB,2.3,2.0,1.0,1.0,0.0,57.0,2006.0,-37.8044,144.9566
2,u,475000.0,S,2.3,2.0,1.0,1.0,0.0,,,-37.7988,144.9475
2,u,640000.0,S,2.3,2.0,2.0,1.0,0.0,84.0,2006.0,-37.802,144.9459
4,h,1330000.0,S,2.3,3.0,2.0,1.0,246.0,,,-37.7914,144.9439
2,u,720000.0,S,2.3,2.0,2.0,1.0,0.0,98.0,1998.0,-37.8015,144.9526
2,t,888000.0,S,2.3,2.0,1.0,1.0,0.0,,,-37.8016,144.9486
3,h,1325000.0,S,2.3,3.0,2.0,1.0,97.0,139.0,2011.0,-37.8014,144.94899999999996
1,u,368000.0,SP,2.3,1.0,1.0,1.0,0.0,52.0,2003.0,-37.8,144.9542
3,t,1300000.0,S,2.3,3.0,2.0,2.0,67.0,,2005.0,-37.804,144.9441
2,u,450000.0,VB,2.3,2.0,1.0,1.0,1588.0,71.0,1970.0,-37.7988,144.9478
3,h,1385000.0,S,2.3,3.0,2.0,0.0,118.0,150.0,1890.0,-37.7976,144.944
2,h,990000.0,S,2.3,2.0,2.0,1.0,584.0,120.0,2008.0,-37.8016,144.9508
2,u,440000.0,PI,2.3,2.0,1.0,1.0,0.0,,1960.0,-37.8004,144.9465
2,u,606000.0,S,2.3,2.0,1.0,2.0,0.0,84.0,2000.0,-37.8022,144.9439
1,u,450000.0,SP,2.3,1.0,1.0,1.0,0.0,60.0,2012.0,-37.802,144.9516
3,h,1470000.0,S,2.3,2.0,1.0,0.0,232.0,93.0,1930.0,-37.7977,144.9512
2,u,591500.0,S,2.3,2.0,1.0,1.0,0.0,,,-37.8004,144.9465
2,t,1300000.0,VB,2.3,2.0,2.0,1.0,0.0,,,-37.8029,144.9452
2,h,1010000.0,S,2.3,2.0,2.0,0.0,109.0,100.0,1900.0,-37.795,144.942
2,h,1266000.0,S,2.3,2.0,1.0,0.0,161.0,106.0,1960.0,-37.8043,144.9437
2,u,620000.0,S,2.3,2.0,1.0,2.0,0.0,69.0,2004.0,-37.8004,144.9544
2,u,540000.0,S,2.3,2.0,1.0,1.0,0.0,,1970.0,-37.7981,144.9461
2,h,1200000.0,SP,2.3,2.0,2.0,1.0,146.0,,,-37.7959,144.9464
2,u,630000.0,SP,2.3,2.0,1.0,1.0,0.0,75.0,2002.0,-37.8055,144.9547
2,u,560000.0,S,2.3,2.0,1.0,1.0,2300.0,68.0,1975.0,-37.7997,144.9472
2,h,800000.0,VB,2.3,2.0,2.0,1.0,55.0,,2011.0,-37.8014,144.9488
2,u,665500.0,S,2.3,2.0,2.0,1.0,0.0,96.0,2012.0,-37.8009,144.9471
2,u,550055.0,SP,2.3,2.0,1.0,2.0,1004.0,65.0,1971.0,-37.7926,144.9441
1,u,358000.0,SP,2.3,1.0,1.0,1.0,649.0,43.0,1970.0,-37.7971,144.9448
1,u,320000.0,S,2.3,1.0,1.0,1.0,0.0,45.0,1975.0,-37.7955,144.9492
3,t,1000000.0,VB,2.3,3.0,2.0,1.0,61.0,170.0,1920.0,-37.8039,144.9424
2,u,598000.0,S,2.3,2.0,1.0,1.0,0.0,85.0,2005.0,-37.8044,144.9566
2,u,950000.0,S,2.3,2.0,2.0,1.0,0.0,2.0,,-37.802,144.951
3,t,1065000.0,S,2.3,3.0,2.0,1.0,64.0,,2008.0,-37.7994,144.9521
2,h,885000.0,S,2.3,2.0,1.0,1.0,111.0,73.0,1880.0,-37.8044,144.9481
2,u,587134.0,SP,2.3,2.0,1.0,1.0,0.0,1.0,1970.0,-37.7976,144.9454
2,h,1286000.0,S,5.5,2.0,1.0,1.0,245.0,108.0,1890.0,-37.7662,145.0096
3,h,1200000.0,S,5.5,3.0,1.0,1.0,215.0,125.0,1920.0,-37.7759,144.9909
3,h,1382500.0,SA,5.5,3.0,2.0,2.0,286.0,188.0,2007.0,-37.7708,145.0054
2,u,630000.0,S,5.5,2.0,2.0,1.0,0.0,,,-37.7679,144.9994
4,h,1600000.0,VB,5.5,4.0,2.0,1.0,464.0,179.0,1910.0,-37.7805,145.004
3,h,1310000.0,PI,5.5,3.0,2.0,1.0,267.0,,1920.0,-37.7744,145.0033
2,h,1035000.0,S,5.5,2.0,1.0,0.0,140.0,,,-37.7709,144.9964
3,h,1980000.0,S,5.5,3.0,2.0,4.0,613.0,,,-37.7664,145.0121
2,u,592000.0,S,5.5,2.0,1.0,2.0,0.0,,,-37.7828,145.0096
3,h,1335000.0,S,5.5,3.0,1.0,3.0,520.0,,,-37.7683,145.0156
3,h,1710000.0,PI,5.5,3.0,1.0,1.0,247.0,160.0,1890.0,-37.7798,144.9952
4,h,1590000.0,SP,5.5,4.0,1.0,1.0,484.0,,1925.0,-37.7672,145.0095
6,h,2000000.0,SP,5.5,6.0,2.0,2.0,772.0,257.0,1992.0,-37.7813,145.0065
2,u,583000.0,SP,5.5,2.0,2.0,1.0,0.0,69.0,2011.0,-37.7793,144.9972
2,u,418000.0,SP,5.5,2.0,1.0,1.0,1882.0,,,-37.768,144.9895
3,h,860000.0,PI,5.5,3.0,1.0,1.0,213.0,,,-37.766,145.0039
2,t,650000.0,VB,5.5,2.0,2.0,2.0,55.0,100.0,2013.0,-37.7627,144.9898
4,h,1700000.0,PI,5.5,4.0,2.0,1.0,415.0,218.0,1900.0,-37.7807,144.9948
2,h,1575000.0,SA,5.5,2.0,1.0,3.0,607.0,126.0,1945.0,-37.7668,145.0149
2,h,950000.0,S,5.5,2.0,1.0,1.0,191.0,73.0,1920.0,-37.7715,144.9951
3,h,1655000.0,SP,5.5,3.0,1.0,3.0,472.0,101.0,1924.0,-37.7765,145.0027
4,h,1950000.0,S,5.5,4.0,1.0,2.0,608.0,,1870.0,-37.7731,144.9967
4,h,905000.0,S,5.5,2.0,1.0,1.0,314.0,,,-37.76300000000001,144.9978
3,h,1255000.0,S,5.5,3.0,2.0,1.0,259.0,156.0,1910.0,-37.7687,144.9922
2,u,601000.0,S,5.5,2.0,1.0,1.0,0.0,,,-37.7765,144.996
2,h,1020000.0,S,5.5,2.0,1.0,2.0,347.0,115.0,1935.0,-37.76300000000001,144.9886
1,u,435000.0,S,5.5,1.0,1.0,2.0,0.0,55.0,1970.0,-37.7842,144.9991
2,h,790000.0,PI,5.5,2.0,1.0,1.0,136.0,78.0,2000.0,-37.7651,145.0027
3,h,990000.0,S,5.5,2.0,1.0,2.0,497.0,,,-37.7739,145.0114
2,u,605000.0,S,5.5,2.0,1.0,2.0,0.0,65.0,2000.0,-37.7828,145.0096
4,h,2270000.0,S,5.5,4.0,2.0,2.0,440.0,,1992.0,-37.7852,144.9975
1,u,385000.0,SP,5.5,1.0,1.0,0.0,0.0,41.0,1970.0,-37.7827,144.9999
2,h,900000.0,S,5.5,2.0,1.0,0.0,367.0,,,-37.7704,145.0067
4,h,1340000.0,S,5.5,4.0,1.0,2.0,0.0,,,-37.76300000000001,144.9966
3,h,1300000.0,S,5.5,3.0,2.0,1.0,379.0,,,-37.7741,145.0109
4,h,1310000.0,PI,5.5,4.0,2.0,2.0,282.0,,,-37.7709,145.0057
2,h,1112000.0,S,5.5,4.0,1.0,2.0,238.0,,,-37.7732,144.9957
2,h,910000.0,S,5.5,2.0,1.0,2.0,229.0,,1900.0,-37.7681,144.9877
3,t,830000.0,S,5.5,3.0,3.0,1.0,55.0,,2013.0,-37.7626,144.9898
4,h,2100000.0,PI,5.5,4.0,1.0,2.0,0.0,,,-37.7736,145.0004
3,h,1190000.0,S,5.5,3.0,1.0,1.0,445.0,125.0,1920.0,-37.7652,145.0123
3,t,865000.0,S,5.5,3.0,1.0,2.0,184.0,108.0,2006.0,-37.7825,145.0104
4,h,2175000.0,S,5.5,5.0,2.0,1.0,573.0,186.0,1890.0,-37.7707,144.9924
3,h,1085000.0,S,5.5,3.0,1.0,2.0,610.0,,,-37.7704,145.0066
1,u,312000.0,S,5.5,1.0,1.0,1.0,0.0,39.0,1960.0,-37.7783,144.9954
1,u,320000.0,PI,5.5,1.0,1.0,0.0,0.0,,,-37.7827,144.9999
2,h,890000.0,S,5.5,2.0,1.0,1.0,225.0,92.0,1910.0,-37.7663,145.0009
5,h,2700000.0,S,5.5,4.0,3.0,3.0,490.0,331.0,1920.0,-37.7726,145.0048
2,h,1101000.0,S,5.5,2.0,1.0,0.0,229.0,99.0,1910.0,-37.7784,145.0042
3,h,926000.0,S,5.5,3.0,1.0,2.0,380.0,,,-37.7709,145.0105
3,h,1050000.0,SP,5.5,3.0,1.0,0.0,158.0,106.0,1910.0,-37.7756,144.9891
3,h,1010000.0,S,5.5,3.0,1.0,1.0,178.0,124.0,2000.0,-37.771,144.9974
5,h,2155000.0,S,5.5,5.0,2.0,2.0,692.0,,1920.0,-37.7784,145.0035
2,u,430000.0,PI,5.5,2.0,1.0,1.0,0.0,,1970.0,-37.7813,145.0062
3,h,1900000.0,SP,5.5,3.0,1.0,1.0,522.0,174.0,1910.0,-37.7752,145.0032
2,h,888000.0,SP,5.5,2.0,1.0,1.0,190.0,102.0,1985.0,-37.7667,144.9909
2,h,1020000.0,S,5.5,2.0,1.0,1.0,354.0,97.0,1920.0,-37.7638,144.9933
3,h,1160000.0,S,5.5,2.0,3.0,2.0,425.0,,,-37.7684,145.0099
2,h,844000.0,S,5.5,2.0,1.0,1.0,174.0,106.0,1995.0,-37.7642,144.9963
3,h,1860000.0,S,5.5,2.0,3.0,1.0,448.0,,,-37.7792,144.9951
3,h,1676000.0,S,5.5,3.0,1.0,2.0,401.0,,,-37.7801,144.9954
3,t,900000.0,S,5.5,3.0,2.0,2.0,608.0,138.0,2012.0,-37.7763,144.9967
3,h,1300000.0,S,5.5,3.0,1.0,1.0,328.0,135.0,1920.0,-37.7745,145.0045
3,u,810000.0,SP,5.5,3.0,1.0,2.0,150.0,119.0,2000.0,-37.7648,145.0098
2,t,701000.0,SP,5.5,2.0,1.0,1.0,0.0,109.0,2000.0,-37.7711,145.013
1,u,410000.0,S,5.5,1.0,1.0,0.0,0.0,,,-37.7793,144.9972
2,h,1255000.0,S,5.5,2.0,1.0,2.0,314.0,120.0,,-37.7762,145.003
2,u,665000.0,PI,5.5,2.0,1.0,1.0,120.0,76.0,1975.0,-37.7715,145.0075
2,h,1085000.0,S,5.5,2.0,2.0,1.0,152.0,120.0,,-37.7661,145.0001
3,h,2315000.0,SP,5.5,3.0,1.0,2.0,899.0,143.0,1960.0,-37.7822,144.9935
2,h,1170000.0,S,5.5,2.0,1.0,3.0,453.0,93.0,1920.0,-37.7666,145.0132
2,h,875000.0,S,5.5,2.0,1.0,1.0,0.0,,,-37.7736,145.0074
3,h,1715000.0,S,5.5,3.0,1.0,1.0,407.0,143.0,1900.0,-37.7799,144.9937
3,h,1396500.0,S,5.5,3.0,1.0,1.0,302.0,,,-37.7636,144.9864
1,u,422000.0,S,5.5,1.0,1.0,1.0,0.0,40.0,1970.0,-37.7827,144.9999
3,h,1474000.0,S,5.5,3.0,1.0,0.0,304.0,131.0,1910.0,-37.7642,145.001
3,h,1340000.0,S,5.5,3.0,2.0,1.0,165.0,,1997.0,-37.7814,145.0039
3,h,980000.0,S,5.5,3.0,1.0,0.0,279.0,,,-37.77,145.0049
2,h,1035000.0,S,5.5,2.0,1.0,2.0,243.0,102.0,1890.0,-37.7653,145.0014
2,u,460000.0,VB,5.5,2.0,1.0,1.0,0.0,65.0,2009.0,-37.7641,144.9958
3,h,1760000.0,S,5.5,2.0,2.0,2.0,403.0,180.0,1920.0,-37.7673,145.0081
3,h,975000.0,S,5.5,3.0,1.0,2.0,274.0,,2006.0,-37.7815,145.0096
2,h,1095000.0,S,5.5,2.0,1.0,2.0,306.0,86.0,1910.0,-37.7644,145.004
3,h,1121000.0,S,5.5,3.0,1.0,0.0,0.0,,,-37.7821,144.9995
1,u,370000.0,PI,5.5,2.0,1.0,1.0,0.0,,,-37.7635,144.9934
3,h,1225000.0,SP,5.5,3.0,1.0,2.0,307.0,135.0,1910.0,-37.764,144.9976
4,h,2004000.0,S,5.5,3.0,2.0,1.0,569.0,,,-37.772,145.0039
2,h,1211000.0,S,5.5,2.0,1.0,1.0,178.0,100.0,1900.0,-37.777,144.9922
5,h,4300000.0,SP,5.5,4.0,4.0,3.0,569.0,,1910.0,-37.7763,144.9964
3,h,1400000.0,S,5.5,3.0,1.0,1.0,335.0,,,-37.7816,145.0141
2,u,770000.0,S,5.5,2.0,1.0,1.0,129.0,115.0,1975.0,-37.7668,145.0063
3,h,1090000.0,SP,5.5,3.0,1.0,2.0,318.0,,,-37.7733,145.0078
4,h,1830000.0,S,5.5,3.0,1.0,1.0,654.0,,,-37.7756,145.0082
3,h,1000000.0,VB,5.5,3.0,1.0,1.0,440.0,131.0,1930.0,-37.7663,145.0118
2,u,600000.0,S,5.5,2.0,1.0,1.0,671.0,,,-37.7833,145.0135
2,u,692000.0,S,5.5,2.0,1.0,1.0,0.0,,2012.0,-37.7765,144.9984
3,t,980000.0,S,5.5,3.0,2.0,2.0,195.0,,,-37.7678,144.9853
4,h,1310000.0,S,5.5,4.0,2.0,1.0,355.0,,,-37.7636,144.9872
2,h,1050000.0,S,5.5,2.0,1.0,2.0,301.0,100.0,1925.0,-37.774,145.0081
5,h,1700000.0,S,5.5,5.0,3.0,1.0,450.0,265.0,1930.0,-37.7701,144.9886
3,h,2160000.0,S,5.5,3.0,2.0,1.0,338.0,90.0,1920.0,-37.7757,145.0119
3,h,1610000.0,S,5.5,3.0,1.0,2.0,501.0,,,-37.7771,145.0116
1,u,400000.0,VB,5.5,1.0,1.0,1.0,0.0,43.0,2014.0,-37.7831,145.0124
4,h,1420000.0,S,5.5,3.0,1.0,1.0,465.0,137.0,1890.0,-37.7662,144.9889
4,h,1950000.0,S,5.5,4.0,2.0,1.0,489.0,140.0,1910.0,-37.7762,145.0027
5,h,1820000.0,SP,5.5,5.0,3.0,2.0,344.0,230.0,1939.0,-37.7677,145.0085
4,h,1900000.0,PI,5.5,3.0,2.0,1.0,537.0,,,-37.7763,145.0117
3,h,1080000.0,S,5.5,2.0,1.0,1.0,348.0,130.0,1910.0,-37.7799,145.011
2,u,570000.0,VB,5.5,2.0,1.0,1.0,0.0,10.0,1970.0,-37.7766,144.9988
3,h,1450000.0,PI,5.5,3.0,1.0,1.0,489.0,,1900.0,-37.7756,145.0002
3,h,1400000.0,S,5.5,3.0,1.0,2.0,582.0,,1932.0,-37.7651,145.0062
2,h,1340000.0,S,5.5,2.0,1.0,1.0,297.0,108.0,1910.0,-37.7627,144.9986
1,u,340000.0,PI,5.5,1.0,1.0,1.0,0.0,,,-37.7839,144.9991
4,h,1300000.0,VB,5.5,4.0,3.0,2.0,187.0,,1970.0,-37.7642,145.0025
4,h,2340000.0,S,5.5,4.0,2.0,3.0,824.0,231.0,1920.0,-37.7803,145.0063
2,h,1634000.0,SP,5.5,2.0,1.0,2.0,376.0,109.0,1920.0,-37.7789,144.9952
2,h,910000.0,S,5.5,2.0,1.0,1.0,150.0,81.0,1995.0,-37.7665,144.9955
4,h,1650000.0,S,5.5,4.0,1.0,1.0,382.0,168.0,1970.0,-37.7784,144.9959
3,t,1130000.0,S,5.5,3.0,2.0,1.0,229.0,,,-37.7671,145.0153
4,h,3850000.0,PI,5.5,4.0,4.0,8.0,1390.0,,1912.0,-37.7767,144.9996
3,h,1510000.0,PI,5.5,3.0,1.0,3.0,327.0,165.0,1900.0,-37.7741,144.9971
3,h,1500000.0,PI,5.5,4.0,1.0,8.0,727.0,,1900.0,-37.7825,145.0072
4,h,2315000.0,S,5.5,3.0,2.0,4.0,750.0,,,-37.7825,145.0073
3,h,892000.0,S,11.5,3.0,1.0,3.0,757.0,,,-37.718,144.9174
2,h,592000.0,S,11.5,2.0,1.0,2.0,577.0,,,-37.7137,144.9167
3,u,647000.0,S,11.5,3.0,1.0,2.0,250.0,,,-37.7232,144.9148
4,h,865000.0,S,11.5,4.0,1.0,2.0,696.0,160.0,1955.0,-37.7209,144.9158
4,h,1350000.0,S,11.5,4.0,2.0,2.0,590.0,237.0,,-37.7151,144.9194
2,u,476000.0,S,11.5,2.0,1.0,1.0,189.0,85.0,1995.0,-37.7151,144.9191
4,h,830000.0,PI,11.5,4.0,2.0,2.0,616.0,,1950.0,-37.7134,144.9096
3,h,706000.0,PI,11.5,3.0,1.0,0.0,715.0,111.0,1960.0,-37.7143,144.9092
4,h,920000.0,S,11.5,4.0,2.0,2.0,780.0,179.0,1965.0,-37.7168,144.9171
2,u,522000.0,S,11.5,2.0,1.0,1.0,161.0,91.0,2012.0,-37.7204,144.9131
3,u,358500.0,S,11.5,3.0,1.0,1.0,0.0,,,-37.7233,144.9168
4,h,690000.0,S,11.5,3.0,1.0,1.0,553.0,137.0,1960.0,-37.7161,144.9165
4,h,800000.0,S,11.5,4.0,2.0,1.0,589.0,,,-37.7151,144.9157
3,t,770000.0,S,11.5,3.0,2.0,2.0,272.0,138.0,2012.0,-37.7182,144.9244
5,h,1100000.0,PI,11.5,5.0,2.0,4.0,783.0,223.0,1950.0,-37.7207,144.9263
3,h,727500.0,S,11.5,3.0,1.0,2.0,719.0,,,-37.7152,144.9074
3,h,925000.0,S,11.5,3.0,1.0,4.0,815.0,,1997.0,-37.7151,144.9062
2,t,475000.0,PI,11.5,2.0,1.0,1.0,118.0,113.0,2010.0,-37.7232,144.9154
3,u,651000.0,S,11.5,3.0,2.0,2.0,198.0,113.0,2009.0,-37.722,144.9169
3,t,770000.0,SP,11.5,3.0,2.0,2.0,264.0,,,-37.722,144.9192
3,h,900000.0,SP,11.5,3.0,1.0,1.0,705.0,,,-37.7187,144.914
3,h,815500.0,S,11.5,3.0,2.0,2.0,790.0,165.0,1940.0,-37.718,144.9124
3,h,770000.0,S,11.5,3.0,2.0,2.0,382.0,173.0,1960.0,-37.7152,144.9165
2,t,585500.0,S,11.5,2.0,1.0,1.0,161.0,86.0,2013.0,-37.7218,144.9188
4,h,840000.0,SP,11.5,4.0,1.0,2.0,704.0,196.0,1960.0,-37.7143,144.9096
4,h,1005000.0,S,11.5,4.0,1.0,1.0,780.0,,,-37.7182,144.9246
2,u,470000.0,VB,11.5,2.0,1.0,1.0,138.0,76.0,2009.0,-37.7209,144.9179
3,h,810000.0,SP,11.5,3.0,1.0,3.0,763.0,93.0,1960.0,-37.7178,144.9121
3,u,550000.0,PI,11.5,3.0,1.0,1.0,196.0,,,-37.7216,144.9157
4,h,855333.0,S,11.5,4.0,1.0,2.0,694.0,183.0,1974.0,-37.718,144.9138
5,h,900000.0,VB,11.5,5.0,2.0,2.0,568.0,260.0,1995.0,-37.7129,144.9253
2,h,480000.0,S,11.5,2.0,1.0,2.0,0.0,,,-37.7157,144.9165
3,t,680000.0,S,14.7,3.0,2.0,1.0,189.0,123.0,,-37.9122,145.0853
3,h,981000.0,S,14.7,3.0,1.0,2.0,646.0,,,-37.9167,145.0855
4,h,876000.0,S,14.7,4.0,2.0,1.0,535.0,,,-37.9384,145.0878
3,h,875000.0,S,14.7,3.0,2.0,1.0,258.0,105.0,1999.0,-37.9156,145.0879
4,h,651000.0,PI,14.7,4.0,2.0,2.0,214.0,189.0,2010.0,-37.9244,145.0883
3,h,802000.0,S,14.7,1.0,1.0,2.0,533.0,120.0,1960.0,-37.9348,145.0836
3,h,995000.0,S,14.7,3.0,1.0,1.0,530.0,,,-37.9248,145.1067
4,h,881500.0,S,14.7,4.0,2.0,2.0,581.0,,,-37.9355,145.0979
5,h,900000.0,S,14.7,5.0,2.0,2.0,558.0,239.0,1987.0,-37.9366,145.0954
3,h,782000.0,SP,14.7,3.0,2.0,2.0,0.0,,,-37.9244,145.0885
2,h,580000.0,PI,14.7,2.0,1.0,2.0,428.0,,,-37.9249,145.0943
3,h,937500.0,S,14.7,3.0,1.0,2.0,530.0,,,-37.9245,145.0937
3,h,1080000.0,S,14.7,3.0,2.0,2.0,716.0,,,-37.9261,145.083
3,h,1000000.0,S,14.7,3.0,2.0,2.0,575.0,120.0,1960.0,-37.9215,145.0925
3,h,1235000.0,S,14.7,3.0,1.0,4.0,743.0,,,-37.9129,145.094
4,h,801347.0,SP,14.7,4.0,2.0,1.0,567.0,164.0,1970.0,-37.9361,145.0816
3,h,921000.0,S,14.7,3.0,1.0,2.0,535.0,129.0,1970.0,-37.9377,145.0856
6,h,1900000.0,S,14.7,6.0,2.0,6.0,1200.0,181.0,1970.0,-37.9099,145.0875
2,h,752500.0,SP,14.7,2.0,1.0,1.0,308.0,112.0,1950.0,-37.9191,145.0855
4,h,800000.0,PI,14.7,4.0,2.0,2.0,558.0,,,-37.9393,145.0962
3,t,800000.0,S,14.7,3.0,1.0,2.0,252.0,,,-37.9167,145.0879
3,h,1067000.0,S,14.7,3.0,1.0,2.0,648.0,122.0,1940.0,-37.9196,145.0876
4,h,1310000.0,S,14.7,4.0,2.0,4.0,993.0,,1960.0,-37.9239,145.0943
3,h,800000.0,S,14.7,3.0,2.0,2.0,0.0,,,-37.918,145.1064
3,h,1260500.0,S,14.7,3.0,1.0,1.0,774.0,107.0,1950.0,-37.9178,145.0872
3,h,850500.0,S,14.7,3.0,1.0,2.0,531.0,118.0,1962.0,-37.9303,145.082
2,u,625000.0,S,14.7,2.0,1.0,1.0,204.0,,,-37.9107,145.0891
3,h,980500.0,S,14.7,3.0,2.0,2.0,727.0,,,-37.9187,145.1098
3,h,1068000.0,S,14.7,3.0,2.0,2.0,609.0,172.0,1970.0,-37.9213,145.0854
4,h,937500.0,SP,14.7,4.0,2.0,2.0,539.0,226.0,1993.0,-37.9413,145.0957
4,h,1126000.0,S,14.7,4.0,2.0,2.0,530.0,242.0,1980.0,-37.935,145.083
2,h,778000.0,S,14.7,2.0,1.0,1.0,806.0,89.0,1965.0,-37.9112,145.0873
4,h,1230000.0,S,2.6,4.0,2.0,2.0,357.0,249.0,2009.0,-37.7767,144.9403
3,u,1360000.0,S,2.6,3.0,2.0,1.0,0.0,139.0,,-37.7818,144.9576
2,h,1805000.0,S,2.6,2.0,1.0,1.0,187.0,102.0,1890.0,-37.7939,144.9572
1,u,352500.0,S,2.6,1.0,1.0,1.0,0.0,,,-37.7864,144.9409
1,u,395000.0,SP,2.6,1.0,1.0,1.0,2469.0,,,-37.7827,144.9575
1,h,307000.0,S,2.6,1.0,1.0,1.0,0.0,,,-37.7864,144.9409
2,h,2200000.0,S,2.6,2.0,2.0,1.0,190.0,172.0,1875.0,-37.7928,144.9575
1,u,485000.0,PI,2.6,1.0,1.0,1.0,0.0,,,-37.7823,144.9593
4,h,1717500.0,S,2.6,4.0,2.0,1.0,165.0,,,-37.7933,144.9556
2,h,1265000.0,S,2.6,2.0,1.0,0.0,70.0,102.0,1890.0,-37.7931,144.9565
1,u,401000.0,S,2.6,1.0,1.0,1.0,0.0,,,-37.7852,144.9589
4,h,2375000.0,S,2.6,4.0,2.0,2.0,182.0,,,-37.7965,144.9544
2,h,1851000.0,S,2.6,2.0,1.0,1.0,172.0,,1900.0,-37.7948,144.9571
2,u,734600.0,SP,2.6,2.0,2.0,1.0,2427.0,,1990.0,-37.7896,144.9584
4,h,1928000.0,S,2.6,4.0,1.0,0.0,194.0,186.0,1890.0,-37.7944,144.9542
1,u,526000.0,SP,2.6,1.0,1.0,1.0,2488.0,50.0,1995.0,-37.7829,144.9574
3,h,2236000.0,S,2.6,4.0,2.0,1.0,154.0,196.0,1890.0,-37.7934,144.9562
1,u,500000.0,S,2.6,1.0,1.0,1.0,2431.0,,,-37.7821,144.9576
3,u,1403000.0,S,2.6,3.0,2.0,2.0,2401.0,132.0,1980.0,-37.7818,144.9576
3,h,965000.0,SP,2.6,3.0,2.0,2.0,173.0,,,-37.7795,144.9413
3,u,1040000.0,S,2.6,3.0,2.0,1.0,0.0,,,-37.7818,144.9576
1,u,526000.0,S,2.6,1.0,1.0,1.0,0.0,,1995.0,-37.7829,144.9574
2,u,750000.0,SP,2.6,2.0,1.0,1.0,2193.0,,,-37.7813,144.9578
3,h,1120000.0,S,9.9,2.0,1.0,2.0,50.0,141.0,1950.0,-37.734,144.9416
3,h,770000.0,S,9.9,3.0,1.0,4.0,560.0,120.0,1960.0,-37.7156,144.9429
2,h,915000.0,S,9.9,2.0,1.0,3.0,629.0,,1975.0,-37.7312,144.9399
4,h,975000.0,S,9.9,4.0,1.0,1.0,733.0,159.0,1960.0,-37.7194,144.9307
3,h,770000.0,S,9.9,3.0,1.0,0.0,464.0,,,-37.7301,144.9487
3,h,780000.0,S,9.9,3.0,1.0,1.0,446.0,115.0,1950.0,-37.7181,144.9422
3,u,600000.0,S,9.9,3.0,1.0,1.0,204.0,124.0,2008.0,-37.7234,144.9497
3,h,1465000.0,S,9.9,3.0,1.0,2.0,956.0,,,-37.7308,144.9397
4,h,955000.0,S,9.9,4.0,2.0,2.0,686.0,135.0,1950.0,-37.731,144.9486
3,h,767000.0,S,9.9,3.0,1.0,1.0,505.0,,,-37.7187,144.9432
4,h,1196000.0,S,9.9,4.0,2.0,2.0,559.0,281.0,1997.0,-37.7236,144.9347
3,h,731000.0,S,9.9,3.0,1.0,2.0,568.0,111.0,1960.0,-37.7178,144.9422
2,h,555000.0,S,9.9,2.0,1.0,2.0,336.0,,,-37.7323,144.9288
3,u,585000.0,S,9.9,3.0,1.0,1.0,180.0,98.0,2009.0,-37.718,144.94
2,t,480000.0,PI,9.9,2.0,1.0,1.0,113.0,94.0,1988.0,-37.7269,144.9274
4,t,605000.0,PI,9.9,4.0,2.0,1.0,215.0,157.0,1990.0,-37.7247,144.9257
2,u,495000.0,SP,9.9,3.0,1.0,2.0,205.0,,,-37.7317,144.9313
3,h,738000.0,SP,9.9,3.0,1.0,1.0,821.0,106.0,1974.0,-37.7153,144.9418
2,h,386000.0,S,9.9,2.0,1.0,1.0,111.0,67.0,1987.0,-37.7152,144.9349
2,u,452000.0,S,9.9,2.0,1.0,1.0,159.0,87.0,1990.0,-37.7291,144.9446
3,h,522500.0,S,9.9,3.0,1.0,1.0,192.0,121.0,2005.0,-37.7177,144.9321
2,h,601500.0,S,9.9,2.0,1.0,1.0,253.0,,2000.0,-37.7286,144.9249
3,h,1305000.0,S,9.9,3.0,1.0,1.0,735.0,,,-37.7282,144.9304
2,h,741000.0,S,9.9,2.0,1.0,2.0,520.0,300.0,2006.0,-37.7204,144.9446
2,u,495000.0,S,9.9,2.0,1.0,1.0,207.0,,1975.0,-37.7283,144.9417
5,h,1345000.0,S,9.9,5.0,2.0,5.0,759.0,,,-37.7296,144.9362
2,t,530000.0,SP,9.9,2.0,1.0,1.0,156.0,98.0,2004.0,-37.7311,144.9395
3,h,815000.0,S,9.9,2.0,1.0,1.0,438.0,94.0,1960.0,-37.7338,144.9441
4,h,930000.0,PI,9.9,4.0,1.0,3.0,746.0,,,-37.7161,144.931
2,u,521500.0,SP,9.9,2.0,1.0,1.0,0.0,,1970.0,-37.7262,144.9273
4,h,730000.0,VB,9.9,4.0,1.0,3.0,683.0,,,-37.7251,144.9394
3,h,775000.0,S,9.9,3.0,1.0,1.0,406.0,103.0,1960.0,-37.7269,144.9447
4,h,990000.0,S,9.9,4.0,2.0,2.0,770.0,,,-37.7166,144.9393
5,h,950000.0,VB,9.9,5.0,2.0,2.0,705.0,166.0,1950.0,-37.7328,144.9281
2,h,915000.0,S,9.9,2.0,1.0,3.0,629.0,,1975.0,-37.7312,144.9399
3,h,900000.0,S,9.9,3.0,1.0,1.0,570.0,139.0,1950.0,-37.7273,144.9274
3,h,810000.0,S,9.9,3.0,1.0,1.0,470.0,,,-37.7315,144.9399
2,h,920000.0,S,9.9,2.0,1.0,2.0,650.0,,,-37.7238,144.9384
3,h,835000.0,PI,9.9,3.0,1.0,2.0,422.0,132.0,1950.0,-37.7337,144.9458
3,t,790000.0,S,9.9,3.0,3.0,1.0,291.0,175.0,2009.0,-37.7271,144.9261
4,h,810000.0,VB,9.9,4.0,2.0,1.0,455.0,147.0,1950.0,-37.7207,144.9511
3,t,667500.0,SP,9.9,3.0,2.0,2.0,167.0,,,-37.7228,144.928
2,t,500000.0,VB,9.9,2.0,1.0,1.0,147.0,109.0,2012.0,-37.7209,144.93
2,u,485000.0,S,9.9,2.0,1.0,1.0,139.0,74.0,1975.0,-37.7315,144.9301
2,u,488000.0,S,9.9,3.0,1.0,2.0,219.0,84.0,2001.0,-37.7283,144.9331
3,h,900000.0,SP,9.9,3.0,2.0,2.0,608.0,168.0,1940.0,-37.7182,144.9405
2,h,680000.0,PI,9.9,2.0,1.0,2.0,590.0,95.0,1940.0,-37.717,144.9509
3,h,683500.0,S,9.9,3.0,1.0,2.0,590.0,,,-37.717,144.9507
3,t,590000.0,PI,9.9,3.0,2.0,2.0,191.0,142.0,2000.0,-37.7223,144.9315
3,h,770000.0,SP,9.9,3.0,1.0,3.0,464.0,124.0,1955.0,-37.7184,144.9488
3,h,815000.0,S,9.9,3.0,1.0,2.0,628.0,,,-37.7295,144.9316
3,h,975000.0,SP,9.9,3.0,1.0,3.0,686.0,151.0,1970.0,-37.7231,144.9252
4,h,970000.0,S,9.9,3.0,2.0,1.0,535.0,154.0,1920.0,-37.7282,144.9462
3,u,515000.0,SP,9.9,3.0,1.0,2.0,0.0,,,-37.7305,144.9397
3,h,940000.0,S,9.9,3.0,1.0,1.0,589.0,,1970.0,-37.7282,144.9312
3,t,600000.0,S,9.9,3.0,3.0,1.0,205.0,107.0,1940.0,-37.7212,144.9326
2,t,510000.0,S,9.9,2.0,1.0,1.0,110.0,91.0,2013.0,-37.7282,144.928
3,h,750000.0,SP,9.9,3.0,2.0,2.0,540.0,146.0,1999.0,-37.7174,144.941
4,h,822000.0,SP,9.9,4.0,2.0,2.0,250.0,194.0,1983.0,-37.7319,144.9461
3,h,983000.0,S,9.9,3.0,1.0,2.0,650.0,,,-37.7304,144.9463
3,h,600000.0,VB,9.9,3.0,1.0,3.0,490.0,,,-37.7195,144.9513
4,t,640000.0,VB,9.9,3.0,2.0,2.0,353.0,,,-37.7214,144.9246
3,t,430000.0,VB,9.9,3.0,2.0,1.0,146.0,106.0,2006.0,-37.7152,144.9346
4,h,1350000.0,PI,9.9,4.0,2.0,2.0,646.0,287.0,1995.0,-37.7256,144.9383
4,h,780000.0,VB,9.9,4.0,1.0,1.0,556.0,,,-37.7289,144.9412
2,h,474000.0,S,9.9,2.0,1.0,1.0,558.0,,,-37.7153,144.9434
2,h,810000.0,S,9.9,2.0,1.0,1.0,783.0,94.0,1950.0,-37.7196,144.9485
4,h,723000.0,S,9.9,4.0,1.0,2.0,485.0,,1960.0,-37.7239,144.9395
2,t,550500.0,S,9.9,2.0,1.0,2.0,135.0,100.0,2012.0,-37.7242,144.9411
2,t,610000.0,S,9.9,2.0,1.0,1.0,169.0,109.0,1995.0,-37.7186,144.9306
3,h,1000000.0,SP,9.9,3.0,1.0,2.0,858.0,,,-37.7273,144.9254
3,u,533000.0,SP,9.9,3.0,2.0,2.0,197.0,111.0,2007.0,-37.7266,144.9496
2,h,630000.0,S,9.9,2.0,1.0,1.0,602.0,,,-37.724,144.9501
2,t,410000.0,VB,9.9,2.0,1.0,1.0,105.0,88.0,2014.0,-37.7233,144.9507
3,h,600000.0,PI,9.9,3.0,1.0,4.0,557.0,111.0,1955.0,-37.7156,144.94299999999996
3,h,616000.0,S,9.9,3.0,1.0,1.0,190.0,108.0,1970.0,-37.7211,144.9508
3,h,792000.0,S,9.9,3.0,1.0,2.0,582.0,,,-37.724,144.9333
3,h,960000.0,S,9.9,3.0,1.0,2.0,641.0,111.0,1950.0,-37.7253,144.938
4,h,985000.0,SP,9.9,4.0,2.0,2.0,511.0,182.0,2007.0,-37.7268,144.9401
4,h,820000.0,VB,9.9,4.0,1.0,1.0,420.0,,,-37.7326,144.9475
3,h,670000.0,S,9.9,3.0,1.0,1.0,596.0,145.0,1949.0,-37.721,144.9514
2,h,855000.0,S,9.9,2.0,1.0,2.0,659.0,,,-37.7286,144.9317
4,t,665000.0,SP,9.9,4.0,2.0,2.0,148.0,141.0,2001.0,-37.7231,144.9482
3,h,690000.0,S,9.9,3.0,1.0,1.0,507.0,,,-37.7253,144.9324
3,h,880000.0,S,9.9,3.0,2.0,2.0,588.0,106.0,1960.0,-37.7283,144.9356
3,h,700000.0,S,9.9,3.0,1.0,2.0,449.0,104.0,1950.0,-37.7286,144.9456
3,t,600000.0,VB,9.9,3.0,2.0,1.0,122.0,139.0,1998.0,-37.7231,144.9373
3,h,721000.0,S,9.9,3.0,1.0,2.0,542.0,,,-37.7189,144.9367
2,h,720000.0,SP,9.9,2.0,1.0,1.0,428.0,,,-37.7333,144.9384
4,h,910000.0,PI,9.9,4.0,2.0,0.0,934.0,,,-37.7232,144.923
2,h,1570000.0,S,9.9,2.0,1.0,1.0,746.0,265.0,1950.0,-37.7304,144.9496
2,h,525500.0,S,9.9,2.0,1.0,1.0,111.0,84.0,2000.0,-37.7261,144.9336
3,h,612500.0,S,9.9,3.0,1.0,1.0,522.0,132.0,1950.0,-37.7187,144.9514
1,u,248500.0,S,9.9,1.0,1.0,1.0,49.0,49.0,1970.0,-37.7152,144.9402
3,h,960000.0,S,9.9,3.0,2.0,2.0,501.0,501.0,1960.0,-37.7258,144.9347
2,h,1085000.0,S,9.9,3.0,1.0,2.0,847.0,,1960.0,-37.7182,144.9384
3,h,650000.0,VB,9.9,3.0,2.0,1.0,266.0,,,-37.7271,144.9485
4,h,650000.0,SP,9.9,4.0,1.0,2.0,410.0,141.0,1940.0,-37.7346,144.9456
4,h,937000.0,S,9.9,4.0,2.0,2.0,708.0,,,-37.7257,144.9418
2,u,360000.0,VB,9.9,2.0,1.0,1.0,119.0,,,-37.7161,144.9348
3,h,500000.0,VB,9.9,3.0,1.0,2.0,191.0,92.0,2013.0,-37.7168,144.9329
2,h,775000.0,S,9.9,2.0,1.0,2.0,527.0,,1950.0,-37.7304,144.9261
3,h,599000.0,SP,9.9,3.0,1.0,1.0,534.0,100.0,1950.0,-37.7215,144.951
2,u,1100000.0,S,3.8,2.0,2.0,1.0,0.0,,,-37.8405,144.9319
2,h,1240000.0,PI,3.8,2.0,1.0,0.0,0.0,,,-37.836,144.9419
6,h,1800000.0,VB,3.8,6.0,4.0,2.0,353.0,,,-37.8384,144.923
3,h,1150000.0,S,3.8,3.0,2.0,1.0,0.0,134.0,1990.0,-37.8359,144.9342
3,h,985000.0,S,3.8,3.0,1.0,0.0,171.0,167.0,1890.0,-37.8385,144.9409
3,u,1200000.0,SP,3.8,3.0,2.0,2.0,0.0,139.0,2012.0,-37.841,144.9379
2,u,1340000.0,VB,3.8,2.0,2.0,2.0,21700.0,,2000.0,-37.8424,144.9449
3,h,2200000.0,S,3.8,3.0,2.0,0.0,250.0,280.0,1863.0,-37.8381,144.9391
4,h,2105000.0,S,3.8,4.0,2.0,3.0,611.0,181.0,1940.0,-37.8349,144.9266
2,u,550000.0,S,3.8,2.0,1.0,1.0,0.0,57.0,2012.0,-37.8408,144.94
2,u,1250000.0,VB,3.8,2.0,2.0,2.0,0.0,,,-37.8399,144.9287
2,u,575000.0,VB,3.8,2.0,2.0,1.0,0.0,,,-37.8415,144.9412
4,h,1915000.0,S,3.8,4.0,3.0,1.0,323.0,237.0,1935.0,-37.8371,144.921
3,h,1630000.0,S,3.8,3.0,2.0,2.0,135.0,135.0,1997.0,-37.8395,144.9343
2,h,1000000.0,S,3.8,2.0,2.0,0.0,96.0,108.0,1890.0,-37.8327,144.9474
3,h,1470000.0,S,3.8,3.0,1.0,0.0,153.0,109.0,1880.0,-37.8382,144.9469
2,u,725000.0,VB,3.8,2.0,2.0,2.0,0.0,87.0,2010.0,-37.8431,144.9403
2,h,1234500.0,S,3.8,3.0,1.0,0.0,183.0,185.0,,-37.8329,144.9375
2,u,600000.0,VB,3.8,2.0,1.0,1.0,0.0,74.0,2005.0,-37.8424,144.9449
3,h,1342000.0,S,3.8,3.0,2.0,2.0,173.0,137.0,1900.0,-37.8375,144.941
1,u,500000.0,S,3.8,1.0,1.0,1.0,0.0,60.0,2006.0,-37.8416,144.939
2,u,795000.0,S,3.8,2.0,2.0,1.0,579.0,84.0,2013.0,-37.8416,144.9381
2,u,590000.0,VB,3.8,2.0,2.0,1.0,0.0,70.0,2012.0,-37.8404,144.9391
4,h,1502000.0,S,3.8,4.0,1.0,2.0,146.0,,1880.0,-37.8343,144.9452
2,u,1100000.0,SP,3.8,2.0,2.0,1.0,0.0,110.0,2006.0,-37.8392,144.9257
3,h,1421000.0,S,3.8,3.0,2.0,1.0,215.0,,1990.0,-37.8393,144.9336
2,u,845000.0,SP,3.8,2.0,2.0,2.0,2166.0,,,-37.8415,144.9412
2,u,720000.0,S,3.8,2.0,1.0,1.0,0.0,,,-37.8434,144.9435
2,h,1275000.0,S,3.8,2.0,2.0,1.0,115.0,115.0,2015.0,-37.8351,144.9441
2,h,1000000.0,VB,3.8,2.0,1.0,1.0,90.0,106.0,2007.0,-37.8357,144.9376
4,h,1820000.0,S,3.8,4.0,2.0,1.0,212.0,158.0,1900.0,-37.8331,144.9412
1,u,420000.0,S,3.8,1.0,1.0,1.0,0.0,,,-37.841,144.9379
2,u,600000.0,PI,3.8,2.0,2.0,1.0,995.0,,,-37.8407,144.9383
3,h,1916000.0,S,3.8,2.0,2.0,1.0,190.0,,1900.0,-37.8393,144.947
1,u,577000.0,S,3.8,1.0,1.0,1.0,0.0,,2004.0,-37.8424,144.9449
2,u,655000.0,S,3.8,2.0,2.0,1.0,0.0,83.0,2000.0,-37.8392,144.9421
2,h,1016500.0,S,3.8,2.0,1.0,1.0,131.0,,,-37.8352,144.9458
2,h,1350000.0,S,3.8,2.0,1.0,1.0,195.0,94.0,1900.0,-37.8395,144.9462
3,h,1560000.0,S,3.8,3.0,2.0,2.0,241.0,131.0,1900.0,-37.8346,144.9448
2,u,1035000.0,PI,3.8,2.0,2.0,1.0,0.0,,2003.0,-37.8435,144.9415
2,u,1070000.0,S,3.8,2.0,2.0,1.0,0.0,,2003.0,-37.8435,144.9415
2,h,1060000.0,S,3.8,2.0,1.0,0.0,106.0,70.0,1910.0,-37.8346,144.9373
2,u,1610000.0,S,3.8,2.0,2.0,2.0,0.0,104.0,2007.0,-37.8392,144.9257
2,h,1101000.0,S,3.8,2.0,1.0,0.0,152.0,71.0,1910.0,-37.8393,144.9386
2,h,880000.0,S,3.8,2.0,1.0,2.0,163.0,83.0,1980.0,-37.8359,144.9358
2,u,730000.0,VB,3.8,2.0,1.0,1.0,0.0,,,-37.8431,144.9403
2,h,1080000.0,S,3.8,2.0,1.0,0.0,105.0,70.0,1910.0,-37.8338,144.9474
2,h,1115000.0,S,3.8,2.0,1.0,0.0,120.0,76.0,1900.0,-37.8322,144.947
2,u,516000.0,SP,3.8,2.0,1.0,1.0,0.0,70.0,2004.0,-37.8407,144.9389
3,h,1753000.0,S,3.8,3.0,2.0,1.0,225.0,153.0,1910.0,-37.8381,144.9329
2,h,825000.0,S,3.8,2.0,1.0,0.0,111.0,,,-37.835,144.9373
2,u,820000.0,VB,3.8,2.0,2.0,2.0,2166.0,,,-37.8415,144.9412
2,h,900000.0,SP,3.8,2.0,1.0,0.0,124.0,70.0,1900.0,-37.8356,144.9439
5,h,2350000.0,S,3.8,5.0,1.0,2.0,350.0,173.0,1890.0,-37.8407,144.9424
3,t,1565000.0,S,3.8,3.0,1.0,2.0,188.0,,,-37.8371,144.9478
3,h,1670000.0,S,3.8,3.0,2.0,1.0,140.0,169.0,1880.0,-37.8353,144.9442
3,h,1402000.0,S,3.8,3.0,1.0,0.0,108.0,106.0,1900.0,-37.8332,144.945
3,h,1570000.0,S,3.8,3.0,2.0,1.0,210.0,211.0,1999.0,-37.8382,144.9272
3,h,1515000.0,S,3.8,3.0,2.0,0.0,211.0,,,-37.8347,144.9368
2,h,1155000.0,S,3.8,2.0,1.0,0.0,112.0,,,-37.8329,144.9455
2,h,1150000.0,S,3.8,2.0,1.0,0.0,82.0,90.0,1910.0,-37.8361,144.9403
2,h,875000.0,S,3.8,2.0,1.0,1.0,95.0,,,-37.8381,144.9465
2,u,625000.0,PI,3.8,2.0,2.0,1.0,2166.0,,,-37.8415,144.9412
3,h,1384000.0,S,3.8,3.0,1.0,0.0,184.0,100.0,1905.0,-37.8348,144.9443
2,u,1405000.0,S,3.8,2.0,2.0,1.0,0.0,,,-37.84,144.9275
2,u,655000.0,S,3.8,2.0,1.0,1.0,0.0,86.0,2006.0,-37.8416,144.939
1,u,456000.0,SP,3.8,1.0,1.0,1.0,0.0,63.0,2007.0,-37.8405,144.9385
3,u,2260000.0,S,3.8,3.0,2.0,2.0,0.0,450.0,,-37.842,144.9364
2,h,1130000.0,S,3.8,1.0,1.0,0.0,112.0,,,-37.8404,144.9422
3,h,1305000.0,S,3.8,2.0,2.0,2.0,303.0,,,-37.8369,144.9183
2,u,720000.0,S,3.8,2.0,2.0,1.0,0.0,,2012.0,-37.84,144.939
2,h,1130000.0,PI,3.8,2.0,1.0,1.0,159.0,,,-37.8356,144.9436
2,u,520000.0,S,3.8,1.0,1.0,1.0,0.0,70.0,2005.0,-37.8407,144.9389
2,u,1250000.0,VB,3.8,2.0,2.0,2.0,0.0,,2003.0,-37.8435,144.9415
1,u,470000.0,SP,3.8,1.0,1.0,1.0,0.0,62.0,2000.0,-37.8436,144.944
2,u,600000.0,VB,3.8,2.0,1.0,1.0,0.0,72.0,1996.0,-37.8398,144.9404
2,u,670000.0,S,3.8,2.0,1.0,1.0,0.0,71.0,2006.0,-37.8424,144.9449
3,h,1100000.0,S,3.8,3.0,1.0,0.0,103.0,,,-37.8342,144.9456
2,u,1252000.0,SP,3.8,2.0,1.0,2.0,0.0,,,-37.8399,144.9287
2,h,1010000.0,S,3.8,2.0,1.0,1.0,139.0,,1960.0,-37.8342,144.9393
2,t,779000.0,S,3.8,2.0,1.0,1.0,0.0,,,-37.8396,144.9391
2,h,790000.0,PI,3.8,2.0,1.0,1.0,108.0,,,-37.8329,144.9463
1,u,455500.0,S,3.8,1.0,1.0,1.0,0.0,,2002.0,-37.8405,144.9385
2,h,1400000.0,S,3.8,2.0,1.0,1.0,168.0,102.0,1934.0,-37.8346,144.9453
3,h,1520000.0,PI,3.8,3.0,2.0,1.0,0.0,160.0,2016.0,-37.8363,144.9336
3,h,1655000.0,S,3.8,3.0,1.0,1.0,220.0,,,-37.8329,144.942
1,u,600000.0,S,3.8,1.0,1.0,1.0,6866.0,63.0,2010.0,-37.8443,144.9437
1,h,1014000.0,S,3.8,3.0,1.0,0.0,151.0,,,-37.835,144.9444
3,h,1351000.0,S,3.8,3.0,1.0,0.0,197.0,,,-37.8343,144.9362
3,u,2460000.0,S,3.8,3.0,2.0,2.0,5042.0,102.0,1995.0,-37.8405,144.9319
1,u,540000.0,VB,3.8,1.0,1.0,1.0,0.0,,2000.0,-37.8429,144.9449
3,h,3705000.0,S,3.8,3.0,2.0,2.0,214.0,241.0,2014.0,-37.8341,144.9458
2,h,1180000.0,S,3.8,2.0,1.0,1.0,347.0,,,-37.8366,144.9225
3,t,950000.0,PI,3.8,3.0,2.0,2.0,0.0,134.0,2012.0,-37.8317,144.9446
3,h,1350000.0,S,3.8,3.0,1.0,1.0,114.0,138.0,1990.0,-37.8371,144.939
3,h,2100000.0,S,3.8,3.0,2.0,1.0,170.0,,,-37.835,144.94299999999996
2,u,735000.0,S,3.8,2.0,1.0,1.0,0.0,100.0,2000.0,-37.8424,144.9449
1,u,400000.0,VB,3.8,1.0,1.0,1.0,0.0,64.0,2000.0,-37.8392,144.9421
2,u,900000.0,S,3.8,2.0,1.0,2.0,0.0,94.0,1997.0,-37.8426,144.9398
1,u,470000.0,PI,3.8,1.0,1.0,1.0,0.0,,,-37.8431,144.9403
4,h,2160000.0,S,3.8,3.0,3.0,2.0,232.0,230.0,,-37.8392,144.9378
3,h,1380000.0,S,3.8,3.0,1.0,0.0,0.0,134.0,1890.0,-37.8373,144.9397
3,h,1080000.0,S,3.8,3.0,1.0,2.0,116.0,95.0,1910.0,-37.8401,144.94299999999996
3,h,1405000.0,SP,3.8,3.0,2.0,1.0,158.0,,,-37.835,144.9442
2,u,650000.0,VB,4.5,2.0,1.0,1.0,0.0,,,-37.85,145.0085
1,u,342000.0,S,4.5,1.0,1.0,1.0,0.0,34.0,1960.0,-37.8486,144.9872
2,h,950000.0,PI,4.5,2.0,1.0,1.0,88.0,121.0,2000.0,-37.8503,144.9913
2,u,781000.0,S,4.5,2.0,1.0,1.0,0.0,73.0,1930.0,-37.8511,145.0029
1,u,549800.0,S,4.5,1.0,1.0,1.0,0.0,51.0,2012.0,-37.8519,144.9948
1,u,492000.0,S,4.5,1.0,1.0,1.0,1768.0,45.0,1888.0,-37.851,144.988
1,u,500500.0,S,4.5,1.0,1.0,1.0,0.0,64.0,1945.0,-37.857,145.0027
3,h,1240000.0,S,4.5,3.0,1.0,0.0,223.0,,,-37.8527,145.0088
3,u,1400000.0,S,4.5,3.0,2.0,2.0,0.0,136.0,1920.0,-37.847,144.9936
3,u,685000.0,PI,4.5,2.0,2.0,1.0,0.0,92.0,1996.0,-37.8496,144.9905
3,u,710000.0,S,4.5,2.0,1.0,1.0,0.0,114.0,1900.0,-37.8516,144.9943
1,u,330000.0,VB,4.5,1.0,1.0,1.0,0.0,51.0,1970.0,-37.8595,145.0076
3,h,1430000.0,S,4.5,3.0,1.0,0.0,135.0,,1900.0,-37.8495,144.9885
1,u,325000.0,VB,4.5,1.0,1.0,1.0,0.0,,,-37.8486,144.9872
3,t,1245000.0,PI,4.5,2.0,2.0,1.0,128.0,134.0,2000.0,-37.8526,145.0071
2,u,830000.0,S,4.5,2.0,1.0,1.0,727.0,,,-37.8503,144.9855
2,h,1182500.0,S,4.5,2.0,1.0,0.0,141.0,72.0,1900.0,-37.852,145.0061
2,h,1303000.0,S,4.5,2.0,1.0,0.0,288.0,160.0,1900.0,-37.8512,145.0053
2,h,1210000.0,S,4.5,2.0,1.0,0.0,218.0,,1910.0,-37.8561,145.0042
1,u,482500.0,SP,4.5,2.0,1.0,1.0,443.0,50.0,1970.0,-37.8493,145.0006
3,h,1730000.0,S,4.5,2.0,2.0,1.0,210.0,,,-37.851,145.0051
2,h,1090000.0,PI,4.5,2.0,1.0,1.0,158.0,,,-37.8531,145.0063
3,h,1358000.0,S,4.5,2.0,1.0,1.0,189.0,,,-37.8561,145.0056
2,u,585000.0,PI,4.5,2.0,1.0,1.0,0.0,87.0,1960.0,-37.8581,145.0017
2,h,1106000.0,S,4.5,2.0,1.0,1.0,0.0,135.0,2005.0,-37.8526,145.0033
3,h,1650000.0,S,4.5,3.0,3.0,1.0,209.0,,,-37.8467,144.9897
2,h,1590000.0,S,4.5,2.0,1.0,2.0,308.0,107.0,1930.0,-37.8492,145.0019
2,u,590000.0,PI,4.5,2.0,1.0,1.0,356.0,,2005.0,-37.8509,144.9954
2,h,1055000.0,S,4.5,2.0,1.0,0.0,203.0,85.0,1900.0,-37.8557,145.0053
3,u,1350000.0,VB,4.5,3.0,2.0,2.0,0.0,,,-37.8493,144.9908
2,u,700000.0,S,4.5,2.0,1.0,1.0,0.0,,1888.0,-37.851,144.988
2,u,473000.0,S,4.5,2.0,1.0,1.0,0.0,,,-37.8559,145.006
3,h,1100000.0,PI,4.5,2.0,1.0,1.0,111.0,99.0,2001.0,-37.8525,145.0071
2,h,1200000.0,S,4.5,2.0,3.0,1.0,91.0,,,-37.853,145.0069
2,u,530000.0,VB,4.5,2.0,1.0,1.0,0.0,76.0,1888.0,-37.851,144.988
3,h,1651000.0,S,4.5,3.0,1.0,2.0,294.0,,,-37.8558,145.0072
2,u,615000.0,SA,4.5,2.0,1.0,1.0,0.0,,,-37.8529,145.0098
2,h,1500000.0,VB,4.5,2.0,1.0,2.0,222.0,108.0,1930.0,-37.8501,144.9995
2,h,1460000.0,S,4.5,2.0,1.0,2.0,227.0,,,-37.8543,145.003
2,u,841000.0,S,4.5,2.0,2.0,1.0,0.0,101.0,1850.0,-37.847,144.9936
2,u,570000.0,VB,4.5,2.0,1.0,1.0,0.0,78.0,2004.0,-37.8588,145.0024
2,u,480000.0,PI,4.5,2.0,1.0,2.0,0.0,,1970.0,-37.8592,145.0054
2,h,1310000.0,S,4.5,2.0,1.0,1.0,162.0,,,-37.8528,145.0017
3,h,1530000.0,S,4.5,3.0,1.0,0.0,231.0,,,-37.8498,145.0039
2,u,560000.0,S,4.5,2.0,1.0,1.0,0.0,71.0,2000.0,-37.8506,144.9919
2,h,1300000.0,S,4.5,3.0,1.0,1.0,126.0,,,-37.8518,145.0061
2,h,815000.0,S,4.5,2.0,1.0,0.0,96.0,71.0,1880.0,-37.8501,144.9953
2,h,765000.0,S,4.5,2.0,1.0,0.0,98.0,,1890.0,-37.8501,144.9953
2,h,910000.0,S,4.5,2.0,1.0,1.0,183.0,71.0,1930.0,-37.8543,145.0024
3,t,1450000.0,VB,4.5,3.0,2.0,3.0,1958.0,98.0,1995.0,-37.8526,145.0106
2,t,1540000.0,S,4.5,2.0,2.0,1.0,113.0,104.0,1945.0,-37.8481,144.9869
3,h,1811000.0,S,4.5,3.0,2.0,1.0,273.0,125.0,1890.0,-37.8544,145.0038
2,h,1180000.0,S,4.5,2.0,1.0,0.0,214.0,215.0,1900.0,-37.8577,145.0053
2,u,510000.0,PI,4.5,2.0,1.0,1.0,0.0,,1999.0,-37.8513,144.9943
3,t,1015000.0,S,4.5,3.0,3.0,1.0,0.0,,,-37.8514,144.9957
3,h,1720000.0,S,4.5,3.0,2.0,2.0,183.0,200.0,1999.0,-37.8562,145.0042
3,h,1050000.0,S,4.5,3.0,2.0,1.0,8216.0,130.0,1995.0,-37.85,144.9876
2,h,1582000.0,S,4.5,2.0,1.0,0.0,214.0,122.0,1915.0,-37.8572,145.0066
3,h,2385000.0,PI,4.5,3.0,2.0,2.0,217.0,,1900.0,-37.8523,145.0064
2,u,681000.0,S,4.5,2.0,2.0,1.0,0.0,95.0,1995.0,-37.8598,145.0097
4,h,1820000.0,S,4.5,4.0,1.0,1.0,305.0,,1920.0,-37.8493,144.9873
2,h,1305000.0,S,4.5,2.0,1.0,1.0,131.0,79.0,1900.0,-37.8479,144.9988
3,h,1255000.0,S,4.5,3.0,1.0,1.0,231.0,124.0,1910.0,-37.8467,144.9894
3,h,2180000.0,S,4.5,2.0,2.0,2.0,238.0,153.0,1890.0,-37.8476,144.9892
2,u,712500.0,SP,4.5,2.0,2.0,1.0,0.0,,,-37.8493,144.9908
3,h,1720000.0,S,4.5,3.0,2.0,1.0,272.0,163.0,1900.0,-37.8553,145.007
2,h,1021000.0,S,4.5,2.0,1.0,1.0,175.0,,,-37.857,145.0058
3,h,1220000.0,S,4.5,3.0,2.0,1.0,112.0,100.0,1900.0,-37.8517,145.0056
1,u,240000.0,SP,4.5,1.0,1.0,1.0,0.0,,,-37.8584,145.0017
2,h,1500000.0,S,4.5,2.0,1.0,2.0,236.0,,,-37.8478,144.9892
3,h,1612000.0,S,4.5,3.0,2.0,0.0,146.0,139.0,1900.0,-37.8519,145.0055
3,h,1442000.0,S,4.5,3.0,1.0,2.0,199.0,,,-37.8494,145.005
3,h,1250000.0,S,8.8,3.0,1.0,2.0,644.0,141.0,1980.0,-37.7419,145.0049
3,h,855000.0,VB,8.8,3.0,1.0,2.0,584.0,,,-37.7332,145.0252
4,h,930000.0,S,8.8,4.0,2.0,2.0,604.0,180.0,1920.0,-37.7369,144.9905
4,h,900000.0,S,8.8,4.0,2.0,1.0,530.0,,1940.0,-37.7416,145.016
4,h,1004000.0,S,8.8,3.0,0.0,0.0,650.0,,,-37.7346,145.0226
3,h,930000.0,SP,8.8,3.0,1.0,2.0,518.0,,,-37.7418,145.0095
3,h,1200000.0,PI,8.8,3.0,2.0,1.0,465.0,,,-37.7471,144.9877
3,h,721000.0,S,8.8,3.0,1.0,1.0,581.0,,,-37.7399,145.0228
3,h,751000.0,S,8.8,3.0,1.0,0.0,148.0,3.0,1950.0,-37.7428,145.0081
2,h,835000.0,S,8.8,2.0,1.0,1.0,490.0,,,-37.7311,144.9863
3,h,637000.0,S,8.8,3.0,1.0,2.0,327.0,,,-37.7423,145.0194
3,h,1265000.0,S,8.8,3.0,2.0,1.0,465.0,,,-37.7471,144.9877
3,h,1100000.0,PI,8.8,3.0,2.0,3.0,490.0,130.0,,-37.7413,145.0203
4,h,1082000.0,S,8.8,4.0,2.0,3.0,534.0,,,-37.7339,145.0189
2,t,715000.0,S,8.8,2.0,1.0,1.0,132.0,121.0,2009.0,-37.7343,145.0025
5,h,630000.0,PI,8.8,5.0,5.0,3.0,199.0,5.0,,-37.7309,145.0151
2,h,837000.0,S,8.8,2.0,1.0,3.0,581.0,96.0,1950.0,-37.7508,145.0209
3,h,950000.0,SP,8.8,3.0,1.0,2.0,563.0,180.0,1918.0,-37.7318,145.0192
3,h,840000.0,S,8.8,3.0,1.0,2.0,647.0,,,-37.7331,144.988
3,u,496000.0,S,8.8,3.0,1.0,1.0,266.0,98.0,1990.0,-37.7322,145.0318
4,h,931000.0,S,8.8,2.0,1.0,1.0,499.0,,,-37.733,144.9988
2,h,942000.0,S,8.8,2.0,2.0,0.0,3037.0,,,-37.7484,144.9949
2,h,650000.0,PI,8.8,2.0,1.0,1.0,360.0,360.0,,-37.7485,145.0025
2,h,850000.0,S,8.8,2.0,1.0,1.0,356.0,102.0,1940.0,-37.7384,145.0058
3,h,560000.0,S,8.8,4.0,1.0,2.0,591.0,,,-37.7333,145.0353
2,h,540000.0,PI,8.8,2.0,1.0,2.0,250.0,97.0,2005.0,-37.7373,145.0237
3,h,1150000.0,S,8.8,3.0,1.0,2.0,566.0,143.0,1910.0,-37.7418,144.9934
3,h,965000.0,S,8.8,3.0,1.0,2.0,581.0,,,-37.7411,145.0115
3,h,700000.0,S,8.8,3.0,1.0,2.0,562.0,,,-37.7339,145.0247
3,h,615000.0,S,8.8,3.0,1.0,2.0,493.0,87.0,1950.0,-37.7441,145.0221
2,h,775000.0,S,8.8,2.0,1.0,1.0,521.0,,,-37.7441,145.0183
3,h,735000.0,S,8.8,3.0,1.0,2.0,369.0,94.0,1950.0,-37.7359,144.985
3,h,550000.0,VB,8.8,3.0,2.0,1.0,164.0,,,-37.7335,145.0374
3,h,1000000.0,S,8.8,3.0,1.0,2.0,463.0,,,-37.7339,144.9897
2,h,780000.0,PI,8.8,2.0,1.0,3.0,475.0,,,-37.7351,145.0066
4,h,810000.0,S,8.8,4.0,2.0,2.0,1034.0,151.0,1950.0,-37.7379,144.9851
3,h,843000.0,SP,8.8,3.0,1.0,1.0,537.0,,,-37.737,145.0227
2,h,600000.0,S,8.8,2.0,1.0,2.0,220.0,106.0,2005.0,-37.7442,145.0168
3,h,925000.0,S,8.8,3.0,1.0,2.0,693.0,,1950.0,-37.7315,144.988
1,u,305000.0,S,8.8,1.0,1.0,1.0,41.0,,1955.0,-37.7367,144.9899
3,h,1080000.0,PI,8.8,3.0,2.0,1.0,369.0,,,-37.7389,144.9821
2,u,656000.0,S,8.8,2.0,1.0,1.0,205.0,,1975.0,-37.7413,144.9939
2,h,799900.0,SP,8.8,2.0,1.0,2.0,460.0,,,-37.7397,145.0209
3,h,916000.0,S,8.8,3.0,1.0,3.0,523.0,,,-37.7314,145.0017
3,h,1000000.0,PI,8.8,3.0,2.0,2.0,143.0,3.0,,-37.7381,145.0116
4,h,914000.0,S,8.8,4.0,1.0,1.0,339.0,,,-37.7485,144.998
3,h,1650000.0,S,8.8,3.0,1.0,2.0,452.0,129.0,1890.0,-37.7307,145.0094
3,h,990000.0,PI,8.8,3.0,2.0,2.0,475.0,,1920.0,-37.7344,145.00799999999995
2,u,512000.0,S,8.8,2.0,1.0,1.0,145.0,,,-37.7293,144.9931
3,h,600000.0,VB,8.8,3.0,1.0,3.0,503.0,101.0,1950.0,-37.739,145.0238
4,h,910000.0,PI,8.8,4.0,1.0,1.0,582.0,,,-37.7355,145.0178
3,h,485000.0,PI,8.8,3.0,1.0,1.0,244.0,,,-37.7444,145.0202
3,h,900000.0,SP,8.8,3.0,1.0,1.0,527.0,,,-37.7396,145.0174
4,h,1000000.0,SP,8.8,4.0,1.0,2.0,568.0,,,-37.7353,144.989
2,h,722000.0,S,8.8,2.0,1.0,1.0,400.0,88.0,1955.0,-37.7352,144.9852
3,h,910000.0,S,8.8,3.0,1.0,1.0,486.0,,,-37.7395,144.9966
4,h,1260000.0,SP,8.8,4.0,3.0,2.0,654.0,150.0,1950.0,-37.7365,145.0173
2,t,635000.0,S,8.8,2.0,1.0,1.0,79.0,,,-37.7484,145.0048
3,h,550000.0,PI,8.8,3.0,1.0,1.0,405.0,,,-37.7396,145.0175
2,u,485000.0,S,8.8,2.0,1.0,1.0,117.0,73.0,1965.0,-37.7514,145.0118
3,h,690000.0,S,8.8,3.0,1.0,1.0,594.0,92.0,1960.0,-37.7512,145.017
2,h,1065000.0,S,8.8,2.0,1.0,3.0,507.0,114.0,1910.0,-37.7437,144.9995
3,h,1200000.0,S,8.8,3.0,1.0,1.0,847.0,120.0,1965.0,-37.7279,144.9849
3,u,798000.0,S,8.8,3.0,2.0,2.0,212.0,,2005.0,-37.7359,145.0147
2,h,850000.0,S,8.8,2.0,1.0,1.0,669.0,,,-37.7363,144.9849
3,h,1355000.0,S,8.8,3.0,1.0,2.0,916.0,,,-37.7361,144.9883
3,h,815000.0,S,8.8,3.0,1.0,1.0,0.0,,,-37.7333,144.9844
3,h,971000.0,S,8.8,3.0,1.0,2.0,610.0,,,-37.751,145.0197
2,u,530000.0,S,8.8,2.0,1.0,1.0,106.0,74.0,1970.0,-37.7306,144.9993
3,h,900000.0,SP,8.8,3.0,1.0,1.0,472.0,147.0,1965.0,-37.745,145.0139
2,h,700000.0,PI,8.8,2.0,1.0,1.0,214.0,85.0,1910.0,-37.7462,145.0044
3,h,930000.0,S,8.8,3.0,1.0,0.0,453.0,,,-37.7386,144.9828
2,h,920000.0,SP,8.8,2.0,2.0,2.0,516.0,97.0,1935.0,-37.7497,145.011
3,h,842000.0,S,8.8,3.0,1.0,1.0,398.0,,,-37.7372,145.01
1,h,830000.0,SP,8.8,1.0,1.0,0.0,397.0,,1930.0,-37.7366,145.0115
3,h,980000.0,S,8.8,3.0,2.0,1.0,479.0,121.0,1930.0,-37.7425,145.014
3,h,800000.0,S,8.8,3.0,3.0,2.0,421.0,,,-37.7414,144.9932
4,h,930000.0,PI,8.8,4.0,2.0,2.0,544.0,,,-37.7314,145.0113
3,h,930000.0,S,8.8,3.0,1.0,2.0,468.0,,,-37.7468,144.9846
2,h,886000.0,S,8.8,2.0,1.0,2.0,467.0,92.0,1950.0,-37.7345,144.9977
3,h,1080000.0,PI,8.8,3.0,1.0,1.0,487.0,189.0,1925.0,-37.7511,144.9907
3,h,1040000.0,S,8.8,2.0,1.0,2.0,555.0,,,-37.7491,144.985
4,h,1400000.0,VB,8.8,4.0,2.0,2.0,559.0,217.0,1925.0,-37.7347,144.9966
2,t,660000.0,S,8.8,2.0,1.0,1.0,113.0,90.0,2013.0,-37.7479,145.0153
2,u,436000.0,S,8.8,2.0,1.0,1.0,0.0,65.0,1980.0,-37.7377,144.9899
2,h,876000.0,S,8.8,2.0,1.0,2.0,479.0,85.0,1950.0,-37.733,144.9961
2,h,910000.0,SP,8.8,2.0,2.0,1.0,352.0,103.0,1950.0,-37.7495,145.0092
3,h,1000000.0,S,8.8,3.0,2.0,2.0,227.0,,,-37.7445,144.9917
3,h,800000.0,PI,8.8,3.0,1.0,2.0,516.0,,,-37.7321,145.0248
3,h,928000.0,S,8.8,3.0,2.0,1.0,0.0,,,-37.7307,145.0097
3,h,1070000.0,S,8.8,3.0,1.0,2.0,585.0,,,-37.7358,144.9889
2,h,565000.0,S,8.8,2.0,1.0,2.0,349.0,,1950.0,-37.7351,145.0271
3,t,714000.0,S,8.8,3.0,2.0,2.0,185.0,115.0,2005.0,-37.7287,144.9869
2,h,770000.0,S,8.8,2.0,2.0,1.0,76.0,129.0,2013.0,-37.7443,145.0015
3,h,1226000.0,S,8.8,3.0,1.0,4.0,707.0,,,-37.7413,144.9885
3,h,810000.0,SP,8.8,2.0,1.0,1.0,421.0,97.0,1930.0,-37.738,145.0064
3,h,1127000.0,S,8.8,3.0,2.0,2.0,590.0,140.0,1940.0,-37.7336,144.9958
3,h,750000.0,SP,8.8,3.0,1.0,2.0,409.0,,,-37.7486,144.9992
3,h,980000.0,S,8.8,3.0,1.0,1.0,485.0,,,-37.7525,145.0106
3,h,670000.0,VB,8.8,3.0,1.0,2.0,271.0,,,-37.7353,145.0172
4,h,1315000.0,S,8.8,4.0,3.0,2.0,836.0,,1941.0,-37.7379,144.9903
2,h,780000.0,S,8.8,2.0,1.0,1.0,310.0,72.0,1950.0,-37.7455,144.9954
2,h,986000.0,S,8.8,2.0,1.0,1.0,472.0,139.0,1940.0,-37.7484,144.9886
2,h,771000.0,S,8.8,2.0,1.0,1.0,484.0,,,-37.7427,145.0176
4,h,760000.0,PI,8.8,9.0,8.0,7.0,1254.0,280.0,1928.0,-37.7367,144.9895
3,h,850000.0,S,8.8,3.0,2.0,1.0,0.0,142.0,,-37.7451,144.9888
3,h,890000.0,S,8.8,3.0,1.0,2.0,454.0,,,-37.7346,144.9956
2,h,1088000.0,S,8.8,2.0,1.0,2.0,712.0,,,-37.7354,145.015
3,h,1123000.0,S,8.8,3.0,1.0,2.0,504.0,506.0,1950.0,-37.7476,144.9842
4,h,600000.0,VB,8.8,4.0,1.0,2.0,236.0,,,-37.7456,145.0025
1,u,300000.0,PI,8.8,1.0,1.0,1.0,0.0,67.0,2005.0,-37.7441,144.9999
2,h,890000.0,S,8.8,2.0,1.0,3.0,493.0,95.0,1950.0,-37.74,144.9821
3,h,1040000.0,SP,8.8,3.0,2.0,1.0,313.0,,,-37.7531,145.01
3,h,1050000.0,S,8.8,3.0,2.0,1.0,453.0,,1948.0,-37.7388,144.9844
2,h,900000.0,SP,8.8,2.0,1.0,1.0,529.0,528.0,,-37.7427,144.9868
2,u,425000.0,SP,8.8,2.0,2.0,1.0,1485.0,69.0,2010.0,-37.7476,145.0026
2,u,515000.0,S,8.8,2.0,1.0,1.0,187.0,60.0,2005.0,-37.7351,145.0323
3,h,1040000.0,S,8.8,3.0,1.0,2.0,399.0,121.0,1940.0,-37.7366,145.0063
2,h,520000.0,S,8.8,2.0,1.0,2.0,178.0,,2012.0,-37.7331,145.0341
3,u,605000.0,S,8.8,3.0,1.0,2.0,192.0,,,-37.7277,144.9851
3,h,890000.0,S,8.8,3.0,1.0,2.0,495.0,100.0,1950.0,-37.7521,145.0114
2,h,790000.0,S,8.8,2.0,1.0,1.0,266.0,100.0,1925.0,-37.7423,145.0105
3,h,1000000.0,S,8.8,4.0,1.0,2.0,621.0,,,-37.7415,145.0084
2,h,860000.0,S,8.8,2.0,2.0,1.0,415.0,138.0,1925.0,-37.7481,145.0017
2,h,630000.0,S,8.8,2.0,1.0,1.0,372.0,82.0,1940.0,-37.7348,144.9852
4,h,660000.0,PI,8.8,4.0,2.0,1.0,0.0,,,-37.7337,144.9854
3,h,810000.0,S,8.8,3.0,1.0,1.0,520.0,,,-37.7362,145.0232
4,h,875000.0,S,8.8,4.0,1.0,2.0,400.0,147.0,1940.0,-37.7371,145.0111
3,h,923000.0,S,8.8,3.0,1.0,0.0,333.0,118.0,1920.0,-37.7423,145.0097
4,h,920000.0,PI,8.8,3.0,1.0,1.0,396.0,184.0,1920.0,-37.7361,145.0093
3,h,1150000.0,PI,8.8,3.0,1.0,4.0,728.0,,,-37.7392,144.9937
4,h,871000.0,S,8.8,4.0,2.0,1.0,561.0,150.0,1950.0,-37.7369,145.0201
4,h,910000.0,PI,8.8,4.0,1.0,3.0,577.0,,,-37.7344,144.9865
3,h,1330000.0,S,8.8,3.0,2.0,3.0,502.0,,,-37.7406,145.0155
4,h,950000.0,S,8.8,4.0,2.0,1.0,243.0,140.0,2005.0,-37.7506,144.9847
3,h,821000.0,S,8.8,3.0,1.0,2.0,396.0,,,-37.7385,145.0103
3,h,888500.0,S,8.8,3.0,1.0,2.0,497.0,,,-37.7441,145.0154
4,h,870000.0,S,8.8,4.0,1.0,2.0,400.0,117.0,1890.0,-37.7346,145.0164
3,h,1186000.0,SP,8.8,2.0,1.0,1.0,713.0,83.0,1960.0,-37.7436,145.0191
3,h,900000.0,VB,8.8,3.0,1.0,2.0,560.0,,1950.0,-37.7418,145.0089
3,h,800000.0,PI,8.8,3.0,1.0,2.0,207.0,,1910.0,-37.7486,145.0039
3,h,1030000.0,S,8.8,3.0,2.0,3.0,427.0,,,-37.749,145.0051
4,h,1615000.0,S,8.8,3.0,2.0,3.0,890.0,,,-37.7345,144.9891
3,h,715000.0,S,8.8,2.0,1.0,1.0,467.0,,,-37.7444,145.014
2,u,610000.0,S,8.8,2.0,1.0,1.0,126.0,79.0,1970.0,-37.7523,145.0091
3,h,1162500.0,S,8.8,3.0,2.0,2.0,463.0,123.0,1920.0,-37.7507,144.9921
4,h,1142500.0,S,8.8,3.0,1.0,2.0,560.0,160.0,1970.0,-37.743,144.9914
3,h,930000.0,SP,8.8,3.0,1.0,2.0,679.0,143.0,1950.0,-37.7392,145.0163
3,h,875000.0,S,8.8,3.0,2.0,1.0,650.0,119.0,1950.0,-37.7302,144.998
4,h,840000.0,PI,8.8,4.0,1.0,2.0,390.0,120.0,1950.0,-37.7395,144.9843
3,h,805000.0,S,8.8,2.0,1.0,2.0,468.0,,,-37.7479,144.9941
3,h,750000.0,PI,8.8,3.0,3.0,2.0,0.0,127.0,2005.0,-37.75,144.9846
4,h,750000.0,PI,8.8,3.0,2.0,2.0,500.0,150.0,1950.0,-37.732,145.0209
3,u,475000.0,S,11.2,3.0,1.0,1.0,191.0,107.0,1990.0,-37.7019,145.0256
2,u,415000.0,PI,11.2,2.0,1.0,1.0,189.0,84.0,2012.0,-37.708,145.0181
3,h,731000.0,S,11.2,3.0,1.0,2.0,779.0,138.0,1950.0,-37.7292,145.0214
2,u,352000.0,SP,11.2,2.0,1.0,1.0,117.0,62.0,2012.0,-37.7101,145.0223
3,h,723000.0,S,11.2,3.0,1.0,1.0,535.0,86.0,1950.0,-37.7299,145.0242
2,u,336000.0,S,11.2,2.0,1.0,1.0,99.0,67.0,1970.0,-37.7166,144.9911
3,h,685000.0,S,11.2,3.0,1.0,1.0,1262.0,85.0,1955.0,-37.7139,145.0215
3,t,620000.0,S,11.2,3.0,2.0,2.0,207.0,,2006.0,-37.7086,145.0251
3,h,620000.0,PI,11.2,3.0,1.0,2.0,762.0,,,-37.7021,144.9985
3,h,1025000.0,S,11.2,3.0,2.0,2.0,676.0,272.0,1950.0,-37.7262,145.0177
2,t,490000.0,S,11.2,2.0,1.0,1.0,91.0,84.0,2014.0,-37.713,145.0108
3,h,805000.0,S,11.2,3.0,1.0,2.0,227.0,118.0,1930.0,-37.7286,145.0059
4,h,770000.0,S,11.2,4.0,1.0,2.0,855.0,,,-37.6997,145.0043
3,u,645000.0,S,11.2,3.0,1.0,2.0,280.0,,2002.0,-37.7183,145.0164
3,h,1005000.0,S,11.2,3.0,2.0,4.0,466.0,467.0,1930.0,-37.7266,145.0004
2,h,931000.0,S,11.2,2.0,1.0,1.0,487.0,,,-37.7279,145.0136
2,h,810000.0,S,11.2,2.0,1.0,2.0,950.0,,,-37.702,145.0071
2,h,535000.0,S,11.2,2.0,1.0,1.0,234.0,92.0,2014.0,-37.7182,145.0161
3,h,920000.0,S,11.2,3.0,2.0,2.0,623.0,,,-37.7276,145.0165
3,h,800000.0,S,11.2,3.0,1.0,5.0,4679.0,170.0,1975.0,-37.7093,145.0012
3,h,510000.0,PI,11.2,3.0,1.0,2.0,543.0,135.0,1965.0,-37.6946,144.9962
3,h,651000.0,SP,11.2,3.0,2.0,3.0,649.0,114.0,1950.0,-37.705,145.0216
3,h,502500.0,S,11.2,2.0,1.0,2.0,491.0,,,-37.7152,144.9823
2,h,365000.0,PI,11.2,2.0,1.0,1.0,360.0,83.0,1960.0,-37.7273,145.0254
2,u,405000.0,S,11.2,2.0,1.0,1.0,171.0,94.0,2009.0,-37.711,145.0027
3,t,620500.0,S,11.2,3.0,2.0,1.0,158.0,117.0,2011.0,-37.7293,145.0216
3,h,730000.0,S,11.2,2.0,1.0,1.0,546.0,,,-37.721,144.9967
1,h,260000.0,PI,11.2,1.0,1.0,1.0,141.0,80.0,2000.0,-37.7025,144.9887
3,h,665000.0,S,11.2,3.0,1.0,4.0,503.0,,,-37.7226,144.9953
3,h,625000.0,PI,11.2,3.0,2.0,1.0,267.0,186.0,2003.0,-37.7132,145.0075
2,u,357500.0,S,11.2,2.0,1.0,1.0,129.0,,,-37.7099,145.0131
2,u,427500.0,S,11.2,2.0,1.0,1.0,146.0,84.0,1980.0,-37.719,145.0014
4,h,851000.0,S,11.2,4.0,2.0,2.0,581.0,244.0,2006.0,-37.6926,144.9861
3,h,998000.0,S,11.2,3.0,2.0,3.0,479.0,153.0,1950.0,-37.7271,144.9968
4,h,1030000.0,S,11.2,4.0,2.0,3.0,630.0,190.0,1935.0,-37.721,144.9952
2,h,498000.0,S,11.2,2.0,1.0,3.0,310.0,,,-37.7288,145.0224
2,u,410000.0,S,11.2,2.0,1.0,1.0,180.0,61.0,2004.0,-37.7283,145.0207
2,u,450000.0,S,11.2,2.0,1.0,1.0,95.0,,,-37.7283,144.9991
1,u,341000.0,PI,11.2,1.0,1.0,1.0,125.0,,,-37.711,145.0052
2,u,270000.0,VB,11.2,2.0,1.0,1.0,0.0,,,-37.7304,145.0158
3,h,900000.0,S,11.2,3.0,2.0,2.0,634.0,,,-37.7262,144.997
3,h,500000.0,PI,11.2,3.0,1.0,1.0,320.0,,,-37.7248,145.023
4,h,1015000.0,S,11.2,4.0,1.0,1.0,518.0,135.0,1920.0,-37.726,145.0044
3,h,915000.0,S,11.2,3.0,3.0,2.0,618.0,153.0,1960.0,-37.7154,144.9962
2,h,380000.0,S,11.2,2.0,1.0,1.0,159.0,,1990.0,-37.6998,145.0248
2,u,468000.0,S,11.2,3.0,2.0,2.0,234.0,,,-37.7172,145.016
3,h,800000.0,S,11.2,3.0,1.0,2.0,570.0,,1950.0,-37.718,144.9999
2,u,380000.0,S,11.2,2.0,1.0,1.0,149.0,70.0,1980.0,-37.7177,144.9917
3,h,600000.0,S,11.2,3.0,1.0,1.0,370.0,,,-37.719,144.9971
3,t,530000.0,PI,11.2,3.0,2.0,1.0,229.0,130.0,2008.0,-37.7036,145.0145
3,t,592000.0,S,11.2,3.0,1.0,1.0,270.0,160.0,2016.0,-37.702,145.0148
2,h,611000.0,S,11.2,2.0,1.0,2.0,379.0,,,-37.7108,145.0048
2,u,440000.0,SP,11.2,2.0,1.0,2.0,132.0,83.0,1980.0,-37.709,145.0219
3,h,650000.0,SP,11.2,3.0,1.0,3.0,620.0,114.0,1960.0,-37.7099,144.9938
2,t,416000.0,S,11.2,2.0,1.0,1.0,159.0,70.0,2000.0,-37.7059,145.0115
3,h,610000.0,VB,11.2,3.0,1.0,2.0,492.0,,,-37.7205,144.9872
3,h,890000.0,S,11.2,3.0,2.0,2.0,634.0,,,-37.7199,144.9965
3,u,301000.0,SP,11.2,3.0,1.0,1.0,0.0,63.0,1970.0,-37.7272,145.0057
3,h,865000.0,S,11.2,2.0,1.0,3.0,560.0,110.0,1950.0,-37.721,144.9885
2,u,436000.0,S,11.2,2.0,1.0,1.0,140.0,,2011.0,-37.7285,145.0242
4,h,650000.0,PI,11.2,4.0,1.0,2.0,650.0,,1965.0,-37.7126,145.015
2,u,432000.0,S,11.2,2.0,1.0,1.0,137.0,,,-37.7241,145.0114
3,h,650000.0,PI,11.2,3.0,1.0,1.0,700.0,98.0,1950.0,-37.7125,145.02200000000005
2,h,836000.0,S,11.2,2.0,1.0,3.0,821.0,,,-37.7093,145.0006
2,u,401000.0,S,11.2,2.0,1.0,1.0,184.0,77.0,1965.0,-37.7043,145.0277
2,h,635000.0,PI,11.2,2.0,1.0,1.0,608.0,,,-37.7293,145.0224
2,u,491000.0,S,11.2,2.0,1.0,1.0,168.0,93.0,1970.0,-37.7167,145.0001
2,u,420000.0,S,11.2,2.0,1.0,0.0,207.0,,,-37.7145,144.9962
3,h,810000.0,SP,11.2,3.0,1.0,2.0,564.0,558.0,1960.0,-37.7196,144.9899
3,h,780000.0,S,11.2,3.0,1.0,2.0,457.0,,,-37.7199,145.0155
2,u,520000.0,S,11.2,2.0,1.0,1.0,135.0,,1980.0,-37.7181,144.9985
3,h,660000.0,PI,11.2,3.0,1.0,1.0,754.0,,,-37.7009,144.999
2,h,555000.0,S,11.2,2.0,1.0,2.0,229.0,92.0,1970.0,-37.71,145.0082
2,t,350000.0,S,11.2,2.0,1.0,1.0,0.0,72.0,2016.0,-37.7091,145.0255
3,h,540000.0,PI,11.2,3.0,2.0,2.0,215.0,146.0,2003.0,-37.7257,145.0243
3,t,678000.0,S,11.2,3.0,2.0,1.0,230.0,,2009.0,-37.7077,145.0211
3,h,812000.0,S,11.2,3.0,1.0,2.0,696.0,,1950.0,-37.7223,145.0126
3,h,682000.0,SP,11.2,3.0,1.0,1.0,750.0,103.0,1970.0,-37.7107,145.0317
2,t,380000.0,PI,11.2,2.0,1.0,1.0,83.0,85.0,2010.0,-37.7171,145.0019
1,u,350000.0,SP,11.2,1.0,1.0,2.0,96.0,45.0,2009.0,-37.7175,145.0081
4,h,750000.0,PI,11.2,4.0,2.0,4.0,820.0,197.0,1965.0,-37.6945,144.99200000000005
2,t,495000.0,S,11.2,2.0,1.0,1.0,96.0,73.0,2013.0,-37.7139,145.0198
2,h,644000.0,S,11.2,2.0,1.0,2.0,455.0,,1940.0,-37.7246,144.9995
4,h,895500.0,S,11.2,4.0,2.0,4.0,864.0,,,-37.7034,144.9886
3,u,500000.0,S,11.2,3.0,1.0,1.0,359.0,109.0,1960.0,-37.6957,145.0161
3,h,940000.0,S,11.2,3.0,1.0,2.0,756.0,,,-37.7249,144.9854
2,h,755000.0,S,11.2,2.0,1.0,2.0,0.0,,,-37.7231,145.0168
2,t,568000.0,S,11.2,2.0,1.0,1.0,120.0,,,-37.7239,145.0083
2,u,350000.0,PI,11.2,2.0,1.0,1.0,102.0,67.0,1970.0,-37.7064,145.0264
2,u,452000.0,S,11.2,2.0,1.0,1.0,0.0,,,-37.703,145.0201
2,u,335000.0,SP,11.2,2.0,1.0,1.0,0.0,54.0,2012.0,-37.7112,144.9989
3,h,585000.0,S,11.2,3.0,1.0,3.0,620.0,,,-37.7293,145.032
2,u,360000.0,PI,11.2,2.0,1.0,1.0,139.0,,,-37.7327,145.0347
2,u,380000.0,PI,11.2,2.0,1.0,1.0,220.0,,2011.0,-37.7327,145.0347
3,h,546000.0,S,11.2,3.0,1.0,2.0,592.0,84.0,1960.0,-37.728,145.0352
3,u,400000.0,PI,11.2,3.0,1.0,1.0,172.0,97.0,1970.0,-37.7092,145.0274
4,h,1700000.0,S,11.2,4.0,2.0,4.0,601.0,,,-37.7176,145.0058
3,h,592500.0,S,11.2,3.0,2.0,1.0,215.0,,,-37.7094,145.0204
3,h,830000.0,S,11.2,1.0,1.0,1.0,509.0,,1928.0,-37.7261,144.9983
2,u,360000.0,S,11.2,2.0,1.0,1.0,132.0,65.0,2010.0,-37.708,145.0223
3,h,655000.0,PI,11.2,2.0,1.0,1.0,644.0,,,-37.713,145.0137
3,h,410000.0,S,11.2,3.0,1.0,1.0,250.0,105.0,1960.0,-37.6974,145.0213
2,h,836000.0,SP,11.2,2.0,1.0,1.0,931.0,121.0,1970.0,-37.7033,145.0169
2,h,635000.0,SP,11.2,2.0,2.0,2.0,654.0,,,-37.7134,145.0235
4,h,811000.0,S,11.2,4.0,2.0,3.0,525.0,525.0,,-37.7029,145.0324
2,h,650000.0,PI,11.2,2.0,1.0,1.0,750.0,,,-37.7092,144.9933
3,h,765000.0,S,11.2,3.0,1.0,2.0,551.0,,,-37.7214,145.0241
2,u,440000.0,SP,11.2,2.0,1.0,2.0,132.0,83.0,1980.0,-37.709,145.0219
3,h,715000.0,SP,11.2,3.0,2.0,2.0,251.0,,,-37.7255,145.0088
4,h,670000.0,SP,11.2,4.0,2.0,2.0,578.0,,,-37.7064,145.0321
2,u,376000.0,S,11.2,2.0,1.0,1.0,104.0,77.0,1970.0,-37.7104,145.0076
2,u,323000.0,S,11.2,2.0,1.0,1.0,0.0,65.0,1960.0,-37.7093,145.0084
3,h,680000.0,S,11.2,3.0,1.0,4.0,527.0,146.0,1965.0,-37.6983,144.9941
2,t,530000.0,S,11.2,2.0,1.0,1.0,0.0,106.0,2007.0,-37.7141,145.0047
4,h,786000.0,S,11.2,4.0,3.0,1.0,595.0,174.0,2013.0,-37.7283,145.0072
2,u,390000.0,VB,11.2,2.0,1.0,1.0,122.0,74.0,1980.0,-37.7261,144.9961
3,h,650000.0,S,11.2,3.0,1.0,2.0,468.0,92.0,1960.0,-37.7184,144.9962
3,h,540000.0,S,11.2,3.0,1.0,2.0,496.0,,,-37.7156,144.9825
3,h,685000.0,S,11.2,3.0,1.0,1.0,497.0,,,-37.7096,145.0036
3,h,800000.0,SP,11.2,3.0,2.0,3.0,574.0,159.0,1955.0,-37.722,144.9922
3,h,830000.0,S,11.2,3.0,1.0,2.0,671.0,,,-37.7187,145.0127
2,u,330000.0,PI,11.2,2.0,1.0,1.0,90.0,64.0,1970.0,-37.7295,145.0243
3,h,539000.0,S,11.2,3.0,1.0,1.0,474.0,114.0,1960.0,-37.7086,144.9919
3,h,622500.0,S,11.2,3.0,1.0,1.0,456.0,94.0,1960.0,-37.7038,145.0281
4,h,767500.0,S,11.2,3.0,2.0,2.0,834.0,129.0,2017.0,-37.704,145.0299
3,h,780000.0,PI,11.2,3.0,1.0,2.0,464.0,125.0,1920.0,-37.7245,145.004
3,h,668000.0,S,11.2,3.0,2.0,1.0,618.0,149.0,1965.0,-37.6989,145.0212
4,h,1215000.0,S,11.2,4.0,2.0,4.0,748.0,,,-37.7247,145.0096
3,h,1120000.0,S,11.2,3.0,1.0,2.0,744.0,,,-37.7285,144.9961
3,u,470000.0,S,11.2,3.0,1.0,2.0,159.0,97.0,1970.0,-37.7277,145.0248
3,h,800000.0,PI,11.2,3.0,1.0,1.0,858.0,,,-37.7075,145.0136
2,h,1700000.0,PI,11.2,2.0,1.0,6.0,1041.0,,,-37.7152,144.997
3,h,655000.0,S,11.2,3.0,2.0,2.0,456.0,137.0,1970.0,-37.7061,145.0308
3,h,885000.0,S,11.2,3.0,1.0,2.0,518.0,,,-37.7303,145.0171
2,h,510000.0,S,11.2,2.0,1.0,2.0,268.0,,,-37.7113,145.0224
2,u,440000.0,SP,11.2,2.0,1.0,1.0,183.0,93.0,1980.0,-37.7078,145.033
3,h,703000.0,S,11.2,3.0,2.0,1.0,597.0,120.0,1960.0,-37.7066,145.0203
2,u,424000.0,S,11.2,2.0,1.0,1.0,141.0,81.0,1980.0,-37.7149,145.0009
4,h,750000.0,S,11.2,4.0,1.0,2.0,747.0,,,-37.7054,145.0137
3,h,613000.0,S,11.2,3.0,1.0,2.0,745.0,149.0,1985.0,-37.7007,144.9815
3,h,779000.0,S,11.2,3.0,1.0,2.0,945.0,,,-37.7027,145.0001
2,t,425000.0,S,11.2,2.0,1.0,1.0,145.0,100.0,,-37.7284,145.0361
5,h,791000.0,S,11.2,4.0,3.0,1.0,961.0,,,-37.7024,144.984
3,h,475000.0,S,11.2,3.0,1.0,1.0,535.0,133.0,1970.0,-37.692,144.9781
3,h,950000.0,S,11.2,3.0,2.0,2.0,565.0,120.0,1920.0,-37.7196,144.997
2,u,352000.0,S,11.2,2.0,1.0,1.0,0.0,,1970.0,-37.703,145.014
4,h,730000.0,PI,11.2,4.0,1.0,2.0,770.0,152.0,1970.0,-37.6981,144.9989
2,h,791000.0,S,11.2,2.0,1.0,3.0,720.0,,,-37.7076,145.017
3,h,905000.0,S,11.2,3.0,1.0,2.0,950.0,121.0,1960.0,-37.7022,145.0078
2,u,480000.0,S,11.2,2.0,2.0,1.0,145.0,145.0,2010.0,-37.7053,145.0173
3,h,767000.0,S,11.2,3.0,1.0,2.0,561.0,96.0,1950.0,-37.7098,145.0031
3,h,871000.0,S,11.2,3.0,1.0,3.0,614.0,,,-37.7276,144.989
3,u,450000.0,VB,11.2,3.0,1.0,2.0,179.0,108.0,2002.0,-37.7108,145.0289
3,h,921500.0,S,11.2,3.0,2.0,1.0,527.0,177.0,1950.0,-37.7238,144.9964
2,t,490000.0,S,11.2,3.0,1.0,1.0,126.0,91.0,2013.0,-37.7186,145.0166
3,h,787000.0,S,11.2,3.0,1.0,1.0,563.0,118.0,1940.0,-37.7258,145.0129
2,u,300000.0,VB,11.2,2.0,1.0,1.0,0.0,55.0,2014.0,-37.7112,144.9989
2,u,335000.0,S,11.2,2.0,1.0,1.0,0.0,54.0,2012.0,-37.7112,144.9989
3,h,670500.0,S,11.2,3.0,1.0,2.0,654.0,,,-37.7229,145.0225
5,h,1050000.0,S,11.2,5.0,2.0,1.0,578.0,,,-37.7061,145.0147
3,u,475000.0,SP,11.2,3.0,1.0,2.0,521.0,100.0,2010.0,-37.7097,144.9912
2,u,440000.0,SP,11.2,2.0,1.0,1.0,153.0,87.0,2007.0,-37.7098,145.0211
3,h,851500.0,S,11.2,3.0,1.0,1.0,0.0,,1930.0,-37.7217,144.9954
2,h,623500.0,S,11.2,2.0,1.0,0.0,452.0,,,-37.7271,145.0009
4,h,830000.0,PI,11.2,4.0,1.0,4.0,791.0,,,-37.7001,144.9936
3,h,572000.0,S,11.2,3.0,1.0,2.0,41400.0,,,-37.7104,145.0257
3,h,600000.0,S,11.2,3.0,2.0,2.0,0.0,,,-37.7208,145.0148
3,h,450000.0,VB,11.2,2.0,2.0,2.0,185.0,,,-37.7211,145.0147
2,u,525000.0,S,11.2,3.0,1.0,2.0,284.0,,2014.0,-37.705,145.0152
3,h,692500.0,S,11.2,3.0,2.0,2.0,803.0,,,-37.7086,145.0313
4,h,790000.0,S,11.2,4.0,2.0,2.0,1090.0,,,-37.7243,145.0014
3,h,785000.0,S,11.2,3.0,1.0,1.0,719.0,,,-37.709,145.0015
2,h,840000.0,SP,11.2,2.0,1.0,1.0,714.0,,,-37.726,144.9858
5,h,925000.0,S,11.2,5.0,3.0,4.0,922.0,,,-37.6961,144.9865
3,h,700000.0,S,11.2,3.0,1.0,1.0,621.0,,1950.0,-37.7195,145.0074
4,h,801000.0,S,11.2,3.0,1.0,2.0,771.0,,1965.0,-37.705,145.0035
1,u,216000.0,S,11.2,2.0,1.0,1.0,0.0,45.0,1970.0,-37.7111,144.9919
1,u,220000.0,S,11.2,1.0,1.0,1.0,0.0,45.0,1970.0,-37.7111,144.9919
3,h,866000.0,S,11.2,3.0,1.0,2.0,569.0,,,-37.7313,145.0224
2,u,340000.0,VB,11.2,2.0,1.0,1.0,151.0,80.0,1975.0,-37.7126,144.99
2,h,500250.0,S,11.2,2.0,1.0,1.0,425.0,,1960.0,-37.7047,145.0252
1,h,395000.0,SP,11.2,1.0,1.0,1.0,94.0,50.0,2014.0,-37.7186,145.011
3,h,810000.0,S,11.2,3.0,2.0,3.0,486.0,,,-37.7164,145.0048
2,h,790000.0,S,11.2,2.0,1.0,1.0,585.0,97.0,1950.0,-37.719,144.9972
2,u,465000.0,S,11.2,2.0,1.0,1.0,111.0,,,-37.7128,145.0075
3,h,601000.0,S,11.2,3.0,1.0,2.0,460.0,102.0,1965.0,-37.6917,144.9755
2,h,772000.0,S,11.2,2.0,1.0,1.0,0.0,,,-37.7106,145.0138
2,h,968000.0,S,11.2,2.0,1.0,2.0,631.0,,,-37.7211,145.0195
3,h,928000.0,S,11.2,3.0,1.0,1.0,696.0,,,-37.7218,145.015
2,u,300000.0,S,11.2,2.0,1.0,1.0,87.0,62.0,1970.0,-37.7174,145.0016
2,t,420000.0,VB,11.2,2.0,1.0,2.0,153.0,107.0,2003.0,-37.702,145.0324
4,h,885000.0,S,11.2,4.0,2.0,3.0,936.0,262.0,1985.0,-37.7021,145.0178
2,u,240000.0,PI,11.2,2.0,1.0,1.0,82.0,,1970.0,-37.6983,145.0104
3,h,815000.0,S,11.2,3.0,1.0,2.0,550.0,557.0,1965.0,-37.7208,144.9887
3,h,882500.0,S,11.2,3.0,2.0,2.0,681.0,135.0,1940.0,-37.7217,145.0163
3,h,793000.0,S,11.2,3.0,1.0,2.0,589.0,128.0,1950.0,-37.7195,144.9982
3,h,550000.0,PI,11.2,3.0,2.0,2.0,260.0,128.0,2006.0,-37.7106,145.0225
2,u,477000.0,S,11.2,2.0,1.0,2.0,115.0,,,-37.7156,144.9977
2,u,433000.0,S,11.2,2.0,1.0,1.0,236.0,72.0,2012.0,-37.6984,144.9997
3,u,672000.0,S,11.2,3.0,1.0,2.0,855.0,,,-37.7328,145.0348
2,h,680000.0,S,11.2,2.0,1.0,1.0,750.0,92.0,1960.0,-37.7089,145.0192
3,h,751000.0,S,11.2,3.0,1.0,2.0,604.0,,1940.0,-37.723,145.0024
3,h,851000.0,S,11.2,3.0,1.0,1.0,826.0,101.0,1960.0,-37.7013,145.0244
3,h,777000.0,S,11.2,3.0,1.0,2.0,480.0,,,-37.7265,144.9918
4,h,1162000.0,S,11.2,4.0,3.0,4.0,695.0,,,-37.7264,145.0198
3,h,620000.0,SP,11.2,3.0,1.0,2.0,653.0,,,-37.7108,145.0156
3,h,1025000.0,S,11.2,3.0,1.0,4.0,670.0,134.0,1935.0,-37.7242,145.0154
3,h,762500.0,S,11.2,3.0,1.0,2.0,677.0,,,-37.7101,144.9999
3,h,832000.0,S,11.2,3.0,1.0,2.0,496.0,,,-37.7263,145.0003
5,h,820000.0,SP,11.2,5.0,2.0,2.0,737.0,150.0,,-37.7306,145.0242
3,h,784000.0,S,11.2,3.0,1.0,2.0,602.0,162.0,1970.0,-37.7115,145.0009
4,h,1186000.0,SP,11.2,4.0,1.0,2.0,895.0,188.0,1940.0,-37.7285,144.9964
3,h,665000.0,S,11.2,3.0,1.0,1.0,467.0,,,-37.7219,144.9892
2,u,405000.0,S,11.2,2.0,1.0,1.0,121.0,,1965.0,-37.7146,145.001
2,u,431000.0,S,11.2,2.0,1.0,1.0,139.0,,1975.0,-37.7175,145.0
4,h,885000.0,S,11.2,4.0,2.0,2.0,508.0,141.0,1950.0,-37.7129,145.0047
3,h,718500.0,S,11.2,3.0,1.0,6.0,807.0,133.0,1975.0,-37.704,144.9864
5,h,762500.0,S,11.2,3.0,2.0,2.0,548.0,285.0,1990.0,-37.7099,145.0333
3,h,737000.0,S,11.2,2.0,3.0,6.0,957.0,,,-37.7012,145.0069
3,h,810000.0,S,11.2,3.0,2.0,2.0,279.0,,,-37.7192,144.9971
2,h,610000.0,S,11.2,3.0,1.0,2.0,383.0,103.0,1970.0,-37.7103,145.0037
2,u,430000.0,S,11.2,2.0,1.0,1.0,152.0,,,-37.7173,144.9976
2,h,730000.0,VB,11.2,2.0,1.0,2.0,637.0,,,-37.7207,145.0196
4,h,680000.0,S,11.2,4.0,1.0,2.0,561.0,134.0,1960.0,-37.697,144.9989
3,h,705000.0,S,11.2,3.0,1.0,1.0,437.0,,1930.0,-37.7291,145.02100000000004
3,h,705000.0,S,11.2,3.0,1.0,3.0,513.0,,,-37.7243,144.9883
2,u,390000.0,SP,11.2,2.0,1.0,1.0,133.0,65.0,2012.0,-37.6983,144.9998
2,h,937000.0,S,2.6,2.0,1.0,1.0,125.0,103.0,1950.0,-37.8106,144.994
3,h,1260000.0,S,2.6,2.0,1.0,0.0,203.0,81.0,1900.0,-37.8166,144.9945
3,t,1236000.0,S,2.6,3.0,2.0,1.0,675.0,,,-37.8206,145.0003
2,u,540000.0,PI,2.6,2.0,2.0,1.0,656.0,,,-37.8195,145.0103
2,u,795250.0,S,2.6,2.0,1.0,2.0,0.0,85.0,1997.0,-37.8164,145.0136
2,u,582000.0,S,2.6,2.0,1.0,1.0,0.0,75.0,2001.0,-37.824,144.9918
1,u,500000.0,SP,2.6,1.0,1.0,1.0,0.0,,,-37.8226,145.013
3,h,1600000.0,S,2.6,3.0,2.0,1.0,115.0,,,-37.8163,144.9984
3,h,2180000.0,PI,2.6,3.0,2.0,2.0,345.0,,,-37.8159,144.994
1,u,370000.0,S,2.6,1.0,1.0,1.0,502.0,38.0,1950.0,-37.8214,144.9997
4,h,3335000.0,S,2.6,4.0,2.0,2.0,319.0,,1893.0,-37.8244,145.0044
2,h,935000.0,S,2.6,2.0,1.0,1.0,67.0,,1998.0,-37.8159,145.0033
3,h,1102000.0,S,2.6,3.0,2.0,0.0,194.0,,,-37.8265,145.0022
1,u,437500.0,SP,2.6,1.0,1.0,1.0,778.0,,2013.0,-37.8177,144.9972
1,u,421000.0,SP,2.6,1.0,1.0,1.0,8223.0,57.0,2012.0,-37.8127,145.0094
2,u,479000.0,S,2.6,2.0,1.0,1.0,534.0,,1970.0,-37.8123,145.0081
5,h,3200000.0,SP,2.6,5.0,3.0,3.0,618.0,260.0,1890.0,-37.8157,145.0073
2,u,479000.0,S,2.6,2.0,1.0,1.0,0.0,62.0,1970.0,-37.8258,145.0057
2,h,1042500.0,S,2.6,2.0,1.0,1.0,80.0,,,-37.8126,145.004
2,u,655000.0,PI,2.6,2.0,1.0,1.0,1725.0,69.0,2005.0,-37.8174,144.9949
2,h,1130000.0,S,2.6,2.0,2.0,3.0,114.0,,,-37.8212,145.005
2,u,561000.0,S,2.6,2.0,1.0,1.0,2571.0,66.0,2013.0,-37.8198,145.005
2,u,635000.0,S,2.6,2.0,2.0,1.0,2740.0,76.0,2003.0,-37.8231,144.9906
3,h,1010000.0,PI,2.6,3.0,1.0,1.0,199.0,105.0,1900.0,-37.8193,144.9993
2,h,1025000.0,S,2.6,2.0,1.0,1.0,169.0,92.0,1900.0,-37.8235,145.0035
2,h,1102000.0,S,2.6,2.0,1.0,1.0,167.0,,,-37.8255,145.0013
2,u,550000.0,SP,2.6,2.0,1.0,2.0,0.0,68.0,2000.0,-37.815,145.0089
3,h,1152500.0,S,2.6,3.0,2.0,1.0,78.0,,,-37.8154,145.0061
4,h,1375000.0,S,2.6,4.0,2.0,2.0,58.0,158.0,2007.0,-37.817,145.0135
3,h,1422000.0,S,2.6,3.0,1.0,0.0,339.0,,,-37.8215,145.0102
2,h,1506000.0,S,2.6,2.0,2.0,1.0,220.0,131.0,1920.0,-37.8284,144.9989
3,h,1350000.0,PI,2.6,3.0,1.0,2.0,332.0,116.0,1940.0,-37.8131,145.005
3,h,1090000.0,S,2.6,3.0,1.0,3.0,283.0,,,-37.8127,145.0073
1,u,405000.0,PI,2.6,1.0,1.0,1.0,7455.0,53.0,2005.0,-37.822,145.0104
1,u,327000.0,S,2.6,1.0,1.0,1.0,0.0,43.0,2012.0,-37.8127,145.0094
3,h,1474000.0,SP,2.6,3.0,1.0,0.0,238.0,94.0,1900.0,-37.8167,144.9977
3,h,1555000.0,S,2.6,3.0,1.0,0.0,250.0,115.0,1900.0,-37.8167,144.9978
1,u,500000.0,VB,2.6,1.0,1.0,1.0,0.0,52.0,2013.0,-37.8198,145.005
2,u,815000.0,S,2.6,2.0,2.0,2.0,0.0,,,-37.8187,145.0079
1,u,345000.0,S,2.6,1.0,1.0,0.0,0.0,,1970.0,-37.8211,144.9955
1,u,345000.0,PI,2.6,1.0,1.0,1.0,8223.0,45.0,2012.0,-37.8127,145.0094
3,h,1275000.0,PI,2.6,3.0,1.0,2.0,204.0,128.0,1900.0,-37.8285,145.0022
3,h,1150000.0,VB,2.6,3.0,1.0,0.0,176.0,92.0,1900.0,-37.8116,145.0042
4,h,950000.0,VB,2.6,4.0,1.0,0.0,254.0,124.0,1890.0,-37.8201,144.9898
2,h,270000.0,PI,2.6,2.0,1.0,1.0,0.0,60.0,2004.0,-37.8231,144.9906
1,u,439000.0,SP,2.6,1.0,1.0,1.0,3516.0,56.0,2011.0,-37.8183,144.9979
2,u,695000.0,S,2.6,2.0,1.0,2.0,0.0,68.0,1997.0,-37.8333,144.998
2,u,512000.0,S,2.6,2.0,1.0,1.0,0.0,61.0,1970.0,-37.8198,144.996
2,t,855000.0,S,2.6,2.0,1.0,1.0,92.0,115.0,1970.0,-37.815,145.00799999999995
2,u,1040000.0,S,2.6,3.0,2.0,2.0,0.0,95.0,2013.0,-37.8198,145.005
1,u,342000.0,S,2.6,1.0,1.0,1.0,0.0,1.0,1970.0,-37.8214,144.9896
1,u,681000.0,S,2.6,1.0,1.0,1.0,0.0,50.0,2004.0,-37.8231,144.9906
2,h,900000.0,PI,2.6,2.0,1.0,0.0,95.0,63.0,1900.0,-37.8193,144.9976
3,h,1250000.0,S,2.6,3.0,2.0,1.0,120.0,126.0,2010.0,-37.8243,145.0034
2,h,990000.0,S,2.6,2.0,1.0,1.0,117.0,75.0,1900.0,-37.812,144.9939
2,h,1189000.0,S,2.6,2.0,1.0,0.0,158.0,110.0,1900.0,-37.8232,145.0002
2,h,1220000.0,S,2.6,2.0,1.0,1.0,166.0,88.0,1900.0,-37.8245,144.9933
2,h,1220000.0,S,2.6,2.0,1.0,1.0,80.0,,,-37.8213,145.005
3,h,1100000.0,S,2.6,3.0,1.0,0.0,162.0,81.0,1915.0,-37.8241,145.0015
3,h,1346000.0,S,2.6,3.0,1.0,0.0,187.0,,,-37.8169,144.996
2,u,450000.0,PI,2.6,2.0,1.0,1.0,0.0,66.0,2000.0,-37.8173,144.9965
2,h,1340000.0,S,2.6,2.0,1.0,0.0,178.0,,,-37.8289,144.9992
2,h,1421000.0,S,2.6,2.0,1.0,0.0,196.0,,,-37.8254,145.0
3,h,1074000.0,S,2.6,3.0,1.0,0.0,245.0,140.0,1900.0,-37.8138,144.9921
3,h,1205000.0,S,2.6,3.0,1.0,0.0,164.0,,,-37.8198,144.9979
2,t,1430000.0,S,2.6,2.0,2.0,2.0,153.0,125.0,2004.0,-37.8209,145.0055
3,h,1465000.0,S,2.6,3.0,2.0,2.0,233.0,170.0,1993.0,-37.8122,144.9937
2,u,391000.0,SP,2.6,2.0,1.0,1.0,0.0,51.0,1965.0,-37.812,145.0029
2,h,1035000.0,S,2.6,2.0,1.0,0.0,108.0,,1900.0,-37.8251,144.9959
2,u,530000.0,S,2.6,2.0,1.0,1.0,0.0,,1965.0,-37.8236,145.009
2,t,930000.0,S,2.6,2.0,1.0,1.0,97.0,85.0,2004.0,-37.814,145.002
3,h,1182000.0,S,2.6,3.0,1.0,1.0,199.0,110.0,1920.0,-37.8139,145.0039
2,h,777500.0,PI,2.6,2.0,1.0,1.0,151.0,76.0,1900.0,-37.8171,145.009
3,h,1115000.0,S,2.6,3.0,2.0,2.0,129.0,120.0,1980.0,-37.824,145.0052
3,u,760000.0,SP,2.6,3.0,2.0,1.0,0.0,120.0,2005.0,-37.8331,144.9975
2,u,640000.0,SP,2.6,2.0,1.0,2.0,0.0,69.0,2000.0,-37.8173,144.9965
3,h,1710000.0,PI,2.6,4.0,2.0,2.0,202.0,,,-37.8241,144.9934
3,h,1420000.0,S,2.6,3.0,1.0,0.0,198.0,119.0,1890.0,-37.8225,145.0007
1,u,390000.0,S,2.6,1.0,1.0,1.0,0.0,40.0,2011.0,-37.8195,145.0103
3,h,3020000.0,S,2.6,3.0,2.0,2.0,389.0,,,-37.8214,144.9951
3,h,1346000.0,S,2.6,2.0,1.0,1.0,207.0,,,-37.8215,145.0132
1,u,380000.0,PI,2.6,1.0,1.0,1.0,0.0,44.0,2012.0,-37.8127,145.0094
2,u,680000.0,S,2.6,2.0,1.0,1.0,0.0,52.0,2012.0,-37.823,144.9982
2,t,1081000.0,S,2.6,2.0,1.0,1.0,126.0,115.0,1995.0,-37.814,145.006
2,h,860000.0,S,2.6,2.0,2.0,0.0,74.0,95.0,2000.0,-37.8207,145.0053
3,h,1820000.0,S,2.6,3.0,1.0,1.0,410.0,,1900.0,-37.8292,145.0029
2,h,905000.0,S,2.6,2.0,1.0,0.0,139.0,54.0,1920.0,-37.8118,144.9937
2,u,691000.0,S,2.6,2.0,2.0,1.0,0.0,85.0,2008.0,-37.8231,144.9906
3,h,1088000.0,S,2.6,3.0,3.0,2.0,168.0,120.0,1915.0,-37.8126,145.0064
3,t,911000.0,S,2.6,3.0,2.0,1.0,0.0,110.0,2000.0,-37.8238,145.0072
4,h,3001000.0,S,2.6,2.0,3.0,1.0,544.0,241.0,1920.0,-37.8152,144.9922
2,u,638000.0,S,2.6,2.0,2.0,1.0,0.0,77.0,2008.0,-37.822,145.0104
2,h,951000.0,S,2.6,2.0,1.0,0.0,108.0,,1905.0,-37.8259,145.0089
2,h,912000.0,S,2.6,2.0,1.0,2.0,204.0,,,-37.821,145.0082
1,u,415000.0,S,2.6,1.0,1.0,1.0,0.0,,,-37.8234,144.9985
3,h,1285000.0,S,2.6,4.0,2.0,1.0,133.0,,,-37.8246,145.0012
2,h,1220000.0,S,2.6,2.0,1.0,1.0,219.0,,,-37.8203,145.01
3,h,900000.0,S,2.6,3.0,3.0,1.0,58.0,60.0,2009.0,-37.8139,145.0012
3,h,1695000.0,S,2.6,3.0,1.0,3.0,210.0,118.0,1900.0,-37.8247,145.0001
3,h,1365000.0,S,2.6,3.0,1.0,1.0,301.0,110.0,1935.0,-37.8134,145.0055
2,h,1088000.0,S,2.6,2.0,1.0,0.0,158.0,,,-37.8239,145.0045
3,h,1765000.0,S,2.6,4.0,1.0,2.0,332.0,,,-37.8232,145.0014
2,h,1045000.0,S,2.6,2.0,1.0,2.0,200.0,90.0,1900.0,-37.8294,145.0029
4,h,1591000.0,S,2.6,4.0,2.0,1.0,263.0,145.0,1900.0,-37.8261,145.0127
1,u,402000.0,S,2.6,1.0,1.0,1.0,0.0,,,-37.813,144.993
3,h,1275000.0,S,2.6,3.0,2.0,1.0,132.0,95.0,1900.0,-37.822,145.0041
2,h,1035000.0,S,2.6,2.0,1.0,0.0,100.0,,,-37.8139,145.0042
3,h,2000000.0,VB,2.6,3.0,2.0,0.0,194.0,,,-37.8246,144.9967
3,u,931000.0,S,2.6,3.0,2.0,2.0,0.0,,,-37.8128,145.0139
3,h,2640000.0,S,2.6,3.0,1.0,1.0,309.0,,,-37.82,145.0054
2,t,842000.0,S,2.6,2.0,2.0,1.0,0.0,2.0,,-37.8145,145.0014
4,h,1510000.0,PI,2.6,4.0,2.0,0.0,0.0,171.0,1900.0,-37.8206,145.0099
3,h,1550000.0,VB,2.6,3.0,2.0,1.0,131.0,76.0,1900.0,-37.8132,144.9929
3,h,1456000.0,S,2.6,3.0,2.0,1.0,157.0,141.0,1900.0,-37.8225,145.0029
2,h,1145000.0,S,2.6,2.0,1.0,0.0,170.0,,1910.0,-37.8226,145.0064
2,t,810000.0,SP,2.6,2.0,1.0,1.0,94.0,,,-37.8201,144.9927
3,h,1100000.0,PI,2.6,3.0,2.0,1.0,66.0,118.0,2013.0,-37.8181,145.007
2,h,1220000.0,S,2.6,2.0,1.0,2.0,198.0,,,-37.8244,145.0046
2,t,895000.0,S,2.6,2.0,1.0,1.0,0.0,,,-37.8209,145.0014
2,h,1430000.0,S,2.6,2.0,1.0,2.0,292.0,,,-37.8218,145.0089
2,h,1045000.0,S,2.6,2.0,1.0,1.0,138.0,81.0,1890.0,-37.8218,145.0132
3,h,2000000.0,S,2.6,3.0,2.0,1.0,217.0,180.0,1910.0,-37.8158,144.9931
2,u,646000.0,S,2.6,2.0,1.0,1.0,0.0,70.0,1993.0,-37.8333,144.998
2,u,660000.0,PI,2.6,2.0,2.0,1.0,0.0,76.0,2013.0,-37.8166,145.0036
2,h,1145000.0,S,2.6,2.0,1.0,1.0,197.0,80.0,1960.0,-37.8215,145.0054
1,u,380000.0,PI,2.6,1.0,1.0,1.0,0.0,,,-37.8331,144.9975
3,h,1285000.0,S,2.6,3.0,2.0,1.0,123.0,,,-37.8267,145.0122
4,h,905000.0,S,2.6,4.0,1.0,0.0,254.0,124.0,1890.0,-37.8201,144.9898
2,u,750000.0,S,2.6,2.0,2.0,1.0,0.0,104.0,2000.0,-37.8128,145.0133
2,u,604000.0,SP,2.6,2.0,2.0,2.0,0.0,75.0,2009.0,-37.8189,145.0131
4,h,1645000.0,S,2.6,4.0,2.0,1.0,249.0,214.0,1970.0,-37.8147,145.0084
3,u,945000.0,S,2.6,3.0,2.0,1.0,0.0,,1999.0,-37.833,144.997
1,u,306000.0,S,2.6,1.0,1.0,1.0,0.0,40.0,1965.0,-37.8242,145.0026
3,h,1270000.0,S,2.6,2.0,1.0,1.0,181.0,102.0,1900.0,-37.8203,145.0092
3,t,975000.0,PI,2.6,3.0,1.0,1.0,383.0,,1993.0,-37.8248,144.9976
2,h,1105000.0,S,2.6,2.0,2.0,1.0,55.0,,,-37.8159,145.0033
2,h,965000.0,S,2.6,2.0,1.0,0.0,158.0,,1900.0,-37.8201,145.007
2,u,620000.0,PI,2.6,2.0,2.0,1.0,650.0,,2011.0,-37.8195,145.0103
3,h,1100000.0,S,2.6,2.0,2.0,1.0,126.0,,,-37.8208,145.0013
1,u,450000.0,SP,2.6,1.0,1.0,1.0,0.0,,,-37.8231,144.9906
3,h,1850000.0,S,2.6,2.0,2.0,1.0,203.0,112.0,1900.0,-37.8214,145.0132
3,h,1650000.0,S,2.6,3.0,2.0,1.0,312.0,141.0,1920.0,-37.8217,145.007
3,h,1320000.0,S,2.6,3.0,2.0,2.0,171.0,118.0,1890.0,-37.8166,144.9987
3,h,1651000.0,S,2.6,3.0,2.0,1.0,192.0,111.0,1900.0,-37.8212,144.9985
3,h,1032000.0,S,2.6,3.0,1.0,0.0,128.0,,,-37.8198,145.0026
3,h,915000.0,S,2.6,4.0,3.0,1.0,140.0,,,-37.8148,144.9912
3,h,1075000.0,S,2.6,3.0,1.0,0.0,148.0,,,-37.8194,145.0024
4,h,1800000.0,PI,2.6,4.0,2.0,0.0,288.0,193.0,1900.0,-37.8268,145.0129
3,u,791500.0,S,2.6,3.0,2.0,2.0,0.0,104.0,2005.0,-37.8189,145.0131
3,h,1600000.0,S,2.6,3.0,2.0,2.0,80.0,144.0,1850.0,-37.8233,144.9947
2,t,1200000.0,SP,2.6,2.0,2.0,1.0,170.0,89.0,1940.0,-37.8229,144.9931
3,h,1555000.0,S,2.6,3.0,2.0,1.0,189.0,164.0,1900.0,-37.82,144.9987
3,h,1361000.0,S,2.6,3.0,2.0,1.0,99.0,102.0,,-37.8249,144.9976
3,h,1540000.0,S,2.6,3.0,1.0,1.0,0.0,,,-37.8214,145.0119
3,t,1582000.0,S,2.6,3.0,3.0,2.0,119.0,184.0,2005.0,-37.8278,144.9984
2,u,712000.0,S,2.6,2.0,1.0,1.0,0.0,,2012.0,-37.823,144.9982
3,h,2055000.0,SP,2.6,3.0,1.0,1.0,331.0,121.0,1960.0,-37.8263,145.0085
3,t,1012000.0,S,2.6,3.0,2.0,1.0,80.0,,,-37.8155,145.0061
3,h,1570000.0,S,2.6,3.0,1.0,2.0,248.0,,,-37.8198,144.9899
3,h,1345000.0,S,2.6,3.0,1.0,1.0,209.0,128.0,1900.0,-37.8206,144.9913
1,u,410000.0,PI,2.6,1.0,1.0,1.0,0.0,60.0,2008.0,-37.822,145.0104
2,u,696000.0,S,2.6,2.0,2.0,1.0,0.0,68.0,2008.0,-37.822,145.0104
3,h,1350000.0,VB,2.6,3.0,2.0,2.0,133.0,174.0,2000.0,-37.8183,145.0079
3,h,1405000.0,S,2.6,3.0,1.0,2.0,212.0,,,-37.8302,144.9993
1,u,362000.0,S,2.6,1.0,1.0,1.0,0.0,,,-37.8127,145.0094
2,u,760000.0,S,2.6,2.0,1.0,1.0,0.0,,,-37.833,144.997
2,u,807000.0,S,2.6,2.0,2.0,2.0,0.0,106.0,2000.0,-37.8128,145.0139
3,h,1495000.0,S,2.6,3.0,2.0,1.0,159.0,,,-37.8195,144.9974
3,h,1410000.0,S,2.6,3.0,1.0,0.0,224.0,,,-37.8199,145.0017
1,u,385000.0,VB,2.6,1.0,1.0,1.0,0.0,50.0,2005.0,-37.8331,144.9975
2,h,1150000.0,SP,2.6,2.0,1.0,0.0,156.0,80.0,1900.0,-37.8209,145.0052
3,h,1400000.0,PI,2.6,3.0,1.0,2.0,0.0,,,-37.8211,145.0114
4,h,1775000.0,S,2.6,4.0,1.0,0.0,434.0,144.0,1900.0,-37.8185,145.0061
1,u,360000.0,S,2.6,1.0,1.0,1.0,1332.0,,,-37.8181,144.9901
3,h,1270000.0,S,2.6,3.0,1.0,1.0,152.0,92.0,1910.0,-37.8219,145.0096
2,h,827500.0,S,2.6,2.0,1.0,0.0,127.0,72.0,1900.0,-37.8251,145.0063
4,h,1500000.0,PI,2.6,4.0,2.0,1.0,162.0,89.0,,-37.8252,145.0013
2,u,560000.0,SP,2.6,2.0,2.0,1.0,0.0,70.0,2004.0,-37.8189,145.0131
3,h,1165000.0,S,2.6,3.0,1.0,1.0,167.0,170.0,,-37.8167,145.0098
2,u,790000.0,PI,2.6,2.0,2.0,1.0,0.0,91.0,2013.0,-37.8198,145.005
2,h,870000.0,SP,2.6,2.0,1.0,1.0,100.0,,,-37.8136,144.9927
3,h,1185000.0,S,2.6,2.0,2.0,1.0,135.0,,,-37.8202,145.0013
4,h,1212500.0,S,2.6,4.0,3.0,2.0,108.0,108.0,2010.0,-37.8129,145.0013
2,h,1125000.0,S,2.6,2.0,1.0,0.0,103.0,74.0,1900.0,-37.8199,144.9911
3,h,1520000.0,S,2.6,3.0,1.0,2.0,248.0,100.0,1900.0,-37.8185,144.9935
5,h,1101500.0,S,11.4,4.0,2.0,1.0,629.0,207.0,1960.0,-37.7395,145.0773
2,h,971000.0,S,11.4,3.0,1.0,1.0,608.0,,,-37.7407,145.0612
4,h,1020000.0,PI,11.4,4.0,2.0,2.0,843.0,181.0,1940.0,-37.7348,145.0656
3,u,560000.0,VB,11.4,3.0,1.0,1.0,213.0,112.0,2000.0,-37.7386,145.0733
3,h,1050000.0,SP,11.4,3.0,1.0,2.0,1016.0,205.0,1950.0,-37.7299,145.0656
3,h,1155000.0,S,11.4,3.0,2.0,1.0,608.0,,,-37.7439,145.0688
2,t,531000.0,S,11.4,2.0,1.0,1.0,83.0,89.0,1990.0,-37.747,145.07
3,h,620000.0,VB,11.4,3.0,1.0,0.0,454.0,134.0,1940.0,-37.7449,145.072
3,h,780000.0,S,11.4,3.0,1.0,2.0,627.0,154.0,1970.0,-37.7367,145.0797
4,h,1051000.0,SP,11.4,4.0,2.0,2.0,651.0,,,-37.7338,145.0703
5,h,2530000.0,S,11.4,5.0,3.0,1.0,1850.0,,1910.0,-37.7465,145.0612
3,h,720000.0,SP,11.4,3.0,1.0,2.0,604.0,,,-37.7377,145.0737
2,u,633000.0,S,11.4,3.0,1.0,1.0,210.0,,,-37.7417,145.0613
2,h,725000.0,S,11.4,2.0,2.0,2.0,336.0,,1945.0,-37.7381,145.07299999999995
4,h,821000.0,SP,11.4,3.0,1.0,2.0,403.0,148.0,1950.0,-37.7437,145.0633
4,h,915000.0,SP,11.4,4.0,3.0,2.0,0.0,185.0,2008.0,-37.7449,145.0596
3,u,600000.0,S,11.4,3.0,2.0,2.0,169.0,,2010.0,-37.7415,145.0726
4,h,890000.0,VB,11.4,4.0,3.0,2.0,583.0,182.0,1970.0,-37.733,145.0694
6,h,1245000.0,S,11.4,3.0,3.0,4.0,911.0,,,-37.7312,145.0635
2,h,430000.0,S,11.4,2.0,1.0,1.0,164.0,83.0,1980.0,-37.7362,145.079
3,h,860000.0,S,11.4,3.0,1.0,2.0,583.0,,,-37.7346,145.0715
3,h,1012000.0,S,11.4,3.0,2.0,1.0,323.0,142.0,2015.0,-37.7359,145.0614
3,h,1020000.0,SP,11.4,3.0,1.0,2.0,927.0,141.0,1960.0,-37.7342,145.0658
2,u,635000.0,PI,11.4,2.0,1.0,1.0,203.0,,,-37.7432,145.0631
2,t,515000.0,SP,11.4,2.0,1.0,1.0,73.0,,,-37.7472,145.0702
4,h,1610000.0,S,11.4,4.0,1.0,4.0,1613.0,,,-37.7324,145.0606
2,h,1200000.0,S,11.4,2.0,1.0,1.0,757.0,,,-37.7428,145.07
4,h,1270000.0,S,11.4,4.0,2.0,4.0,604.0,230.0,1950.0,-37.7435,145.0686
3,h,515000.0,S,11.4,3.0,2.0,1.0,606.0,99.0,1955.0,-37.7347,145.0783
3,u,780000.0,S,11.4,3.0,1.0,2.0,239.0,,,-37.7417,145.061
3,h,1000000.0,S,11.4,3.0,1.0,1.0,826.0,,,-37.7352,145.0714
3,h,867000.0,SP,11.4,3.0,1.0,1.0,355.0,51.0,1960.0,-37.7352,145.0713
3,h,945000.0,S,11.4,3.0,1.0,1.0,625.0,135.0,1960.0,-37.7412,145.0642
2,u,618000.0,S,11.4,2.0,1.0,1.0,151.0,96.0,1980.0,-37.7458,145.0609
4,h,1720000.0,S,11.4,4.0,4.0,2.0,1215.0,,,-37.7387,145.0729
3,u,601000.0,S,11.4,3.0,2.0,1.0,217.0,142.0,2006.0,-37.7388,145.0742
3,h,852000.0,S,11.4,3.0,1.0,1.0,776.0,,1946.0,-37.7393,145.0685
2,u,452000.0,S,11.4,2.0,1.0,1.0,0.0,,1965.0,-37.7458,145.0659
4,h,1021000.0,S,11.4,4.0,2.0,2.0,782.0,,1950.0,-37.7433,145.0716
3,t,710000.0,S,11.4,3.0,1.0,1.0,174.0,,,-37.7404,145.0648
3,t,990000.0,S,11.4,3.0,2.0,2.0,276.0,,,-37.7336,145.0615
3,h,908000.0,S,11.4,3.0,1.0,2.0,692.0,125.0,1950.0,-37.7345,145.0753
3,h,1145000.0,S,6.6,3.0,1.0,1.0,350.0,116.0,1890.0,-37.8094,144.8869
3,h,970000.0,S,6.6,3.0,1.0,0.0,137.0,98.0,1890.0,-37.8078,144.8972
3,h,1325000.0,VB,6.6,3.0,3.0,2.0,227.0,211.0,2015.0,-37.8033,144.8897
2,u,450000.0,S,6.6,2.0,1.0,2.0,0.0,65.0,1970.0,-37.8087,144.8978
3,h,1330000.0,S,6.6,3.0,3.0,2.0,168.0,187.0,2012.0,-37.8066,144.887
3,h,1075000.0,SP,6.6,3.0,2.0,1.0,306.0,140.0,1900.0,-37.8038,144.8896
3,h,937500.0,S,6.6,2.0,2.0,2.0,409.0,,,-37.8097,144.8987
3,h,1350000.0,PI,6.6,3.0,3.0,2.0,227.0,211.0,2015.0,-37.8033,144.8897
4,h,1201000.0,S,6.6,4.0,2.0,1.0,299.0,158.0,1910.0,-37.8087,144.8952
3,h,990000.0,S,6.6,3.0,1.0,0.0,371.0,134.0,1910.0,-37.8066,144.8853
2,t,720000.0,SP,6.6,2.0,1.0,1.0,126.0,127.0,2011.0,-37.8045,144.8898
2,h,780000.0,S,6.6,2.0,1.0,1.0,176.0,,,-37.8052,144.8883
3,h,880000.0,SP,6.6,3.0,1.0,0.0,216.0,125.0,1890.0,-37.8052,144.8941
3,h,920000.0,PI,6.6,3.0,2.0,2.0,0.0,132.0,2000.0,-37.8057,144.8857
3,h,1395000.0,SP,6.6,3.0,1.0,2.0,467.0,155.0,1946.0,-37.8093,144.8941
3,h,965000.0,S,6.6,3.0,1.0,0.0,217.0,104.0,1910.0,-37.8037,144.8874
3,h,920000.0,VB,6.6,3.0,2.0,1.0,309.0,149.0,1910.0,-37.807,144.898
3,h,1001000.0,S,6.6,2.0,1.0,1.0,256.0,,,-37.8086,144.8927
2,t,755000.0,SP,6.6,2.0,2.0,1.0,97.0,,,-37.8044,144.8941
3,h,875000.0,S,6.6,3.0,2.0,2.0,193.0,154.0,2000.0,-37.8065,144.8866
2,h,822500.0,SP,6.6,2.0,2.0,1.0,228.0,111.0,1930.0,-37.8034,144.8855
2,h,990000.0,S,6.6,2.0,1.0,2.0,306.0,,,-37.8037,144.8893
3,h,1080000.0,VB,6.6,3.0,1.0,0.0,234.0,111.0,1900.0,-37.8051,144.8858
3,h,1126000.0,S,6.6,3.0,1.0,0.0,357.0,,,-37.8103,144.8962
2,h,1025000.0,SP,6.6,2.0,1.0,0.0,248.0,,,-37.8083,144.8896
5,h,1275000.0,SP,6.6,5.0,3.0,1.0,386.0,218.0,1890.0,-37.8078,144.8846
3,h,881000.0,S,6.6,2.0,1.0,2.0,217.0,,,-37.8075,144.8909
2,h,955000.0,SP,6.6,2.0,1.0,0.0,148.0,72.0,1912.0,-37.8084,144.8907
4,h,1455000.0,SP,6.6,4.0,2.0,3.0,571.0,198.0,1920.0,-37.809,144.8865
1,u,215000.0,VB,6.6,1.0,1.0,1.0,0.0,,,-37.8087,144.8978
2,u,533000.0,S,6.6,2.0,1.0,1.0,0.0,62.0,2012.0,-37.8042,144.892
3,h,1200000.0,S,6.6,2.0,1.0,1.0,374.0,,,-37.8057,144.8882
4,h,970000.0,VB,6.6,2.0,2.0,1.0,149.0,127.0,1920.0,-37.8047,144.8948
2,u,355000.0,S,6.6,2.0,1.0,1.0,0.0,71.0,1975.0,-37.8066,144.8971
3,h,1032000.0,SP,6.6,3.0,1.0,0.0,224.0,136.0,1900.0,-37.8067,144.8934
2,h,887000.0,S,6.6,2.0,1.0,1.0,170.0,,,-37.8082,144.8928
3,h,965000.0,S,6.6,3.0,1.0,1.0,283.0,,1940.0,-37.8064,144.8944
4,h,920000.0,PI,6.6,2.0,1.0,0.0,274.0,,,-37.8039,144.8929
4,h,1270000.0,S,6.6,3.0,1.0,1.0,352.0,150.0,1890.0,-37.8059,144.8899
3,h,1310000.0,S,6.6,3.0,2.0,1.0,229.0,,,-37.8032,144.8892
2,h,815000.0,S,6.6,2.0,1.0,0.0,172.0,81.0,1900.0,-37.81,144.8896
2,h,701000.0,PI,6.6,2.0,1.0,0.0,164.0,,1910.0,-37.8078,144.8979
2,u,593000.0,S,2.1,2.0,2.0,1.0,0.0,83.0,2012.0,-37.8341,144.9713
3,h,1600000.0,SP,2.1,3.0,2.0,1.0,88.0,93.0,1890.0,-37.8363,144.9628
2,h,920500.0,S,2.1,2.0,1.0,0.0,114.0,,,-37.8344,144.9686
4,h,1620000.0,S,2.1,4.0,2.0,0.0,163.0,153.0,1890.0,-37.8355,144.951
1,h,1002000.0,S,2.1,1.0,1.0,0.0,84.0,,1912.0,-37.8332,144.9548
2,h,1355000.0,S,2.1,2.0,1.0,0.0,101.0,,,-37.8359,144.9644
3,h,1270000.0,S,2.1,3.0,1.0,0.0,149.0,104.0,1900.0,-37.8374,144.9495
3,h,2633000.0,S,2.1,3.0,1.0,0.0,276.0,119.0,1900.0,-37.838,144.9489
3,h,1405000.0,PI,2.1,3.0,1.0,1.0,181.0,117.0,1880.0,-37.8365,144.9631
2,u,575000.0,SP,2.1,2.0,2.0,1.0,0.0,,2001.0,-37.8311,144.9679
1,u,760500.0,S,2.1,2.0,0.0,0.0,438.0,,,-37.8353,144.96
4,h,2260000.0,PI,2.1,5.0,3.0,0.0,190.0,232.0,1856.0,-37.8377,144.9653
2,h,1150000.0,S,2.1,2.0,1.0,0.0,113.0,,,-37.8373,144.9493
3,h,1595000.0,SP,2.1,3.0,2.0,0.0,171.0,126.0,1890.0,-37.8391,144.9501
2,u,595000.0,S,2.1,2.0,1.0,1.0,0.0,76.0,2004.0,-37.8369,144.968
2,u,490000.0,S,2.1,2.0,1.0,1.0,0.0,56.0,2013.0,-37.8341,144.9713
3,h,1250000.0,S,2.1,3.0,2.0,0.0,224.0,113.0,1890.0,-37.8329,144.9529
3,u,862000.0,S,2.1,3.0,2.0,2.0,0.0,,2001.0,-37.8311,144.9679
4,h,2180000.0,S,2.1,4.0,3.0,1.0,200.0,153.0,1860.0,-37.836,144.965
2,h,930000.0,SP,2.1,2.0,1.0,0.0,115.0,76.0,1900.0,-37.8345,144.9685
2,u,600000.0,S,2.1,2.0,1.0,1.0,0.0,,,-37.834,144.9665
3,h,1200000.0,VB,2.1,3.0,2.0,0.0,113.0,120.0,1910.0,-37.8346,144.9688
2,u,612000.0,S,2.1,2.0,1.0,1.0,0.0,,,-37.8346,144.9673
1,u,380000.0,VB,2.1,1.0,1.0,1.0,0.0,,1960.0,-37.8342,144.9679
3,h,2000000.0,S,2.1,3.0,2.0,1.0,161.0,141.0,1890.0,-37.8383,144.9499
2,u,1500000.0,VB,2.1,2.0,2.0,2.0,0.0,,2004.0,-37.8369,144.968
2,h,2000000.0,PI,2.1,2.0,2.0,1.0,141.0,150.0,1900.0,-37.8389,144.9612
2,u,1050000.0,VB,2.1,2.0,2.0,2.0,0.0,122.0,2001.0,-37.8372,144.9672
2,h,1100000.0,VB,2.1,2.0,1.0,2.0,185.0,,,-37.8337,144.9507
3,h,1250000.0,VB,2.1,3.0,2.0,1.0,108.0,125.0,1890.0,-37.8363,144.9509
3,h,1650000.0,VB,2.1,3.0,2.0,0.0,204.0,195.0,1890.0,-37.8357,144.9531
3,h,770000.0,S,2.1,3.0,2.0,1.0,2325.0,,,-37.8346,144.9673
2,u,561000.0,S,2.1,2.0,1.0,1.0,0.0,78.0,2001.0,-37.8308,144.9694
3,h,1825000.0,S,2.1,3.0,2.0,2.0,151.0,153.0,1900.0,-37.8383,144.9632
2,h,1200000.0,VB,2.1,2.0,2.0,1.0,131.0,79.0,1890.0,-37.839,144.94799999999995
3,u,1550000.0,PI,2.1,3.0,4.0,2.0,0.0,230.0,,-37.8337,144.966
3,h,891000.0,S,2.1,3.0,2.0,1.0,0.0,,,-37.8341,144.9661
3,t,1450000.0,S,2.1,3.0,2.0,1.0,146.0,,,-37.8331,144.9665
2,u,1360000.0,S,2.1,2.0,1.0,2.0,0.0,,,-37.8335,144.9611
3,h,1390000.0,PI,2.1,3.0,2.0,1.0,138.0,138.0,1998.0,-37.8351,144.9675
4,h,1615000.0,S,2.1,4.0,3.0,2.0,577.0,220.0,2009.0,-37.8357,144.9502
1,u,480000.0,S,2.1,1.0,1.0,1.0,0.0,,2004.0,-37.8369,144.968
3,t,1185000.0,S,2.1,3.0,2.0,1.0,111.0,3.0,,-37.8341,144.9541
3,h,2300000.0,S,2.1,3.0,2.0,2.0,0.0,260.0,1877.0,-37.8352,144.952
3,h,1720000.0,S,2.1,3.0,1.0,0.0,130.0,,,-37.8398,144.9493
1,u,320000.0,VB,2.1,1.0,1.0,0.0,0.0,,,-37.8341,144.9713
3,u,742000.0,SP,2.1,3.0,2.0,2.0,0.0,90.0,2003.0,-37.8319,144.9682
3,h,2075000.0,S,2.1,3.0,2.0,0.0,141.0,163.0,1890.0,-37.8333,144.9576
3,h,2525000.0,S,2.1,3.0,2.0,1.0,234.0,,1863.0,-37.8355,144.9663
2,u,560000.0,SP,2.1,2.0,2.0,1.0,0.0,,,-37.8331,144.9683
2,u,690000.0,VB,2.1,2.0,2.0,2.0,0.0,,,-37.8361,144.9682
1,u,430000.0,S,3.3,2.0,1.0,1.0,0.0,,1970.0,-37.8351,144.9909
2,u,722000.0,SP,3.3,2.0,1.0,1.0,0.0,86.0,2003.0,-37.8393,144.9886
2,u,930000.0,S,3.3,2.0,2.0,2.0,0.0,,2000.0,-37.8361,144.9966
1,u,467500.0,SP,3.3,1.0,1.0,1.0,0.0,,,-37.8363,145.0003
2,u,475000.0,PI,3.3,2.0,1.0,0.0,0.0,,,-37.8391,144.9984
2,u,850000.0,PI,3.3,2.0,2.0,2.0,0.0,86.0,2014.0,-37.8411,144.9944
3,u,1230000.0,S,3.3,3.0,2.0,2.0,0.0,138.0,1998.0,-37.8453,144.9849
2,u,965000.0,S,3.3,2.0,2.0,2.0,2143.0,,,-37.8393,144.9886
1,u,315000.0,PI,3.3,1.0,1.0,0.0,14500.0,,2011.0,-37.8372,144.9963
3,h,1510000.0,S,3.3,3.0,5.0,0.0,241.0,,,-37.8407,144.9962
1,u,402000.0,S,3.3,1.0,1.0,1.0,0.0,,2013.0,-37.8392,144.9947
3,u,1880000.0,S,3.3,3.0,2.0,2.0,0.0,,1968.0,-37.8399,145.0003
1,u,422000.0,S,3.3,1.0,1.0,0.0,0.0,,,-37.837,144.9881
2,u,535000.0,S,3.3,2.0,1.0,1.0,0.0,64.0,1970.0,-37.8374,144.9918
2,u,990000.0,SA,3.3,2.0,2.0,2.0,0.0,38.0,2015.0,-37.8379,144.9913
2,u,695000.0,PI,3.3,2.0,1.0,0.0,0.0,79.0,1930.0,-37.8361,144.9842
2,u,978500.0,S,3.3,2.0,2.0,2.0,17200.0,,2000.0,-37.8361,144.9966
2,u,863000.0,S,3.3,2.0,2.0,1.0,742.0,,1950.0,-37.8357,144.9867
2,u,680000.0,S,3.3,2.0,1.0,1.0,0.0,,,-37.8338,144.9858
2,u,840000.0,PI,3.3,2.0,2.0,1.0,0.0,,2004.0,-37.8439,144.9974
1,u,450000.0,SP,3.3,1.0,1.0,1.0,0.0,,,-37.8421,144.9978
3,u,750000.0,S,3.3,3.0,2.0,2.0,0.0,,,-37.8453,144.9849
2,u,650000.0,PI,3.3,2.0,1.0,1.0,0.0,,1986.0,-37.8344,144.9916
2,u,775000.0,SP,3.3,2.0,1.0,1.0,0.0,103.0,2000.0,-37.8394,144.9886
2,u,572000.0,SP,3.3,2.0,1.0,1.0,0.0,73.0,1960.0,-37.8368,144.9857
1,u,510000.0,S,3.3,1.0,1.0,1.0,0.0,,2000.0,-37.8361,144.9966
3,t,1460000.0,PI,3.3,2.0,2.0,1.0,181.0,148.0,1990.0,-37.8334,144.9867
1,u,465000.0,S,3.3,1.0,1.0,1.0,0.0,,1970.0,-37.8456,145.0005
2,u,801000.0,S,3.3,2.0,2.0,1.0,0.0,,2000.0,-37.8361,144.9966
2,u,623500.0,SP,3.3,2.0,1.0,1.0,0.0,75.0,1970.0,-37.8426,144.993
1,u,409000.0,S,3.3,1.0,1.0,1.0,0.0,45.0,1970.0,-37.8414,144.991
1,u,370000.0,SP,3.3,1.0,1.0,1.0,0.0,,,-37.8423,144.997
3,t,1250000.0,S,3.3,3.0,2.0,1.0,80.0,118.0,2003.0,-37.8416,144.9923
1,u,480000.0,S,3.3,1.0,1.0,1.0,0.0,,2000.0,-37.8361,144.9966
2,h,2325000.0,S,3.3,2.0,2.0,2.0,355.0,,,-37.8392,144.9883
2,u,659000.0,SP,3.3,2.0,1.0,1.0,0.0,77.0,1940.0,-37.8314,144.9877
2,u,780000.0,PI,3.3,2.0,1.0,1.0,0.0,75.0,1960.0,-37.8343,144.9899
2,u,865000.0,S,3.3,2.0,2.0,1.0,0.0,,2000.0,-37.8361,144.9966
2,h,1455000.0,S,3.3,2.0,1.0,0.0,225.0,94.0,1890.0,-37.8421,144.9876
2,t,1365000.0,S,3.3,3.0,2.0,1.0,1302.0,,,-37.8377,145.0021
1,u,411000.0,S,3.3,1.0,1.0,1.0,1369.0,,,-37.8405,145.0025
1,u,360500.0,S,3.3,1.0,1.0,1.0,0.0,44.0,1960.0,-37.8404,145.0045
2,u,1300000.0,PI,3.3,2.0,2.0,2.0,0.0,107.0,1986.0,-37.8376,144.9847
2,u,1300000.0,PI,3.3,2.0,2.0,1.0,0.0,107.0,1980.0,-37.8376,144.9847
3,u,1630000.0,PI,3.3,3.0,1.0,1.0,0.0,,,-37.8359,144.9839
2,u,625000.0,S,3.3,2.0,1.0,1.0,1283.0,,,-37.8359,144.9921
2,h,2430000.0,S,3.3,2.0,1.0,2.0,367.0,,1985.0,-37.842,144.9873
1,u,490000.0,S,3.3,1.0,1.0,1.0,0.0,,,-37.8425,145.0009
1,u,955000.0,PI,3.3,1.0,1.0,1.0,0.0,85.0,,-37.8357,144.991
1,u,380000.0,S,3.3,1.0,1.0,1.0,0.0,41.0,1980.0,-37.8415,144.991
2,u,601000.0,S,3.3,2.0,1.0,1.0,0.0,,1970.0,-37.8406,145.0033
1,u,450000.0,PI,3.3,1.0,1.0,0.0,0.0,,,-37.8332,144.9901
2,h,1500000.0,S,3.3,2.0,1.0,2.0,141.0,,,-37.8408,144.9977
2,u,1030000.0,VB,3.3,2.0,2.0,1.0,0.0,,,-37.8407,145.0043
1,u,555000.0,S,3.3,1.0,1.0,1.0,630.0,,,-37.8356,144.9773
4,h,5700000.0,S,3.3,4.0,2.0,0.0,292.0,272.0,1880.0,-37.8377,144.9894
3,h,2300000.0,PI,3.3,3.0,2.0,1.0,350.0,,,-37.8422,144.9884
1,u,515000.0,SP,3.3,1.0,1.0,1.0,0.0,44.0,1970.0,-37.8375,145.0012
3,h,2695000.0,PI,3.3,3.0,2.0,1.0,215.0,200.0,1910.0,-37.8361,144.9831
3,h,2870000.0,S,3.3,3.0,2.0,2.0,350.0,,1880.0,-37.8451,145.0019
2,u,805000.0,S,3.3,2.0,1.0,1.0,0.0,,,-37.8359,144.9801
2,u,370000.0,PI,3.3,2.0,1.0,1.0,0.0,,1970.0,-37.8374,144.9871
1,u,360000.0,VB,3.3,1.0,1.0,1.0,0.0,46.0,,-37.8339,144.9872
1,u,310000.0,PI,3.3,1.0,1.0,1.0,0.0,40.0,1950.0,-37.8444,145.0037
2,h,1036500.0,S,3.3,2.0,1.0,0.0,105.0,,,-37.8403,144.9893
2,u,627500.0,S,3.3,2.0,1.0,1.0,0.0,85.0,1970.0,-37.8407,145.004
3,u,1072000.0,S,3.3,3.0,0.0,0.0,0.0,,,-37.8407,145.0043
1,u,425000.0,PI,3.3,1.0,1.0,1.0,0.0,56.0,2007.0,-37.837,144.9931
1,u,330000.0,VB,3.3,1.0,1.0,1.0,0.0,47.0,1970.0,-37.8437,144.9904
2,u,450000.0,VB,3.3,2.0,1.0,1.0,0.0,,,-37.8374,144.9871
2,u,550000.0,S,3.3,2.0,1.0,1.0,0.0,,,-37.8406,145.0035
1,u,400000.0,S,3.3,1.0,1.0,1.0,1424.0,,,-37.8402,145.0029
3,h,1700000.0,S,3.3,3.0,2.0,2.0,141.0,,1990.0,-37.844,144.9867
2,u,613000.0,S,3.3,2.0,1.0,1.0,0.0,,1970.0,-37.845,145.0012
2,u,1240000.0,S,3.3,2.0,2.0,2.0,0.0,,,-37.8343,144.9888
2,u,832000.0,S,3.3,2.0,1.0,1.0,0.0,,1960.0,-37.8342,144.9842
2,u,693000.0,S,3.3,2.0,1.0,1.0,2122.0,64.0,1960.0,-37.8383,145.0014
2,u,551000.0,S,3.3,2.0,1.0,0.0,0.0,,,-37.8383,145.0011
3,u,740000.0,S,3.3,3.0,1.0,1.0,0.0,,1970.0,-37.8376,145.0012
3,h,2285000.0,S,3.3,3.0,2.0,2.0,221.0,135.0,1890.0,-37.8416,144.9959
3,h,3000000.0,VB,3.3,3.0,3.0,2.0,191.0,175.0,1890.0,-37.836,144.9824
1,u,450000.0,S,3.3,1.0,1.0,1.0,0.0,,2013.0,-37.8384,144.9886
2,u,515000.0,VB,3.3,2.0,1.0,1.0,734.0,65.0,2013.0,-37.8433,144.9962
3,u,805000.0,S,3.3,3.0,2.0,3.0,6111.0,,,-37.8453,144.9849
2,u,630000.0,S,3.3,2.0,1.0,1.0,0.0,,,-37.8361,144.9921
2,u,600000.0,S,3.3,2.0,1.0,2.0,0.0,72.0,1970.0,-37.8336,144.9882
3,h,1780000.0,SP,3.3,3.0,2.0,1.0,198.0,,,-37.8472,145.0026
1,h,2115000.0,S,3.3,1.0,1.0,1.0,569.0,,,-37.8428,144.991
1,u,523000.0,S,3.3,1.0,1.0,0.0,0.0,,1940.0,-37.8458,145.0034
4,u,2050000.0,VB,3.3,4.0,2.0,1.0,979.0,,,-37.8344,144.9857
4,h,2600000.0,PI,3.3,4.0,2.0,2.0,141.0,127.0,1880.0,-37.8366,144.9827
1,u,320000.0,VB,3.3,1.0,1.0,0.0,0.0,47.0,1970.0,-37.8437,144.9904
3,h,2395000.0,S,3.3,3.0,1.0,2.0,442.0,,,-37.8432,144.9906
2,u,920000.0,S,3.3,2.0,2.0,0.0,0.0,,,-37.84,144.9988
1,u,400000.0,S,3.3,1.0,1.0,1.0,0.0,45.0,1960.0,-37.8355,144.9884
3,h,1810000.0,S,3.3,3.0,1.0,1.0,211.0,18.0,1906.0,-37.8442,144.9928
1,u,612000.0,S,3.3,1.0,1.0,1.0,607.0,,,-37.8328,144.9866
1,u,567500.0,S,3.3,1.0,1.0,1.0,0.0,56.0,1970.0,-37.8368,144.9848
1,u,540000.0,S,3.3,1.0,1.0,1.0,480.0,53.0,1930.0,-37.8356,144.9767
2,u,803000.0,S,3.3,2.0,1.0,1.0,0.0,,,-37.8374,144.9903
3,t,2010000.0,VB,3.3,3.0,2.0,1.0,163.0,207.0,2016.0,-37.8425,144.9877
3,h,1945000.0,S,3.3,3.0,2.0,1.0,194.0,148.0,1890.0,-37.8395,144.9898
3,h,906000.0,S,3.3,3.0,1.0,0.0,154.0,88.0,1920.0,-37.8395,144.9868
1,u,367000.0,S,3.3,1.0,1.0,0.0,0.0,42.0,1950.0,-37.8406,145.0035
2,h,1130000.0,S,3.3,2.0,1.0,1.0,132.0,77.0,1900.0,-37.8446,144.9896
2,u,500000.0,VB,3.3,2.0,1.0,1.0,0.0,73.0,1980.0,-37.835,145.0002
1,u,310000.0,SP,3.3,1.0,1.0,1.0,0.0,37.0,1970.0,-37.8319,144.9876
2,h,1100000.0,VB,3.3,2.0,1.0,0.0,176.0,81.0,1930.0,-37.8436,144.9925
1,u,410000.0,S,3.3,1.0,1.0,0.0,0.0,48.0,1960.0,-37.8427,145.0006
3,h,1125000.0,PI,3.3,2.0,1.0,0.0,146.0,89.0,1910.0,-37.8454,144.9888
2,u,840000.0,S,3.3,2.0,2.0,1.0,0.0,92.0,2002.0,-37.8361,144.9966
3,h,1400000.0,VB,3.3,3.0,2.0,2.0,0.0,172.0,2005.0,-37.8433,145.0001
2,u,635000.0,S,3.3,2.0,1.0,1.0,855.0,,,-37.8336,144.9882
2,u,680500.0,S,3.3,2.0,1.0,1.0,0.0,70.0,1970.0,-37.837,144.9907
3,h,1800000.0,VB,3.3,3.0,2.0,3.0,510.0,,1900.0,-37.8418,144.986
1,u,280000.0,PI,3.3,1.0,1.0,0.0,0.0,35.0,1910.0,-37.8423,144.997
2,u,613000.0,S,3.3,2.0,1.0,1.0,0.0,,,-37.838,145.0011
2,u,520000.0,SP,3.3,2.0,1.0,1.0,0.0,62.0,1890.0,-37.8323,144.9876
2,u,827000.0,S,3.3,2.0,2.0,2.0,17200.0,,2000.0,-37.8361,144.9966
1,u,510000.0,SP,3.3,1.0,1.0,1.0,0.0,,2000.0,-37.8361,144.9966
2,h,1200000.0,PI,3.3,2.0,1.0,0.0,176.0,84.0,1940.0,-37.8436,144.9925
2,u,480000.0,S,3.3,2.0,1.0,1.0,0.0,61.0,1965.0,-37.8337,144.9886
2,u,660000.0,S,3.3,2.0,1.0,1.0,0.0,,,-37.8414,145.0043
2,u,470000.0,VB,3.3,2.0,1.0,1.0,0.0,,1970.0,-37.845,145.0001
2,u,621500.0,S,3.3,2.0,1.0,1.0,0.0,,,-37.835,144.9905
4,h,2667000.0,S,3.3,4.0,3.0,2.0,446.0,,1900.0,-37.8454,144.9989
3,h,2200000.0,PI,3.3,3.0,2.0,0.0,358.0,238.0,1915.0,-37.8425,145.0031
3,h,1700000.0,S,3.3,3.0,1.0,1.0,178.0,172.0,1894.0,-37.8404,145.0022
3,h,1056800.0,S,3.3,3.0,2.0,1.0,90.0,,,-37.8406,144.9864
3,h,2400000.0,PI,3.3,3.0,2.0,1.0,350.0,,,-37.8422,144.9884
1,u,410000.0,S,3.3,1.0,1.0,1.0,0.0,,,-37.8337,144.9886
1,u,260800.0,S,3.3,2.0,1.0,0.0,0.0,,1960.0,-37.8437,144.9852
2,h,1200000.0,S,3.3,2.0,1.0,1.0,163.0,86.0,1900.0,-37.8446,144.9879
3,h,1540000.0,S,3.3,3.0,2.0,1.0,149.0,140.0,2003.0,-37.8448,144.9882
2,u,826000.0,S,3.3,2.0,1.0,1.0,0.0,79.0,1970.0,-37.8342,144.9842
2,u,910000.0,S,3.3,2.0,0.0,0.0,0.0,,,-37.8357,144.9859
3,t,1715000.0,S,3.3,2.0,2.0,2.0,0.0,,,-37.8374,144.9852
3,h,1700000.0,SP,3.3,2.0,2.0,1.0,181.0,148.0,1990.0,-37.8334,144.9867
2,u,505000.0,S,3.3,2.0,1.0,1.0,0.0,72.0,1969.0,-37.8453,145.0012
1,u,330000.0,PI,3.3,2.0,1.0,1.0,0.0,,2011.0,-37.8421,144.9978
1,u,687000.0,S,3.3,2.0,1.0,2.0,0.0,,,-37.8352,144.9922
3,u,720000.0,S,1.2,3.0,1.0,1.0,0.0,106.0,1993.0,-37.8235,144.9655
1,u,385500.0,S,1.2,1.0,1.0,1.0,1826.0,,2010.0,-37.8301,144.9697
3,u,868000.0,SP,1.2,3.0,2.0,1.0,0.0,114.0,1995.0,-37.8267,144.9687
2,u,590000.0,S,1.2,2.0,1.0,1.0,0.0,75.0,,-37.8235,144.9655
2,u,530000.0,VB,1.2,2.0,1.0,1.0,0.0,84.0,2003.0,-37.8246,144.9632
2,u,650000.0,VB,1.2,2.0,2.0,1.0,0.0,110.0,2000.0,-37.8273,144.9556
4,u,990000.0,S,1.2,4.0,3.0,1.0,0.0,172.0,1995.0,-37.8267,144.9687
2,u,623000.0,S,1.2,2.0,1.0,1.0,0.0,,1995.0,-37.828,144.9683
2,u,592500.0,S,1.2,2.0,2.0,1.0,0.0,100.0,2000.0,-37.8227,144.9664
2,u,600000.0,S,1.2,2.0,2.0,1.0,0.0,99.0,1995.0,-37.828,144.9683
2,u,485000.0,PI,1.2,2.0,1.0,1.0,2121.0,,2013.0,-37.8295,144.9692
1,u,455000.0,S,1.2,1.0,1.0,0.0,760.0,70.0,2007.0,-37.8228,144.9661
2,u,569000.0,S,1.2,2.0,2.0,1.0,3878.0,,2012.0,-37.8255,144.9665
3,h,1220000.0,S,1.2,3.0,1.0,1.0,0.0,,,-37.8288,144.9679
4,u,1250000.0,S,1.2,4.0,3.0,1.0,0.0,176.0,2000.0,-37.8267,144.9687
2,u,430000.0,PI,1.2,2.0,2.0,0.0,2295.0,,2014.0,-37.8256,144.9622
1,u,480000.0,VB,1.2,1.0,1.0,1.0,3878.0,,2012.0,-37.8255,144.9665
1,u,425000.0,VB,1.2,1.0,1.0,1.0,0.0,57.0,2004.0,-37.8245,144.9622
2,h,815000.0,SP,1.2,2.0,1.0,0.0,0.0,,,-37.8297,144.9499
3,u,740000.0,VB,1.2,3.0,2.0,1.0,0.0,105.0,1994.0,-37.828,144.9683
2,u,580000.0,VB,1.2,2.0,1.0,1.0,0.0,,2010.0,-37.8226,144.9667
3,h,700000.0,VB,1.2,3.0,1.0,0.0,199.0,,1947.0,-37.8299,144.9496
2,u,660000.0,S,1.2,2.0,1.0,1.0,0.0,77.0,2000.0,-37.8288,144.9679
2,u,622500.0,S,1.2,2.0,2.0,1.0,2955.0,67.0,2013.0,-37.8299,144.9679
2,u,690000.0,S,1.2,2.0,3.0,1.0,0.0,,2013.0,-37.8295,144.9692
2,u,800000.0,PI,1.2,2.0,2.0,2.0,0.0,73.0,2014.0,-37.8229,144.9612
2,u,540000.0,S,1.2,2.0,2.0,1.0,0.0,93.0,1994.0,-37.822,144.9637
1,u,370000.0,VB,1.2,1.0,1.0,1.0,546.0,51.0,2000.0,-37.8274,144.9587
3,u,720000.0,VB,1.2,3.0,2.0,1.0,0.0,112.0,,-37.8273,144.9685
3,h,1040000.0,S,7.7,3.0,1.0,3.0,690.0,,1950.0,-37.8272,144.8789
3,h,855000.0,S,7.7,3.0,1.0,1.0,326.0,112.0,1991.0,-37.831,144.8884
2,h,832500.0,S,7.7,2.0,1.0,2.0,562.0,116.0,1950.0,-37.8333,144.8868
2,h,850000.0,S,7.7,2.0,1.0,2.0,502.0,104.0,1950.0,-37.8263,144.8775
3,h,1080000.0,S,7.7,3.0,1.0,2.0,472.0,95.0,1950.0,-37.8302,144.8885
4,h,1170000.0,VB,7.7,4.0,2.0,2.0,489.0,,,-37.8279,144.874
3,h,927000.0,S,7.7,3.0,1.0,0.0,274.0,131.0,1910.0,-37.8282,144.8856
4,h,850000.0,VB,7.7,4.0,2.0,0.0,389.0,158.0,1990.0,-37.8284,144.8861
3,h,831000.0,S,7.7,3.0,1.0,0.0,353.0,109.0,1890.0,-37.8309,144.889
3,h,835000.0,S,7.7,2.0,1.0,3.0,459.0,,,-37.8255,144.8709
4,t,840000.0,S,7.7,3.0,3.0,2.0,278.0,277.0,2015.0,-37.8261,144.8718
4,h,1315000.0,S,7.7,4.0,2.0,3.0,830.0,134.0,1920.0,-37.829,144.8807
3,h,1035000.0,S,7.7,3.0,1.0,2.0,675.0,,,-37.8261,144.872
4,h,1161000.0,S,7.7,4.0,2.0,5.0,742.0,236.0,2000.0,-37.8248,144.8707
3,h,775000.0,S,7.7,3.0,1.0,1.0,435.0,,,-37.8279,144.873
3,h,1016000.0,SP,7.7,3.0,1.0,1.0,320.0,134.0,1940.0,-37.8277,144.8841
3,h,690000.0,S,7.7,4.0,1.0,2.0,532.0,518.0,1965.0,-37.8248,144.8717
3,h,1070000.0,S,7.7,2.0,1.0,2.0,526.0,127.0,1950.0,-37.8267,144.8779
4,h,871500.0,PI,7.7,4.0,2.0,0.0,389.0,158.0,1990.0,-37.8284,144.8861
2,u,509000.0,S,6.1,2.0,1.0,1.0,0.0,,,-37.8679,144.9813
1,u,380000.0,PI,6.1,1.0,1.0,1.0,0.0,50.0,1960.0,-37.8656,144.9782
2,u,430000.0,S,6.1,2.0,1.0,1.0,0.0,71.0,1970.0,-37.8675,144.9851
2,u,640000.0,S,6.1,2.0,1.0,1.0,1055.0,,,-37.8715,144.9827
2,u,602000.0,S,6.1,2.0,1.0,0.0,0.0,66.0,1930.0,-37.8707,144.9765
2,u,575000.0,SP,6.1,2.0,1.0,1.0,0.0,75.0,1970.0,-37.8573,144.9825
2,u,495000.0,PI,6.1,2.0,1.0,1.0,0.0,74.0,1970.0,-37.8616,144.9907
5,h,2000000.0,VB,6.1,5.0,2.0,2.0,436.0,,1910.0,-37.8618,144.982
2,u,500000.0,S,6.1,2.0,1.0,1.0,5530.0,70.0,2001.0,-37.859,144.9767
2,u,530000.0,PI,6.1,2.0,1.0,1.0,6186.0,,,-37.8656,144.9782
3,h,1891000.0,S,6.1,3.0,2.0,3.0,384.0,123.0,1915.0,-37.8645,144.9805
4,h,2000000.0,VB,6.1,4.0,2.0,3.0,420.0,160.0,1910.0,-37.8667,144.9832
4,h,2220000.0,S,6.1,4.0,2.0,2.0,402.0,,1914.0,-37.861,144.9819
3,u,1500000.0,VB,6.1,3.0,1.0,1.0,1669.0,176.0,1920.0,-37.8646,144.9786
4,h,2455000.0,S,6.1,4.0,1.0,1.0,300.0,,,-37.8725,144.97899999999996
3,h,2000000.0,VB,6.1,3.0,2.0,2.0,176.0,192.0,1880.0,-37.8641,144.9739
1,u,500000.0,SP,6.1,1.0,1.0,1.0,2335.0,58.0,2002.0,-37.8571,144.987
2,u,685000.0,S,6.1,2.0,2.0,2.0,0.0,102.0,1999.0,-37.8568,144.9873
1,u,380000.0,S,6.1,1.0,1.0,1.0,2879.0,49.0,1967.0,-37.863,144.9747
2,u,465000.0,S,6.1,2.0,1.0,1.0,0.0,,1960.0,-37.8676,144.9834
3,u,616000.0,S,6.1,2.0,2.0,2.0,0.0,115.0,1995.0,-37.8573,144.9825
2,h,875000.0,S,6.1,2.0,1.0,0.0,94.0,,,-37.867,144.991
3,u,610000.0,S,6.1,3.0,1.0,2.0,7170.0,,,-37.861,144.9915
1,u,400000.0,VB,6.1,1.0,1.0,1.0,0.0,53.0,1998.0,-37.8605,144.9769
1,u,450000.0,SP,6.1,1.0,1.0,1.0,0.0,,,-37.8571,144.987
1,u,451000.0,S,6.1,1.0,1.0,1.0,0.0,41.0,2009.0,-37.8731,144.9799
3,t,1400000.0,VB,6.1,3.0,2.0,2.0,128.0,183.0,2002.0,-37.8624,144.9768
2,u,455000.0,S,6.1,2.0,1.0,1.0,0.0,,,-37.8619,144.9802
2,u,487500.0,S,6.1,2.0,1.0,2.0,1676.0,,,-37.8585,144.9852
1,u,459000.0,SP,6.1,1.0,1.0,1.0,0.0,59.0,1995.0,-37.8568,144.9873
1,u,395000.0,SP,6.1,1.0,1.0,1.0,1286.0,,1975.0,-37.8621,144.9823
2,u,560000.0,S,6.1,2.0,1.0,2.0,1676.0,,,-37.8585,144.9852
2,u,520000.0,PI,6.1,2.0,1.0,1.0,1034.0,55.0,1950.0,-37.8717,144.9829
3,h,2720000.0,S,6.1,3.0,2.0,0.0,367.0,,1868.0,-37.8658,144.9766
2,u,542500.0,PI,6.1,2.0,1.0,1.0,0.0,,,-37.8568,144.9873
1,u,370500.0,S,6.1,1.0,1.0,1.0,0.0,46.0,1960.0,-37.8722,144.9805
5,h,5046000.0,S,6.1,5.0,3.0,3.0,1294.0,378.0,1884.0,-37.8589,144.9883
1,u,385000.0,PI,6.1,1.0,1.0,1.0,0.0,53.0,2005.0,-37.8614,144.9741
3,h,1900000.0,S,6.1,3.0,2.0,2.0,289.0,122.0,1979.0,-37.8726,144.9782
1,u,475000.0,SP,6.1,1.0,1.0,1.0,0.0,,,-37.8605,144.9834
2,u,390000.0,VB,6.1,2.0,1.0,1.0,0.0,73.0,2000.0,-37.859,144.9767
1,u,500000.0,VB,6.1,1.0,1.0,1.0,0.0,57.0,2001.0,-37.8668,144.9801
2,u,571000.0,S,6.1,2.0,1.0,1.0,7458.0,,,-37.8591,144.97899999999996
2,u,690000.0,VB,6.1,2.0,1.0,0.0,0.0,100.0,,-37.8579,144.981
1,u,430000.0,SP,6.1,1.0,1.0,1.0,1409.0,63.0,2000.0,-37.8661,144.9772
1,u,420000.0,SP,6.1,1.0,1.0,0.0,954.0,,1945.0,-37.8612,144.9804
1,u,392000.0,S,6.1,1.0,1.0,1.0,0.0,43.0,2002.0,-37.8599,144.9766
4,h,1900000.0,PI,6.1,4.0,2.0,2.0,507.0,202.0,1890.0,-37.8616,144.9807
2,u,570000.0,S,6.1,2.0,1.0,1.0,628.0,,1960.0,-37.8681,144.9844
2,u,540000.0,SP,6.1,2.0,1.0,1.0,0.0,70.0,2003.0,-37.8653,144.9824
2,u,475000.0,SP,6.1,2.0,1.0,1.0,0.0,83.0,1970.0,-37.8604,144.9817
1,u,335000.0,SP,6.1,1.0,1.0,0.0,0.0,,2013.0,-37.8682,144.9782
2,u,570000.0,PI,6.1,2.0,2.0,1.0,0.0,70.0,2000.0,-37.8709,144.9807
2,u,561000.0,S,6.1,2.0,1.0,1.0,0.0,,,-37.8653,144.9824
2,u,400000.0,PI,6.1,2.0,1.0,1.0,0.0,65.0,1970.0,-37.8619,144.976
2,h,1220000.0,S,6.1,2.0,1.0,1.0,208.0,,,-37.8659,144.9887
3,h,920000.0,PI,6.1,3.0,2.0,2.0,124.0,134.0,2000.0,-37.8656,144.9851
1,u,330000.0,SA,6.1,1.0,1.0,1.0,653.0,,,-37.8642,144.9814
2,u,503500.0,S,6.1,2.0,1.0,1.0,683.0,72.0,1940.0,-37.8594,144.9828
2,u,580000.0,PI,6.1,2.0,1.0,0.0,0.0,95.0,1930.0,-37.8617,144.9796
1,u,360000.0,S,6.1,1.0,1.0,1.0,0.0,,,-37.8627,144.9912
1,u,320000.0,VB,6.1,1.0,2.0,1.0,0.0,,2013.0,-37.8587,144.9797
3,t,1295000.0,S,6.1,3.0,2.0,2.0,0.0,200.0,2000.0,-37.8584,144.9802
2,u,481000.0,S,6.1,2.0,1.0,1.0,0.0,61.0,1966.0,-37.8596,144.9889
3,h,1120000.0,PI,6.1,3.0,2.0,2.0,1039.0,133.0,2006.0,-37.8638,144.982
1,u,400000.0,VB,6.1,1.0,1.0,1.0,0.0,52.0,2012.0,-37.8676,144.9901
2,u,582000.0,S,6.1,2.0,1.0,0.0,0.0,,1955.0,-37.8619,144.9771
1,u,1210000.0,PI,6.1,1.0,1.0,1.0,0.0,49.0,1970.0,-37.8716,144.9828
1,u,366000.0,S,6.1,1.0,1.0,0.0,0.0,,,-37.8706,144.9821
2,h,808000.0,S,6.1,2.0,1.0,0.0,124.0,,1908.0,-37.8562,144.9848
2,h,1316000.0,S,6.1,2.0,1.0,0.0,215.0,,,-37.869,144.9826
2,u,640000.0,S,6.1,2.0,1.0,1.0,0.0,,,-37.8635,144.9857
2,u,785000.0,PI,6.1,2.0,2.0,2.0,0.0,98.0,2006.0,-37.8647,144.9819
1,u,450000.0,SP,6.1,1.0,1.0,1.0,0.0,61.0,2009.0,-37.8731,144.9799
2,h,875000.0,S,6.1,2.0,1.0,1.0,123.0,68.0,1900.0,-37.8641,144.9866
2,u,650000.0,PI,6.1,2.0,1.0,0.0,822.0,70.0,1930.0,-37.8585,144.9854
2,u,431000.0,S,6.1,2.0,1.0,1.0,0.0,71.0,1940.0,-37.8665,144.9833
2,u,385000.0,VB,6.1,2.0,1.0,1.0,0.0,46.0,1970.0,-37.8648,144.9783
2,u,575000.0,S,6.1,2.0,2.0,1.0,0.0,78.0,2013.0,-37.8562,144.9844
2,u,757500.0,S,6.1,2.0,1.0,1.0,0.0,,,-37.865,144.9761
2,u,535000.0,PI,6.1,2.0,1.0,1.0,0.0,,,-37.861,144.9891
2,u,610000.0,PI,6.1,2.0,1.0,1.0,0.0,,,-37.8722,144.98
5,h,4400000.0,S,6.1,5.0,4.0,4.0,657.0,312.0,1900.0,-37.8582,144.9913
2,u,610000.0,S,6.1,2.0,1.0,1.0,1211.0,,1970.0,-37.8644,144.9741
1,u,420000.0,S,6.1,1.0,1.0,1.0,0.0,,,-37.8674,144.9839
2,h,1250000.0,S,6.1,2.0,1.0,4.0,147.0,,,-37.865,144.9804
1,u,360000.0,S,6.1,1.0,1.0,1.0,400.0,,,-37.859,144.9792
2,u,450000.0,VB,6.1,2.0,1.0,1.0,841.0,,2006.0,-37.8612,144.985
2,u,535000.0,S,6.1,2.0,1.0,1.0,0.0,70.0,1930.0,-37.8614,144.9793
2,h,1200500.0,S,6.1,2.0,1.0,0.0,201.0,83.0,1915.0,-37.8654,144.9809
2,u,565000.0,VB,6.1,2.0,2.0,1.0,0.0,76.0,2013.0,-37.8562,144.9844
1,u,452000.0,S,6.1,1.0,1.0,1.0,0.0,,,-37.8631,144.9749
2,u,520000.0,PI,6.1,2.0,1.0,1.0,1235.0,63.0,1980.0,-37.8645,144.9749
2,u,482300.0,S,6.1,2.0,1.0,0.0,0.0,,,-37.8735,144.9798
2,u,902000.0,S,6.1,2.0,1.0,0.0,0.0,108.0,1920.0,-37.8681,144.9894
3,u,1600000.0,PI,6.1,3.0,2.0,2.0,0.0,3.0,1850.0,-37.8584,144.9802
2,h,1435000.0,SP,6.1,2.0,1.0,1.0,225.0,,,-37.8625,144.9888
2,u,750000.0,SP,6.1,2.0,2.0,1.0,0.0,105.0,2009.0,-37.8686,144.9812
2,h,1365000.0,S,6.1,2.0,1.0,1.0,361.0,123.0,1910.0,-37.8646,144.98
4,h,1950000.0,S,6.1,4.0,2.0,2.0,436.0,211.0,1880.0,-37.8629,144.9887
2,u,470000.0,VB,6.1,2.0,1.0,1.0,0.0,,,-37.8562,144.9844
3,h,1678000.0,S,6.1,3.0,2.0,2.0,361.0,171.0,2016.0,-37.8663,144.9882
2,u,400000.0,VB,6.1,2.0,1.0,1.0,797.0,67.0,1970.0,-37.8642,144.9793
2,u,500000.0,SP,6.1,2.0,2.0,2.0,0.0,104.0,2000.0,-37.859,144.9767
4,h,4750000.0,PI,6.1,4.0,3.0,5.0,648.0,,,-37.8724,144.9767
2,u,760000.0,S,6.1,2.0,1.0,0.0,0.0,95.0,1930.0,-37.8718,144.9776
3,u,720000.0,SP,6.1,3.0,1.0,1.0,0.0,,,-37.8612,144.985
1,u,461000.0,SP,6.1,1.0,1.0,1.0,0.0,,,-37.8571,144.987
2,u,580000.0,PI,6.1,2.0,1.0,1.0,1155.0,102.0,1995.0,-37.8568,144.9873
2,u,700000.0,S,6.1,2.0,1.0,1.0,0.0,,,-37.8626,144.9818
2,u,430000.0,SP,6.1,2.0,1.0,1.0,0.0,63.0,2008.0,-37.859,144.9767
3,h,1030000.0,S,6.1,3.0,1.0,1.0,292.0,,,-37.8677,144.984
2,u,1100000.0,S,6.1,2.0,1.0,2.0,1458.0,141.0,1920.0,-37.8695,144.9763
3,h,1225000.0,S,6.1,3.0,1.0,1.0,248.0,,2000.0,-37.8714,144.9802
1,u,400000.0,S,6.1,1.0,1.0,1.0,0.0,,,-37.8591,144.97899999999996
1,u,435000.0,SP,6.1,1.0,1.0,1.0,0.0,69.0,1995.0,-37.8573,144.9825
2,u,648000.0,S,6.1,2.0,1.0,1.0,1208.0,,,-37.861,144.9891
1,u,354000.0,S,6.1,1.0,1.0,1.0,1659.0,46.0,1960.0,-37.8699,144.9764
2,u,550000.0,VB,6.1,2.0,1.0,1.0,1357.0,,,-37.8601,144.9898
1,u,475000.0,S,6.1,1.0,1.0,1.0,0.0,,,-37.8569,144.9885
3,h,905000.0,S,9.7,3.0,2.0,2.0,662.0,,,-37.7356,144.9242
4,h,1052000.0,S,9.7,4.0,2.0,2.0,699.0,,,-37.7207,144.9073
4,h,1015000.0,S,9.7,3.0,2.0,1.0,794.0,,1970.0,-37.7196,144.9062
4,h,1265000.0,S,9.7,3.0,1.0,1.0,649.0,,1950.0,-37.7367,144.9204
3,h,1025000.0,S,9.7,3.0,2.0,1.0,654.0,180.0,1950.0,-37.7369,144.9251
3,h,1430000.0,S,9.7,3.0,1.0,1.0,694.0,158.0,1950.0,-37.7411,144.9262
3,h,1330000.0,S,9.7,3.0,2.0,1.0,606.0,159.0,1950.0,-37.7378,144.9168
3,h,1200000.0,S,9.7,3.0,2.0,2.0,1781.0,,,-37.7439,144.9331
2,h,1321000.0,S,9.7,2.0,1.0,1.0,703.0,,,-37.7346,144.9204
4,h,1635000.0,S,9.7,4.0,2.0,3.0,0.0,297.0,1995.0,-37.7354,144.9128
3,h,1194000.0,S,9.7,3.0,1.0,2.0,650.0,143.0,1930.0,-37.7436,144.9308
5,h,1440000.0,S,9.7,5.0,3.0,2.0,617.0,347.0,1990.0,-37.7386,144.917
4,h,1300000.0,PI,9.7,4.0,3.0,2.0,0.0,160.0,1970.0,-37.7337,144.9184
3,h,850000.0,VB,9.7,3.0,3.0,3.0,250.0,207.0,2016.0,-37.7189,144.9036
3,h,1150000.0,SP,9.7,3.0,2.0,3.0,696.0,164.0,1950.0,-37.7261,144.9171
3,h,910000.0,S,9.7,3.0,1.0,2.0,692.0,117.0,1960.0,-37.7217,144.9074
4,h,1430000.0,S,9.7,4.0,2.0,1.0,607.0,224.0,1990.0,-37.7376,144.9154
5,h,915000.0,S,9.7,5.0,3.0,4.0,754.0,,,-37.7298,144.9162
3,h,622500.0,S,9.7,3.0,2.0,2.0,254.0,127.0,2004.0,-37.7302,144.9167
3,h,1500000.0,SP,9.7,3.0,2.0,4.0,722.0,196.0,1950.0,-37.7427,144.9226
4,t,995000.0,SP,9.7,4.0,3.0,1.0,260.0,,,-37.7319,144.9195
4,h,1280000.0,VB,9.7,4.0,2.0,2.0,689.0,25.0,1977.0,-37.7345,144.9196
5,h,1485000.0,S,9.7,5.0,2.0,4.0,502.0,365.0,2012.0,-37.7317,144.9177
3,h,1080000.0,S,9.7,3.0,2.0,2.0,211.0,46.0,1980.0,-37.734,144.9145
4,h,1715000.0,S,9.7,4.0,3.0,2.0,650.0,348.0,2001.0,-37.7363,144.9208
5,h,2650000.0,S,9.7,5.0,3.0,2.0,755.0,365.0,2009.0,-37.7417,144.9133
2,h,630000.0,S,9.7,3.0,2.0,1.0,378.0,106.0,2000.0,-37.7245,144.9097
3,h,1205000.0,SP,9.7,3.0,1.0,2.0,650.0,,,-37.736,144.9202
2,h,535000.0,S,9.7,2.0,1.0,1.0,151.0,,,-37.7296,144.9234
3,h,1075000.0,S,9.7,3.0,2.0,1.0,752.0,,,-37.7303,144.9198
3,h,1000000.0,SP,9.7,3.0,1.0,2.0,697.0,,,-37.7273,144.917
3,h,1400000.0,S,9.7,4.0,1.0,2.0,656.0,,,-37.7373,144.9217
4,h,920000.0,VB,9.7,4.0,1.0,1.0,390.0,,,-37.7413,144.9163
5,h,960000.0,VB,9.7,5.0,3.0,2.0,387.0,,,-37.7225,144.9055
3,h,1160000.0,S,9.7,3.0,1.0,1.0,651.0,,,-37.7416,144.9204
4,h,1370000.0,S,9.7,4.0,2.0,2.0,908.0,208.0,1960.0,-37.735,144.9203
3,t,600000.0,PI,9.7,4.0,3.0,2.0,717.0,,,-37.7234,144.9077
5,h,880000.0,VB,9.7,5.0,3.0,2.0,387.0,,,-37.7225,144.9055
3,h,1285000.0,S,9.7,3.0,2.0,2.0,616.0,,,-37.7373,144.9155
2,u,260000.0,PI,12.6,2.0,1.0,1.0,79.0,,,-37.7952,144.8262
3,h,800000.0,PI,12.6,3.0,2.0,1.0,655.0,165.0,1940.0,-37.7809,144.8424
3,h,950000.0,S,12.6,3.0,1.0,1.0,700.0,145.0,1960.0,-37.7933,144.8411
3,h,625000.0,S,12.6,3.0,1.0,1.0,203.0,,1950.0,-37.7853,144.843
2,h,710000.0,S,12.6,2.0,1.0,0.0,457.0,,,-37.7878,144.8369
3,h,735000.0,S,12.6,3.0,1.0,2.0,539.0,,,-37.7877,144.8398
3,h,1001000.0,S,12.6,3.0,1.0,5.0,879.0,,,-37.7796,144.8426
3,h,780000.0,S,12.6,3.0,1.0,0.0,486.0,115.0,1943.0,-37.7886,144.8438
2,h,710000.0,S,12.6,2.0,1.0,2.0,619.0,,,-37.7794,144.8395
4,h,1350500.0,S,12.6,4.0,1.0,0.0,726.0,181.0,1940.0,-37.7864,144.8353
3,h,745000.0,SP,12.6,3.0,1.0,2.0,518.0,122.0,1960.0,-37.7802,144.8374
2,h,490000.0,S,12.6,2.0,1.0,1.0,322.0,,,-37.7876,144.8342
4,h,700000.0,PI,12.6,4.0,2.0,1.0,807.0,,,-37.7966,144.8252
5,h,895000.0,PI,12.6,4.0,2.0,2.0,690.0,,,-37.7933,144.8408
3,h,657500.0,S,12.6,3.0,1.0,1.0,513.0,116.0,1955.0,-37.7796,144.8372
4,h,1030000.0,S,12.6,4.0,2.0,2.0,803.0,309.0,2002.0,-37.7932,144.8434
3,h,460000.0,PI,12.6,3.0,2.0,1.0,119.0,110.0,2009.0,-37.7939,144.8261
3,h,725000.0,SP,12.6,3.0,1.0,3.0,534.0,,,-37.7801,144.8412
3,h,620000.0,S,12.6,3.0,1.0,1.0,376.0,,,-37.7831,144.842
3,h,460000.0,S,12.6,3.0,1.0,1.0,306.0,,,-37.7807,144.842
2,u,470000.0,S,12.6,2.0,1.0,1.0,234.0,,,-37.7895,144.8385
3,h,910000.0,S,12.6,3.0,1.0,1.0,725.0,,,-37.7918,144.8419
3,h,702000.0,S,12.6,3.0,1.0,1.0,542.0,,1950.0,-37.7949,144.8303
3,h,580000.0,S,12.6,3.0,1.0,1.0,469.0,,,-37.7923,144.8289
3,u,490000.0,S,12.6,3.0,1.0,1.0,301.0,115.0,1950.0,-37.7793,144.8427
4,h,890000.0,S,12.6,4.0,1.0,2.0,668.0,127.0,1930.0,-37.7796,144.845
3,h,675000.0,S,12.6,3.0,1.0,1.0,500.0,,,-37.7821,144.8456
2,h,425000.0,S,12.6,2.0,1.0,1.0,225.0,80.0,2000.0,-37.7795,144.8432
3,h,715000.0,S,12.6,3.0,1.0,2.0,558.0,104.0,1925.0,-37.7807,144.8341
3,h,816000.0,S,12.6,3.0,1.0,1.0,511.0,113.0,1958.0,-37.7906,144.8387
2,h,825000.0,S,12.6,2.0,1.0,3.0,580.0,,,-37.7818,144.8393
3,h,950000.0,SP,12.6,3.0,1.0,4.0,704.0,,,-37.7933,144.8409
2,u,425500.0,SP,12.6,2.0,1.0,0.0,153.0,72.0,1970.0,-37.7912,144.8439
3,h,735000.0,PI,12.6,3.0,1.0,3.0,435.0,,,-37.7877,144.838
3,h,595000.0,S,12.6,3.0,1.0,1.0,36.0,,,-37.7851,144.8434
3,h,735000.0,S,12.6,3.0,1.0,1.0,490.0,,,-37.7892,144.8432
3,h,610000.0,S,12.6,3.0,1.0,0.0,705.0,118.0,1965.0,-37.8005,144.822
3,h,600000.0,S,12.6,3.0,1.0,1.0,0.0,126.0,1950.0,-37.7796,144.8455
3,h,595999.0,SP,12.6,3.0,1.0,1.0,750.0,,,-37.7892,144.827
2,h,591000.0,S,12.6,2.0,1.0,0.0,210.0,,,-37.7938,144.8322
3,h,590000.0,S,12.6,3.0,1.0,1.0,438.0,,,-37.7804,144.8425
4,h,691000.0,S,12.6,4.0,1.0,1.0,521.0,,,-37.7953,144.8332
3,h,701000.0,S,12.6,3.0,1.0,1.0,550.0,,,-37.7952,144.8302
2,h,688000.0,S,12.6,2.0,1.0,1.0,611.0,,,-37.7824,144.8414
2,h,611000.0,S,12.6,2.0,1.0,2.0,204.0,77.0,1925.0,-37.7938,144.8321
3,h,655000.0,S,12.6,3.0,1.0,1.0,497.0,,,-37.7809,144.8467
2,h,551000.0,S,12.6,2.0,1.0,2.0,613.0,,,-37.7918,144.8268
3,h,750000.0,PI,12.6,3.0,1.0,1.0,483.0,,,-37.7866,144.841
4,h,670000.0,PI,12.6,4.0,1.0,1.0,603.0,106.0,1950.0,-37.7945,144.8267
4,h,888000.0,S,12.6,4.0,1.0,2.0,562.0,,,-37.7919,144.8394
3,h,607500.0,S,12.6,3.0,1.0,2.0,487.0,,,-37.7883,144.8439
3,h,850000.0,S,12.6,3.0,1.0,2.0,505.0,,1970.0,-37.7798,144.8352
4,h,590000.0,S,12.6,3.0,1.0,1.0,490.0,,,-37.7893,144.8437
2,h,555000.0,S,12.6,2.0,1.0,1.0,254.0,,,-37.7881,144.8354
3,h,605000.0,S,12.6,3.0,1.0,1.0,462.0,104.0,1956.0,-37.7969,144.8276
4,h,930000.0,S,12.6,4.0,2.0,2.0,504.0,174.0,2005.0,-37.7952,144.8325
2,u,550000.0,SP,12.6,2.0,1.0,1.0,0.0,,,-37.7922,144.8283
3,h,880000.0,S,12.6,3.0,1.0,3.0,463.0,107.0,1925.0,-37.7905,144.8359
3,h,570000.0,PI,12.6,3.0,1.0,2.0,535.0,105.0,1970.0,-37.7956,144.8292
3,h,700000.0,SP,12.6,3.0,1.0,4.0,505.0,75.0,1960.0,-37.7817,144.8448
3,h,571000.0,S,12.6,3.0,1.0,2.0,589.0,,1960.0,-37.7856,144.8177
4,h,835000.0,S,12.6,4.0,2.0,2.0,465.0,,1980.0,-37.7905,144.836
3,h,625000.0,S,12.6,3.0,1.0,1.0,459.0,120.0,1955.0,-37.7813,144.8394
3,h,695000.0,S,12.6,3.0,1.0,1.0,616.0,117.0,1930.0,-37.7842,144.843
3,h,794000.0,S,12.6,3.0,1.0,0.0,426.0,,,-37.793,144.8283
3,h,890000.0,S,12.6,3.0,1.0,1.0,668.0,,,-37.7943,144.8319
3,h,910000.0,PI,12.6,3.0,2.0,2.0,653.0,650.0,1992.0,-37.7815,144.8423
3,h,607000.0,S,12.6,3.0,1.0,2.0,563.0,122.0,1965.0,-37.7956,144.826
3,h,679500.0,S,12.6,3.0,1.0,1.0,351.0,125.0,2002.0,-37.7843,144.8392
3,t,500000.0,PI,12.6,3.0,1.0,2.0,224.0,159.0,1985.0,-37.7863,144.8401
4,h,895000.0,S,12.6,4.0,2.0,3.0,430.0,144.0,1945.0,-37.7939,144.8283
3,h,762500.0,S,12.6,3.0,1.0,1.0,510.0,,,-37.7903,144.8387
2,h,702000.0,SP,12.6,2.0,1.0,0.0,611.0,,,-37.783,144.8405
2,t,410000.0,SP,12.6,2.0,2.0,2.0,204.0,85.0,2008.0,-37.7982,144.82299999999995
2,h,720000.0,S,12.6,2.0,1.0,2.0,465.0,,,-37.7889,144.8362
3,h,590000.0,S,12.6,3.0,2.0,1.0,286.0,,,-37.7896,144.8369
3,h,635000.0,PI,12.6,4.0,1.0,1.0,631.0,107.0,1960.0,-37.7836,144.8408
3,h,711000.0,S,12.6,3.0,1.0,2.0,494.0,,,-37.7794,144.8347
4,h,700000.0,PI,12.6,4.0,1.0,5.0,650.0,,,-37.7867,144.8437
2,h,435000.0,PI,12.6,2.0,1.0,1.0,155.0,,1940.0,-37.7796,144.8384
4,h,1001000.0,S,12.6,2.0,2.0,2.0,581.0,97.0,,-37.7905,144.8414
3,h,591500.0,S,12.6,3.0,1.0,2.0,427.0,,,-37.7925,144.8282
4,h,716000.0,S,13.3,4.0,1.0,1.0,683.0,,,-37.7694,144.8321
3,h,701000.0,S,13.3,3.0,2.0,0.0,630.0,,,-37.7692,144.8348
3,h,555000.0,SP,13.3,3.0,1.0,1.0,565.0,,,-37.7781,144.8451
3,h,490000.0,PI,13.3,3.0,1.0,2.0,541.0,,,-37.7669,144.8308
3,h,620500.0,S,13.3,3.0,1.0,1.0,609.0,,,-37.7754,144.846
3,h,480000.0,PI,13.3,3.0,1.0,2.0,546.0,99.0,1978.0,-37.7555,144.8295
2,h,435000.0,S,13.3,2.0,1.0,4.0,343.0,81.0,1960.0,-37.7689,144.8402
3,h,607000.0,S,13.3,3.0,1.0,2.0,575.0,,,-37.7748,144.833
3,h,600000.0,S,13.3,3.0,1.0,3.0,634.0,,,-37.7667,144.8445
2,h,560000.0,S,13.3,2.0,1.0,1.0,615.0,106.0,1970.0,-37.7683,144.8316
4,h,626800.0,S,13.3,4.0,1.0,2.0,581.0,130.0,1950.0,-37.7712,144.8336
3,h,670000.0,S,13.3,3.0,1.0,2.0,532.0,,,-37.7749,144.8313
3,h,571500.0,S,13.3,3.0,2.0,2.0,528.0,137.0,1990.0,-37.758,144.8256
2,u,315000.0,PI,13.3,2.0,1.0,1.0,14.0,,,-37.7756,144.8345
3,h,630000.0,PI,13.3,3.0,1.0,4.0,625.0,,,-37.7695,144.8347
3,h,685000.0,S,13.3,3.0,1.0,3.0,592.0,,,-37.7751,144.8342
3,h,690000.0,S,13.3,3.0,1.0,3.0,629.0,,,-37.774,144.8443
5,h,605000.0,S,13.3,5.0,2.0,2.0,661.0,133.0,1960.0,-37.7651,144.8241
3,h,808000.0,S,13.3,3.0,1.0,2.0,692.0,,,-37.771,144.8428
3,h,790000.0,S,13.3,3.0,1.0,2.0,568.0,,,-37.7727,144.8417
3,h,600000.0,VB,13.3,3.0,1.0,2.0,751.0,112.0,1960.0,-37.7692,144.8246
3,h,650000.0,SP,13.3,3.0,1.0,0.0,598.0,112.0,1950.0,-37.7705,144.8307
4,h,640000.0,S,13.3,4.0,1.0,1.0,609.0,,,-37.7661,144.8396
4,h,736000.0,S,13.3,4.0,1.0,2.0,615.0,133.0,1955.0,-37.7675,144.8414
3,h,605000.0,SP,13.3,3.0,1.0,1.0,617.0,,,-37.7683,144.8314
3,h,650000.0,SP,13.3,3.0,1.0,1.0,611.0,,,-37.7724,144.8413
3,h,725000.0,S,13.3,3.0,1.0,1.0,668.0,,,-37.7661,144.84
2,h,715000.0,S,13.3,2.0,1.0,2.0,588.0,,,-37.7674,144.8362
4,h,735000.0,S,13.3,4.0,2.0,5.0,635.0,201.0,1975.0,-37.7693,144.8351
3,h,635800.0,SP,13.3,3.0,1.0,1.0,602.0,,,-37.7696,144.84
3,h,432500.0,S,13.3,3.0,1.0,1.0,581.0,,,-37.7602,144.8316
3,h,621000.0,S,13.3,3.0,1.0,1.0,619.0,,,-37.7665,144.8358
3,h,580000.0,SP,13.3,3.0,1.0,1.0,0.0,,,-37.7652,144.8376
3,h,680000.0,SP,13.3,3.0,1.0,2.0,553.0,105.0,,-37.7706,144.8422
3,h,700000.0,S,13.3,3.0,1.0,2.0,538.0,111.0,1975.0,-37.7704,144.8384
3,h,650000.0,PI,13.3,3.0,1.0,2.0,476.0,,,-37.769,144.8441
2,h,1190000.0,S,13.3,2.0,1.0,6.0,968.0,141.0,1950.0,-37.7698,144.8362
3,h,591000.0,S,13.3,3.0,1.0,2.0,673.0,673.0,1970.0,-37.7623,144.8272
3,h,665000.0,S,13.3,3.0,1.0,2.0,707.0,101.0,1940.0,-37.7676,144.8339
3,h,710000.0,S,13.3,3.0,1.0,1.0,610.0,,,-37.7719,144.8414
4,h,705000.0,S,13.3,4.0,2.0,1.0,570.0,,,-37.7749,144.8329
3,h,520000.0,S,13.3,3.0,1.0,1.0,535.0,,,-37.757,144.8313
3,h,620000.0,SP,13.3,3.0,3.0,2.0,221.0,155.0,2011.0,-37.7708,144.8401
3,h,503000.0,S,13.3,3.0,1.0,1.0,251.0,90.0,1945.0,-37.7682,144.8335
5,h,1000000.0,S,13.3,4.0,2.0,1.0,786.0,295.0,1999.0,-37.7743,144.8425
3,h,650000.0,VB,13.3,3.0,1.0,1.0,556.0,,,-37.7699,144.8422
3,h,871000.0,S,13.3,3.0,1.0,2.0,694.0,,,-37.7741,144.8354
3,h,496000.0,S,13.5,3.0,1.0,2.0,780.0,,,-37.8004,144.8105
3,h,488000.0,S,13.5,3.0,1.0,2.0,538.0,,,-37.7952,144.8126
3,h,560000.0,S,13.5,3.0,1.0,3.0,582.0,115.0,1970.0,-37.7906,144.7929
3,h,615000.0,S,13.5,3.0,2.0,6.0,667.0,152.0,1975.0,-37.7969,144.8086
3,t,450000.0,SP,13.5,3.0,3.0,1.0,344.0,178.0,2004.0,-37.7967,144.8083
3,h,581000.0,SP,13.5,3.0,1.0,4.0,656.0,,1970.0,-37.7939,144.8091
4,h,625000.0,S,13.5,4.0,2.0,2.0,611.0,,1960.0,-37.7917,144.8196
4,h,645400.0,S,13.5,4.0,2.0,3.0,765.0,,,-37.786,144.815
3,h,680000.0,S,13.5,3.0,1.0,2.0,726.0,144.0,1966.0,-37.7905,144.8073
3,h,620000.0,S,13.5,3.0,1.0,4.0,699.0,125.0,1960.0,-37.7905,144.8033
3,u,545000.0,S,13.5,3.0,2.0,1.0,240.0,131.0,2011.0,-37.7891,144.8152
5,h,621000.0,SP,13.5,5.0,2.0,2.0,596.0,176.0,1997.0,-37.7981,144.7936
3,h,515000.0,S,13.5,3.0,1.0,1.0,620.0,106.0,,-37.7968,144.8142
4,h,601000.0,S,13.5,4.0,1.0,4.0,520.0,,,-37.7942,144.8112
3,h,687000.0,S,13.5,3.0,1.0,1.0,695.0,102.0,1950.0,-37.7853,144.8114
3,h,668000.0,S,13.5,3.0,1.0,2.0,697.0,,1970.0,-37.7897,144.7964
3,h,485000.0,S,13.5,3.0,4.0,2.0,482.0,166.0,1955.0,-37.7904,144.8133
4,h,510000.0,SP,13.5,4.0,1.0,1.0,672.0,151.0,1970.0,-37.7871,144.8083
3,h,665000.0,S,13.5,3.0,3.0,2.0,699.0,,,-37.7872,144.7975
3,h,500000.0,SP,13.5,3.0,1.0,1.0,541.0,133.0,1970.0,-37.7928,144.804
3,h,825000.0,S,13.5,3.0,1.0,0.0,792.0,,,-37.7913,144.80200000000005
3,h,480000.0,PI,13.5,3.0,1.0,2.0,696.0,148.0,1960.0,-37.7836,144.7988
3,h,544500.0,S,13.5,4.0,2.0,2.0,696.0,,,-37.7841,144.8052
4,h,621000.0,S,13.5,3.0,1.0,1.0,700.0,130.0,1950.0,-37.7902,144.8102
3,h,575000.0,S,13.5,3.0,1.0,2.0,686.0,,,-37.7901,144.8068
3,h,650000.0,SP,13.5,3.0,1.0,3.0,612.0,,1970.0,-37.7916,144.82
3,h,593000.0,S,13.5,3.0,1.0,1.0,534.0,,,-37.796,144.8108
3,h,690000.0,S,13.5,3.0,1.0,0.0,540.0,121.0,1967.0,-37.789,144.8195
3,h,625000.0,S,13.5,3.0,1.0,2.0,650.0,,,-37.7968,144.8086
3,h,660000.0,S,13.5,3.0,1.0,4.0,700.0,,,-37.7845,144.8131
3,h,472500.0,SP,13.5,3.0,1.0,1.0,586.0,,,-37.791,144.7925
3,h,547500.0,S,13.5,3.0,1.0,2.0,603.0,131.0,1950.0,-37.7891,144.82299999999995
3,h,590000.0,S,13.5,3.0,2.0,4.0,697.0,,,-37.7896,144.8018
1,h,280000.0,SP,13.5,1.0,1.0,2.0,0.0,45.0,2009.0,-37.7913,144.7889
3,h,555000.0,S,13.5,3.0,1.0,1.0,836.0,106.0,1975.0,-37.8003,144.8097
3,h,587000.0,S,13.5,3.0,1.0,1.0,694.0,,,-37.7892,144.8137
3,h,600000.0,PI,13.5,3.0,2.0,2.0,579.0,156.0,1999.0,-37.7968,144.7991
3,h,622500.0,S,13.5,3.0,1.0,1.0,534.0,131.0,1970.0,-37.7887,144.8231
2,u,350000.0,S,13.5,2.0,1.0,1.0,235.0,80.0,1990.0,-37.7847,144.8146
4,h,657000.0,S,13.5,4.0,2.0,4.0,651.0,178.0,1975.0,-37.7914,144.7918
3,h,795000.0,S,13.5,3.0,1.0,2.0,739.0,,,-37.7921,144.8234
3,h,682000.0,S,13.5,3.0,1.0,1.0,694.0,155.0,1960.0,-37.7894,144.8027
3,h,520000.0,S,13.5,3.0,1.0,2.0,691.0,170.0,1960.0,-37.7886,144.8138
3,h,470000.0,S,13.5,3.0,1.0,1.0,591.0,103.0,1971.0,-37.7987,144.8196
3,h,586000.0,S,13.5,3.0,1.0,1.0,701.0,120.0,1960.0,-37.7843,144.8052
3,h,305000.0,SP,13.5,3.0,1.0,2.0,367.0,114.0,1970.0,-37.8018,144.8246
4,h,705000.0,S,13.5,4.0,2.0,4.0,759.0,198.0,1975.0,-37.7951,144.8213
3,h,486000.0,S,13.5,3.0,1.0,2.0,539.0,,,-37.7963,144.8046
4,h,645000.0,VB,13.5,4.0,2.0,3.0,616.0,215.0,1970.0,-37.7904,144.7999
3,h,530000.0,S,13.5,3.0,1.0,1.0,623.0,,,-37.8004,144.8138
3,h,500000.0,SP,13.5,3.0,1.0,2.0,627.0,109.0,1970.0,-37.8023,144.8227
3,t,510000.0,SP,13.5,3.0,2.0,1.0,333.0,141.0,2012.0,-37.7912,144.8215
5,h,715000.0,S,13.5,4.0,2.0,2.0,654.0,,,-37.7907,144.821
3,h,545000.0,S,13.5,3.0,1.0,2.0,512.0,,,-37.7913,144.8122
3,h,750500.0,S,13.5,3.0,2.0,6.0,805.0,181.0,1995.0,-37.7966,144.7928
3,h,451000.0,S,13.5,3.0,1.0,6.0,655.0,146.0,1978.0,-37.8022,144.8235
4,h,2440000.0,S,11.2,4.0,3.0,2.0,596.0,264.0,1930.0,-37.8154,145.0927
3,t,1110000.0,S,11.2,4.0,2.0,2.0,401.0,129.0,1970.0,-37.8332,145.1105
4,h,2128000.0,S,11.2,4.0,3.0,2.0,771.0,312.0,2000.0,-37.8239,145.0969
3,h,2009000.0,S,11.2,3.0,1.0,2.0,843.0,,,-37.822,145.0897
5,h,2200000.0,VB,11.2,5.0,3.0,2.0,735.0,235.0,1920.0,-37.8175,145.0987
3,t,1330500.0,S,11.2,3.0,2.0,2.0,226.0,,2004.0,-37.8275,145.0958
3,t,1325000.0,SP,11.2,3.0,2.0,1.0,302.0,,,-37.8289,145.1005
3,u,930000.0,S,11.2,3.0,2.0,2.0,252.0,,1992.0,-37.8344,145.1114
2,u,640000.0,VB,11.2,2.0,1.0,1.0,0.0,76.0,1970.0,-37.8356,145.1029
2,u,745000.0,S,11.2,2.0,1.0,1.0,161.0,,,-37.8327,145.106
3,h,2100000.0,S,11.2,3.0,2.0,2.0,1255.0,,,-37.8322,145.1056
3,h,1700000.0,VB,11.2,3.0,1.0,1.0,763.0,180.0,1930.0,-37.8148,145.0965
4,h,2500000.0,VB,11.2,4.0,2.0,2.0,783.0,256.0,1920.0,-37.8181,145.0913
3,h,1910000.0,S,11.2,3.0,2.0,1.0,404.0,,,-37.8203,145.088
2,h,1018000.0,S,11.2,3.0,1.0,2.0,391.0,15.0,,-37.8364,145.1099
4,h,2200000.0,S,11.2,4.0,2.0,2.0,734.0,272.0,1920.0,-37.8286,145.092
3,u,736000.0,S,11.2,3.0,1.0,2.0,195.0,,,-37.8287,145.1022
2,u,770000.0,S,11.2,2.0,1.0,1.0,156.0,,1960.0,-37.8275,145.0919
4,h,2345000.0,S,11.2,4.0,2.0,2.0,798.0,,,-37.8223,145.0954
4,h,2860000.0,S,11.2,4.0,2.0,2.0,779.0,264.0,2014.0,-37.8185,145.0878
4,h,1530000.0,S,11.2,4.0,2.0,2.0,486.0,,1890.0,-37.8258,145.1116
4,h,1930000.0,PI,11.2,4.0,2.0,2.0,867.0,218.0,1950.0,-37.8346,145.1059
4,h,1812500.0,S,11.2,4.0,2.0,2.0,715.0,230.0,1920.0,-37.8325,145.1114
2,u,760000.0,S,11.2,2.0,1.0,1.0,681.0,80.0,1968.0,-37.8159,145.091
4,h,1300000.0,VB,11.2,4.0,2.0,2.0,809.0,198.0,1950.0,-37.8337,145.1118
3,h,1864000.0,S,11.2,2.0,2.0,1.0,405.0,,,-37.8203,145.0881
3,h,2200000.0,VB,11.2,3.0,2.0,4.0,816.0,,,-37.8304,145.0934
3,h,1960000.0,S,11.2,3.0,2.0,2.0,585.0,173.0,1930.0,-37.8167,145.0924
2,h,680000.0,PI,11.2,2.0,1.0,1.0,387.0,,,-37.8269,145.1039
4,h,1455000.0,S,11.2,4.0,2.0,1.0,494.0,,,-37.8317,145.0901
5,h,2630000.0,S,11.2,5.0,3.0,2.0,777.0,362.0,1925.0,-37.8287,145.1054
3,u,880000.0,S,11.2,3.0,1.0,2.0,217.0,110.0,1970.0,-37.8287,145.1014
5,h,1650000.0,VB,11.2,5.0,5.0,2.0,693.0,,1930.0,-37.8339,145.0937
3,h,1755000.0,S,11.2,3.0,2.0,2.0,808.0,159.0,1970.0,-37.832,145.11
4,h,1700000.0,S,11.2,4.0,1.0,1.0,579.0,143.0,1900.0,-37.8224,145.0959
2,u,805000.0,S,11.2,2.0,1.0,2.0,297.0,,,-37.8255,145.092
5,h,1975000.0,VB,11.2,5.0,2.0,2.0,641.0,286.0,2001.0,-37.8354,145.1001
2,u,610000.0,PI,11.2,2.0,1.0,1.0,102.0,78.0,1970.0,-37.8288,145.1048
4,h,2003000.0,S,11.2,4.0,2.0,1.0,383.0,,1880.0,-37.8234,145.0923
2,u,831000.0,S,11.2,2.0,1.0,1.0,982.0,,,-37.8203,145.0955
5,h,1350000.0,S,11.2,3.0,2.0,2.0,677.0,,1948.0,-37.8316,145.1049
2,u,550000.0,SP,11.2,2.0,1.0,1.0,174.0,,,-37.8291,145.1015
4,h,1850000.0,VB,11.2,5.0,2.0,2.0,612.0,292.0,1970.0,-37.8345,145.1009
4,h,2050000.0,VB,11.2,3.0,2.0,2.0,949.0,293.0,1910.0,-37.8188,145.0984
5,h,2100000.0,PI,11.2,5.0,2.0,2.0,1025.0,277.0,1915.0,-37.8286,145.1094
3,h,1150000.0,S,11.2,3.0,2.0,1.0,247.0,145.0,2005.0,-37.836,145.1046
2,u,823000.0,S,11.2,2.0,1.0,2.0,165.0,,1970.0,-37.822,145.0989
5,h,2100000.0,VB,11.2,5.0,4.0,3.0,827.0,,,-37.8323,145.0904
2,t,770500.0,S,11.2,1.0,2.0,1.0,88.0,92.0,1997.0,-37.819,145.0888
4,h,1250000.0,PI,11.2,3.0,2.0,2.0,457.0,,1930.0,-37.8361,145.1078
2,u,600000.0,PI,11.2,2.0,1.0,1.0,101.0,105.0,1975.0,-37.8263,145.0962
4,h,2060000.0,S,11.2,4.0,2.0,2.0,745.0,,,-37.8299,145.1088
4,h,1750000.0,PI,11.2,4.0,2.0,3.0,817.0,,,-37.8312,145.0928
4,h,1725000.0,S,11.2,3.0,2.0,2.0,798.0,,,-37.8308,145.0916
2,u,620000.0,S,11.2,2.0,1.0,1.0,96.0,,,-37.8305,145.0961
2,u,562500.0,S,11.2,2.0,1.0,0.0,0.0,,1950.0,-37.8138,145.0879
4,h,1850000.0,S,11.2,3.0,2.0,2.0,632.0,,,-37.8173,145.1003
4,h,2125000.0,PI,11.2,4.0,2.0,2.0,702.0,239.0,1927.0,-37.8345,145.095
2,u,656000.0,S,11.2,1.0,1.0,1.0,951.0,76.0,1970.0,-37.8261,145.0902
4,h,1650000.0,S,11.2,2.0,1.0,0.0,437.0,,1890.0,-37.8285,145.1079
5,h,1518000.0,S,11.2,5.0,2.0,1.0,632.0,231.0,1950.0,-37.8352,145.1023
3,h,1560000.0,S,11.2,0.0,2.0,1.0,335.0,209.0,2013.0,-37.8165,145.0981
3,h,1185000.0,S,11.2,3.0,2.0,2.0,267.0,,2000.0,-37.8302,145.1046
3,t,865000.0,S,11.2,3.0,1.0,1.0,217.0,101.0,1970.0,-37.8275,145.1032
3,h,1135000.0,S,11.2,3.0,1.0,2.0,414.0,,,-37.8365,145.11
4,h,2160000.0,PI,11.2,4.0,3.0,4.0,1064.0,236.0,1969.0,-37.8324,145.1018
2,u,899000.0,S,11.2,2.0,1.0,1.0,226.0,,1980.0,-37.8327,145.1019
6,h,2000000.0,VB,11.2,6.0,3.0,4.0,650.0,,1997.0,-37.8264,145.1029
3,h,2300000.0,S,11.2,3.0,2.0,1.0,735.0,219.0,1920.0,-37.8182,145.096
2,u,520000.0,S,11.2,2.0,1.0,1.0,0.0,,,-37.8138,145.0879
5,h,2450000.0,S,11.2,5.0,4.0,2.0,1076.0,,,-37.8141,145.0936
2,u,600000.0,VB,11.2,2.0,1.0,2.0,124.0,80.0,1985.0,-37.8159,145.0902
3,h,2180000.0,SP,11.2,3.0,1.0,2.0,441.0,128.0,1910.0,-37.8204,145.0887
4,h,2760000.0,S,11.2,4.0,2.0,4.0,924.0,,1920.0,-37.8168,145.1011
2,u,813000.0,S,11.2,2.0,1.0,2.0,108.0,,,-37.8276,145.1023
3,h,1205000.0,S,11.2,3.0,1.0,2.0,490.0,,,-37.8361,145.1006
3,h,1251000.0,S,11.2,4.0,2.0,1.0,536.0,211.0,1930.0,-37.8309,145.0946
6,h,1650000.0,PI,11.2,4.0,3.0,2.0,713.0,295.0,1928.0,-37.8328,145.10399999999996
2,h,600000.0,VB,11.2,2.0,1.0,1.0,163.0,,,-37.8294,145.0913
4,h,1835000.0,SP,11.2,4.0,2.0,2.0,619.0,185.0,1930.0,-37.8171,145.0934
2,u,778500.0,S,11.2,2.0,1.0,1.0,170.0,78.0,1960.0,-37.8186,145.0892
4,h,1751000.0,S,11.2,3.0,1.0,3.0,627.0,,,-37.8176,145.0941
2,u,694000.0,S,11.2,3.0,1.0,1.0,0.0,,,-37.8174,145.0893
3,h,1150000.0,S,13.8,4.0,2.0,2.0,649.0,,,-37.7642,145.1157
4,h,1201000.0,SP,13.8,4.0,2.0,2.0,657.0,221.0,1978.0,-37.7624,145.1175
4,h,1165000.0,S,13.8,4.0,2.0,4.0,673.0,170.0,1972.0,-37.7647,145.1246
3,h,1098000.0,S,13.8,3.0,2.0,1.0,649.0,167.0,,-37.7615,145.1154
3,h,742500.0,S,13.8,3.0,1.0,2.0,313.0,128.0,1980.0,-37.7556,145.0946
5,h,1050000.0,PI,13.8,5.0,3.0,2.0,728.0,,,-37.7601,145.1229
4,h,1257000.0,S,13.8,4.0,3.0,2.0,706.0,,,-37.7597,145.1058
3,h,1101000.0,S,13.8,3.0,2.0,2.0,643.0,135.0,1965.0,-37.7602,145.1166
3,u,641000.0,S,13.8,3.0,1.0,2.0,349.0,,,-37.7694,145.1082
8,h,1150000.0,PI,13.8,6.0,4.0,3.0,668.0,,,-37.7733,145.1198
3,h,1200000.0,S,13.8,3.0,1.0,2.0,730.0,155.0,1960.0,-37.76,145.1054
4,h,990000.0,PI,13.8,4.0,2.0,2.0,652.0,189.0,1973.0,-37.7573,145.0994
4,h,1500000.0,SP,13.8,4.0,2.0,2.0,420.0,255.0,2013.0,-37.767,145.119
3,h,1290000.0,S,13.8,3.0,1.0,2.0,900.0,125.0,1960.0,-37.764,145.1097
4,h,790000.0,PI,13.8,4.0,2.0,5.0,671.0,180.0,1970.0,-37.7631,145.1108
5,h,950000.0,PI,13.8,5.0,3.0,2.0,700.0,220.0,1973.0,-37.7658,145.124
4,h,1421000.0,S,13.8,4.0,2.0,2.0,650.0,260.0,1980.0,-37.7694,145.1222
3,h,1051000.0,S,13.8,3.0,2.0,1.0,962.0,142.0,1970.0,-37.7644,145.112
3,h,1065000.0,S,13.8,3.0,1.0,2.0,664.0,,,-37.7637,145.1117
4,h,1120000.0,PI,13.8,4.0,2.0,2.0,636.0,,,-37.773,145.1074
5,h,1710000.0,S,13.8,5.0,2.0,2.0,666.0,355.0,1980.0,-37.7692,145.1253
4,h,1280000.0,PI,13.8,4.0,2.0,2.0,681.0,158.0,1970.0,-37.7646,145.1167
5,h,750000.0,PI,13.8,5.0,3.0,4.0,800.0,335.0,2006.0,-37.7696,145.1078
4,h,1000000.0,VB,13.8,4.0,3.0,2.0,728.0,164.0,1970.0,-37.768,145.1027
2,t,678000.0,S,13.8,2.0,1.0,1.0,340.0,90.0,1980.0,-37.7564,145.1195
3,h,1010000.0,S,13.8,3.0,2.0,2.0,751.0,175.0,1968.0,-37.77,145.1025
4,h,1325000.0,S,13.8,4.0,3.0,2.0,740.0,,,-37.7728,145.1271
3,h,1210000.0,PI,13.8,3.0,1.0,1.0,794.0,134.0,1960.0,-37.7569,145.1179
3,t,766000.0,S,13.8,3.0,1.0,1.0,226.0,,,-37.7567,145.1209
3,h,982000.0,S,13.8,4.0,2.0,2.0,652.0,,,-37.7629,145.1157
4,h,945000.0,PI,13.8,4.0,2.0,2.0,675.0,181.0,1985.0,-37.764,145.1145
3,u,725000.0,S,13.8,3.0,1.0,1.0,465.0,105.0,1975.0,-37.7549,145.1185
4,h,975000.0,S,13.8,4.0,2.0,2.0,953.0,,,-37.7625,145.1256
3,h,1211000.0,S,13.8,3.0,2.0,2.0,875.0,123.0,1970.0,-37.767,145.1097
4,h,1100000.0,PI,13.8,4.0,2.0,4.0,654.0,199.0,1970.0,-37.7639,145.1145
3,h,1155000.0,S,13.8,3.0,1.0,1.0,770.0,,,-37.77,145.1089
4,h,920000.0,PI,13.8,4.0,2.0,2.0,678.0,,1980.0,-37.7613,145.1047
3,h,940000.0,S,13.8,3.0,1.0,1.0,661.0,,,-37.7611,145.1168
3,h,1053000.0,S,13.8,3.0,1.0,1.0,726.0,,1960.0,-37.7656,145.1017
3,h,1002000.0,S,13.8,3.0,1.0,2.0,799.0,174.0,1960.0,-37.7698,145.1028
3,u,755000.0,S,13.8,3.0,1.0,2.0,265.0,,1980.0,-37.7705,145.1152
4,h,1209000.0,S,13.8,4.0,2.0,2.0,770.0,160.0,1965.0,-37.7617,145.1065
5,h,2080000.0,S,13.8,5.0,4.0,2.0,646.0,360.0,2016.0,-37.7625,145.1043
3,h,1050000.0,SP,13.8,3.0,1.0,2.0,727.0,,1960.0,-37.7647,145.1051
4,h,1118000.0,S,13.8,4.0,2.0,2.0,705.0,195.0,1970.0,-37.7595,145.1176
4,h,1070000.0,PI,13.8,4.0,2.0,2.0,637.0,,,-37.7683,145.1188
4,h,903000.0,S,13.8,4.0,1.0,2.0,618.0,22.0,1960.0,-37.7564,145.1043
3,h,1220000.0,SP,13.8,3.0,1.0,2.0,720.0,133.0,1960.0,-37.7668,145.1086
4,h,1222000.0,S,13.8,4.0,2.0,4.0,732.0,,,-37.7704,145.1247
3,h,2025000.0,S,13.8,3.0,1.0,2.0,796.0,,,-37.7726,145.1149
4,h,1650000.0,PI,13.8,4.0,2.0,2.0,673.0,280.0,2005.0,-37.7647,145.1186
4,h,1182500.0,S,13.8,4.0,2.0,2.0,650.0,150.0,1975.0,-37.7764,145.1216
4,h,1020000.0,S,13.8,4.0,2.0,2.0,652.0,145.0,1965.0,-37.7557,145.0957
3,h,838000.0,S,13.8,3.0,2.0,1.0,467.0,180.0,,-37.7699,145.1081
3,h,650000.0,VB,13.8,3.0,1.0,2.0,327.0,120.0,1975.0,-37.7709,145.1104
4,h,870000.0,PI,13.8,4.0,1.0,2.0,826.0,,1960.0,-37.7629,145.112
3,h,1509000.0,S,13.8,3.0,2.0,2.0,812.0,158.0,1960.0,-37.7714,145.1141
4,h,1358500.0,S,13.8,4.0,2.0,2.0,742.0,,,-37.7701,145.1131
3,u,510000.0,VB,6.5,3.0,1.0,1.0,0.0,,,-37.7591,145.0211
2,u,470000.0,S,6.5,2.0,1.0,1.0,0.0,,1970.0,-37.7561,145.0067
2,u,435000.0,PI,6.5,2.0,1.0,1.0,1054.0,,,-37.7622,144.9953
1,u,517500.0,S,6.5,1.0,1.0,0.0,0.0,53.0,1910.0,-37.762,144.996
1,u,370000.0,VB,6.5,1.0,1.0,1.0,0.0,62.0,1999.0,-37.7634,145.02100000000004
2,t,805000.0,S,6.5,2.0,1.0,2.0,164.0,95.0,2009.0,-37.7536,144.9825
4,h,1428888.0,SP,6.5,4.0,2.0,1.0,470.0,153.0,1930.0,-37.7601,145.0122
2,h,940000.0,S,6.5,2.0,1.0,1.0,372.0,110.0,1950.0,-37.7631,145.0091
1,u,270000.0,PI,6.5,1.0,1.0,1.0,0.0,33.0,1970.0,-37.7581,144.9944
3,t,865000.0,PI,6.5,3.0,2.0,2.0,158.0,,,-37.7586,145.0056
2,h,700000.0,PI,6.5,2.0,1.0,1.0,139.0,,,-37.7536,144.9921
3,t,910000.0,S,6.5,3.0,2.0,1.0,0.0,,,-37.7551,145.0108
3,h,1135000.0,S,6.5,3.0,1.0,1.0,294.0,,,-37.7585,145.0042
1,u,260000.0,VB,6.5,1.0,1.0,1.0,0.0,,1970.0,-37.7574,144.9907
2,u,505000.0,SP,6.5,2.0,1.0,1.0,0.0,,,-37.7608,145.0059
1,u,365000.0,S,6.5,1.0,1.0,1.0,0.0,40.0,1970.0,-37.7544,145.0092
3,h,1430000.0,S,6.5,3.0,1.0,3.0,705.0,,,-37.7611,145.0142
2,u,525500.0,S,6.5,2.0,1.0,1.0,724.0,72.0,1975.0,-37.7564,145.0026
3,h,1210000.0,PI,6.5,3.0,2.0,2.0,398.0,,,-37.76300000000001,145.0198
2,h,944000.0,SP,6.5,2.0,1.0,1.0,185.0,78.0,1900.0,-37.76300000000001,145.0025
2,h,970000.0,S,6.5,2.0,1.0,3.0,491.0,,,-37.7633,145.0169
3,h,887000.0,S,6.5,3.0,2.0,2.0,540.0,129.0,1935.0,-37.7554,145.0211
1,u,277500.0,PI,6.5,1.0,1.0,1.0,0.0,,,-37.7542,145.0098
3,h,701000.0,S,6.5,3.0,3.0,2.0,273.0,71.0,1958.0,-37.7583,145.0174
2,h,740000.0,S,6.5,3.0,1.0,2.0,467.0,,,-37.7606,145.0241
2,h,1110000.0,SP,6.5,2.0,1.0,0.0,288.0,105.0,1925.0,-37.7564,144.9971
4,h,795000.0,S,6.5,4.0,2.0,1.0,402.0,,,-37.7584,145.0214
1,u,332000.0,SP,6.5,1.0,1.0,1.0,612.0,48.0,1975.0,-37.7603,145.0165
3,h,1265000.0,S,6.5,3.0,2.0,2.0,397.0,97.0,1920.0,-37.7515,144.9857
2,h,1085000.0,S,6.5,2.0,1.0,2.0,303.0,102.0,1930.0,-37.7569,144.9914
3,h,898000.0,S,6.5,3.0,2.0,2.0,210.0,108.0,2010.0,-37.7551,144.9993
3,h,1235000.0,S,6.5,3.0,3.0,1.0,288.0,133.0,1920.0,-37.7583,145.0025
3,t,910500.0,SP,6.5,3.0,2.0,2.0,157.0,144.0,2010.0,-37.759,144.988
3,h,995000.0,S,6.5,2.0,1.0,1.0,327.0,96.0,1920.0,-37.7574,144.9854
2,h,760000.0,S,6.5,2.0,1.0,0.0,0.0,75.0,1900.0,-37.7595,145.0061
2,u,505000.0,S,6.5,2.0,1.0,0.0,0.0,80.0,1980.0,-37.7591,145.0211
3,h,1400000.0,SP,6.5,2.0,2.0,1.0,417.0,159.0,1920.0,-37.7595,145.0017
3,h,1200000.0,S,6.5,3.0,2.0,2.0,430.0,,,-37.752,144.9852
3,h,920000.0,S,6.5,2.0,1.0,2.0,410.0,,,-37.7604,144.9877
3,h,1110000.0,S,6.5,3.0,1.0,1.0,562.0,156.0,1950.0,-37.7602,144.9878
3,h,1200000.0,VB,6.5,3.0,2.0,1.0,345.0,345.0,1905.0,-37.7582,145.0094
2,u,560000.0,S,6.5,2.0,1.0,2.0,0.0,,,-37.7591,145.0208
2,u,450000.0,S,6.5,2.0,1.0,1.0,0.0,52.0,1970.0,-37.7526,145.0023
3,h,1190000.0,S,6.5,3.0,1.0,0.0,0.0,,,-37.7539,144.989
3,h,1020000.0,S,6.5,3.0,1.0,1.0,366.0,,,-37.7524,144.9912
3,h,1245000.0,S,6.5,3.0,1.0,1.0,409.0,,,-37.7633,145.0087
2,u,350000.0,PI,6.5,2.0,1.0,1.0,0.0,,1960.0,-37.7542,145.01
2,u,571750.0,SP,6.5,2.0,1.0,1.0,0.0,,2012.0,-37.7588,145.0179
2,h,874000.0,S,6.5,2.0,1.0,2.0,333.0,2.0,1985.0,-37.7642,145.0192
3,h,1427000.0,S,6.5,3.0,1.0,1.0,275.0,127.0,1920.0,-37.7592,145.0105
1,u,295000.0,S,6.5,1.0,1.0,1.0,0.0,,,-37.7557,144.9993
1,u,383000.0,S,6.5,1.0,1.0,1.0,0.0,44.0,1965.0,-37.7539,145.0075
2,h,1164000.0,S,6.5,2.0,2.0,0.0,206.0,,,-37.7576,145.0032
1,u,315000.0,S,6.5,1.0,1.0,1.0,0.0,,1970.0,-37.7566,144.9893
1,u,245000.0,VB,6.5,1.0,1.0,1.0,0.0,,,-37.7581,144.9944
3,h,1290000.0,SP,6.5,3.0,1.0,2.0,435.0,138.0,1920.0,-37.7607,145.0105
2,u,605000.0,S,6.5,2.0,1.0,1.0,133.0,83.0,,-37.7641,145.0104
2,u,450000.0,PI,6.5,2.0,1.0,1.0,335.0,59.0,1960.0,-37.7516,144.9871
2,h,900000.0,S,6.5,2.0,1.0,1.0,497.0,,,-37.7585,145.0226
3,h,1620000.0,S,6.5,3.0,2.0,2.0,477.0,,,-37.7612,145.0045
2,u,438000.0,SP,6.5,2.0,1.0,1.0,0.0,66.0,1970.0,-37.7541,145.0088
2,h,1143000.0,S,6.5,2.0,1.0,2.0,431.0,,,-37.7598,145.0088
2,h,925000.0,S,6.5,2.0,1.0,1.0,258.0,157.0,,-37.7584,144.9971
3,h,1250000.0,VB,6.5,3.0,2.0,3.0,297.0,234.0,2013.0,-37.7617,145.0117
3,t,1070000.0,S,6.5,3.0,2.0,2.0,158.0,140.0,2007.0,-37.7588,144.9881
2,u,371000.0,S,6.5,2.0,1.0,1.0,0.0,,1960.0,-37.7542,145.01
3,h,1570000.0,SP,6.5,4.0,2.0,1.0,377.0,377.0,1920.0,-37.7578,145.0076
2,u,486000.0,S,6.5,2.0,1.0,1.0,0.0,66.0,1960.0,-37.761,145.0055
3,t,1100000.0,VB,6.5,3.0,2.0,2.0,7330.0,,2011.0,-37.7614,145.0118
2,h,1211000.0,S,6.5,2.0,1.0,0.0,302.0,97.0,1915.0,-37.7549,145.0035
2,u,466000.0,S,6.5,2.0,1.0,1.0,909.0,,,-37.7633,145.0103
3,h,1280000.0,S,6.5,3.0,1.0,1.0,253.0,130.0,1910.0,-37.7566,144.9965
4,h,1478000.0,SP,6.5,4.0,2.0,0.0,387.0,152.0,1900.0,-37.7569,145.0041
3,h,1280000.0,SP,6.5,3.0,2.0,2.0,349.0,,,-37.7584,145.0115
3,h,1913000.0,S,6.5,3.0,2.0,2.0,611.0,212.0,1930.0,-37.7575,144.9968
3,h,1272000.0,S,6.5,3.0,1.0,0.0,297.0,,1920.0,-37.7609,145.0016
2,h,972000.0,S,6.5,2.0,1.0,0.0,229.0,,,-37.7611,145.0009
4,h,928500.0,S,6.5,4.0,2.0,2.0,538.0,150.0,1960.0,-37.7595,145.0241
2,u,432500.0,S,6.5,2.0,1.0,1.0,748.0,56.0,1965.0,-37.7587,145.0064
1,u,330000.0,PI,6.5,1.0,1.0,1.0,0.0,40.0,1970.0,-37.7544,145.0092
3,h,1200000.0,VB,6.5,3.0,2.0,2.0,349.0,,,-37.7584,145.0115
2,u,510000.0,SP,6.5,2.0,1.0,1.0,0.0,,,-37.7634,145.02100000000004
3,h,1370000.0,S,6.5,3.0,2.0,3.0,417.0,153.0,1930.0,-37.7602,145.0084
1,u,303500.0,SP,6.5,1.0,1.0,1.0,0.0,41.0,1970.0,-37.7542,145.01
3,h,1160000.0,SP,6.5,3.0,2.0,2.0,644.0,149.0,2001.0,-37.7604,145.02100000000004
2,u,601000.0,S,6.5,2.0,1.0,1.0,82.0,,,-37.7556,145.0062
3,h,1430000.0,S,6.5,3.0,2.0,2.0,365.0,,,-37.7529,144.9902
3,h,1380000.0,SP,6.5,3.0,2.0,1.0,359.0,128.0,1920.0,-37.7565,144.9906
3,h,1200000.0,PI,6.5,3.0,2.0,1.0,332.0,,,-37.7569,144.9861
3,h,1435000.0,S,4.6,3.0,1.0,0.0,889.0,135.0,1943.0,-37.8328,145.0065
4,h,5500000.0,VB,4.6,4.0,3.0,2.0,691.0,374.0,2000.0,-37.8431,145.02100000000004
1,u,546000.0,S,4.6,1.0,1.0,1.0,1677.0,,,-37.8384,145.0178
3,h,1635000.0,S,4.6,3.0,1.0,2.0,386.0,,,-37.8435,145.0043
2,u,876000.0,S,4.6,2.0,1.0,1.0,649.0,,1935.0,-37.8486,145.00799999999995
2,u,620000.0,S,4.6,2.0,1.0,1.0,1119.0,,2008.0,-37.8498,145.0173
4,h,5500000.0,S,4.6,4.0,4.0,5.0,877.0,332.0,1923.0,-37.8447,145.0134
2,h,1300000.0,VB,4.6,2.0,1.0,0.0,338.0,,,-37.8475,145.0086
3,h,1689000.0,S,4.6,3.0,1.0,0.0,222.0,118.0,1920.0,-37.8448,145.0055
2,u,517500.0,S,4.6,2.0,1.0,1.0,0.0,,,-37.8424,145.0184
3,u,1100000.0,VB,4.6,3.0,2.0,1.0,0.0,126.0,1935.0,-37.8429,145.0227
1,u,430000.0,PI,4.6,2.0,1.0,1.0,0.0,,1970.0,-37.8473,145.0053
2,u,701500.0,S,4.6,2.0,1.0,1.0,0.0,,1951.0,-37.8384,145.0178
2,u,925000.0,S,4.6,2.0,2.0,2.0,0.0,109.0,1970.0,-37.8371,145.0066
2,u,450000.0,PI,4.6,2.0,1.0,1.0,0.0,62.0,1970.0,-37.8474,145.0078
1,u,349000.0,PI,4.6,1.0,1.0,1.0,0.0,38.0,1958.0,-37.8369,145.0077
2,u,838000.0,S,4.6,2.0,1.0,1.0,0.0,,,-37.8366,145.0114
2,u,380000.0,PI,4.6,2.0,1.0,1.0,0.0,,,-37.8501,145.0199
1,u,462800.0,SP,4.6,1.0,1.0,1.0,0.0,,1970.0,-37.8392,145.00799999999995
2,u,1450000.0,PI,4.6,2.0,2.0,2.0,0.0,,,-37.8414,145.0137
4,h,4000000.0,VB,4.6,3.0,2.0,2.0,632.0,,,-37.8338,145.0086
3,u,1635000.0,S,4.6,3.0,1.0,0.0,1099.0,,,-37.8438,145.0303
3,t,2400000.0,S,4.6,3.0,3.0,2.0,425.0,,1998.0,-37.8492,145.0163
1,u,345000.0,S,4.6,1.0,1.0,1.0,0.0,,,-37.8501,145.0199
3,t,2650000.0,VB,4.6,3.0,3.0,2.0,0.0,291.0,2000.0,-37.8428,145.0171
3,h,2820000.0,PI,4.6,3.0,2.0,2.0,600.0,205.0,1967.0,-37.8332,145.0117
2,u,810000.0,SP,4.6,2.0,2.0,2.0,0.0,94.0,1980.0,-37.842,145.0046
3,h,2840000.0,PI,4.6,3.0,2.0,4.0,1317.0,228.0,2000.0,-37.838,145.0054
3,t,2700000.0,VB,4.6,3.0,2.0,2.0,294.0,220.0,2010.0,-37.8503,145.0292
1,u,515501.0,SP,4.6,1.0,1.0,1.0,0.0,,1970.0,-37.8373,145.0116
1,u,611000.0,SP,4.6,1.0,1.0,1.0,0.0,,,-37.8428,145.0081
4,h,4000000.0,VB,4.6,4.0,4.0,4.0,324.0,60.0,,-37.8439,145.0093
1,u,405000.0,PI,4.6,1.0,1.0,1.0,0.0,,,-37.844,145.005
3,h,6250000.0,S,4.6,3.0,3.0,2.0,564.0,342.0,2000.0,-37.8486,145.0244
4,h,4500000.0,PI,4.6,4.0,3.0,2.0,732.0,367.0,1980.0,-37.8349,145.01
4,h,2025000.0,PI,4.6,4.0,2.0,2.0,237.0,,,-37.8507,145.0298
1,u,541000.0,S,4.6,1.0,1.0,1.0,0.0,57.0,1970.0,-37.8373,145.0116
3,t,1550000.0,VB,4.6,3.0,2.0,2.0,117.0,214.0,2000.0,-37.8343,145.0112
3,u,2205000.0,S,4.6,4.0,2.0,2.0,0.0,185.0,2014.0,-37.8512,145.0282
2,u,1100000.0,VB,4.6,3.0,2.0,2.0,0.0,,,-37.8414,145.0137
2,u,490000.0,PI,4.6,2.0,1.0,1.0,0.0,,1970.0,-37.8474,145.0078
3,h,1300000.0,SP,4.6,3.0,1.0,1.0,266.0,,,-37.8493,145.0134
3,t,2050000.0,S,4.6,3.0,2.0,2.0,339.0,,,-37.8425,145.0252
5,h,2170000.0,S,4.6,3.0,1.0,0.0,333.0,,,-37.8474,145.0063
3,u,950000.0,S,4.6,3.0,1.0,1.0,57.0,107.0,1960.0,-37.8371,145.012
2,u,531000.0,S,4.6,2.0,1.0,1.0,0.0,,,-37.8424,145.0184
2,u,575000.0,S,4.6,2.0,1.0,1.0,0.0,,2008.0,-37.8498,145.0173
1,u,366000.0,S,4.6,1.0,1.0,1.0,0.0,35.0,1967.0,-37.8464,145.0074
4,h,2620000.0,S,4.6,4.0,2.0,2.0,516.0,286.0,1925.0,-37.8398,145.0305
3,h,1900000.0,VB,4.6,3.0,2.0,1.0,268.0,139.0,1900.0,-37.8369,145.0072
2,t,1210000.0,PI,4.6,2.0,2.0,2.0,101.0,,,-37.8367,145.0076
4,h,4000000.0,S,4.6,4.0,2.0,2.0,684.0,331.0,1963.0,-37.8485,145.0169
2,u,540000.0,VB,4.6,2.0,1.0,1.0,0.0,,,-37.8432,145.0206
2,u,857000.0,S,4.6,2.0,0.0,0.0,0.0,,,-37.8458,145.0221
3,h,4200000.0,S,4.6,4.0,4.0,2.0,565.0,331.0,2005.0,-37.8448,145.0123
2,h,3260000.0,S,4.6,2.0,2.0,2.0,334.0,,,-37.8361,145.023
2,h,1900000.0,S,4.6,2.0,2.0,0.0,218.0,,,-37.847,145.0064
2,u,690000.0,S,4.6,2.0,1.0,1.0,0.0,83.0,1960.0,-37.8416,145.0313
2,t,2100000.0,PI,4.6,2.0,2.0,3.0,457.0,,,-37.8464,145.0142
1,u,460000.0,PI,4.6,1.0,1.0,1.0,0.0,7.0,,-37.8373,145.0116
2,u,1400000.0,PI,4.6,2.0,2.0,2.0,2927.0,,,-37.8414,145.0137
2,u,511000.0,SP,4.6,2.0,1.0,2.0,0.0,68.0,1970.0,-37.8424,145.0184
2,u,645000.0,SP,4.6,2.0,1.0,1.0,0.0,,,-37.8428,145.0216
3,t,910000.0,PI,4.6,3.0,2.0,2.0,0.0,136.0,1980.0,-37.842,145.0046
3,h,2250000.0,SP,4.6,3.0,3.0,2.0,575.0,205.0,1930.0,-37.8375,145.0092
2,u,525000.0,S,4.6,2.0,1.0,1.0,0.0,82.0,1950.0,-37.8424,145.0184
3,h,3270000.0,S,4.6,3.0,2.0,1.0,363.0,215.0,1935.0,-37.8445,145.0182
2,u,866000.0,S,4.6,2.0,0.0,0.0,0.0,,,-37.8458,145.0221
3,h,1170000.0,S,4.6,3.0,1.0,1.0,405.0,,,-37.8475,145.00799999999995
2,u,920000.0,S,4.6,2.0,1.0,1.0,0.0,,1930.0,-37.8427,145.0242
4,h,910000.0,S,13.8,4.0,2.0,2.0,626.0,,,-37.735,145.0921
3,h,960000.0,S,13.8,4.0,2.0,2.0,656.0,183.0,1990.0,-37.7322,145.0995
2,u,556000.0,S,13.8,2.0,1.0,1.0,195.0,,1995.0,-37.7405,145.0876
4,h,1010000.0,S,13.8,4.0,3.0,2.0,669.0,163.0,1960.0,-37.7419,145.083
3,h,880000.0,SP,13.8,3.0,2.0,4.0,704.0,167.0,1970.0,-37.7327,145.0913
4,h,920250.0,S,13.8,4.0,2.0,2.0,558.0,,,-37.7328,145.0916
4,h,1080000.0,S,13.8,4.0,1.0,2.0,676.0,,,-37.7389,145.0861
3,h,770000.0,S,13.8,3.0,2.0,2.0,577.0,135.0,1970.0,-37.7376,145.0895
4,h,730000.0,PI,13.8,4.0,1.0,1.0,865.0,172.0,1960.0,-37.7297,145.0946
3,h,820000.0,S,13.8,3.0,2.0,2.0,555.0,,,-37.7324,145.0862
4,h,1102500.0,S,13.8,4.0,2.0,1.0,659.0,189.0,,-37.7373,145.0847
4,h,1005000.0,S,13.8,4.0,2.0,1.0,696.0,183.0,1950.0,-37.7395,145.0875
2,u,555000.0,SP,13.8,2.0,1.0,2.0,197.0,90.0,1980.0,-37.7393,145.0806
2,u,546000.0,S,13.8,2.0,1.0,1.0,177.0,100.0,1975.0,-37.7388,145.08100000000005
3,h,765000.0,S,13.8,3.0,1.0,2.0,608.0,138.0,1975.0,-37.7396,145.0885
3,h,920000.0,S,13.8,3.0,2.0,2.0,834.0,143.0,1975.0,-37.7396,145.0884
5,h,895000.0,S,13.8,5.0,3.0,2.0,648.0,,,-37.7346,145.093
3,h,775000.0,SP,13.8,5.0,3.0,2.0,586.0,,,-37.7405,145.0886
3,u,440000.0,SP,13.8,3.0,1.0,1.0,416.0,,,-37.7321,145.0828
4,h,1042500.0,S,13.8,4.0,2.0,2.0,648.0,,,-37.7363,145.0851
5,h,1025000.0,S,13.8,5.0,3.0,2.0,531.0,233.0,1978.0,-37.7378,145.0955
4,h,940000.0,VB,13.8,4.0,3.0,2.0,574.0,,,-37.7319,145.0907
4,h,895000.0,S,13.8,4.0,2.0,2.0,700.0,18.0,1980.0,-37.7326,145.0881
3,h,820000.0,S,13.8,3.0,2.0,2.0,628.0,177.0,1960.0,-37.7314,145.0941
3,h,870000.0,SP,13.8,3.0,1.0,2.0,698.0,137.0,1960.0,-37.7343,145.0837
4,h,1085000.0,S,13.8,4.0,3.0,2.0,599.0,,,-37.7397,145.0934
3,h,915000.0,S,13.8,3.0,2.0,2.0,769.0,,,-37.7298,145.0947
4,h,1050000.0,VB,13.8,4.0,2.0,2.0,660.0,202.0,1977.0,-37.7375,145.0917
3,h,660000.0,S,14.9,3.0,1.0,0.0,583.0,124.0,1970.0,-37.7137,145.0778
3,h,581000.0,S,14.9,3.0,2.0,2.0,567.0,100.0,1970.0,-37.7148,145.0851
3,h,1000000.0,S,14.9,3.0,2.0,2.0,739.0,,,-37.7104,145.0817
3,h,785000.0,S,14.9,3.0,1.0,2.0,0.0,,,-37.7114,145.0885
3,h,600000.0,SP,14.9,3.0,1.0,1.0,605.0,129.0,1970.0,-37.7166,145.0837
3,h,690000.0,S,14.9,3.0,2.0,1.0,308.0,129.0,2015.0,-37.7078,145.0807
3,h,582000.0,S,14.9,3.0,1.0,0.0,302.0,90.0,1950.0,-37.7163,145.0768
3,h,740000.0,S,14.9,3.0,1.0,1.0,591.0,104.0,1960.0,-37.7135,145.0783
3,h,671000.0,S,14.9,3.0,2.0,2.0,280.0,163.0,2002.0,-37.7153,145.0854
3,h,741000.0,SP,14.9,3.0,1.0,1.0,671.0,103.0,1960.0,-37.7072,145.0855
4,h,706000.0,S,14.9,4.0,1.0,2.0,581.0,,,-37.7094,145.0877
3,h,725000.0,S,14.9,3.0,1.0,1.0,545.0,,,-37.7088,145.0893
3,h,808000.0,S,14.9,3.0,2.0,2.0,265.0,260.0,,-37.7101,145.0785
3,h,711000.0,S,14.9,3.0,1.0,2.0,658.0,,,-37.7147,145.0752
3,u,537000.0,S,14.9,3.0,1.0,2.0,327.0,95.0,1960.0,-37.7125,145.0768
3,h,1040000.0,PI,14.9,3.0,2.0,1.0,903.0,131.0,1950.0,-37.7085,145.0824
4,h,1171000.0,S,14.9,3.0,3.0,2.0,670.0,325.0,2010.0,-37.7122,145.0765
2,h,662000.0,S,14.9,2.0,1.0,2.0,605.0,114.0,1960.0,-37.7118,145.088
3,h,800000.0,S,14.9,4.0,2.0,2.0,595.0,,2000.0,-37.7023,145.0775
3,h,922000.0,S,14.9,3.0,1.0,2.0,798.0,153.0,1960.0,-37.7112,145.0869
2,t,485000.0,S,14.9,2.0,1.0,1.0,184.0,,,-37.7143,145.0781
3,h,860500.0,S,14.9,3.0,2.0,0.0,767.0,147.0,1960.0,-37.7084,145.0788
3,h,702000.0,S,14.9,3.0,1.0,1.0,604.0,97.0,1970.0,-37.7115,145.088
3,h,627500.0,S,14.9,3.0,1.0,1.0,319.0,96.0,2000.0,-37.7165,145.0759
3,h,632000.0,PI,14.9,3.0,1.0,2.0,650.0,,,-37.711,145.0854
3,h,601000.0,S,14.9,3.0,1.0,1.0,653.0,,,-37.7163,145.08700000000005
3,u,549000.0,S,14.9,3.0,1.0,1.0,0.0,89.0,1980.0,-37.7141,145.0754
2,u,342500.0,S,14.9,2.0,1.0,1.0,0.0,,,-37.7167,145.0807
2,h,701000.0,S,14.9,4.0,1.0,2.0,762.0,98.0,1970.0,-37.7112,145.0861
3,h,645000.0,S,14.9,3.0,1.0,1.0,355.0,111.0,1966.0,-37.7065,145.0825
3,h,838000.0,S,14.9,3.0,1.0,2.0,828.0,,,-37.7161,145.0804
3,t,1010000.0,S,1.9,3.0,3.0,2.0,0.0,132.0,1940.0,-37.8048,144.9424
3,u,650000.0,S,1.9,3.0,2.0,1.0,0.0,,,-37.8117,144.9518
3,h,1260000.0,S,1.9,2.0,3.0,2.0,506.0,195.0,2000.0,-37.805,144.9448
1,u,460000.0,PI,1.9,1.0,1.0,1.0,0.0,52.0,2000.0,-37.8076,144.9456
3,h,2370000.0,S,1.9,3.0,3.0,2.0,265.0,280.0,1880.0,-37.8073,144.9481
2,t,800000.0,VB,1.9,2.0,2.0,2.0,54.0,89.0,2006.0,-37.8094,144.9479
1,u,550000.0,S,1.9,1.0,1.0,1.0,0.0,207.0,1930.0,-37.8076,144.9456
3,u,660000.0,PI,1.9,3.0,2.0,1.0,0.0,100.0,1998.0,-37.8118,144.9526
2,t,1055000.0,S,1.9,2.0,1.0,1.0,0.0,154.0,2009.0,-37.8094,144.9452
3,u,995000.0,S,1.9,3.0,1.0,1.0,0.0,153.0,1940.0,-37.8076,144.9474
3,t,1130000.0,PI,1.9,3.0,2.0,2.0,116.0,,2002.0,-37.8102,144.9515
1,u,443000.0,S,1.9,1.0,1.0,1.0,547.0,58.0,1900.0,-37.806,144.942
3,t,1120000.0,S,1.9,3.0,3.0,1.0,801.0,122.0,2008.0,-37.8067,144.9435
1,u,482000.0,SP,1.9,1.0,1.0,1.0,0.0,62.0,1930.0,-37.8076,144.9456
2,u,620000.0,S,1.9,2.0,1.0,1.0,0.0,83.0,2002.0,-37.8091,144.952
4,h,2100000.0,S,1.9,4.0,1.0,0.0,440.0,,,-37.8056,144.9463
3,u,601000.0,S,1.9,2.0,1.0,1.0,0.0,81.0,1996.0,-37.8118,144.9526
4,h,1325000.0,S,8.0,3.0,2.0,1.0,452.0,,,-37.855,144.8905
4,h,1400000.0,S,8.0,4.0,2.0,1.0,320.0,160.0,1950.0,-37.8613,144.8988
3,h,1535000.0,S,8.0,3.0,1.0,1.0,507.0,186.0,1910.0,-37.8681,144.8994
3,u,890000.0,S,8.0,3.0,1.0,3.0,0.0,111.0,1980.0,-37.8663,144.8883
4,h,1400000.0,PI,8.0,4.0,2.0,4.0,457.0,,,-37.8517,144.8923
3,h,1800000.0,VB,8.0,3.0,2.0,2.0,332.0,252.0,2006.0,-37.8652,144.9019
2,h,1050000.0,S,8.0,2.0,1.0,4.0,445.0,148.0,,-37.8615,144.8827
2,h,850000.0,SP,8.0,2.0,1.0,1.0,278.0,,,-37.857,144.8906
4,h,2910000.0,SP,8.0,4.0,3.0,0.0,338.0,196.0,1890.0,-37.8633,144.8963
3,h,2910000.0,SP,8.0,3.0,3.0,2.0,515.0,286.0,1990.0,-37.8609,144.8947
4,h,2640000.0,S,8.0,4.0,2.0,2.0,650.0,,,-37.8671,144.8875
3,h,1200000.0,S,8.0,3.0,2.0,2.0,315.0,174.0,1990.0,-37.8595,144.8868
4,h,3130000.0,S,8.0,4.0,2.0,2.0,897.0,,1920.0,-37.8679,144.899
3,h,1460000.0,S,8.0,3.0,1.0,2.0,373.0,107.0,1970.0,-37.8661,144.8973
1,u,310000.0,SP,8.0,1.0,1.0,1.0,0.0,58.0,1968.0,-37.8588,144.8919
3,h,1200000.0,S,8.0,3.0,2.0,2.0,348.0,200.0,1997.0,-37.8578,144.8799
3,h,1560000.0,SP,8.0,3.0,2.0,2.0,310.0,179.0,2005.0,-37.8644,144.9039
3,h,1575000.0,S,8.0,3.0,2.0,3.0,430.0,215.0,1996.0,-37.8613,144.8939
2,t,830000.0,SP,8.0,2.0,1.0,1.0,84.0,110.0,1980.0,-37.8581,144.9015
2,t,830000.0,SP,8.0,2.0,1.0,0.0,56.0,,,-37.8581,144.9011
4,h,1085000.0,S,8.0,3.0,1.0,2.0,458.0,,,-37.8571,144.8915
4,h,1815000.0,PI,8.0,4.0,3.0,2.0,321.0,287.0,,-37.8623,144.8884
3,h,1470000.0,S,8.0,3.0,2.0,1.0,364.0,93.0,1970.0,-37.8513,144.8961
4,h,2230000.0,S,8.0,3.0,2.0,2.0,782.0,212.0,1900.0,-37.8647,144.8867
3,t,1460000.0,S,8.0,3.0,2.0,2.0,506.0,180.0,2010.0,-37.8658,144.8857
5,h,1410000.0,SP,8.0,5.0,2.0,2.0,195.0,260.0,,-37.8643,144.8935
2,h,940000.0,S,8.0,2.0,1.0,0.0,166.0,,1986.0,-37.8695,144.9009
4,h,1900000.0,SP,8.0,4.0,3.0,2.0,321.0,287.0,,-37.8623,144.8884
4,h,1330000.0,S,8.0,4.0,3.0,2.0,217.0,266.0,2003.0,-37.8634,144.8796
3,h,1010000.0,PI,8.0,3.0,2.0,2.0,250.0,185.0,,-37.8667,144.903
3,h,1010000.0,S,8.0,3.0,2.0,2.0,418.0,204.0,1995.0,-37.8571,144.8767
2,u,450000.0,S,8.0,2.0,1.0,2.0,0.0,,,-37.8536,144.899
2,u,513500.0,S,8.0,2.0,1.0,1.0,0.0,72.0,1980.0,-37.8536,144.8981
2,h,1000000.0,S,8.0,2.0,1.0,0.0,240.0,,,-37.8544,144.8922
2,u,415000.0,S,8.0,2.0,1.0,1.0,0.0,,,-37.857,144.891
3,h,906000.0,SP,8.0,3.0,2.0,2.0,270.0,,,-37.8608,144.8803
4,h,1805000.0,S,8.0,3.0,2.0,2.0,466.0,160.0,1930.0,-37.8621,144.8872
4,h,1126000.0,SP,8.0,4.0,1.0,1.0,307.0,150.0,1900.0,-37.8525,144.8945
3,t,935000.0,SP,8.0,3.0,2.0,1.0,233.0,194.0,2002.0,-37.8573,144.8911
2,h,895000.0,SA,8.0,2.0,2.0,1.0,193.0,,,-37.858,144.9005
2,u,375000.0,SP,8.0,2.0,1.0,1.0,0.0,49.0,1970.0,-37.8504,144.8924
3,h,1000000.0,S,8.0,3.0,1.0,2.0,189.0,,,-37.8643,144.9043
2,h,769000.0,S,8.0,2.0,1.0,1.0,265.0,,,-37.853,144.8928
3,h,1270000.0,S,8.0,3.0,1.0,2.0,470.0,,,-37.8587,144.8871
4,h,1172000.0,S,8.0,4.0,2.0,2.0,344.0,,,-37.8617,144.8799
3,h,1360000.0,S,8.0,3.0,1.0,1.0,477.0,,1930.0,-37.8516,144.8949
4,h,2050000.0,S,8.0,4.0,2.0,2.0,648.0,285.0,2011.0,-37.8601,144.8879
3,h,975000.0,PI,8.0,3.0,2.0,2.0,289.0,158.0,,-37.8593,144.8881
3,h,1310000.0,S,8.0,3.0,2.0,1.0,185.0,139.0,1900.0,-37.8664,144.9072
4,t,830000.0,SP,8.0,4.0,1.0,2.0,0.0,,,-37.8519,144.8968
2,u,491500.0,S,8.0,2.0,1.0,1.0,0.0,61.0,1970.0,-37.8563,144.8995
2,u,547500.0,SP,8.0,2.0,1.0,1.0,0.0,60.0,1980.0,-37.8612,144.8971
3,t,965000.0,S,8.0,3.0,2.0,1.0,151.0,148.0,,-37.8666,144.9058
3,h,1262000.0,S,8.0,3.0,2.0,2.0,204.0,,,-37.8551,144.8959
3,h,1210000.0,S,8.0,3.0,1.0,0.0,249.0,85.0,1910.0,-37.86,144.895
2,u,412000.0,SP,8.0,2.0,1.0,1.0,0.0,65.0,1980.0,-37.8586,144.8937
2,h,1337500.0,SP,8.0,2.0,1.0,0.0,297.0,,,-37.8645,144.8977
2,h,811000.0,S,8.0,2.0,1.0,2.0,183.0,,,-37.8555,144.8952
4,h,1630000.0,S,8.0,4.0,2.0,2.0,265.0,197.0,2010.0,-37.8656,144.9039
2,h,920000.0,S,8.0,2.0,1.0,1.0,307.0,,,-37.855,144.8985
3,h,960000.0,SP,8.0,3.0,2.0,1.0,189.0,,1977.0,-37.8605,144.8998
3,h,1482500.0,S,8.0,3.0,2.0,1.0,506.0,139.0,1910.0,-37.8592,144.888
4,h,1300000.0,PI,8.0,4.0,2.0,2.0,369.0,250.0,1980.0,-37.8576,144.8992
4,h,2255000.0,S,8.0,4.0,1.0,3.0,765.0,257.0,1880.0,-37.8621,144.8999
4,h,1860000.0,S,8.0,4.0,2.0,0.0,199.0,242.0,,-37.8615,144.9023
3,h,1710000.0,SP,8.0,3.0,2.0,1.0,260.0,170.0,2016.0,-37.8671,144.9001
4,h,2440000.0,S,8.0,4.0,3.0,3.0,500.0,278.0,2005.0,-37.8638,144.8798
1,u,331000.0,S,8.0,1.0,1.0,1.0,0.0,,,-37.8586,144.8933
2,t,500000.0,VB,8.9,2.0,1.0,1.0,53.0,,,-37.8563,144.8782
2,u,400000.0,SP,8.9,2.0,1.0,1.0,0.0,,1970.0,-37.8564,144.8864
5,h,1410000.0,SP,8.9,5.0,2.0,5.0,680.0,,,-37.8561,144.8859
1,u,285000.0,S,8.9,1.0,1.0,1.0,0.0,,,-37.8571,144.8841
2,u,460000.0,SP,8.9,2.0,1.0,1.0,0.0,,1979.0,-37.8573,144.8854
4,h,881000.0,SP,8.9,4.0,1.0,3.0,468.0,139.0,,-37.8559,144.8785
2,u,380000.0,PI,8.9,2.0,1.0,1.0,0.0,64.0,1960.0,-37.8564,144.8864
4,h,1440000.0,SP,8.9,4.0,3.0,4.0,672.0,297.0,,-37.8536,144.8734
2,u,367500.0,S,8.9,2.0,1.0,1.0,0.0,61.0,1970.0,-37.8571,144.8841
3,h,1225000.0,SP,8.9,3.0,1.0,1.0,311.0,126.0,1920.0,-37.8546,144.8762
2,u,580000.0,VB,5.1,2.0,2.0,1.0,0.0,78.0,2012.0,-37.8558,144.9903
3,h,1850000.0,VB,5.1,3.0,1.0,2.0,361.0,,,-37.8546,144.9865
3,u,825000.0,S,5.1,3.0,1.0,1.0,0.0,,,-37.8565,144.998
3,h,2302000.0,S,5.1,3.0,1.0,4.0,440.0,144.0,1895.0,-37.8528,144.9994
2,h,1045000.0,S,5.1,2.0,1.0,2.0,118.0,,1993.0,-37.855,144.9961
4,h,2050000.0,PI,5.1,4.0,2.0,1.0,321.0,,,-37.8559,144.9948
2,u,611000.0,S,5.1,2.0,1.0,1.0,598.0,75.0,1940.0,-37.8564,144.9971
2,u,600000.0,S,5.1,2.0,1.0,1.0,1043.0,,,-37.8581,144.9972
2,u,800000.0,S,5.1,2.0,1.0,1.0,0.0,92.0,1930.0,-37.8577,145.0002
1,u,275000.0,VB,5.1,1.0,1.0,1.0,0.0,44.0,1970.0,-37.8564,145.0016
2,h,1325000.0,S,5.1,2.0,1.0,0.0,153.0,,,-37.8535,144.9952
3,h,1540000.0,S,5.1,3.0,2.0,1.0,138.0,147.0,2000.0,-37.8556,144.995
3,h,1370000.0,S,5.1,3.0,1.0,2.0,317.0,112.0,1900.0,-37.856,144.9891
1,u,372000.0,S,5.1,1.0,1.0,1.0,0.0,,1970.0,-37.8574,145.0
1,u,412500.0,S,5.1,1.0,1.0,1.0,0.0,,,-37.8533,144.9986
1,u,452000.0,S,5.1,1.0,1.0,1.0,0.0,46.0,1974.0,-37.8568,145.0004
2,u,450000.0,PI,5.1,2.0,1.0,1.0,1057.0,,,-37.8552,145.0005
1,u,300000.0,VB,5.1,1.0,1.0,1.0,0.0,,2010.0,-37.8584,144.9994
2,u,520000.0,PI,5.1,2.0,1.0,1.0,0.0,,,-37.8573,144.9987
2,u,650000.0,S,5.1,2.0,2.0,1.0,0.0,,,-37.8554,144.9982
1,u,501000.0,PI,5.1,1.0,1.0,1.0,0.0,51.0,2005.0,-37.8571,144.9979
2,u,380000.0,VB,5.1,2.0,1.0,1.0,0.0,71.0,1970.0,-37.8555,145.0018
2,h,1177000.0,PI,5.1,2.0,2.0,2.0,521.0,122.0,2000.0,-37.8543,144.9939
4,h,1605000.0,S,5.1,4.0,1.0,1.0,230.0,,,-37.8549,144.9948
2,u,600000.0,S,5.1,2.0,1.0,1.0,0.0,83.0,1970.0,-37.8559,144.999
2,h,1500000.0,S,5.1,2.0,1.0,2.0,0.0,96.0,1928.0,-37.8518,144.9868
3,u,830000.0,S,5.1,3.0,2.0,2.0,0.0,112.0,2000.0,-37.8526,144.9977
2,u,1200000.0,SP,5.1,2.0,2.0,1.0,0.0,111.0,2007.0,-37.8563,144.9916
1,u,300000.0,VB,5.1,1.0,1.0,1.0,705.0,,,-37.8556,144.9977
1,u,400000.0,VB,5.1,1.0,1.0,1.0,706.0,,,-37.8556,144.9977
2,u,623000.0,S,5.1,2.0,1.0,1.0,0.0,,1963.0,-37.8572,144.9974
2,u,600000.0,SP,5.1,2.0,1.0,1.0,1452.0,96.0,1970.0,-37.8554,145.0018
2,h,1325000.0,PI,5.1,2.0,1.0,0.0,140.0,,,-37.8547,144.9959
2,u,518000.0,S,5.1,2.0,1.0,1.0,0.0,,,-37.8533,144.9881
3,h,2368000.0,S,5.1,3.0,2.0,1.0,322.0,,1970.0,-37.8547,144.9995
2,h,1350000.0,S,5.1,2.0,1.0,2.0,181.0,,,-37.8549,145.0006
2,u,650000.0,VB,5.1,2.0,1.0,1.0,0.0,,2014.0,-37.8574,145.0006
3,h,1200000.0,S,5.1,3.0,1.0,1.0,116.0,,,-37.8533,144.9913
3,h,1320000.0,S,5.1,3.0,1.0,0.0,365.0,,,-37.8554,145.0001
2,u,580000.0,S,5.1,2.0,1.0,1.0,0.0,,1970.0,-37.8565,145.0011
2,u,555000.0,PI,5.1,2.0,1.0,1.0,0.0,,1990.0,-37.8585,145.0004
2,u,474000.0,S,5.1,2.0,1.0,1.0,0.0,66.0,1985.0,-37.8552,145.0005
2,h,1350000.0,S,5.1,2.0,1.0,1.0,157.0,101.0,1900.0,-37.8522,144.986
3,h,1910000.0,S,5.1,3.0,3.0,1.0,143.0,89.0,1890.0,-37.8525,144.9881
4,h,700000.0,S,15.0,4.0,1.0,1.0,530.0,,,-37.7251,145.1053
4,h,915000.0,S,15.0,4.0,3.0,1.0,531.0,237.0,1990.0,-37.7198,145.1034
3,h,810000.0,S,15.0,3.0,2.0,2.0,568.0,173.0,1975.0,-37.7216,145.1066
3,h,753000.0,S,15.0,3.0,2.0,1.0,536.0,154.0,1975.0,-37.7233,145.1045
3,h,602500.0,S,15.0,3.0,2.0,2.0,586.0,140.0,1970.0,-37.7279,145.1017
3,h,742000.0,S,15.0,3.0,1.0,1.0,614.0,117.0,1978.0,-37.7305,145.08100000000005
4,h,953000.0,S,15.0,4.0,2.0,2.0,551.0,150.0,1997.0,-37.7302,145.0883
4,h,840000.0,S,15.0,4.0,2.0,2.0,761.0,,1970.0,-37.7218,145.108
3,h,650000.0,S,15.0,3.0,1.0,1.0,706.0,129.0,1970.0,-37.731,145.0811
4,h,793000.0,S,15.0,4.0,2.0,1.0,592.0,,,-37.728,145.1017
3,h,731000.0,S,15.0,3.0,2.0,2.0,566.0,156.0,1991.0,-37.7195,145.1034
3,h,710000.0,S,15.0,3.0,1.0,1.0,616.0,115.0,1960.0,-37.7306,145.0854
3,h,720000.0,S,15.0,4.0,2.0,4.0,535.0,,,-37.7225,145.1037
3,h,720000.0,S,15.0,3.0,2.0,2.0,555.0,,1978.0,-37.7214,145.1034
3,h,936000.0,S,15.0,3.0,2.0,2.0,587.0,232.0,1994.0,-37.72,145.1014
3,h,800000.0,S,15.0,3.0,2.0,2.0,660.0,,,-37.7285,145.0845
3,h,721000.0,S,15.0,3.0,1.0,1.0,687.0,122.0,1978.0,-37.7303,145.0823
3,h,1000000.0,S,7.0,3.0,2.0,1.0,448.0,147.0,1940.0,-37.8228,144.8799
2,h,890000.0,SP,7.0,3.0,1.0,2.0,471.0,103.0,1950.0,-37.8149,144.8707
2,h,760000.0,SP,7.0,2.0,1.0,1.0,134.0,,,-37.8176,144.8911
3,h,1165000.0,S,7.0,3.0,1.0,0.0,191.0,105.0,1910.0,-37.8175,144.8879
4,h,1550000.0,S,7.0,4.0,2.0,2.0,427.0,233.0,2010.0,-37.8187,144.8771
3,h,770000.0,VB,7.0,3.0,1.0,2.0,323.0,139.0,1960.0,-37.8108,144.8899
3,h,871000.0,S,7.0,3.0,2.0,2.0,428.0,100.0,1965.0,-37.8167,144.8965
3,h,780000.0,S,7.0,3.0,2.0,2.0,213.0,120.0,2004.0,-37.8175,144.8964
2,t,650000.0,VB,7.0,2.0,1.0,1.0,0.0,2.0,1980.0,-37.8113,144.8955
3,h,770000.0,SP,7.0,2.0,1.0,1.0,138.0,82.0,1890.0,-37.82,144.891
2,h,890000.0,S,7.0,2.0,1.0,0.0,166.0,,1920.0,-37.8209,144.8913
3,h,960000.0,S,7.0,3.0,1.0,1.0,503.0,,,-37.8159,144.8626
4,h,1235000.0,SP,7.0,4.0,2.0,2.0,244.0,206.0,2011.0,-37.8139,144.8741
3,t,670000.0,PI,7.0,3.0,2.0,2.0,152.0,,,-37.8228,144.8833
2,h,960000.0,S,7.0,2.0,2.0,1.0,159.0,,,-37.8154,144.8917
2,h,1000000.0,VB,7.0,2.0,1.0,1.0,220.0,105.0,1910.0,-37.8115,144.8875
2,h,710000.0,S,7.0,2.0,1.0,0.0,164.0,,,-37.8198,144.8839
3,h,1320000.0,S,7.0,3.0,2.0,2.0,473.0,171.0,1920.0,-37.8217,144.8842
3,h,1100000.0,VB,7.0,3.0,2.0,0.0,214.0,129.0,1910.0,-37.8175,144.8929
2,u,782000.0,S,7.0,2.0,1.0,1.0,1555.0,92.0,2013.0,-37.8156,144.8943
3,h,931000.0,S,7.0,3.0,1.0,1.0,442.0,,,-37.8182,144.8727
3,h,910000.0,S,7.0,3.0,3.0,2.0,197.0,109.0,2013.0,-37.8197,144.8875
2,h,796000.0,SP,7.0,2.0,1.0,1.0,188.0,,,-37.8184,144.8809
2,h,856000.0,S,7.0,2.0,1.0,1.0,261.0,100.0,1880.0,-37.8157,144.887
3,h,670000.0,VB,7.0,3.0,1.0,1.0,477.0,120.0,1960.0,-37.8186,144.8736
4,h,706000.0,S,7.0,2.0,1.0,0.0,165.0,93.0,1900.0,-37.819,144.895
3,h,1050000.0,S,7.0,2.0,2.0,1.0,462.0,132.0,1960.0,-37.8128,144.8695
2,u,410000.0,PI,7.0,2.0,0.0,0.0,0.0,,,-37.8129,144.8952
4,h,1320000.0,SP,7.0,4.0,2.0,1.0,319.0,171.0,1915.0,-37.8197,144.8957
3,h,1414000.0,S,7.0,3.0,2.0,2.0,230.0,,1900.0,-37.8124,144.8875
5,h,1815000.0,S,7.0,5.0,2.0,2.0,644.0,172.0,1890.0,-37.8102,144.8857
2,h,630000.0,PI,7.0,2.0,1.0,1.0,148.0,79.0,2003.0,-37.822,144.89
4,h,1870000.0,S,7.0,4.0,1.0,3.0,766.0,167.0,1968.0,-37.8126,144.8905
4,h,1785000.0,S,7.0,4.0,2.0,2.0,640.0,,,-37.8104,144.8867
2,u,330000.0,VB,7.0,2.0,1.0,1.0,0.0,,1970.0,-37.8133,144.8865
3,h,1930000.0,S,7.0,3.0,1.0,4.0,902.0,129.0,1920.0,-37.8153,144.8796
3,h,1035000.0,S,7.0,3.0,1.0,2.0,289.0,,,-37.8143,144.8865
1,u,510000.0,SP,7.0,1.0,1.0,2.0,0.0,83.0,2004.0,-37.8173,144.894
2,u,381000.0,PI,7.0,2.0,1.0,1.0,0.0,65.0,1960.0,-37.8128,144.8953
3,t,1040000.0,S,7.0,2.0,2.0,0.0,352.0,152.0,2016.0,-37.8164,144.8869
3,h,1419000.0,SP,7.0,3.0,1.0,2.0,270.0,,1920.0,-37.8148,144.8884
3,h,1050000.0,S,7.0,3.0,1.0,2.0,442.0,,1940.0,-37.8201,144.872
1,h,470000.0,PI,7.0,1.0,1.0,2.0,0.0,83.0,2004.0,-37.8173,144.894
3,h,850000.0,S,7.0,3.0,1.0,1.0,444.0,,,-37.8193,144.8753
2,u,501344.0,SP,7.0,2.0,1.0,1.0,0.0,72.0,1950.0,-37.8106,144.8957
3,h,796000.0,S,7.0,3.0,1.0,1.0,464.0,120.0,1960.0,-37.8151,144.8638
3,h,1217500.0,PI,7.0,3.0,3.0,1.0,217.0,,2016.0,-37.8188,144.8884
2,h,610000.0,SP,7.0,2.0,0.0,0.0,94.0,,,-37.815,144.8827
3,h,1055000.0,S,7.0,3.0,1.0,3.0,670.0,116.0,1940.0,-37.8134,144.8745
3,t,620000.0,VB,7.0,3.0,3.0,1.0,0.0,141.0,2014.0,-37.8194,144.8826
4,h,660000.0,PI,7.0,4.0,1.0,2.0,360.0,,1910.0,-37.8212,144.8887
3,h,681000.0,S,7.0,2.0,1.0,1.0,446.0,,,-37.8183,144.8666
1,u,345000.0,S,7.0,1.0,1.0,1.0,0.0,47.0,1970.0,-37.8111,144.887
3,h,950000.0,SP,7.0,3.0,1.0,2.0,240.0,84.0,1880.0,-37.8202,144.8896
3,h,955000.0,S,7.0,3.0,1.0,1.0,202.0,,,-37.8196,144.8839
2,h,822000.0,S,7.0,2.0,1.0,3.0,539.0,,,-37.8152,144.8703
2,h,760000.0,S,7.0,3.0,1.0,1.0,472.0,,,-37.824,144.8805
4,h,1200000.0,S,7.0,4.0,2.0,2.0,417.0,157.0,1900.0,-37.8197,144.8969
3,h,1005000.0,S,7.0,3.0,1.0,1.0,438.0,115.0,1960.0,-37.8177,144.8711
3,h,600000.0,VB,7.0,4.0,1.0,1.0,0.0,,,-37.8222,144.8956
1,u,381000.0,S,7.0,1.0,1.0,1.0,0.0,,,-37.8184,144.8904
4,h,1150000.0,S,7.0,4.0,2.0,2.0,482.0,,,-37.815,144.8968
3,h,1020000.0,PI,7.0,3.0,1.0,1.0,248.0,,,-37.8157,144.8925
3,h,1250000.0,VB,7.0,3.0,2.0,1.0,249.0,,,-37.8099,144.8859
4,h,1340000.0,VB,7.0,4.0,2.0,0.0,297.0,175.0,1900.0,-37.8108,144.888
3,h,865000.0,SP,7.0,3.0,1.0,1.0,189.0,87.0,1930.0,-37.8159,144.8795
3,h,781500.0,S,7.0,2.0,1.0,2.0,341.0,132.0,1950.0,-37.8224,144.8818
4,h,1401000.0,S,7.0,4.0,1.0,1.0,306.0,133.0,1910.0,-37.8102,144.8885
2,h,630000.0,S,7.0,2.0,2.0,2.0,168.0,121.0,2000.0,-37.8225,144.8814
5,h,1137500.0,S,7.0,2.0,3.0,4.0,446.0,244.0,1950.0,-37.8146,144.8692
4,h,925000.0,S,7.0,4.0,1.0,1.0,288.0,,,-37.8202,144.88299999999995
3,h,745000.0,S,7.0,2.0,1.0,1.0,325.0,,,-37.8195,144.8973
4,h,1158000.0,S,7.0,4.0,1.0,3.0,411.0,96.0,1910.0,-37.8117,144.8873
3,h,867000.0,S,7.0,3.0,1.0,1.0,195.0,,,-37.8198,144.8904
3,h,955000.0,S,7.0,3.0,2.0,2.0,206.0,173.0,2006.0,-37.8127,144.8965
3,h,1081000.0,SP,7.0,3.0,1.0,1.0,448.0,104.0,1940.0,-37.8171,144.8753
3,h,725000.0,S,7.0,3.0,1.0,5.0,558.0,128.0,1940.0,-37.8119,144.868
2,h,767000.0,S,7.0,2.0,1.0,0.0,128.0,80.0,1920.0,-37.8179,144.8908
2,h,951000.0,S,7.0,2.0,1.0,3.0,486.0,,,-37.8214,144.8796
4,h,1028000.0,S,7.0,4.0,2.0,2.0,431.0,,,-37.8186,144.8764
2,h,740000.0,S,7.0,2.0,1.0,0.0,261.0,,,-37.8209,144.8896
3,h,1450000.0,S,7.0,3.0,2.0,2.0,542.0,211.0,2016.0,-37.811,144.8844
3,h,1430000.0,SP,7.0,3.0,3.0,2.0,386.0,172.0,1940.0,-37.816,144.8936
3,h,1275000.0,SP,7.0,3.0,1.0,2.0,229.0,128.0,1910.0,-37.8172,144.8919
4,h,1606000.0,SP,7.0,4.0,2.0,3.0,455.0,178.0,1890.0,-37.8177,144.8839
4,h,970000.0,PI,7.0,3.0,1.0,2.0,664.0,,1960.0,-37.8172,144.8676
2,h,780000.0,S,7.0,2.0,1.0,1.0,435.0,114.0,1950.0,-37.8223,144.8779
3,h,670000.0,PI,7.0,3.0,1.0,1.0,463.0,119.0,1950.0,-37.8137,144.8636
3,h,908000.0,S,7.0,3.0,2.0,0.0,105.0,,1900.0,-37.8191,144.8909
3,h,1380000.0,S,7.0,3.0,2.0,2.0,235.0,144.0,1910.0,-37.815,144.8928
3,h,966000.0,S,7.0,3.0,2.0,2.0,456.0,,1970.0,-37.823,144.8768
2,u,480500.0,SP,7.0,2.0,1.0,1.0,0.0,65.0,1970.0,-37.8182,144.8846
4,h,1520000.0,VB,7.0,4.0,2.0,0.0,261.0,160.0,1910.0,-37.8123,144.8888
3,h,845000.0,S,7.0,3.0,1.0,2.0,494.0,,,-37.8234,144.8742
5,h,1287000.0,S,7.0,5.0,2.0,2.0,488.0,213.0,1930.0,-37.8131,144.8778
3,h,980000.0,S,7.0,3.0,1.0,2.0,463.0,,,-37.8185,144.8812
3,t,800000.0,VB,7.0,3.0,2.0,1.0,169.0,150.0,2007.0,-37.8122,144.8965
3,h,1460000.0,SP,7.0,3.0,1.0,2.0,463.0,119.0,1900.0,-37.8172,144.8924
3,h,840000.0,S,7.0,4.0,1.0,1.0,470.0,127.0,1970.0,-37.822,144.8904
3,h,900500.0,S,7.0,2.0,1.0,1.0,208.0,100.0,1970.0,-37.8145,144.8804
2,h,850000.0,S,7.0,2.0,1.0,1.0,201.0,,,-37.8196,144.8836
3,h,940000.0,S,7.0,3.0,2.0,2.0,171.0,146.0,2007.0,-37.8124,144.8957
1,u,380000.0,S,9.1,1.0,1.0,1.0,0.0,39.0,1990.0,-37.7561,144.9028
4,h,1646000.0,S,9.1,4.0,3.0,2.0,757.0,157.0,1950.0,-37.7606,144.8909
2,u,442000.0,S,9.1,2.0,1.0,1.0,0.0,,,-37.7589,144.89700000000005
2,u,470000.0,S,9.1,2.0,1.0,1.0,976.0,71.0,2000.0,-37.7557,144.9037
3,h,760000.0,SP,9.1,3.0,1.0,1.0,321.0,,1940.0,-37.757,144.89600000000004
4,h,1346000.0,S,9.1,2.0,2.0,2.0,559.0,204.0,1995.0,-37.7614,144.8925
2,h,1300000.0,S,9.1,3.0,1.0,5.0,528.0,,,-37.7617,144.8987
3,t,935000.0,SP,9.1,3.0,2.0,2.0,217.0,149.0,2005.0,-37.7591,144.8923
4,h,3900000.0,S,9.1,4.0,4.0,4.0,670.0,375.0,2010.0,-37.7637,144.8931
3,u,1160000.0,S,9.1,3.0,2.0,1.0,309.0,,2007.0,-37.7642,144.895
4,h,1150000.0,PI,9.1,4.0,2.0,2.0,578.0,35.0,2010.0,-37.7614,144.8953
1,h,1720000.0,PI,9.1,3.0,2.0,1.0,676.0,136.0,1965.0,-37.7632,144.898
2,h,1705000.0,S,9.1,2.0,1.0,2.0,809.0,131.0,1980.0,-37.7587,144.9015
3,h,1190000.0,S,9.1,3.0,1.0,1.0,465.0,115.0,1950.0,-37.7626,144.8954
2,u,380000.0,VB,9.1,2.0,1.0,1.0,622.0,,1970.0,-37.7557,144.8966
2,h,840000.0,VB,9.1,2.0,1.0,1.0,373.0,,,-37.7604,144.9062
5,h,1740000.0,S,9.1,3.0,3.0,2.0,839.0,247.0,1925.0,-37.759,144.9015
3,h,1860000.0,S,9.1,3.0,2.0,2.0,311.0,,,-37.7603,144.8921
3,h,1195000.0,S,9.1,3.0,2.0,2.0,496.0,,,-37.7559,144.8991
4,h,1200000.0,VB,9.1,4.0,2.0,2.0,578.0,35.0,2010.0,-37.7614,144.8953
3,u,726000.0,S,9.1,3.0,1.0,1.0,229.0,111.0,1996.0,-37.7606,144.8973
4,h,1325000.0,PI,9.1,4.0,2.0,2.0,674.0,,,-37.7617,144.8956
3,t,1300000.0,SP,9.1,3.0,3.0,1.0,593.0,205.0,2016.0,-37.7584,144.8968
2,u,373000.0,S,9.1,2.0,1.0,1.0,0.0,,,-37.7553,144.8996
2,h,670000.0,SP,9.1,2.0,1.0,2.0,0.0,103.0,1990.0,-37.76,144.9002
5,h,2400000.0,S,9.1,3.0,2.0,2.0,1315.0,,,-37.7548,144.8915
4,h,1350000.0,S,9.1,3.0,2.0,2.0,1076.0,180.0,1960.0,-37.7609,144.8905
3,h,773000.0,S,9.5,3.0,1.0,2.0,626.0,93.0,1955.0,-37.752,145.0367
3,h,885000.0,S,9.5,3.0,1.0,1.0,666.0,,,-37.7509,145.0423
3,h,770000.0,S,9.5,3.0,1.0,4.0,762.0,,1960.0,-37.7529,145.0406
2,h,855000.0,S,9.5,2.0,1.0,0.0,693.0,,,-37.7534,145.0454
3,h,645000.0,SP,9.5,3.0,1.0,2.0,631.0,109.0,1950.0,-37.7506,145.043
3,h,720000.0,SP,9.5,3.0,2.0,1.0,231.0,145.0,2012.0,-37.7527,145.0392
3,h,625000.0,PI,9.5,3.0,1.0,2.0,609.0,93.0,1950.0,-37.7504,145.0335
3,u,828000.0,S,9.5,3.0,1.0,0.0,641.0,,,-37.7518,145.0457
3,u,676000.0,S,9.5,3.0,1.0,0.0,605.0,,,-37.7516,145.0457
3,h,1310000.0,S,4.5,3.0,1.0,2.0,456.0,144.0,1950.0,-37.7638,144.9804
4,h,856000.0,S,4.5,4.0,2.0,2.0,136.0,151.0,1997.0,-37.7601,144.9805
2,h,580000.0,S,4.5,2.0,1.0,1.0,0.0,65.0,1975.0,-37.7668,144.9765
2,u,675000.0,S,4.5,2.0,2.0,1.0,0.0,,,-37.7753,144.9725
3,h,1350000.0,SP,4.5,3.0,1.0,2.0,407.0,,,-37.7663,144.9795
3,t,940000.0,S,4.5,3.0,1.0,2.0,213.0,116.0,1995.0,-37.7643,144.9808
3,h,930000.0,PI,4.5,3.0,2.0,2.0,138.0,,,-37.7658,144.9823
3,h,1495000.0,S,4.5,3.0,1.0,1.0,259.0,130.0,1920.0,-37.7762,144.9755
4,h,1550000.0,S,4.5,4.0,2.0,2.0,470.0,191.0,1940.0,-37.7735,144.9833
4,h,1815000.0,S,4.5,4.0,1.0,1.0,233.0,204.0,1890.0,-37.7776,144.9727
4,h,1625000.0,S,4.5,4.0,2.0,2.0,822.0,145.0,1890.0,-37.7749,144.9762
3,t,899000.0,SP,4.5,3.0,2.0,1.0,116.0,124.0,2007.0,-37.7667,144.9821
2,u,435000.0,S,4.5,2.0,1.0,1.0,197.0,55.0,2012.0,-37.7717,144.9719
2,u,570000.0,PI,4.5,2.0,2.0,1.0,0.0,,,-37.7656,144.9726
4,h,1900000.0,S,4.5,4.0,2.0,1.0,227.0,,,-37.7776,144.9726
2,h,1080000.0,S,4.5,2.0,1.0,0.0,193.0,101.0,1890.0,-37.7765,144.9751
4,h,1280000.0,S,4.5,4.0,2.0,0.0,161.0,,,-37.7772,144.9723
2,u,656000.0,S,4.5,2.0,1.0,1.0,0.0,79.0,1960.0,-37.7786,144.9753
2,u,570000.0,PI,4.5,2.0,1.0,2.0,1188.0,,2012.0,-37.7769,144.9706
4,h,1290000.0,S,4.5,4.0,2.0,2.0,468.0,,,-37.7724,144.9829
3,h,1170000.0,S,4.5,3.0,2.0,0.0,185.0,,1998.0,-37.7755,144.9744
1,u,370000.0,VB,4.5,1.0,1.0,1.0,0.0,,,-37.765,144.9731
2,u,510000.0,S,4.5,2.0,1.0,1.0,0.0,,,-37.7671,144.9746
3,h,1574000.0,S,4.5,3.0,3.0,2.0,336.0,207.0,2007.0,-37.7664,144.9797
2,u,665000.0,S,4.5,2.0,1.0,1.0,0.0,96.0,1940.0,-37.7786,144.9753
2,u,590000.0,VB,4.5,2.0,2.0,1.0,0.0,71.0,2014.0,-37.7753,144.9725
2,h,1024000.0,S,4.5,2.0,1.0,1.0,148.0,,,-37.7721,144.9724
3,h,1125000.0,S,4.5,3.0,1.0,2.0,369.0,,,-37.7727,144.9736
2,u,390000.0,PI,4.5,2.0,1.0,1.0,0.0,,1970.0,-37.7689,144.97799999999995
3,t,800000.0,VB,4.5,3.0,3.0,2.0,0.0,,,-37.7788,144.9776
3,h,1679000.0,S,4.5,3.0,2.0,0.0,326.0,118.0,1920.0,-37.7776,144.9751
3,t,1050000.0,PI,4.5,3.0,3.0,2.0,87.0,151.0,1998.0,-37.7739,144.975
2,h,957000.0,S,4.5,2.0,1.0,1.0,148.0,,,-37.7722,144.9751
3,h,825000.0,PI,4.5,3.0,1.0,1.0,213.0,116.0,1920.0,-37.7729,144.9724
3,h,998000.0,S,4.5,3.0,1.0,2.0,104.0,118.0,2000.0,-37.7723,144.9761
3,t,1010000.0,S,4.5,3.0,2.0,1.0,0.0,133.0,2014.0,-37.774,144.9731
3,h,910000.0,S,4.5,2.0,1.0,1.0,231.0,,1900.0,-37.7759,144.976
3,h,1050000.0,S,4.5,3.0,1.0,1.0,279.0,122.0,1900.0,-37.7729,144.9722
2,u,445000.0,S,4.5,2.0,1.0,1.0,0.0,,,-37.7685,144.9724
2,h,970000.0,S,4.5,1.0,1.0,1.0,213.0,,,-37.7689,144.9788
3,h,1600000.0,S,4.5,3.0,1.0,2.0,812.0,113.0,1920.0,-37.7673,144.9782
3,h,1325000.0,PI,4.5,3.0,2.0,2.0,190.0,135.0,1940.0,-37.7684,144.9739
2,u,480000.0,PI,4.5,2.0,2.0,1.0,0.0,,,-37.7679,144.9725
2,u,400000.0,SP,4.5,2.0,1.0,1.0,0.0,,,-37.765,144.9731
3,u,570000.0,S,4.5,2.0,1.0,1.0,0.0,,,-37.7603,144.9795
2,t,771000.0,SP,4.5,2.0,2.0,2.0,0.0,,,-37.7736,144.9725
3,h,1335000.0,S,4.5,3.0,1.0,2.0,308.0,113.0,1930.0,-37.7713,144.9744
2,u,420000.0,PI,4.5,2.0,1.0,1.0,0.0,,,-37.7732,144.9716
3,t,805000.0,S,4.5,2.0,1.0,1.0,0.0,114.0,2003.0,-37.7789,144.9739
3,t,892000.0,S,4.5,3.0,2.0,1.0,0.0,,1995.0,-37.7655,144.9816
2,h,1005000.0,SP,3.5,2.0,1.0,0.0,0.0,,,-37.8301,145.0103
2,h,1231010.0,SP,3.5,2.0,1.0,2.0,225.0,119.0,1910.0,-37.8285,145.0125
2,h,881000.0,SP,3.5,2.0,1.0,1.0,172.0,94.0,1900.0,-37.8283,145.012
2,h,1202500.0,S,3.5,2.0,1.0,1.0,149.0,77.0,1900.0,-37.8287,145.0089
3,h,1435000.0,S,3.5,3.0,1.0,0.0,182.0,102.0,1890.0,-37.8289,145.0089
3,h,368000.0,SP,14.5,3.0,1.0,2.0,600.0,,,-37.6783,144.9672
3,h,455000.0,S,14.5,3.0,1.0,1.0,766.0,,,-37.6804,144.9664
3,u,735000.0,SP,1.8,3.0,1.0,2.0,3455.0,,,-37.8042,144.9691
2,h,1460000.0,S,1.8,2.0,1.0,0.0,99.0,,,-37.7992,144.9738
3,u,860000.0,PI,1.8,2.0,2.0,1.0,0.0,109.0,1994.0,-37.8052,144.9604
3,h,1662000.0,S,1.8,3.0,1.0,0.0,118.0,,,-37.8009,144.9729
3,h,1590000.0,SP,1.8,2.0,2.0,2.0,100.0,106.0,1900.0,-37.7983,144.9655
2,u,610250.0,S,1.8,2.0,1.0,1.0,0.0,72.0,1994.0,-37.8009,144.9662
2,h,720000.0,PI,1.8,2.0,1.0,1.0,117.0,71.0,1890.0,-37.793,144.9728
2,h,840000.0,SP,1.8,2.0,1.0,0.0,66.0,81.0,1900.0,-37.8049,144.9644
2,u,795000.0,S,1.8,2.0,2.0,1.0,0.0,,,-37.8009,144.9642
2,u,705000.0,S,1.8,2.0,1.0,1.0,0.0,70.0,2000.0,-37.7969,144.9669
1,u,435000.0,S,1.8,1.0,1.0,1.0,0.0,,,-37.7982,144.9651
4,h,1630100.0,S,1.8,4.0,2.0,0.0,132.0,195.0,1890.0,-37.801,144.9656
2,u,480000.0,VB,1.8,2.0,1.0,1.0,0.0,,2012.0,-37.7939,144.9663
4,h,1600000.0,PI,1.8,4.0,2.0,1.0,635.0,,,-37.7988,144.97
2,u,500000.0,S,1.8,2.0,2.0,1.0,0.0,65.0,2010.0,-37.7929,144.9705
3,h,920000.0,SP,1.8,3.0,1.0,0.0,121.0,,,-37.7957,144.9725
3,h,1600000.0,SP,1.8,2.0,3.0,1.0,0.0,192.0,,-37.7945,144.9718
2,h,1010000.0,S,1.8,2.0,1.0,0.0,101.0,60.0,1880.0,-37.7989,144.9713
3,u,875000.0,S,1.8,3.0,1.0,1.0,0.0,,,-37.8052,144.9604
2,h,1170000.0,S,1.8,2.0,1.0,1.0,144.0,81.0,1890.0,-37.7984,144.9738
4,h,1260000.0,PI,1.8,4.0,1.0,2.0,151.0,,,-37.7965,144.9679
2,u,600000.0,PI,1.8,2.0,2.0,1.0,0.0,67.0,2013.0,-37.7969,144.9742
1,u,310000.0,PI,1.8,1.0,1.0,1.0,0.0,,,-37.7929,144.9705
3,h,1550000.0,VB,1.8,2.0,3.0,1.0,0.0,192.0,,-37.7945,144.9718
4,h,2033000.0,S,1.8,2.0,2.0,2.0,123.0,,,-37.7998,144.9665
3,u,1110000.0,S,1.8,3.0,2.0,1.0,0.0,,,-37.7946,144.9716
4,h,2705000.0,S,1.8,4.0,2.0,2.0,0.0,,,-37.8012,144.9689
4,h,1616000.0,S,1.8,4.0,1.0,0.0,152.0,139.0,1890.0,-37.7966,144.9709
2,u,585000.0,S,1.8,2.0,1.0,1.0,0.0,,,-37.7985,144.9745
4,h,1162000.0,S,1.8,4.0,1.0,0.0,121.0,,,-37.7967,144.9724
2,u,589000.0,S,1.8,2.0,1.0,1.0,0.0,63.0,1999.0,-37.7986,144.9682
4,h,2345000.0,S,1.8,4.0,1.0,1.0,284.0,,,-37.7962,144.9659
2,h,1117000.0,S,1.8,2.0,1.0,0.0,128.0,92.0,1890.0,-37.7996,144.9737
2,u,600000.0,VB,1.8,2.0,1.0,1.0,0.0,,,-37.8018,144.965
2,h,957000.0,S,1.8,2.0,1.0,1.0,122.0,,,-37.7957,144.9724
2,h,4525000.0,S,1.5,2.0,2.0,1.0,220.0,279.0,,-37.8181,144.9879
3,h,3520000.0,S,1.5,2.0,2.0,3.0,364.0,,,-37.8127,144.9861
2,u,740000.0,SP,1.5,2.0,0.0,0.0,0.0,,,-37.8177,144.9801
1,u,1015000.0,S,1.5,1.0,1.0,1.0,0.0,,,-37.8136,144.9892
2,u,1400000.0,S,1.5,2.0,2.0,1.0,0.0,,,-37.8118,144.9762
2,u,1935000.0,SP,1.5,2.0,2.0,2.0,0.0,150.0,2010.0,-37.8127,144.9847
4,h,1475000.0,S,1.5,2.0,1.0,1.0,179.0,,,-37.8099,144.9879
2,u,700000.0,PI,1.5,2.0,2.0,1.0,0.0,65.0,1970.0,-37.8153,144.9842
1,u,565000.0,SP,1.5,1.0,1.0,0.0,0.0,,,-37.8153,144.9868
2,u,900000.0,SP,1.5,2.0,1.0,1.0,0.0,,,-37.8154,144.9851
1,u,630000.0,SP,1.5,1.0,1.0,1.0,0.0,,,-37.8168,144.9787
1,u,750000.0,SP,1.5,2.0,1.0,0.0,0.0,46.0,1930.0,-37.8136,144.9892
2,u,872000.0,S,1.5,0.0,0.0,0.0,0.0,,,-37.8154,144.9851
2,u,765000.0,SP,1.5,2.0,1.0,1.0,0.0,,,-37.8177,144.9801
3,h,810000.0,PI,9.8,3.0,1.0,2.0,613.0,,,-37.7552,144.8882
4,h,1422000.0,S,9.8,4.0,2.0,2.0,505.0,335.0,2013.0,-37.7518,144.8897
3,h,1245000.0,S,9.8,3.0,1.0,1.0,64.0,,,-37.7494,144.8848
2,h,1430000.0,S,9.8,2.0,1.0,1.0,711.0,,,-37.755,144.8848
4,h,1345000.0,S,9.8,4.0,2.0,2.0,740.0,201.0,1950.0,-37.7517,144.8873
3,t,800000.0,VB,9.8,3.0,3.0,2.0,242.0,,2013.0,-37.7535,144.8868
3,h,787500.0,S,9.8,3.0,1.0,1.0,556.0,105.0,1940.0,-37.7537,144.8856
3,h,685000.0,S,9.8,3.0,1.0,2.0,293.0,,,-37.7535,144.8836
4,t,652500.0,S,9.8,4.0,2.0,1.0,179.0,160.0,1995.0,-37.7527,144.8824
5,h,1300000.0,S,9.8,5.0,2.0,2.0,616.0,184.0,1950.0,-37.7497,144.8867
3,h,925000.0,S,9.8,3.0,2.0,2.0,544.0,,,-37.7576,144.889
3,t,730000.0,VB,9.8,3.0,2.0,2.0,0.0,118.0,2015.0,-37.7532,144.8848
2,u,520000.0,VB,9.8,3.0,1.0,2.0,196.0,,1998.0,-37.7513,144.8845
7,h,1300000.0,PI,9.8,5.0,2.0,2.0,614.0,316.0,1970.0,-37.75,144.8858
3,h,810000.0,SP,9.8,3.0,1.0,2.0,368.0,,,-37.7527,144.8851
3,t,970000.0,PI,9.8,3.0,2.0,2.0,356.0,223.0,2011.0,-37.7493,144.8901
3,h,1110000.0,S,9.8,3.0,2.0,2.0,470.0,,1968.0,-37.7522,144.88299999999995
3,h,1115000.0,S,9.8,3.0,1.0,1.0,688.0,192.0,1950.0,-37.7577,144.8892
3,h,820000.0,VB,9.8,3.0,1.0,2.0,473.0,,,-37.7519,144.88299999999995
3,h,670000.0,S,12.4,3.0,1.0,3.0,587.0,136.0,,-37.7007,144.9632
3,h,645000.0,SP,12.4,3.0,1.0,4.0,661.0,,,-37.7009,144.9776
3,h,687000.0,S,12.4,3.0,1.0,0.0,684.0,,,-37.7174,144.9664
2,u,333000.0,SP,12.4,2.0,1.0,1.0,97.0,79.0,1970.0,-37.7118,144.9689
3,t,455000.0,S,12.4,3.0,2.0,1.0,738.0,138.0,2010.0,-37.7109,144.9654
2,h,378000.0,S,12.4,2.0,1.0,1.0,215.0,100.0,1990.0,-37.7049,144.9638
3,h,585000.0,S,12.4,0.0,1.0,1.0,605.0,103.0,1960.0,-37.6985,144.9615
3,h,662000.0,SP,12.4,4.0,2.0,2.0,620.0,,,-37.7034,144.9663
3,h,615000.0,S,12.4,3.0,1.0,2.0,650.0,112.0,1950.0,-37.7076,144.9753
3,h,650000.0,SP,12.4,3.0,1.0,1.0,589.0,,1961.0,-37.7006,144.9697
3,h,665000.0,S,12.4,3.0,1.0,1.0,726.0,,,-37.7104,144.9733
3,h,640000.0,SP,12.4,3.0,1.0,4.0,592.0,,,-37.7111,144.9664
3,h,526000.0,S,12.4,3.0,1.0,1.0,404.0,101.0,1960.0,-37.7075,144.9678
3,h,540000.0,S,12.4,3.0,1.0,1.0,614.0,94.0,1960.0,-37.7141,144.9677
4,h,540000.0,VB,12.4,4.0,2.0,3.0,254.0,164.0,1990.0,-37.7082,144.9725
3,h,625000.0,S,12.4,3.0,1.0,2.0,585.0,88.0,1960.0,-37.695,144.9676
3,h,681000.0,S,12.4,3.0,2.0,4.0,587.0,153.0,1970.0,-37.6996,144.9605
3,h,690000.0,PI,12.4,3.0,2.0,2.0,576.0,,,-37.7015,144.9625
3,h,640000.0,SP,12.4,3.0,1.0,2.0,720.0,97.0,1950.0,-37.7043,144.9769
3,h,660000.0,S,12.4,3.0,1.0,2.0,622.0,,1970.0,-37.7095,144.9757
3,h,783000.0,S,12.4,3.0,2.0,1.0,603.0,115.0,1940.0,-37.7194,144.9678
4,h,635000.0,S,12.4,4.0,2.0,2.0,567.0,116.0,1950.0,-37.7102,144.9703
3,t,553500.0,S,12.4,3.0,2.0,1.0,280.0,,,-37.7027,144.9615
2,h,619000.0,S,12.4,2.0,1.0,2.0,640.0,114.0,1970.0,-37.7038,144.9638
3,t,460000.0,SP,12.4,3.0,1.0,1.0,314.0,112.0,1970.0,-37.7066,144.9733
4,h,570500.0,S,12.4,4.0,2.0,1.0,430.0,,,-37.7185,144.9754
1,u,288000.0,S,12.4,1.0,1.0,1.0,69.0,,1960.0,-37.7192,144.9654
4,h,615000.0,S,12.4,4.0,2.0,3.0,476.0,,1977.0,-37.697,144.9655
3,h,751000.0,S,12.4,9.0,6.0,2.0,592.0,103.0,1960.0,-37.712,144.9719
3,h,609000.0,S,12.4,3.0,1.0,4.0,528.0,120.0,1965.0,-37.6989,144.9779
3,h,605000.0,S,12.4,3.0,1.0,2.0,531.0,,,-37.7022,144.9669
3,h,691500.0,S,12.4,3.0,1.0,1.0,646.0,,,-37.7086,144.9704
3,h,850000.0,SP,12.4,3.0,1.0,2.0,604.0,,,-37.7017,144.9676
4,h,752500.0,SP,12.4,4.0,1.0,2.0,0.0,135.0,1950.0,-37.7106,144.9682
3,h,650000.0,SP,12.4,3.0,1.0,3.0,602.0,97.0,1950.0,-37.7144,144.9737
3,h,538000.0,S,12.4,3.0,1.0,4.0,789.0,,,-37.6912,144.9623
4,h,750000.0,S,12.4,4.0,2.0,1.0,613.0,219.0,1970.0,-37.7034,144.9666
3,h,650000.0,SP,12.4,3.0,1.0,1.0,725.0,,,-37.7115,144.9731
4,h,771000.0,S,12.4,4.0,2.0,2.0,647.0,,,-37.7089,144.9695
3,h,400000.0,S,12.4,3.0,1.0,1.0,285.0,,,-37.7161,144.9662
3,h,527000.0,S,12.4,3.0,1.0,1.0,609.0,103.0,1960.0,-37.7083,144.9644
3,t,538000.0,S,12.4,3.0,2.0,2.0,217.0,,,-37.7018,144.9679
3,h,860000.0,S,12.4,2.0,1.0,4.0,1075.0,,,-37.7156,144.9708
3,h,515000.0,PI,12.4,3.0,1.0,1.0,599.0,107.0,1960.0,-37.7071,144.9666
3,h,617000.0,SP,12.4,3.0,1.0,1.0,540.0,114.0,1960.0,-37.6973,144.96200000000005
3,h,550000.0,S,12.4,2.0,1.0,1.0,583.0,,,-37.6949,144.9619
4,u,540000.0,S,12.4,4.0,2.0,3.0,209.0,120.0,1960.0,-37.7172,144.968
3,h,643000.0,S,12.4,2.0,1.0,2.0,701.0,,,-37.7054,144.963
3,h,631000.0,S,12.4,3.0,2.0,2.0,297.0,133.0,2012.0,-37.6994,144.9686
3,h,782000.0,S,12.4,3.0,1.0,2.0,628.0,,,-37.718,144.9642
3,h,640000.0,SP,12.4,3.0,1.0,4.0,533.0,135.0,1965.0,-37.6985,144.9778
3,u,470000.0,SP,12.4,3.0,0.0,0.0,261.0,,,-37.7158,144.9722
4,h,700500.0,S,12.4,4.0,2.0,2.0,467.0,,1997.0,-37.6963,144.9645
3,h,532000.0,S,12.4,3.0,1.0,1.0,614.0,,,-37.716,144.9666
2,h,575000.0,S,12.4,2.0,1.0,2.0,621.0,109.0,1960.0,-37.7164,144.9666
4,h,562000.0,S,12.4,4.0,2.0,2.0,374.0,136.0,2005.0,-37.7056,144.9671
3,h,620000.0,S,12.4,3.0,1.0,2.0,604.0,190.0,1970.0,-37.6978,144.9686
4,h,655000.0,S,12.4,4.0,1.0,3.0,664.0,,,-37.7063,144.9712
3,h,652500.0,PI,12.4,3.0,1.0,1.0,592.0,113.0,1960.0,-37.6968,144.9674
4,h,1010000.0,S,12.4,4.0,2.0,2.0,607.0,338.0,2015.0,-37.716,144.9663
3,h,480000.0,S,12.4,3.0,2.0,2.0,305.0,,,-37.6972,144.9634
3,t,492000.0,S,12.4,3.0,1.0,1.0,208.0,107.0,2011.0,-37.7092,144.9695
3,u,422500.0,S,12.4,3.0,2.0,1.0,195.0,91.0,2000.0,-37.7062,144.9688
2,h,1550000.0,S,7.5,2.0,1.0,2.0,432.0,,,-37.8249,145.0532
3,h,2151000.0,S,7.5,3.0,1.0,2.0,780.0,,,-37.8198,145.0465
2,h,1140000.0,S,7.5,2.0,1.0,0.0,230.0,,,-37.8226,145.055
2,u,420000.0,PI,7.5,2.0,1.0,1.0,0.0,,1970.0,-37.8245,145.0527
3,t,1220000.0,S,7.5,3.0,2.0,2.0,166.0,,1980.0,-37.8293,145.0456
2,h,3350000.0,S,7.5,2.0,1.0,2.0,826.0,,,-37.8404,145.0516
2,u,665500.0,S,7.5,2.0,1.0,2.0,945.0,,,-37.8308,145.0508
3,h,1865000.0,S,7.5,3.0,2.0,2.0,431.0,120.0,1950.0,-37.8269,145.0496
5,h,1700000.0,S,7.5,5.0,3.0,2.0,431.0,203.0,1920.0,-37.825,145.0536
3,h,1650000.0,VB,7.5,3.0,2.0,2.0,302.0,,,-37.8348,145.0453
3,h,1615000.0,S,7.5,3.0,3.0,4.0,459.0,,,-37.8205,145.0585
3,h,1600000.0,VB,7.5,3.0,2.0,2.0,200.0,,,-37.8396,145.0514
3,h,1450000.0,PI,7.5,3.0,2.0,2.0,466.0,176.0,1915.0,-37.8305,145.0475
2,u,490000.0,S,7.5,2.0,1.0,1.0,0.0,,,-37.8301,145.0475
3,t,1110000.0,S,7.5,3.0,2.0,2.0,94.0,169.0,2005.0,-37.8302,145.0525
4,t,1425000.0,S,7.5,4.0,2.0,2.0,154.0,,1998.0,-37.8298,145.0537
4,h,3100000.0,S,7.5,3.0,2.0,2.0,640.0,232.0,1907.0,-37.826,145.0498
2,u,555000.0,PI,7.5,2.0,1.0,1.0,0.0,69.0,1970.0,-37.8318,145.0448
2,u,887000.0,S,7.5,2.0,2.0,2.0,0.0,,2001.0,-37.8267,145.0538
3,h,1700000.0,VB,7.5,3.0,2.0,1.0,646.0,228.0,1980.0,-37.8337,145.0469
2,h,1585000.0,S,7.5,2.0,1.0,2.0,390.0,102.0,1935.0,-37.8322,145.0486
3,u,935000.0,PI,7.5,3.0,2.0,1.0,144.0,107.0,1975.0,-37.8435,145.0497
2,u,460000.0,VB,7.5,2.0,1.0,1.0,0.0,55.0,1967.0,-37.8278,145.0565
4,h,3050000.0,S,7.5,4.0,3.0,1.0,710.0,,,-37.8187,145.0577
1,u,365000.0,SP,7.5,1.0,1.0,0.0,2274.0,,,-37.8339,145.055
2,u,550000.0,PI,7.5,2.0,1.0,1.0,0.0,,,-37.8222,145.0566
4,h,2800000.0,S,7.5,4.0,1.0,2.0,764.0,171.0,1940.0,-37.8374,145.0486
1,u,320000.0,VB,7.5,1.0,1.0,1.0,0.0,,1965.0,-37.8303,145.046
2,u,573000.0,S,7.5,2.0,1.0,1.0,0.0,60.0,1970.0,-37.8254,145.047
2,u,680000.0,VB,7.5,2.0,1.0,1.0,0.0,110.0,1945.0,-37.8233,145.0575
5,h,2250000.0,PI,7.5,5.0,2.0,2.0,452.0,319.0,1902.0,-37.8223,145.0494
4,h,2381000.0,S,7.5,4.0,2.0,2.0,457.0,166.0,1900.0,-37.8332,145.0461
4,t,1738000.0,S,7.5,4.0,3.0,2.0,324.0,241.0,2002.0,-37.8348,145.0503
2,h,1582000.0,S,7.5,2.0,2.0,2.0,358.0,,,-37.8341,145.0528
3,u,735000.0,S,7.5,2.0,1.0,1.0,0.0,95.0,1970.0,-37.8414,145.0505
4,h,2920000.0,S,7.5,4.0,3.0,3.0,726.0,,,-37.8239,145.0553
4,h,1920000.0,VB,7.5,4.0,2.0,2.0,749.0,,,-37.8235,145.0525
3,h,1420000.0,PI,7.5,3.0,1.0,2.0,362.0,130.0,1910.0,-37.8337,145.0504
2,u,400000.0,VB,7.5,1.0,1.0,1.0,0.0,60.0,1965.0,-37.8339,145.0548
3,t,1790000.0,S,7.5,3.0,2.0,2.0,0.0,,,-37.8356,145.0519
3,h,2100000.0,VB,7.5,3.0,1.0,2.0,664.0,,1930.0,-37.8345,145.0443
2,h,1335000.0,S,7.5,2.0,1.0,0.0,229.0,70.0,1900.0,-37.8265,145.0484
3,h,1825000.0,S,7.5,3.0,2.0,2.0,431.0,120.0,1950.0,-37.8269,145.0496
5,h,3210000.0,S,7.5,5.0,3.0,4.0,1011.0,,1905.0,-37.8165,145.0505
2,u,840000.0,S,7.5,2.0,1.0,1.0,150.0,99.0,1969.0,-37.844,145.0496
2,u,705000.0,PI,7.5,2.0,2.0,1.0,78.0,,2011.0,-37.8284,145.0535
4,h,3310000.0,S,7.5,4.0,2.0,3.0,762.0,,,-37.8395,145.0529
5,h,3500000.0,VB,7.5,4.0,2.0,2.0,1250.0,360.0,2000.0,-37.8245,145.0524
2,u,444000.0,S,7.5,2.0,1.0,1.0,0.0,68.0,1970.0,-37.8245,145.0527
3,h,1538000.0,S,7.5,2.0,1.0,2.0,287.0,,,-37.8292,145.046
3,h,1320000.0,VB,7.5,3.0,2.0,1.0,213.0,162.0,1890.0,-37.8302,145.0542
3,h,1890000.0,PI,7.5,3.0,1.0,2.0,477.0,173.0,1880.0,-37.8257,145.0514
3,t,1240000.0,S,7.5,3.0,2.0,2.0,155.0,,,-37.8397,145.0514
4,h,2450000.0,S,7.5,4.0,2.0,1.0,697.0,172.0,1905.0,-37.8307,145.0498
3,t,1590000.0,S,7.5,3.0,2.0,2.0,289.0,181.0,2010.0,-37.8451,145.0525
4,h,2450000.0,VB,7.5,3.0,3.0,2.0,523.0,316.0,1955.0,-37.8319,145.0503
3,h,3020000.0,S,7.5,3.0,2.0,2.0,832.0,,,-37.8377,145.0541
3,h,1625000.0,S,7.5,3.0,1.0,3.0,372.0,,,-37.8267,145.054
5,h,2775000.0,PI,7.5,5.0,3.0,2.0,864.0,,,-37.8231,145.0535
2,u,568000.0,S,7.5,2.0,1.0,1.0,0.0,,1960.0,-37.8254,145.0476
2,u,706000.0,S,7.5,2.0,1.0,1.0,172.0,90.0,1960.0,-37.8437,145.0536
5,h,2500000.0,VB,7.5,5.0,3.0,3.0,757.0,240.0,1925.0,-37.8176,145.0548
4,h,2350000.0,S,7.5,4.0,2.0,2.0,556.0,220.0,1900.0,-37.8204,145.0516
2,h,1385000.0,S,7.5,2.0,1.0,2.0,326.0,113.0,1940.0,-37.8373,145.0455
2,u,655250.0,SP,7.5,2.0,1.0,1.0,1153.0,69.0,1970.0,-37.8227,145.0528
6,h,1666000.0,S,7.5,6.0,2.0,0.0,350.0,198.0,1900.0,-37.8219,145.0556
1,u,430000.0,S,7.5,1.0,1.0,1.0,2276.0,58.0,1950.0,-37.8343,145.0547
3,h,2040000.0,S,7.5,3.0,1.0,2.0,783.0,,,-37.8234,145.0526
2,u,505000.0,S,7.5,2.0,1.0,1.0,0.0,78.0,1965.0,-37.839,145.0459
2,u,500000.0,VB,7.5,2.0,1.0,1.0,3084.0,,,-37.8414,145.0505
2,u,622000.0,S,7.5,2.0,1.0,1.0,0.0,,1970.0,-37.8318,145.0448
3,h,1650000.0,S,7.5,3.0,1.0,1.0,354.0,115.0,1900.0,-37.8225,145.0551
1,u,371000.0,PI,7.5,1.0,1.0,0.0,917.0,44.0,1970.0,-37.8338,145.0545
5,h,1900000.0,VB,7.5,3.0,3.0,3.0,0.0,,,-37.8351,145.0554
3,h,1625000.0,SP,7.5,3.0,2.0,1.0,255.0,115.0,1890.0,-37.8266,145.0493
2,u,701000.0,S,7.5,2.0,1.0,3.0,166.0,,1970.0,-37.8456,145.0495
2,h,1100000.0,S,7.5,2.0,1.0,2.0,206.0,,,-37.8267,145.0476
4,h,2200000.0,PI,7.5,4.0,2.0,1.0,588.0,,,-37.8191,145.0552
3,h,975000.0,VB,7.5,3.0,1.0,1.0,211.0,120.0,1990.0,-37.8204,145.0489
2,u,546500.0,S,10.6,2.0,1.0,1.0,132.0,69.0,1972.0,-37.7519,145.0687
3,u,620000.0,S,10.6,3.0,1.0,1.0,215.0,,1985.0,-37.7509,145.0698
3,h,1220000.0,S,10.6,3.0,1.0,1.0,858.0,136.0,1960.0,-37.7504,145.0643
3,t,550000.0,PI,10.6,2.0,1.0,2.0,235.0,123.0,1990.0,-37.7519,145.0696
2,u,585000.0,PI,10.6,2.0,2.0,1.0,0.0,,2012.0,-37.7506,145.0574
2,t,705000.0,S,10.6,2.0,1.0,1.0,182.0,110.0,1973.0,-37.7587,145.0657
2,u,420000.0,S,10.6,2.0,1.0,1.0,158.0,,1970.0,-37.7512,145.0697
3,h,1705000.0,S,10.6,3.0,1.0,2.0,1547.0,,,-37.7502,145.0706
2,h,490000.0,PI,10.6,2.0,1.0,1.0,187.0,89.0,1980.0,-37.7518,145.0698
2,u,579000.0,S,10.6,2.0,1.0,2.0,4497.0,,,-37.7529,145.065
3,h,1110000.0,S,10.6,3.0,1.0,2.0,600.0,190.0,1950.0,-37.752,145.0722
2,u,540000.0,PI,10.6,2.0,1.0,2.0,153.0,97.0,1972.0,-37.7538,145.0695
3,h,750000.0,VB,10.6,3.0,1.0,2.0,577.0,140.0,1955.0,-37.7494,145.0703
4,h,1115000.0,S,10.6,4.0,4.0,2.0,642.0,,1950.0,-37.7476,145.0676
3,h,1000000.0,S,10.6,3.0,2.0,1.0,422.0,,,-37.7518,145.0768
2,t,595000.0,SP,10.6,2.0,1.0,1.0,88.0,,,-37.7587,145.0629
3,u,690000.0,VB,10.6,3.0,2.0,2.0,4497.0,,,-37.7529,145.065
5,h,1401000.0,S,10.6,5.0,2.0,2.0,580.0,222.0,1940.0,-37.7539,145.0577
3,t,808000.0,S,10.6,3.0,2.0,2.0,255.0,,,-37.7537,145.0637
4,h,1031000.0,S,10.6,4.0,1.0,1.0,570.0,,,-37.7523,145.0604
2,t,600000.0,S,10.6,2.0,1.0,2.0,145.0,,1970.0,-37.7515,145.0649
3,h,655000.0,PI,10.6,3.0,2.0,2.0,175.0,3.0,,-37.7514,145.0689
3,h,1195000.0,S,10.6,3.0,1.0,1.0,662.0,159.0,1950.0,-37.7507,145.062
3,h,850000.0,VB,10.6,3.0,2.0,2.0,285.0,,2010.0,-37.7491,145.0702
4,u,830000.0,S,10.6,4.0,2.0,2.0,1180.0,,,-37.7551,145.0646
3,h,1076000.0,S,10.6,3.0,1.0,2.0,674.0,,,-37.749,145.0731
4,h,1362000.0,S,10.6,4.0,2.0,2.0,635.0,,,-37.7446,145.0844
2,t,690000.0,SP,10.6,2.0,1.0,1.0,110.0,88.0,2010.0,-37.7489,145.07
3,h,1375000.0,S,10.6,3.0,1.0,1.0,639.0,115.0,1965.0,-37.7502,145.0605
3,h,1400000.0,S,10.6,3.0,1.0,1.0,827.0,109.0,1952.0,-37.74800000000001,145.0625
2,u,475000.0,S,10.6,2.0,1.0,2.0,247.0,68.0,1974.0,-37.7502,145.069
3,h,1030000.0,S,10.6,5.0,3.0,2.0,649.0,357.0,2017.0,-37.7501,145.0822
3,h,1455000.0,PI,10.6,4.0,1.0,4.0,836.0,,1905.0,-37.7509,145.0679
3,h,1125000.0,VB,10.6,3.0,1.0,2.0,0.0,125.0,1950.0,-37.7502,145.0718
5,h,3850000.0,SP,9.0,5.0,4.0,2.0,2064.0,405.0,1951.0,-37.7769,145.0605
3,h,1605000.0,S,9.0,3.0,1.0,1.0,624.0,117.0,1950.0,-37.7741,145.0506
2,u,470000.0,VB,9.0,2.0,1.0,1.0,1473.0,65.0,1960.0,-37.7713,145.0499
3,h,2150000.0,S,9.0,3.0,2.0,2.0,1232.0,,,-37.7767,145.0592
4,h,1740000.0,S,9.0,4.0,3.0,3.0,948.0,249.0,1960.0,-37.7759,145.063
4,h,1660000.0,S,9.0,4.0,2.0,2.0,830.0,315.0,1950.0,-37.7679,145.0673
3,u,1260000.0,S,9.0,3.0,2.0,2.0,356.0,,1998.0,-37.7749,145.0568
4,h,2200000.0,S,9.0,4.0,2.0,2.0,1004.0,247.0,1935.0,-37.7689,145.0665
2,u,485000.0,S,9.0,2.0,1.0,1.0,0.0,,,-37.7699,145.0581
3,h,1651000.0,S,9.0,3.0,1.0,1.0,1073.0,,1947.0,-37.7749,145.0549
4,h,1875000.0,PI,9.0,4.0,3.0,2.0,583.0,318.0,1975.0,-37.7719,145.0582
5,h,1797000.0,S,9.0,4.0,3.0,3.0,826.0,250.0,1955.0,-37.7793,145.0654
3,t,1050000.0,VB,9.0,3.0,2.0,1.0,180.0,165.0,2012.0,-37.772,145.0538
1,u,405000.0,S,9.0,1.0,1.0,1.0,0.0,,1960.0,-37.7767,145.0543
3,h,551000.0,S,14.5,3.0,1.0,0.0,610.0,121.0,1955.0,-37.6885,144.9092
3,h,350000.0,PI,14.5,3.0,1.0,2.0,600.0,110.0,1950.0,-37.6866,144.9086
2,u,280000.0,PI,14.5,2.0,1.0,1.0,197.0,,,-37.6859,144.9164
3,h,425000.0,S,14.5,3.0,1.0,2.0,650.0,90.0,1975.0,-37.687,144.9084
3,h,537000.0,S,14.5,3.0,1.0,2.0,600.0,,,-37.6876,144.9095
3,h,600000.0,S,14.5,3.0,1.0,2.0,647.0,173.0,1960.0,-37.6904,144.9121
3,h,460000.0,PI,14.5,3.0,1.0,1.0,601.0,92.0,1960.0,-37.6889,144.9109
3,h,611000.0,S,14.5,3.0,1.0,3.0,624.0,93.0,1966.0,-37.6862,144.91299999999995
3,h,495000.0,S,14.5,3.0,1.0,2.0,598.0,92.0,1965.0,-37.6878,144.9112
2,h,472500.0,S,14.5,2.0,1.0,2.0,729.0,88.0,1960.0,-37.6909,144.9136
3,h,421000.0,S,14.5,3.0,1.0,1.0,607.0,,,-37.6864,144.9111
3,u,480000.0,PI,12.4,3.0,2.0,1.0,218.0,110.0,2004.0,-37.7133,145.0374
3,h,980000.0,S,12.4,2.0,1.0,1.0,907.0,165.0,1960.0,-37.7143,145.039
5,h,1000000.0,SP,12.4,5.0,2.0,2.0,544.0,,2000.0,-37.7147,145.0296
2,h,731000.0,S,12.4,2.0,1.0,0.0,640.0,,,-37.717,145.0312
4,h,610000.0,S,12.4,4.0,1.0,1.0,465.0,120.0,1970.0,-37.7126,145.03
2,u,380000.0,S,12.4,2.0,1.0,1.0,128.0,,1970.0,-37.715,145.043
3,h,690000.0,S,12.4,3.0,1.0,2.0,556.0,,,-37.7174,145.0361
3,h,607500.0,S,12.4,3.0,2.0,1.0,468.0,153.0,1970.0,-37.7125,145.0306
2,h,705500.0,S,12.4,2.0,1.0,1.0,770.0,,1950.0,-37.7159,145.0389
2,h,677200.0,SP,7.8,2.0,2.0,1.0,180.0,179.0,2011.0,-37.8115,144.8763
3,h,1155000.0,S,7.8,2.0,2.0,2.0,269.0,123.0,1915.0,-37.8108,144.8819
3,h,817000.0,S,7.8,2.0,1.0,1.0,259.0,105.0,1940.0,-37.8046,144.8831
3,h,1035000.0,SP,7.8,3.0,2.0,2.0,275.0,145.0,1920.0,-37.8118,144.8801
2,h,677500.0,S,7.8,2.0,1.0,1.0,224.0,89.0,1915.0,-37.8083,144.8841
1,h,630000.0,S,7.8,1.0,1.0,1.0,370.0,,,-37.8118,144.8783
3,h,760000.0,PI,7.8,3.0,1.0,1.0,350.0,114.0,1950.0,-37.8123,144.8805
2,h,730000.0,S,7.8,2.0,2.0,0.0,84.0,130.0,1900.0,-37.8058,144.8846
1,h,750000.0,PI,7.8,1.0,1.0,0.0,272.0,107.0,,-37.8086,144.8824
2,u,440000.0,S,7.8,2.0,1.0,1.0,117.0,74.0,2008.0,-37.8083,144.8775
2,h,685000.0,SP,7.8,2.0,1.0,1.0,220.0,219.0,1890.0,-37.8068,144.8782
3,h,967500.0,S,7.8,3.0,1.0,1.0,325.0,,,-37.812,144.8804
1,u,210000.0,S,7.8,1.0,1.0,1.0,0.0,36.0,1970.0,-37.81,144.8786
3,h,1340000.0,S,7.8,3.0,2.0,0.0,272.0,132.0,1915.0,-37.8079,144.8825
4,h,925000.0,S,7.8,4.0,2.0,1.0,276.0,4.0,1948.0,-37.8039,144.8849
2,u,270000.0,VB,7.8,2.0,1.0,1.0,0.0,,,-37.8096,144.874
4,h,1275000.0,SP,7.8,4.0,2.0,1.0,274.0,172.0,1910.0,-37.8078,144.8825
3,h,925000.0,SP,7.8,3.0,1.0,1.0,275.0,100.0,1920.0,-37.8085,144.8802
4,h,1336000.0,S,7.8,3.0,2.0,1.0,343.0,109.0,1920.0,-37.8066,144.8811
1,u,200000.0,VB,7.8,1.0,1.0,1.0,0.0,38.0,1960.0,-37.8089,144.8788
4,t,1100000.0,SP,12.1,4.0,3.0,2.0,286.0,160.0,1990.0,-37.8958,145.0696
4,h,1500000.0,S,12.1,4.0,2.0,1.0,650.0,,1935.0,-37.8918,145.0769
3,h,1470000.0,S,12.1,3.0,1.0,2.0,701.0,,,-37.8868,145.0688
3,t,1160000.0,S,12.1,3.0,2.0,2.0,302.0,172.0,2000.0,-37.9043,145.0622
3,t,1100000.0,S,12.1,1.0,2.0,2.0,242.0,,2005.0,-37.9017,145.0739
3,h,820000.0,PI,12.1,2.0,1.0,1.0,274.0,107.0,1925.0,-37.8968,145.075
2,t,690000.0,S,12.1,2.0,1.0,1.0,129.0,,,-37.8927,145.0691
2,u,740000.0,S,12.1,2.0,1.0,1.0,161.0,89.0,1980.0,-37.8955,145.07299999999995
3,u,975000.0,S,12.1,3.0,2.0,1.0,277.0,109.0,1975.0,-37.8936,145.0709
3,h,1060000.0,PI,12.1,3.0,1.0,2.0,595.0,130.0,1957.0,-37.9027,145.0684
2,u,680000.0,S,12.1,2.0,1.0,2.0,275.0,94.0,1975.0,-37.8936,145.0725
2,u,825000.0,S,12.1,2.0,1.0,1.0,0.0,86.0,,-37.898,145.0734
3,h,1430000.0,PI,12.1,3.0,1.0,2.0,618.0,163.0,1960.0,-37.8991,145.0686
2,h,435000.0,S,12.1,2.0,1.0,1.0,697.0,,1970.0,-37.8875,145.0676
3,h,1370000.0,S,12.1,3.0,2.0,2.0,834.0,168.0,1954.0,-37.8959,145.0736
2,u,605000.0,SP,12.1,2.0,2.0,2.0,5289.0,72.0,2013.0,-37.8882,145.0666
3,h,1355000.0,S,12.1,3.0,1.0,6.0,612.0,,,-37.8996,145.0716
3,t,785000.0,S,12.1,3.0,2.0,2.0,0.0,,2009.0,-37.8969,145.0654
3,h,1420000.0,S,12.1,3.0,1.0,1.0,700.0,,,-37.8887,145.0718
4,h,1610000.0,S,12.1,4.0,2.0,2.0,660.0,167.0,1920.0,-37.8932,145.0681
1,u,290000.0,S,12.1,1.0,1.0,1.0,0.0,,,-37.8956,145.0705
2,h,910500.0,S,12.1,2.0,1.0,2.0,313.0,,,-37.898,145.0759
1,u,331000.0,S,12.1,1.0,1.0,1.0,0.0,,,-37.8961,145.0651
2,h,685000.0,S,12.1,2.0,1.0,1.0,0.0,,,-37.8888,145.0743
1,u,256500.0,S,12.1,1.0,1.0,1.0,0.0,37.0,1966.0,-37.8944,145.0733
3,h,1365000.0,S,12.1,3.0,2.0,2.0,627.0,,,-37.8955,145.0742
3,t,860000.0,SP,12.1,3.0,2.0,2.0,0.0,,2013.0,-37.8939,145.0715
5,h,1300000.0,PI,12.1,5.0,2.0,2.0,683.0,223.0,1960.0,-37.9055,145.0691
3,u,835000.0,SP,12.1,3.0,1.0,1.0,181.0,104.0,1975.0,-37.8966,145.0737
2,t,720000.0,S,12.1,2.0,2.0,2.0,1318.0,,2008.0,-37.8969,145.0654
2,h,861500.0,S,12.1,2.0,2.0,1.0,293.0,125.0,2004.0,-37.9033,145.0727
2,u,500000.0,VB,12.1,2.0,2.0,1.0,5289.0,70.0,2013.0,-37.8882,145.0666
4,h,1670000.0,S,12.1,3.0,2.0,1.0,690.0,,,-37.8885,145.0726
4,h,1400000.0,VB,12.1,4.0,2.0,2.0,557.0,178.0,1955.0,-37.906,145.07399999999996
2,h,692000.0,S,12.1,2.0,1.0,2.0,0.0,,1991.0,-37.8929,145.0765
2,u,603000.0,S,12.1,4.0,1.0,1.0,102.0,92.0,1960.0,-37.8894,145.0679
3,h,1076000.0,S,12.1,3.0,1.0,1.0,554.0,,,-37.9012,145.0646
3,h,1100000.0,VB,12.1,3.0,2.0,2.0,506.0,169.0,1950.0,-37.902,145.0705
1,u,291000.0,S,12.1,1.0,1.0,1.0,0.0,44.0,,-37.8979,145.0652
4,t,1200000.0,PI,12.1,4.0,3.0,2.0,297.0,,,-37.895,145.0749
3,h,1090000.0,S,12.1,3.0,2.0,2.0,553.0,138.0,1960.0,-37.9031,145.0668
3,h,1220000.0,S,12.1,3.0,1.0,2.0,735.0,,,-37.8943,145.0689
4,h,1800000.0,PI,12.1,4.0,2.0,2.0,990.0,267.0,2003.0,-37.8916,145.0753
2,u,435000.0,PI,12.1,2.0,1.0,1.0,0.0,,1970.0,-37.8941,145.0655
4,h,1641000.0,S,12.1,3.0,1.0,1.0,560.0,,,-37.8897,145.0709
2,t,745500.0,S,12.1,2.0,1.0,1.0,186.0,110.0,1980.0,-37.8947,145.0722
3,h,1260000.0,S,12.1,3.0,1.0,1.0,345.0,,1940.0,-37.8904,145.0729
3,h,1401000.0,SP,11.8,3.0,2.0,2.0,650.0,150.0,1950.0,-37.8986,145.0359
4,h,2250000.0,PI,11.8,4.0,1.0,2.0,903.0,235.0,1985.0,-37.9062,145.0263
4,h,1715000.0,S,11.8,4.0,2.0,2.0,705.0,226.0,1922.0,-37.9035,145.028
2,h,1960000.0,S,11.8,2.0,1.0,1.0,719.0,,,-37.9071,145.046
1,u,250000.0,VB,11.8,1.0,1.0,1.0,0.0,36.0,1960.0,-37.9028,145.0475
1,u,290000.0,VB,11.8,1.0,1.0,1.0,0.0,,,-37.9032,145.0455
3,h,1708000.0,S,11.8,3.0,1.0,1.0,703.0,,,-37.9058,145.028
2,h,758000.0,S,11.8,2.0,1.0,1.0,250.0,,,-37.9063,145.0535
4,h,1920000.0,S,11.8,3.0,1.0,1.0,805.0,808.0,1925.0,-37.9066,145.0354
3,h,1256000.0,S,11.8,3.0,2.0,2.0,378.0,,1924.0,-37.9064,145.0287
4,h,1918000.0,S,11.8,4.0,2.0,1.0,678.0,162.0,1920.0,-37.9065,145.0461
3,u,900000.0,S,11.8,3.0,1.0,1.0,265.0,91.0,1990.0,-37.906,145.04
4,h,1875000.0,S,11.8,4.0,2.0,2.0,702.0,,1929.0,-37.9063,145.0493
2,h,1250000.0,S,11.8,2.0,1.0,1.0,516.0,,,-37.906,145.0497
2,h,1360000.0,PI,11.8,3.0,1.0,1.0,690.0,,1930.0,-37.9056,145.0288
3,h,1770000.0,S,11.8,3.0,2.0,2.0,667.0,142.0,1950.0,-37.9088,145.0471
2,u,435000.0,S,11.8,1.0,1.0,1.0,0.0,,,-37.9016,145.0414
5,h,1836000.0,S,11.8,3.0,3.0,4.0,464.0,,,-37.9061,145.0329
3,t,1250000.0,S,11.8,3.0,2.0,2.0,326.0,188.0,2000.0,-37.903,145.0285
2,u,950000.0,S,11.8,2.0,1.0,1.0,0.0,,,-37.9009,145.037
1,u,260000.0,PI,11.8,1.0,1.0,1.0,0.0,,1975.0,-37.9018,145.0454
3,u,822500.0,S,11.8,3.0,2.0,3.0,0.0,93.0,1970.0,-37.9018,145.0477
2,h,810000.0,S,11.8,2.0,1.0,1.0,210.0,90.0,1996.0,-37.9001,145.0428
3,h,1322000.0,S,11.8,3.0,1.0,1.0,551.0,156.0,1940.0,-37.9036,145.0521
2,h,861000.0,S,11.8,2.0,1.0,1.0,0.0,,2002.0,-37.9026,145.0364
2,h,765000.0,S,11.8,2.0,1.0,2.0,300.0,,,-37.9045,145.0426
3,u,973000.0,SP,11.8,3.0,2.0,2.0,379.0,,,-37.8981,145.0367
4,h,1845000.0,S,11.8,4.0,3.0,1.0,718.0,189.0,1939.0,-37.9061,145.0509
3,h,1535000.0,S,11.8,3.0,1.0,2.0,578.0,140.0,1935.0,-37.9047,145.0274
4,h,2005000.0,S,11.8,4.0,2.0,2.0,691.0,193.0,1935.0,-37.905,145.029
3,u,932000.0,S,11.8,3.0,2.0,1.0,180.0,92.0,1997.0,-37.9069,145.041
4,h,1500000.0,VB,11.8,4.0,2.0,2.0,862.0,153.0,1970.0,-37.8993,145.0447
1,u,260000.0,SP,11.8,1.0,1.0,1.0,0.0,,1970.0,-37.9038,145.0454
4,h,1390000.0,SA,11.8,4.0,2.0,2.0,666.0,158.0,1937.0,-37.9032,145.049
3,h,940000.0,PI,11.8,3.0,1.0,1.0,397.0,124.0,1940.0,-37.9064,145.0291
1,u,296000.0,SP,11.8,1.0,1.0,1.0,0.0,36.0,1970.0,-37.9028,145.0426
4,h,1850000.0,PI,11.8,4.0,2.0,2.0,668.0,,1980.0,-37.9033,145.0296
2,u,475000.0,S,11.8,2.0,1.0,1.0,0.0,52.0,2011.0,-37.8986,145.042
3,u,820000.0,PI,11.8,3.0,2.0,1.0,238.0,127.0,1998.0,-37.9062,145.02700000000004
3,u,940000.0,PI,11.8,3.0,2.0,1.0,382.0,137.0,1998.0,-37.9061,145.0478
2,h,1668000.0,S,11.8,3.0,1.0,2.0,595.0,,,-37.9092,145.0507
3,h,1470000.0,S,11.8,3.0,2.0,2.0,0.0,163.0,1980.0,-37.9071,145.0439
2,h,981000.0,S,11.8,2.0,1.0,1.0,533.0,,,-37.9048,145.0418
2,u,430000.0,PI,11.8,2.0,1.0,1.0,0.0,69.0,1970.0,-37.903,145.0452
1,u,362000.0,SP,11.8,1.0,1.0,1.0,0.0,44.0,2010.0,-37.9016,145.0414
2,u,410000.0,SA,11.8,2.0,1.0,1.0,0.0,65.0,1970.0,-37.903,145.0452
4,t,1197000.0,S,11.8,4.0,2.0,2.0,144.0,,2006.0,-37.9021,145.0357
3,h,1690000.0,SP,11.8,3.0,2.0,2.0,692.0,,,-37.9043,145.0358
1,u,447000.0,S,11.8,1.0,1.0,1.0,0.0,,,-37.9016,145.0414
2,h,1177000.0,S,11.8,2.0,1.0,2.0,452.0,105.0,1930.0,-37.9024,145.0539
2,u,617500.0,S,11.8,2.0,1.0,1.0,94.0,91.0,1970.0,-37.9011,145.0474
2,u,479500.0,S,11.8,2.0,1.0,1.0,0.0,92.0,,-37.9021,145.0417
4,h,2050000.0,S,11.8,4.0,2.0,2.0,647.0,,,-37.9061,145.0366
2,u,405000.0,VB,11.8,2.0,1.0,1.0,0.0,68.0,1970.0,-37.9031,145.0444
2,u,450000.0,VB,11.8,2.0,1.0,1.0,0.0,,2005.0,-37.9014,145.0418
3,h,1061000.0,S,8.2,3.0,1.0,1.0,533.0,,,-37.7955,144.8784
6,h,1020000.0,PI,8.2,6.0,3.0,2.0,554.0,199.0,1940.0,-37.8053,144.8681
2,h,912500.0,S,8.2,2.0,1.0,1.0,444.0,98.0,1940.0,-37.7933,144.876
3,h,1074000.0,S,8.2,3.0,2.0,2.0,355.0,,1950.0,-37.7914,144.8742
3,h,1021000.0,S,8.2,3.0,1.0,2.0,601.0,,,-37.7917,144.8688
3,h,1415000.0,PI,8.2,3.0,1.0,6.0,970.0,,1955.0,-37.7958,144.8645
4,h,710000.0,PI,8.2,4.0,1.0,1.0,255.0,131.0,1920.0,-37.7906,144.8687
4,h,837000.0,S,8.2,4.0,2.0,3.0,390.0,149.0,1950.0,-37.7926,144.8639
3,h,850000.0,S,8.2,3.0,1.0,1.0,361.0,,,-37.7916,144.8673
4,h,850000.0,S,8.2,4.0,2.0,2.0,497.0,179.0,1980.0,-37.7903,144.8639
6,u,520000.0,SP,8.2,4.0,2.0,1.0,0.0,171.0,1970.0,-37.809,144.8686
3,u,347000.0,SP,8.2,2.0,1.0,1.0,0.0,56.0,1965.0,-37.7964,144.8672
4,h,1225000.0,PI,8.2,4.0,2.0,2.0,0.0,,,-37.7992,144.8772
2,h,438000.0,S,8.2,2.0,1.0,2.0,0.0,75.0,1970.0,-37.7952,144.8749
2,h,360000.0,S,8.2,2.0,1.0,1.0,92.0,,1970.0,-37.8095,144.869
2,t,620000.0,S,8.2,3.0,1.0,1.0,144.0,,,-37.7926,144.8809
2,h,415000.0,S,8.2,2.0,1.0,1.0,80.0,64.0,1980.0,-37.806,144.8674
3,h,723000.0,S,8.2,3.0,1.0,2.0,302.0,125.0,1938.0,-37.8066,144.8666
4,u,530000.0,SP,8.2,4.0,2.0,1.0,0.0,171.0,1970.0,-37.809,144.8686
3,h,967000.0,S,8.2,3.0,1.0,2.0,347.0,113.0,1925.0,-37.8067,144.8761
3,h,840000.0,S,8.2,3.0,1.0,1.0,442.0,123.0,1950.0,-37.7914,144.8812
1,u,241000.0,S,8.2,1.0,1.0,1.0,0.0,99.0,,-37.8067,144.8678
3,h,910000.0,S,8.2,3.0,1.0,1.0,412.0,162.0,1980.0,-37.7941,144.881
2,u,470000.0,S,8.2,2.0,1.0,1.0,0.0,,,-37.7968,144.8735
3,h,820000.0,S,8.2,3.0,1.0,3.0,440.0,131.0,1950.0,-37.7937,144.8732
3,h,756000.0,S,8.2,3.0,1.0,1.0,353.0,360.0,1925.0,-37.7915,144.8733
3,h,845000.0,S,8.2,3.0,1.0,4.0,596.0,,,-37.791,144.8658
4,h,850000.0,SA,8.2,4.0,1.0,3.0,511.0,,,-37.8001,144.877
3,t,620000.0,S,8.2,3.0,1.0,2.0,255.0,148.0,2001.0,-37.8038,144.8679
2,h,1001000.0,S,8.2,2.0,1.0,4.0,596.0,,,-37.7913,144.8689
3,h,875000.0,SP,8.2,3.0,2.0,3.0,336.0,94.0,1910.0,-37.7995,144.8794
2,t,520000.0,S,8.2,2.0,1.0,1.0,148.0,,,-37.7956,144.8641
3,h,915000.0,S,8.2,3.0,1.0,2.0,434.0,,,-37.7908,144.8793
4,h,830000.0,S,8.2,2.0,1.0,2.0,426.0,144.0,1930.0,-37.7919,144.8793
2,t,510000.0,VB,8.2,2.0,2.0,1.0,0.0,,,-37.7991,144.879
2,u,545000.0,SP,8.2,2.0,1.0,1.0,154.0,2.0,2005.0,-37.8004,144.8647
5,h,691000.0,PI,8.2,3.0,1.0,1.0,466.0,,,-37.8008,144.8665
3,h,991000.0,SP,8.2,3.0,1.0,4.0,495.0,,,-37.7958,144.8774
3,h,913000.0,S,8.2,3.0,1.0,3.0,448.0,96.0,1925.0,-37.7911,144.8821
2,h,850000.0,S,8.2,2.0,1.0,2.0,462.0,101.0,1960.0,-37.8009,144.8653
2,h,705000.0,S,8.2,2.0,1.0,1.0,308.0,,,-37.7908,144.8717
3,h,709000.0,S,8.2,3.0,1.0,1.0,405.0,,,-37.79,144.86700000000005
3,h,900000.0,S,8.2,3.0,2.0,3.0,446.0,,2006.0,-37.7923,144.8814
2,h,790000.0,S,8.2,2.0,1.0,1.0,259.0,,,-37.8058,144.875
2,h,770000.0,S,8.2,3.0,1.0,1.0,267.0,95.0,1940.0,-37.8021,144.8629
2,h,495000.0,S,8.2,2.0,1.0,2.0,161.0,700.0,1977.0,-37.7905,144.8714
3,h,1575000.0,S,8.2,3.0,1.0,4.0,1000.0,85.0,1930.0,-37.7936,144.8639
2,h,326500.0,S,8.2,2.0,1.0,2.0,626.0,,,-37.8067,144.8707
3,h,1028000.0,S,8.2,3.0,2.0,2.0,520.0,,,-37.7991,144.8768
1,u,288000.0,SP,8.2,1.0,1.0,1.0,628.0,44.0,1970.0,-37.7993,144.8794
3,h,1151500.0,SP,8.2,4.0,1.0,2.0,536.0,113.0,1925.0,-37.7978,144.8743
3,h,860000.0,S,8.2,3.0,1.0,2.0,501.0,147.0,1960.0,-37.7912,144.868
3,h,805000.0,S,8.2,3.0,1.0,3.0,372.0,96.0,1920.0,-37.796,144.8728
2,u,262500.0,PI,8.2,2.0,1.0,1.0,0.0,,,-37.796,144.8634
2,h,450000.0,S,8.2,2.0,1.0,1.0,0.0,90.0,1980.0,-37.7956,144.8762
3,h,935000.0,S,8.2,3.0,2.0,3.0,466.0,,1940.0,-37.8019,144.8663
4,h,830000.0,SP,8.2,4.0,2.0,1.0,665.0,,1960.0,-37.8107,144.8666
2,u,456000.0,S,8.2,2.0,1.0,1.0,0.0,,1975.0,-37.7966,144.8716
3,h,660000.0,S,8.2,3.0,1.0,1.0,321.0,,,-37.7943,144.8741
2,u,420000.0,VB,8.2,2.0,1.0,1.0,781.0,82.0,2013.0,-37.8079,144.8684
3,h,820000.0,S,8.2,3.0,2.0,2.0,335.0,,,-37.7937,144.8782
5,h,1030000.0,S,8.2,5.0,2.0,2.0,352.0,,,-37.7908,144.8711
3,h,878000.0,S,8.2,3.0,1.0,1.0,397.0,127.0,1960.0,-37.7901,144.8682
2,h,765000.0,SA,13.9,2.0,1.0,2.0,672.0,111.0,1958.0,-37.7812,144.8121
3,h,730000.0,S,13.9,3.0,2.0,3.0,628.0,140.0,1960.0,-37.7801,144.8121
2,h,730000.0,S,13.9,2.0,1.0,0.0,697.0,94.0,1970.0,-37.7778,144.81799999999996
3,h,593000.0,SP,13.9,3.0,2.0,2.0,605.0,102.0,1965.0,-37.7792,144.8117
4,h,816000.0,S,13.9,4.0,1.0,2.0,837.0,156.0,1930.0,-37.7825,144.8221
3,h,720000.0,S,13.9,3.0,1.0,1.0,706.0,,,-37.7801,144.8229
2,t,300000.0,PI,13.9,2.0,1.0,1.0,74.0,,1970.0,-37.7836,144.8256
2,h,670000.0,S,13.9,2.0,1.0,2.0,697.0,,1950.0,-37.7835,144.8176
3,h,685000.0,S,13.9,3.0,1.0,1.0,697.0,,,-37.7765,144.8175
2,h,600000.0,SP,13.9,2.0,1.0,1.0,534.0,90.0,1950.0,-37.7795,144.8204
3,h,600000.0,VB,13.9,3.0,1.0,1.0,697.0,110.0,1928.0,-37.7842,144.8175
1,u,185000.0,S,13.9,1.0,1.0,1.0,2347.0,43.0,1975.0,-37.7852,144.8272
2,u,463000.0,S,13.9,3.0,1.0,1.0,199.0,,,-37.7761,144.8164
2,t,319000.0,SP,13.9,2.0,1.0,1.0,0.0,78.0,1970.0,-37.7796,144.8252
4,h,660000.0,S,13.9,4.0,1.0,1.0,697.0,,,-37.7795,144.8196
3,u,560000.0,S,13.9,3.0,2.0,7.0,420.0,150.0,1970.0,-37.7848,144.8231
3,h,625000.0,SP,13.9,3.0,1.0,0.0,695.0,,,-37.7808,144.8186
3,h,791000.0,S,13.9,3.0,1.0,3.0,743.0,,1970.0,-37.7817,144.8159
2,h,541000.0,S,13.9,2.0,1.0,1.0,497.0,,,-37.7806,144.8159
3,h,760000.0,S,13.9,3.0,1.0,2.0,534.0,,,-37.7789,144.8209
3,h,840000.0,S,13.9,3.0,1.0,0.0,697.0,153.0,1920.0,-37.7809,144.8228
1,u,145000.0,PI,13.9,2.0,1.0,1.0,36.0,,,-37.7833,144.8266
2,h,460000.0,S,13.9,2.0,1.0,2.0,463.0,85.0,,-37.7813,144.8234
2,u,190000.0,SP,13.9,2.0,1.0,1.0,0.0,,,-37.7839,144.8239
3,t,430000.0,PI,10.9,3.0,1.0,1.0,131.0,,,-37.8203,144.8386
2,h,507000.0,SP,10.9,2.0,1.0,2.0,191.0,87.0,2014.0,-37.8226,144.8392
3,h,892000.0,S,10.9,3.0,1.0,2.0,715.0,,,-37.8239,144.8431
2,u,695000.0,S,10.4,2.0,2.0,1.0,0.0,,,-37.8878,145.0407
3,h,1160000.0,S,10.4,3.0,1.0,2.0,553.0,137.0,1930.0,-37.8878,145.0456
3,h,1330000.0,S,10.4,3.0,2.0,1.0,295.0,176.0,1930.0,-37.8904,145.0387
2,u,695000.0,S,10.4,2.0,1.0,1.0,1035.0,,1963.0,-37.8925,145.0456
2,u,812000.0,S,10.4,2.0,1.0,1.0,0.0,,1995.0,-37.8924,145.0409
2,u,350000.0,PI,10.4,2.0,1.0,1.0,0.0,,1960.0,-37.8868,145.0408
2,h,630000.0,S,10.4,2.0,1.0,1.0,100.0,,,-37.8915,145.0451
2,t,635000.0,PI,10.4,2.0,2.0,1.0,81.0,2.0,,-37.8877,145.0449
2,t,636500.0,S,10.4,2.0,1.0,1.0,0.0,68.0,1970.0,-37.8866,145.0396
5,h,2575000.0,S,10.4,5.0,3.0,2.0,688.0,347.0,1910.0,-37.8921,145.0381
2,u,445000.0,S,10.4,2.0,1.0,1.0,0.0,,,-37.8894,145.0431
2,t,710000.0,S,10.4,2.0,1.0,1.0,0.0,78.0,1970.0,-37.8866,145.0396
2,u,640000.0,S,10.4,2.0,1.0,1.0,1784.0,110.0,1970.0,-37.8966,145.0453
2,h,1010000.0,S,14.0,2.0,1.0,2.0,553.0,,1938.0,-37.9001,145.0981
2,h,305000.0,PI,14.0,2.0,1.0,1.0,0.0,80.0,1960.0,-37.8994,145.0955
2,u,400000.0,PI,14.0,2.0,1.0,1.0,0.0,87.0,2004.0,-37.8991,145.0939
3,h,880000.0,PI,14.0,3.0,1.0,1.0,670.0,118.0,1925.0,-37.9033,145.1006
3,h,1076000.0,S,14.0,3.0,1.0,2.0,689.0,,,-37.8961,145.1046
3,h,1045000.0,S,14.0,3.0,1.0,2.0,602.0,107.0,1950.0,-37.8923,145.1013
2,h,600000.0,SP,14.0,2.0,1.0,1.0,211.0,,1975.0,-37.9086,145.0977
3,h,1225000.0,S,14.0,3.0,1.0,2.0,553.0,,,-37.8956,145.0928
3,h,1035000.0,S,14.0,3.0,1.0,2.0,650.0,,,-37.91,145.0914
3,u,690000.0,S,14.0,3.0,1.0,2.0,340.0,103.0,1930.0,-37.8968,145.0983
3,h,1050000.0,SP,14.0,3.0,2.0,2.0,544.0,146.0,1970.0,-37.9055,145.1024
3,h,1045000.0,S,14.0,3.0,1.0,2.0,643.0,,,-37.9028,145.0971
3,h,865000.0,SP,14.0,2.0,1.0,2.0,691.0,140.0,1950.0,-37.9109,145.0995
3,h,1033000.0,S,14.0,3.0,1.0,2.0,548.0,115.0,1975.0,-37.8951,145.101
4,h,991000.0,S,14.0,4.0,1.0,2.0,683.0,,,-37.9107,145.0975
4,h,1641000.0,S,14.0,4.0,1.0,2.0,802.0,,,-37.9002,145.099
2,h,655000.0,S,14.0,2.0,1.0,1.0,156.0,,,-37.9024,145.1008
2,h,750000.0,PI,14.0,2.0,2.0,2.0,607.0,138.0,1950.0,-37.8964,145.0977
3,h,1025000.0,S,14.0,3.0,1.0,2.0,543.0,139.0,1940.0,-37.9023,145.105
3,u,637000.0,S,14.0,3.0,1.0,2.0,119.0,,1970.0,-37.9058,145.1043
3,u,633500.0,S,14.0,3.0,2.0,2.0,279.0,95.0,1930.0,-37.9001,145.1009
4,h,1180000.0,S,14.0,4.0,1.0,2.0,604.0,183.0,1965.0,-37.9087,145.0886
3,h,1124000.0,S,14.0,3.0,1.0,1.0,685.0,,,-37.8952,145.1021
3,h,1225000.0,S,14.0,3.0,1.0,2.0,528.0,112.0,1930.0,-37.9066,145.088
4,h,855000.0,PI,14.0,3.0,2.0,1.0,728.0,,,-37.8966,145.0979
5,h,1600000.0,PI,14.0,5.0,3.0,2.0,695.0,305.0,2015.0,-37.8973,145.0979
3,u,665000.0,S,14.0,3.0,1.0,1.0,112.0,,,-37.9008,145.09799999999996
2,u,605000.0,S,7.4,2.0,1.0,1.0,722.0,,1970.0,-37.8794,144.9947
2,u,660000.0,S,7.4,2.0,1.0,0.0,477.0,,,-37.8804,144.9969
1,u,327000.0,S,7.4,1.0,1.0,1.0,486.0,,,-37.8797,144.9954
2,u,570000.0,S,7.4,2.0,1.0,0.0,785.0,,1964.0,-37.8756,144.9934
2,t,755000.0,S,7.4,2.0,2.0,1.0,66.0,111.0,2005.0,-37.8813,144.9964
4,h,1925000.0,PI,7.4,4.0,2.0,3.0,485.0,,,-37.8754,144.9944
2,u,520000.0,S,7.4,2.0,1.0,1.0,0.0,74.0,1971.0,-37.8788,144.9974
2,h,1000000.0,S,2.5,2.0,1.0,2.0,176.0,114.0,1920.0,-37.8281,144.9923
2,h,725000.0,S,2.5,2.0,1.0,1.0,115.0,,,-37.8285,144.9888
1,u,425000.0,PI,2.5,1.0,1.0,1.0,0.0,52.0,2007.0,-37.8301,144.9904
3,h,1280000.0,S,2.5,3.0,2.0,2.0,324.0,165.0,1880.0,-37.8278,144.9885
2,h,1000000.0,S,2.5,2.0,1.0,0.0,146.0,,,-37.8274,144.9947
2,u,546000.0,S,2.5,2.0,1.0,1.0,0.0,,1980.0,-37.8282,144.9897
3,h,1475000.0,PI,2.5,3.0,2.0,2.0,324.0,165.0,1880.0,-37.8278,144.9885
2,h,895000.0,S,2.5,2.0,1.0,0.0,138.0,,,-37.832,144.99200000000005
1,u,405000.0,SP,2.5,1.0,1.0,1.0,0.0,,2007.0,-37.8299,144.9907
2,h,1015000.0,S,2.5,2.0,1.0,1.0,131.0,80.0,1890.0,-37.8274,144.9967
2,h,930000.0,S,2.5,2.0,1.0,1.0,125.0,68.0,1900.0,-37.8258,144.99200000000005
1,u,415000.0,SP,2.5,1.0,1.0,1.0,0.0,,,-37.8301,144.9904
3,h,1900000.0,VB,2.5,3.0,2.0,2.0,263.0,166.0,2016.0,-37.8266,144.9894
2,u,662500.0,S,2.5,2.0,1.0,1.0,0.0,75.0,2015.0,-37.8255,144.9948
2,h,831000.0,S,2.5,2.0,1.0,0.0,128.0,,,-37.8291,144.9952
2,h,1110000.0,S,2.5,2.0,1.0,1.0,144.0,,,-37.8301,144.9927
2,u,565000.0,S,2.5,2.0,1.0,1.0,0.0,,2007.0,-37.8301,144.9904
2,t,1010000.0,S,2.5,2.0,1.0,1.0,151.0,151.0,1998.0,-37.8311,144.9914
3,h,1300000.0,S,2.5,3.0,1.0,1.0,326.0,100.0,1890.0,-37.8283,144.9946
3,h,1300000.0,S,2.5,2.0,2.0,2.0,138.0,108.0,2001.0,-37.8288,144.9891
1,u,360000.0,VB,1.9,1.0,1.0,1.0,0.0,,,-37.8133,144.9433
4,t,1370000.0,S,1.9,4.0,2.0,2.0,0.0,,,-37.8141,144.9387
2,u,800000.0,VB,1.9,2.0,2.0,2.0,0.0,128.0,,-37.8249,144.9476
4,h,930000.0,S,9.1,5.0,1.0,3.0,669.0,143.0,1950.0,-37.8305,144.8736
2,t,650000.0,SP,9.1,2.0,2.0,1.0,151.0,102.0,2011.0,-37.8289,144.8671
3,h,985000.0,S,9.1,3.0,1.0,5.0,669.0,124.0,1950.0,-37.8321,144.8736
4,t,915000.0,SP,9.1,4.0,3.0,1.0,662.0,265.0,2016.0,-37.8307,144.8725
3,h,845000.0,SP,9.1,3.0,2.0,2.0,738.0,,,-37.834,144.8757
3,h,941000.0,S,9.1,3.0,2.0,3.0,669.0,,,-37.8303,144.8705
3,h,1030000.0,SP,9.1,0.0,1.0,1.0,224.0,,,-37.8298,144.8679
2,h,392250.0,SP,9.1,2.0,1.0,2.0,462.0,,1970.0,-37.8331,144.8715
3,u,508000.0,S,9.1,3.0,1.0,2.0,144.0,92.0,1980.0,-37.8268,144.8675
2,h,420000.0,SP,9.1,2.0,1.0,1.0,78.0,130.0,1980.0,-37.8262,144.8677
2,u,506000.0,S,9.1,2.0,1.0,1.0,126.0,83.0,1975.0,-37.8315,144.8693
3,t,855000.0,SP,9.1,3.0,2.0,2.0,337.0,,,-37.8288,144.8681
2,u,380000.0,VB,9.1,2.0,1.0,1.0,78.0,62.0,1960.0,-37.8337,144.8739
2,t,611000.0,SP,9.1,2.0,1.0,1.0,228.0,100.0,2000.0,-37.8317,144.8713
4,h,1260000.0,S,12.5,4.0,2.0,2.0,697.0,277.0,2012.0,-37.7141,144.8995
4,h,931999.0,S,12.5,4.0,3.0,2.0,528.0,192.0,1966.0,-37.7137,144.8987
4,h,800000.0,S,12.5,3.0,2.0,4.0,556.0,,,-37.715,144.8966
4,h,950000.0,S,12.5,4.0,3.0,2.0,541.0,,,-37.7156,144.8975
4,h,780000.0,VB,12.5,4.0,2.0,2.0,539.0,,,-37.7115,144.8966
2,u,503000.0,S,5.3,2.0,1.0,1.0,0.0,,1960.0,-37.7822,144.9342
3,h,1257000.0,S,5.3,3.0,2.0,1.0,337.0,153.0,1930.0,-37.7813,144.9371
4,h,1562000.0,SP,5.3,4.0,2.0,1.0,621.0,192.0,1900.0,-37.7778,144.9346
2,h,1100000.0,SP,5.3,2.0,1.0,1.0,321.0,,,-37.7818,144.9374
4,h,1740000.0,VB,5.3,3.0,3.0,2.0,650.0,242.0,1925.0,-37.7796,144.935
2,u,315000.0,SP,5.3,2.0,1.0,1.0,0.0,51.0,2012.0,-37.7847,144.9383
3,h,1650000.0,PI,9.3,20.0,1.0,2.0,875.0,,,-37.8815,145.0491
3,h,1380000.0,S,9.3,3.0,1.0,2.0,658.0,,,-37.885,145.0466
2,h,620000.0,SP,9.3,2.0,1.0,2.0,0.0,,,-37.8852,145.0462
5,h,1335000.0,S,9.3,5.0,2.0,1.0,521.0,208.0,1915.0,-37.8868,145.0462
2,h,1000000.0,S,9.3,2.0,1.0,1.0,472.0,,1960.0,-37.884,145.0447
3,h,860000.0,PI,12.7,3.0,2.0,2.0,537.0,,,-37.8628,144.8468
5,h,1415000.0,S,12.7,5.0,3.0,6.0,705.0,313.0,2005.0,-37.864,144.8437
5,h,2000000.0,PI,12.7,4.0,3.0,4.0,697.0,,2005.0,-37.8664,144.8416
3,h,720000.0,S,14.5,3.0,1.0,1.0,696.0,132.0,1975.0,-37.725,144.8586
2,t,380000.0,S,14.5,2.0,1.0,1.0,161.0,100.0,2010.0,-37.7251,144.8621
4,h,843000.0,S,14.5,4.0,2.0,1.0,697.0,,,-37.7216,144.8605
3,u,501000.0,S,14.5,3.0,1.0,1.0,255.0,132.0,1991.0,-37.7243,144.8533
4,h,820500.0,S,14.5,4.0,2.0,7.0,754.0,,,-37.7221,144.8578
3,h,722000.0,SP,14.5,3.0,1.0,1.0,695.0,141.0,1970.0,-37.7259,144.8579
4,t,746000.0,S,14.5,4.0,3.0,1.0,308.0,174.0,1970.0,-37.7231,144.8602
3,h,685000.0,S,14.5,3.0,2.0,2.0,260.0,,,-37.7226,144.8569
3,u,455000.0,S,14.5,3.0,1.0,1.0,166.0,136.0,1999.0,-37.7169,144.8582
4,t,600000.0,S,14.5,4.0,2.0,1.0,231.0,146.0,2013.0,-37.7263,144.8584
3,h,575000.0,S,14.5,3.0,1.0,1.0,338.0,107.0,1960.0,-37.7212,144.8545
3,h,566000.0,S,14.5,3.0,2.0,2.0,554.0,129.0,1980.0,-37.7212,144.8598
3,h,1250000.0,PI,9.8,3.0,2.0,2.0,236.0,193.0,2004.0,-37.8982,145.0121
2,u,393000.0,SP,9.8,2.0,1.0,1.0,0.0,65.0,1970.0,-37.8971,145.0093
2,u,440000.0,S,9.8,2.0,1.0,1.0,0.0,75.0,,-37.8971,145.0093
2,u,595000.0,S,9.8,2.0,1.0,1.0,0.0,75.0,1960.0,-37.8994,145.0101
4,h,2200000.0,S,9.8,4.0,3.0,3.0,474.0,230.0,2010.0,-37.8988,145.0098
3,h,1700000.0,VB,3.7,3.0,1.0,2.0,341.0,,,-37.7832,144.9655
4,h,1908000.0,S,3.7,4.0,2.0,1.0,256.0,156.0,1890.0,-37.7833,144.9681
4,h,1330000.0,S,9.1,4.0,2.0,2.0,273.0,,,-37.7574,144.8959
3,h,1300000.0,S,9.1,3.0,3.0,2.0,240.0,240.0,2013.0,-37.762,144.8916
2,h,470000.0,S,9.1,2.0,1.0,1.0,70.0,72.3,1980.0,-37.7564,144.9043
4,h,1740000.0,PI,9.1,4.0,2.0,2.0,746.0,161.0,1950.0,-37.7595,144.8993
3,h,1700000.0,VB,3.3,3.0,1.0,1.0,178.0,116.0,1910.0,-37.8473,144.9495
1,u,1100000.0,PI,3.3,1.0,1.0,1.0,0.0,64.0,1888.0,-37.8487,144.9511
3,h,2155000.0,S,3.3,3.0,2.0,0.0,130.0,,,-37.8453,144.94899999999996
3,h,2115000.0,PI,3.3,3.0,2.0,0.0,140.0,,,-37.8426,144.9563
2,h,2810000.0,S,3.3,2.0,1.0,1.0,263.0,,,-37.8441,144.9522
2,h,2130000.0,S,3.3,2.0,1.0,1.0,236.0,,,-37.8436,144.9558
4,h,2950000.0,S,3.3,4.0,1.0,0.0,306.0,,,-37.8459,144.9574
3,h,2150000.0,S,3.3,3.0,1.0,1.0,163.0,85.0,1890.0,-37.8473,144.955
3,h,2035000.0,SP,3.3,3.0,1.0,1.0,185.0,,,-37.8435,144.9538
2,t,1500000.0,S,3.3,2.0,1.0,1.0,115.0,,,-37.8441,144.9598
2,h,1190000.0,S,3.3,2.0,1.0,0.0,111.0,70.0,1915.0,-37.8445,144.9489
1,u,320000.0,S,6.4,1.0,1.0,1.0,915.0,,,-37.7793,145.0327
3,t,1285000.0,PI,6.4,3.0,2.0,2.0,528.0,,1967.0,-37.7817,145.0319
4,h,1975000.0,S,6.4,4.0,2.0,2.0,600.0,,,-37.771,145.0318
1,u,316000.0,S,6.4,1.0,1.0,1.0,0.0,,,-37.7786,145.0253
3,h,916000.0,SP,11.1,3.0,1.0,2.0,606.0,109.0,1970.0,-37.8326,144.8594
3,h,750000.0,S,11.1,3.0,1.0,2.0,534.0,,,-37.8367,144.8425
3,h,910000.0,S,11.1,3.0,1.0,3.0,535.0,132.0,1970.0,-37.8322,144.8399
2,h,1859000.0,S,6.3,2.0,2.0,3.0,311.0,,,-37.8545,145.0219
2,t,1200000.0,S,6.3,2.0,2.0,1.0,189.0,,,-37.8532,145.0259
2,u,480000.0,VB,6.3,2.0,1.0,1.0,0.0,66.23,1960.0,-37.8624,145.0223
3,u,1635000.0,S,6.3,3.0,2.0,2.0,1803.0,,2011.0,-37.8544,145.0164
2,h,1705000.0,S,6.3,2.0,2.0,0.0,195.0,,,-37.851,145.0156
3,t,1005000.0,S,6.3,3.0,2.0,2.0,0.0,,,-37.8606,145.0209
2,u,852000.0,S,6.3,2.0,1.0,1.0,869.0,74.0,1980.0,-37.8603,145.0224
2,u,690000.0,S,6.3,2.0,1.0,2.0,0.0,,,-37.8611,145.0174
3,u,2120000.0,S,6.3,3.0,2.0,3.0,395.0,,,-37.8536,145.0263
1,u,405000.0,S,6.3,1.0,1.0,0.0,0.0,48.0,1966.0,-37.8531,145.0115
5,h,2100000.0,S,5.9,5.0,3.0,3.0,468.0,274.0,1925.0,-37.7822,144.9065
3,h,1435000.0,S,5.9,3.0,1.0,1.0,450.0,155.0,1920.0,-37.7756,144.9148
2,h,1020000.0,PI,5.9,2.0,1.0,1.0,226.0,98.0,1920.0,-37.7761,144.9165
3,h,1041000.0,S,5.9,3.0,2.0,2.0,209.0,,2009.0,-37.7774,144.904
2,t,565000.0,S,5.9,2.0,2.0,1.0,103.0,,,-37.7715,144.9088
6,h,2250000.0,PI,5.9,6.0,3.0,2.0,1012.0,435.0,1887.0,-37.7721,144.9184
4,t,900000.0,SP,5.9,4.0,3.0,2.0,0.0,159.0,2011.0,-37.7831,144.9209
3,h,1490000.0,S,5.9,3.0,2.0,1.0,542.0,,,-37.781,144.9095
3,h,1230000.0,PI,5.9,3.0,1.0,2.0,538.0,,,-37.7808,144.9083
2,h,1050000.0,S,5.9,2.0,1.0,0.0,341.0,,,-37.7721,144.9113
2,h,1005000.0,S,5.9,2.0,1.0,1.0,202.0,,,-37.7737,144.9166
4,h,1316500.0,S,5.9,4.0,3.0,2.0,230.0,,,-37.7804,144.9284
2,h,1495000.0,S,12.2,2.0,1.0,2.0,803.0,95.0,1950.0,-37.8683,145.1064
4,h,1126000.0,S,12.2,4.0,1.0,1.0,656.0,,,-37.8696,145.1111
2,u,822000.0,S,12.2,2.0,1.0,1.0,78.0,59.0,1970.0,-37.8677,145.0981
2,t,770000.0,SP,12.2,2.0,1.0,2.0,162.0,,2010.0,-37.871,145.0994
3,u,890000.0,S,12.2,3.0,2.0,2.0,235.0,130.0,2006.0,-37.8625,145.1083
3,u,765000.0,S,10.5,3.0,2.0,1.0,292.0,150.0,2008.0,-37.7593,144.8561
3,h,881000.0,S,10.5,3.0,1.0,2.0,615.0,,,-37.7532,144.8548
4,h,850000.0,SP,10.5,4.0,1.0,2.0,697.0,,,-37.7678,144.8568
4,h,1300000.0,SP,10.5,4.0,3.0,2.0,656.0,322.0,1990.0,-37.7522,144.8659
5,h,1250000.0,SP,10.5,5.0,2.0,2.0,889.0,,,-37.7565,144.8652
3,h,760000.0,SP,10.5,3.0,1.0,1.0,585.0,99.0,1960.0,-37.7574,144.8574
4,h,1600000.0,VB,10.5,4.0,3.0,3.0,857.0,,,-37.7619,144.866
2,h,1900000.0,S,9.2,2.0,1.0,2.0,667.0,130.0,1955.0,-37.7926,145.0842
3,h,1922000.0,S,9.2,3.0,1.0,1.0,696.0,,,-37.8016,145.1013
4,h,2000000.0,PI,9.2,4.0,2.0,2.0,627.0,,,-37.7848,145.0788
3,u,700000.0,S,9.2,3.0,1.0,1.0,350.0,120.0,1950.0,-37.7862,145.0739
4,h,1890000.0,S,9.2,4.0,3.0,2.0,636.0,227.0,1960.0,-37.789,145.0938
4,h,1630000.0,S,9.2,4.0,2.0,1.0,677.0,,,-37.7897,145.0922
2,u,800000.0,PI,9.2,2.0,2.0,1.0,196.0,,1994.0,-37.785,145.0961
3,h,1670000.0,S,9.2,0.0,0.0,0.0,818.0,,,-37.7939,145.0866
4,h,1725000.0,PI,9.2,4.0,3.0,2.0,627.0,213.0,1970.0,-37.7827,145.0945
3,h,1110000.0,S,9.5,3.0,1.0,2.0,730.0,,,-37.754,145.0453
3,h,894000.0,S,9.5,3.0,2.0,3.0,601.0,101.51,1950.0,-37.7524,145.0393
2,h,1402000.0,S,13.0,2.0,1.0,4.0,616.0,,,-37.9257,145.0469
3,h,1500000.0,S,13.0,3.0,1.0,2.0,657.0,,,-37.9318,145.0448
2,h,1100000.0,VB,13.0,2.0,1.0,3.0,579.0,,,-37.925,145.0467
6,h,2000000.0,VB,13.0,6.0,2.0,2.0,702.0,,1926.0,-37.9193,145.033
2,u,710000.0,S,13.0,2.0,1.0,3.0,225.0,,,-37.9243,145.0497
2,t,620000.0,SP,13.0,2.0,2.0,1.0,0.0,,2012.0,-37.9329,145.0393
4,t,1105000.0,S,13.0,4.0,2.0,1.0,207.0,,2007.0,-37.9156,145.0355
3,t,1303000.0,S,13.0,3.0,2.0,2.0,334.0,,2006.0,-37.9284,145.0428
3,t,1375000.0,S,13.0,3.0,3.0,2.0,338.0,194.0,2012.0,-37.9166,145.0418
4,t,1300000.0,S,13.0,4.0,2.0,2.0,352.0,,,-37.9317,145.0463
3,h,1286000.0,S,13.0,3.0,1.0,2.0,614.0,,,-37.9317,145.0427
4,h,1920000.0,S,13.0,4.0,2.0,2.0,650.0,,1996.0,-37.9323,145.0445
3,h,1968500.0,S,13.0,3.0,2.0,2.0,674.0,,,-37.9179,145.0429
3,u,845000.0,S,13.0,3.0,1.0,2.0,242.0,,,-37.9302,145.0331
4,h,1107000.0,S,13.0,4.0,2.0,2.0,478.0,,,-37.9321,145.0361
3,u,641500.0,S,13.0,3.0,1.0,1.0,681.0,,1960.0,-37.9145,145.0287
2,u,725000.0,S,13.0,2.0,1.0,1.0,0.0,115.0,2006.0,-37.9296,145.0498
4,h,1515000.0,S,13.9,4.0,3.0,2.0,635.0,200.0,1950.0,-37.9107,145.0745
3,h,986000.0,S,13.9,3.0,1.0,3.0,337.0,100.0,1950.0,-37.9331,145.0586
3,h,830000.0,PI,13.9,3.0,1.0,2.0,290.0,,2006.0,-37.9292,145.0689
3,t,767000.0,S,13.9,3.0,1.0,2.0,162.0,,,-37.9229,145.0538
4,h,1860000.0,PI,13.9,4.0,3.0,2.0,620.0,,,-37.9228,145.0555
3,t,1200000.0,PI,13.9,3.0,2.0,2.0,369.0,,,-37.9092,145.0728
3,h,1175000.0,S,13.9,3.0,1.0,2.0,625.0,,,-37.911,145.075
3,t,1225000.0,S,13.9,3.0,2.0,2.0,372.0,180.0,2008.0,-37.9127,145.0694
3,t,1055000.0,SP,13.9,3.0,2.0,2.0,301.0,,2000.0,-37.9167,145.077
5,h,1351000.0,S,13.9,5.0,2.0,2.0,652.0,,,-37.9311,145.0651
2,h,1962000.0,S,13.9,2.0,1.0,2.0,848.0,,,-37.9199,145.0573
3,h,810000.0,PI,13.9,3.0,1.0,1.0,294.0,105.0,1950.0,-37.919,145.0803
3,t,850000.0,S,13.9,3.0,2.0,2.0,321.0,,,-37.9316,145.0806
2,u,535000.0,SP,13.9,2.0,1.0,1.0,1026.0,68.11,1970.0,-37.911,145.0711
3,h,1640000.0,S,13.9,3.0,1.0,2.0,733.0,,,-37.9219,145.0518
3,u,809000.0,S,13.9,3.0,1.0,1.0,289.0,,,-37.9211,145.0671
3,h,1510000.0,S,13.9,3.0,1.0,2.0,689.0,,,-37.9317,145.0524
4,h,1292000.0,S,13.9,4.0,1.0,2.0,587.0,161.0,1950.0,-37.9194,145.05700000000004
3,h,1165000.0,S,13.9,3.0,1.0,2.0,589.0,158.0,,-37.9297,145.0563
3,h,959000.0,S,13.9,3.0,2.0,2.0,557.0,119.0,1960.0,-37.9076,145.06799999999996
3,h,1251000.0,S,13.9,3.0,1.0,1.0,612.0,,,-37.9133,145.0719
3,h,1205000.0,S,13.9,3.0,3.0,2.0,604.0,,1960.0,-37.9362,145.0663
2,u,780000.0,S,13.1,2.0,1.0,1.0,171.0,80.0,2014.0,-37.8158,145.1384
2,u,572000.0,SP,13.1,2.0,1.0,1.0,0.0,,,-37.8219,145.1213
3,h,910000.0,S,13.1,3.0,1.0,2.0,414.0,,,-37.8247,145.1359
3,h,1760000.0,S,13.1,3.0,1.0,2.0,689.0,152.0,1920.0,-37.8262,145.1301
5,h,1726000.0,S,13.1,5.0,2.0,2.0,631.0,,,-37.8265,145.1276
2,t,990000.0,S,13.1,2.0,1.0,1.0,257.0,,,-37.8259,145.1282
2,u,646500.0,S,13.1,2.0,1.0,1.0,156.0,,1980.0,-37.8281,145.1305
3,h,2080000.0,S,13.1,3.0,2.0,2.0,693.0,158.0,1925.0,-37.8229,145.1217
2,h,610000.0,S,10.8,2.0,1.0,2.0,555.0,74.0,1950.0,-37.7854,144.8463
3,h,925000.0,S,10.8,3.0,1.0,2.0,597.0,,,-37.7888,144.8511
2,h,760000.0,S,10.8,2.0,1.0,1.0,604.0,82.0,1950.0,-37.782,144.8528
3,h,771000.0,S,10.8,3.0,1.0,0.0,556.0,,,-37.7904,144.8514
3,t,441700.0,SP,10.8,3.0,2.0,1.0,145.0,107.0,2003.0,-37.7894,144.8463
4,h,1000000.0,S,10.8,4.0,3.0,2.0,475.0,319.0,2002.0,-37.7759,144.8552
3,h,730000.0,SP,10.8,3.0,1.0,3.0,586.0,,,-37.783,144.855
3,h,2575000.0,S,11.2,3.0,2.0,2.0,517.0,195.0,1920.0,-37.894,144.9977
4,t,2900000.0,VB,11.2,4.0,4.0,2.0,473.0,292.0,2013.0,-37.9104,144.9999
5,h,5800000.0,PI,11.2,5.0,4.0,4.0,1276.0,,1880.0,-37.9164,144.9974
3,h,2140000.0,S,11.2,3.0,2.0,2.0,393.0,,,-37.902,144.9922
3,h,2225000.0,PI,11.2,3.0,2.0,2.0,0.0,167.0,1980.0,-37.911,144.9866
2,t,975000.0,PI,11.2,2.0,1.0,1.0,444.0,182.0,1915.0,-37.8993,145.0046
4,h,4225000.0,S,11.2,4.0,2.0,2.0,920.0,333.0,1990.0,-37.8981,144.9902
3,t,2100000.0,S,11.2,3.0,2.0,4.0,0.0,145.0,1970.0,-37.928,145.0002
3,u,1392000.0,S,11.2,3.0,2.0,1.0,188.0,,,-37.9181,144.9933
3,h,2445000.0,S,11.2,3.0,3.0,2.0,440.0,,,-37.8868,144.9968
2,u,520000.0,PI,11.2,2.0,1.0,1.0,1647.0,73.0,2004.0,-37.8847,144.9972
4,h,2000000.0,VB,11.2,4.0,2.0,2.0,286.0,283.0,1999.0,-37.8981,145.0
2,h,1350000.0,S,11.2,2.0,1.0,1.0,873.0,,,-37.9043,145.0048
3,h,1900000.0,S,11.2,3.0,2.0,3.0,503.0,,,-37.9049,144.9969
2,u,1002500.0,S,11.2,2.0,1.0,1.0,118.0,,1975.0,-37.8953,144.9974
4,h,2415000.0,S,11.2,4.0,3.0,2.0,402.0,,,-37.9037,144.9926
2,t,1055000.0,S,11.2,2.0,1.0,2.0,211.0,,1970.0,-37.921,144.9999
3,t,1990000.0,S,11.2,3.0,2.0,2.0,0.0,189.0,1935.0,-37.901,145.0026
3,h,3025000.0,PI,11.2,3.0,2.0,4.0,649.0,195.0,1967.0,-37.9056,144.9893
3,h,1502000.0,S,11.2,3.0,1.0,1.0,431.0,,,-37.9107,145.0077
3,u,1221000.0,S,11.2,3.0,2.0,2.0,0.0,109.0,1975.0,-37.9163,144.9901
4,h,2550000.0,SP,11.2,4.0,3.0,2.0,263.0,,2005.0,-37.9099,144.9899
2,t,1470000.0,S,11.2,2.0,1.0,1.0,238.0,,,-37.8985,145.0048
3,u,725000.0,S,10.7,3.0,1.0,1.0,137.0,,,-37.9319,145.0282
5,h,2140000.0,S,10.7,5.0,2.0,2.0,780.0,206.0,1950.0,-37.9173,145.0142
4,h,1630000.0,S,10.7,4.0,2.0,1.0,596.0,,,-37.9113,145.0207
2,u,910000.0,S,10.7,2.0,1.0,3.0,238.0,,,-37.9126,145.0105
3,h,1975000.0,S,10.7,3.0,1.0,2.0,688.0,,,-37.9212,145.013
3,h,1635000.0,S,10.7,3.0,1.0,1.0,597.0,131.0,1925.0,-37.9064,145.0229
8,h,1880000.0,VB,10.7,8.0,3.0,3.0,614.0,,,-37.9097,145.0161
3,h,1743000.0,S,10.7,3.0,1.0,2.0,590.0,,,-37.9287,145.0273
3,h,2291000.0,S,10.7,3.0,2.0,2.0,530.0,,1886.0,-37.9119,145.011
3,h,1270000.0,VB,10.7,3.0,1.0,3.0,724.0,,,-37.9291,145.0297
3,h,1400000.0,S,10.7,3.0,1.0,2.0,677.0,,,-37.9304,145.0151
3,h,1640000.0,S,10.7,3.0,1.0,1.0,590.0,,,-37.9012,145.00799999999995
4,t,1700000.0,PI,10.7,4.0,3.0,2.0,312.0,118.0,1950.0,-37.9295,145.0144
5,h,1900000.0,PI,10.7,5.0,3.0,2.0,583.0,271.0,2009.0,-37.9057,145.0101
3,t,972000.0,S,10.7,3.0,2.0,1.0,119.0,160.0,2000.0,-37.9084,145.0118
3,h,1652000.0,S,5.2,3.0,1.0,2.0,506.0,196.8,1921.0,-37.7723,144.9694
2,u,735000.0,SP,5.2,2.0,1.0,2.0,173.0,77.0,1970.0,-37.7586,144.9653
3,h,1210000.0,S,5.2,3.0,1.0,0.0,282.0,112.0,1900.0,-37.7674,144.966
1,h,412000.0,S,5.2,1.0,1.0,1.0,85.0,,,-37.7598,144.9563
1,u,528000.0,S,5.2,1.0,1.0,1.0,0.0,58.0,2010.0,-37.7767,144.9676
3,h,1115000.0,S,5.2,3.0,1.0,1.0,249.0,116.0,1925.0,-37.7669,144.9664
3,h,1300000.0,VB,5.2,3.0,2.0,3.0,299.0,,,-37.7759,144.952
2,u,320000.0,S,5.2,2.0,1.0,1.0,638.0,48.0,1970.0,-37.762,144.9647
4,h,1500000.0,PI,5.2,4.0,2.0,1.0,459.0,,,-37.7548,144.9545
3,h,1260000.0,S,5.2,3.0,2.0,1.0,192.0,120.0,1910.0,-37.7743,144.9637
4,h,1210000.0,SP,5.2,4.0,2.0,1.0,373.0,200.0,2009.0,-37.7733,144.9599
3,h,1200000.0,S,5.2,3.0,1.0,1.0,318.0,,1927.0,-37.7648,144.9633
1,u,315000.0,S,5.2,1.0,1.0,1.0,1403.0,,,-37.7591,144.9577
2,h,830000.0,VB,5.2,2.0,1.0,1.0,153.0,,,-37.766,144.9609
4,h,1385000.0,PI,5.2,4.0,2.0,4.0,650.0,173.45,1950.0,-37.7575,144.9716
3,t,981000.0,SP,5.2,3.0,2.0,1.0,122.0,140.0,2012.0,-37.7698,144.9661
1,u,418000.0,SP,5.2,1.0,1.0,1.0,0.0,51.0,1970.0,-37.7783,144.9635
2,u,585000.0,PI,5.2,2.0,1.0,1.0,430.0,258.0,2006.0,-37.7609,144.9623
4,h,1900000.0,VB,5.2,4.0,3.0,2.0,0.0,212.0,2012.0,-37.775,144.9513
3,h,1450000.0,S,5.2,3.0,1.0,2.0,304.0,,,-37.762,144.9678
1,h,1200000.0,S,5.2,1.0,1.0,0.0,225.0,,,-37.7761,144.9593
2,t,600000.0,PI,5.2,2.0,1.0,1.0,109.0,,2011.0,-37.7778,144.9683
3,h,1075000.0,S,5.2,3.0,1.0,0.0,222.0,,,-37.7743,144.9569
2,h,884000.0,SP,5.2,2.0,1.0,0.0,148.0,75.0,1890.0,-37.7731,144.9568
3,h,957000.0,SP,5.2,3.0,1.0,2.0,80.0,,,-37.7589,144.9588
2,u,480000.0,VB,5.2,2.0,1.0,1.0,557.0,57.0,1960.0,-37.7732,144.951
4,h,1650000.0,S,5.2,4.0,2.0,4.0,670.0,,,-37.7602,144.9591
3,h,1440000.0,S,5.2,3.0,1.0,1.0,408.0,,,-37.7587,144.9529
2,h,955000.0,S,5.2,2.0,1.0,0.0,1328.0,,1880.0,-37.7731,144.9568
4,h,1310000.0,S,4.5,4.0,1.0,2.0,449.0,159.0,1930.0,-37.7671,144.9762
2,h,1283000.0,S,4.5,2.0,1.0,1.0,263.0,109.0,1910.0,-37.7661,144.9742
2,h,1025000.0,S,4.5,2.0,1.0,0.0,121.0,,,-37.7744,144.9733
2,h,1015000.0,S,4.5,2.0,1.0,0.0,137.0,67.0,1890.0,-37.7738,144.9733
2,u,500000.0,S,4.5,2.0,1.0,1.0,1556.0,,2013.0,-37.7721,144.9719
2,u,550000.0,SP,4.5,2.0,1.0,1.0,1611.0,,,-37.7685,144.9724
2,u,460000.0,SP,4.5,2.0,1.0,1.0,0.0,,,-37.76,144.9757
1,h,1185000.0,S,4.5,1.0,1.0,0.0,365.0,,,-37.7667,144.9802
2,u,435000.0,SP,4.5,2.0,1.0,1.0,0.0,70.0,2011.0,-37.7755,144.9786
2,t,690000.0,S,4.5,2.0,1.0,1.0,3886.0,,,-37.7762,144.9771
1,u,385000.0,VB,4.5,1.0,1.0,1.0,0.0,,,-37.7679,144.9725
2,u,632000.0,S,4.5,2.0,1.0,2.0,65.0,,1960.0,-37.7724,144.9741
2,u,835000.0,SP,4.5,2.0,1.0,2.0,0.0,96.0,2005.0,-37.7761,144.975
3,h,1500000.0,S,4.5,3.0,1.0,3.0,446.0,125.0,1940.0,-37.7682,144.9835
2,u,407500.0,SP,5.9,2.0,1.0,1.0,1097.0,67.0,1970.0,-37.7686,144.9421
3,t,670000.0,S,5.9,3.0,1.0,2.0,176.0,,2000.0,-37.7597,144.9404
2,h,825000.0,PI,5.9,2.0,1.0,0.0,207.0,77.0,1950.0,-37.7622,144.9406
3,h,645000.0,SP,5.9,3.0,3.0,1.0,131.0,109.0,2008.0,-37.7559,144.9378
3,h,1222000.0,S,5.9,3.0,1.0,1.0,380.0,,,-37.7677,144.946
3,h,1060000.0,S,5.9,3.0,1.0,2.0,465.0,,,-37.7572,144.9486
3,h,1220000.0,S,5.9,3.0,1.0,1.0,335.0,113.0,1940.0,-37.766,144.945
3,h,1097000.0,S,5.9,3.0,1.0,1.0,372.0,,,-37.7634,144.9434
3,h,1100000.0,VB,5.9,3.0,2.0,1.0,169.0,139.0,1900.0,-37.7585,144.9504
3,h,1270000.0,S,5.9,3.0,1.0,1.0,526.0,,,-37.7735,144.9445
3,t,670000.0,PI,5.9,3.0,1.0,2.0,109.0,104.0,2010.0,-37.7609,144.9416
2,u,640000.0,S,5.9,2.0,1.0,1.0,559.0,57.0,1970.0,-37.7707,144.9488
3,h,1200000.0,PI,5.9,3.0,1.0,2.0,683.0,,,-37.7744,144.9396
2,h,545000.0,VB,5.9,2.0,1.0,1.0,0.0,59.0,1970.0,-37.7711,144.9487
4,h,1205000.0,S,5.9,4.0,2.0,2.0,518.0,160.0,1980.0,-37.7606,144.9499
3,u,860000.0,S,11.8,3.0,1.0,1.0,0.0,110.0,1999.0,-37.7769,145.088
2,t,599900.0,S,11.8,2.0,1.0,2.0,135.0,76.0,1970.0,-37.7787,145.0918
4,h,1540000.0,S,11.8,4.0,2.0,2.0,780.0,,,-37.7766,145.1
4,t,910000.0,SP,11.8,4.0,2.0,2.0,190.0,133.0,2000.0,-37.7664,145.0884
3,h,1100000.0,S,11.8,3.0,2.0,3.0,709.0,143.0,1970.0,-37.7612,145.0968
5,h,1730000.0,S,11.8,5.0,4.0,4.0,564.0,185.0,1955.0,-37.7735,145.0936
5,h,760000.0,VB,11.8,5.0,2.0,2.0,411.0,,,-37.7784,145.091
3,h,794000.0,S,11.8,3.0,1.0,0.0,353.0,,,-37.7618,145.0847
3,h,1360000.0,S,11.8,3.0,2.0,2.0,746.0,,,-37.7729,145.1022
4,h,1207000.0,S,11.8,4.0,1.0,2.0,607.0,,,-37.7601,145.0856
6,h,1591000.0,S,11.7,6.0,2.0,2.0,665.0,209.0,1950.0,-37.8493,145.1283
2,u,580000.0,S,11.7,2.0,1.0,1.0,153.0,,1970.0,-37.8528,145.1318
2,u,605000.0,S,11.7,2.0,1.0,1.0,81.0,,1965.0,-37.8495,145.0999
3,t,975000.0,VB,11.7,3.0,2.0,2.0,267.0,150.0,2012.0,-37.8463,145.1071
3,h,1465500.0,S,11.7,3.0,2.0,3.0,620.0,,,-37.8445,145.1005
2,h,870000.0,S,11.7,2.0,1.0,1.0,271.0,160.0,,-37.8512,145.1145
3,h,1385000.0,S,11.7,3.0,2.0,4.0,697.0,,,-37.8592,145.0948
2,h,1815000.0,S,11.7,1.0,1.0,1.0,698.0,196.0,1960.0,-37.8518,145.1278
3,h,1590000.0,SP,11.7,3.0,2.0,4.0,862.0,179.3,1950.0,-37.8603,145.0979
4,u,813000.0,S,11.7,4.0,1.0,2.0,360.0,,1990.0,-37.8499,145.1306
4,h,1601000.0,S,11.7,4.0,2.0,1.0,863.0,165.0,1940.0,-37.8539,145.1127
5,h,1225000.0,S,11.7,5.0,1.0,2.0,633.0,182.0,1960.0,-37.8557,145.1285
3,h,1930000.0,S,7.8,3.0,1.0,2.0,643.0,116.0,1920.0,-37.8405,145.0924
3,h,2570000.0,S,7.8,3.0,2.0,1.0,766.0,,,-37.8446,145.0735
4,h,2216000.0,S,7.8,4.0,2.0,0.0,670.0,176.0,1930.0,-37.8378,145.089
4,h,2110000.0,S,7.8,4.0,1.0,3.0,572.0,150.0,1910.0,-37.8411,145.062
2,h,855000.0,S,7.8,2.0,1.0,2.0,239.0,,,-37.8442,145.0942
2,u,771000.0,S,7.8,2.0,1.0,1.0,512.0,,,-37.8434,145.0675
4,h,2513000.0,S,7.8,4.0,2.0,3.0,696.0,,,-37.8355,145.0665
2,h,1900000.0,S,7.8,2.0,1.0,3.0,633.0,134.3,1960.0,-37.8427,145.0824
3,h,1620000.0,S,7.8,3.0,2.0,2.0,575.0,155.0,2000.0,-37.8378,145.0909
4,h,3550000.0,S,7.8,4.0,2.0,1.0,790.0,251.0,1890.0,-37.8269,145.0661
4,h,1980000.0,S,7.8,4.0,3.0,2.0,728.0,,,-37.8416,145.0959
3,h,1861000.0,S,7.8,3.0,2.0,2.0,324.0,,,-37.8418,145.0916
2,h,1402000.0,S,7.8,2.0,1.0,0.0,429.0,,,-37.845,145.071
3,h,1905000.0,S,7.8,3.0,1.0,2.0,400.0,145.0,1890.0,-37.8333,145.0616
4,h,5020000.0,S,7.8,4.0,4.0,3.0,892.0,,,-37.823,145.0621
4,h,2990000.0,S,7.8,4.0,2.0,2.0,742.0,280.0,1997.0,-37.8284,145.0673
4,h,1855000.0,S,7.8,4.0,1.0,1.0,500.0,,,-37.8304,145.0709
4,h,1500000.0,PI,7.8,4.0,2.0,2.0,468.0,,,-37.8417,145.097
3,u,835000.0,S,7.8,3.0,1.0,1.0,112.0,85.0,1960.0,-37.8378,145.0949
5,h,3115000.0,SP,9.0,5.0,3.0,0.0,715.0,,1920.0,-37.8192,145.067
2,u,913000.0,S,9.0,2.0,1.0,1.0,0.0,,,-37.8322,145.0816
4,h,2510000.0,PI,9.0,4.0,3.0,2.0,789.0,,,-37.8214,145.0843
5,h,8000000.0,VB,9.0,5.0,5.0,4.0,2079.0,464.3,1880.0,-37.8179,145.0694
3,t,1775000.0,VB,9.0,3.0,2.0,2.0,410.0,,,-37.8178,145.0649
3,h,3725000.0,S,9.0,3.0,2.0,2.0,857.0,250.0,,-37.8203,145.0785
4,h,3450000.0,S,3.2,4.0,2.0,1.0,515.0,203.0,1905.0,-37.7817,144.9742
2,h,1290000.0,S,3.2,2.0,1.0,0.0,119.0,76.77,,-37.7822,144.9748
3,h,1614500.0,S,3.2,3.0,1.0,0.0,167.0,,,-37.7875,144.9749
4,h,1550000.0,S,3.2,4.0,1.0,0.0,202.0,,,-37.7875,144.9732
1,u,595000.0,S,3.2,1.0,1.0,0.0,0.0,,1940.0,-37.7823,144.9767
3,h,1300000.0,PI,3.2,4.0,1.0,0.0,223.0,,,-37.7927,144.9745
5,h,2450000.0,S,3.2,5.0,3.0,2.0,268.0,,,-37.7915,144.9737
4,t,1201000.0,S,11.4,4.0,2.0,2.0,273.0,,2000.0,-37.8898,145.0632
2,u,635000.0,S,11.4,2.0,1.0,1.0,0.0,73.0,1980.0,-37.8981,145.0619
2,h,1424000.0,S,11.4,2.0,1.0,1.0,575.0,,,-37.8972,145.0524
1,u,285000.0,S,11.4,1.0,1.0,1.0,0.0,,,-37.8875,145.0489
1,u,305000.0,S,11.4,1.0,1.0,1.0,0.0,46.0,1960.0,-37.8858,145.0632
3,u,1105000.0,S,11.4,3.0,2.0,2.0,271.0,,1997.0,-37.8993,145.0531
3,h,1200000.0,PI,11.4,3.0,2.0,2.0,515.0,156.0,1930.0,-37.8924,145.0541
3,u,945000.0,S,11.4,3.0,1.0,2.0,1103.0,100.0,1987.0,-37.8958,145.0603
2,u,603000.0,S,11.4,2.0,1.0,1.0,2.0,,,-37.8912,145.0644
3,h,1390000.0,S,11.4,3.0,2.0,2.0,585.0,,,-37.9027,145.0582
4,h,1667000.0,S,11.4,4.0,2.0,2.0,615.0,193.0,1920.0,-37.8928,145.0531
1,u,330000.0,S,11.4,1.0,1.0,1.0,0.0,46.0,1960.0,-37.8944,145.0616
3,u,577000.0,S,11.4,3.0,1.0,1.0,0.0,84.0,1965.0,-37.8866,145.0561
2,u,535000.0,S,8.9,2.0,1.0,1.0,0.0,,,-37.8883,145.0342
1,u,305000.0,SP,8.1,1.0,1.0,1.0,750.0,43.0,1965.0,-37.8678,145.0197
2,u,550000.0,SP,8.1,2.0,1.0,1.0,0.0,,,-37.8663,145.0104
2,u,655000.0,S,8.1,2.0,1.0,1.0,0.0,,,-37.8806,145.0346
4,h,1300000.0,PI,8.1,4.0,1.0,1.0,443.0,,,-37.8738,145.0349
4,h,1700000.0,S,8.1,4.0,2.0,2.0,644.0,,,-37.8781,145.0235
2,u,575000.0,SP,8.1,2.0,1.0,1.0,0.0,,1970.0,-37.8692,145.0233
2,u,742500.0,S,8.1,2.0,2.0,1.0,0.0,85.0,2011.0,-37.8607,145.0116
3,t,1000000.0,VB,9.3,3.0,2.0,2.0,265.0,,,-37.8924,145.0154
2,h,1104000.0,S,9.3,2.0,1.0,1.0,534.0,,,-37.8989,145.0171
2,u,630000.0,S,9.3,2.0,1.0,1.0,0.0,71.0,2003.0,-37.8937,145.0137
3,h,1350000.0,S,9.3,3.0,2.0,1.0,305.0,129.0,1925.0,-37.8899,145.023
2,h,997000.0,S,9.3,2.0,1.0,2.0,311.0,,,-37.8895,145.0229
2,u,490000.0,S,9.3,2.0,1.0,1.0,0.0,61.0,1960.0,-37.8906,145.0259
3,u,701000.0,PI,13.6,3.0,2.0,2.0,235.0,112.0,2000.0,-37.8856,145.0934
3,t,905000.0,S,13.6,3.0,1.0,2.0,418.0,132.0,1955.0,-37.886,145.096
3,u,988000.0,SA,13.6,3.0,2.0,2.0,286.0,124.0,2008.0,-37.8755,145.0954
3,t,820000.0,VB,13.6,3.0,2.0,2.0,213.0,115.0,2012.0,-37.8827,145.0942
4,h,1825000.0,S,3.4,4.0,1.0,2.0,306.0,,,-37.7888,144.9929
3,h,1500000.0,S,3.4,3.0,1.0,1.0,230.0,127.0,1900.0,-37.788,144.9967
2,u,641000.0,S,3.4,2.0,1.0,1.0,72.0,90.0,1980.0,-37.7881,145.0058
2,h,1250000.0,S,3.4,2.0,1.0,0.0,158.0,95.0,1890.0,-37.7925,144.9995
3,h,1652500.0,S,3.4,3.0,1.0,0.0,276.0,170.0,1904.0,-37.7933,144.9938
2,h,1250000.0,S,3.4,2.0,1.0,1.0,168.0,,,-37.7914,144.9967
3,h,1660000.0,S,3.4,3.0,1.0,2.0,290.0,,,-37.7906,144.9993
1,u,465000.0,S,3.4,1.0,1.0,1.0,0.0,45.0,1970.0,-37.7881,145.0058
2,h,700000.0,VB,3.4,2.0,1.0,0.0,194.0,,,-37.7938,144.989
2,h,1000000.0,S,3.4,2.0,1.0,0.0,193.0,,,-37.7936,144.9899
2,u,712000.0,S,3.4,2.0,1.0,1.0,36.0,,,-37.7926,145.0019
2,h,1650000.0,S,3.4,2.0,1.0,1.0,118.0,,,-37.7933,144.9926
2,u,495000.0,S,7.8,2.0,1.0,0.0,388.0,69.0,1960.0,-37.7506,144.9694
2,h,930000.0,S,7.8,2.0,1.0,0.0,275.0,106.2,1920.0,-37.7424,144.9576
2,t,781000.0,S,7.8,2.0,1.0,1.0,0.0,112.9,2014.0,-37.7422,144.9604
3,h,995000.0,S,7.8,3.0,1.0,1.0,415.0,,,-37.7509,144.9591
2,h,677776.0,SP,7.8,2.0,1.0,2.0,0.0,64.0,1980.0,-37.7519,144.9496
3,h,790000.0,PI,7.8,3.0,1.0,1.0,399.0,,,-37.7408,144.9474
4,t,680000.0,S,7.8,4.0,2.0,1.0,3747.0,143.0,2006.0,-37.7551,144.9787
3,h,1180000.0,S,7.8,3.0,2.0,2.0,588.0,,,-37.7445,144.9751
3,h,940500.0,S,7.8,3.0,1.0,3.0,480.0,,,-37.7348,144.9509
3,t,824000.0,S,7.8,3.0,1.0,2.0,120.0,113.76,1990.0,-37.7462,144.9795
2,h,941000.0,S,7.8,2.0,1.0,2.0,413.0,,,-37.7355,144.9545
2,h,775000.0,S,7.8,2.0,1.0,1.0,314.0,,,-37.7485,144.9502
3,h,985000.0,PI,7.8,3.0,1.0,2.0,391.0,,,-37.7418,144.9562
3,h,1020000.0,SP,7.8,3.0,2.0,0.0,341.0,,1920.0,-37.7377,144.9584
4,h,1500000.0,VB,7.8,4.0,2.0,1.0,453.0,187.0,1910.0,-37.7503,144.9481
2,u,590000.0,S,7.8,2.0,1.0,1.0,79.0,,,-37.746,144.9768
4,h,1005000.0,S,7.8,4.0,2.0,1.0,172.0,135.0,1900.0,-37.7483,144.9634
4,h,901000.0,SP,7.8,4.0,2.0,1.0,398.0,123.0,1950.0,-37.7364,144.9787
3,h,990000.0,S,7.8,3.0,1.0,3.0,414.0,153.1,1930.0,-37.7432,144.9573
6,h,1455000.0,S,7.8,6.0,3.0,4.0,768.0,285.0,1997.0,-37.7397,144.9603
3,h,1250000.0,S,7.8,3.0,2.0,2.0,500.0,148.0,1900.0,-37.7382,144.9653
3,h,710000.0,S,7.8,3.0,1.0,1.0,160.0,120.0,,-37.7411,144.9657
5,h,1790000.0,S,7.8,5.0,3.0,2.0,635.0,108.0,1920.0,-37.7516,144.9593
2,u,650000.0,S,7.8,2.0,1.0,1.0,136.0,81.0,1975.0,-37.7449,144.9754
3,t,720000.0,PI,7.8,3.0,2.0,2.0,531.0,112.0,2016.0,-37.7424,144.9571
3,t,720000.0,PI,7.8,3.0,2.0,2.0,531.0,112.0,2016.0,-37.7424,144.9571
4,h,1240000.0,S,9.2,4.0,2.0,2.0,456.0,,,-37.7317,144.9829
3,h,875000.0,S,9.2,3.0,1.0,1.0,592.0,,,-37.72,144.9577
3,h,887000.0,S,9.2,3.0,1.0,2.0,560.0,,,-37.7266,144.9647
4,h,770000.0,S,9.2,4.0,1.0,1.0,545.0,,,-37.7304,144.9605
2,u,330000.0,VB,9.2,2.0,1.0,1.0,0.0,,1970.0,-37.7218,144.9563
2,u,535000.0,S,1.6,2.0,1.0,1.0,0.0,63.0,1970.0,-37.7981,144.9883
3,t,1308000.0,S,1.6,3.0,1.0,2.0,125.0,,1990.0,-37.7953,144.9864
2,t,945000.0,S,1.6,2.0,1.0,1.0,15900.0,98.0,1880.0,-37.8035,144.985
1,u,550000.0,VB,1.6,1.0,1.0,0.0,0.0,,1995.0,-37.8053,144.9833
3,h,1309000.0,S,1.6,3.0,1.0,0.0,168.0,,,-37.7975,144.9924
3,h,1300000.0,S,1.6,3.0,1.0,1.0,209.0,,,-37.8011,144.9861
2,h,888000.0,S,1.6,2.0,1.0,0.0,112.0,100.0,1900.0,-37.8001,144.9901
3,u,1000000.0,SP,1.6,3.0,2.0,2.0,0.0,148.0,2005.0,-37.8083,144.9908
3,h,1350000.0,S,2.5,3.0,1.0,1.0,117.0,147.0,1900.0,-37.8298,144.9923
2,h,855000.0,S,2.5,2.0,1.0,0.0,117.0,,,-37.8262,144.9922
4,h,1480000.0,S,13.9,4.0,2.0,2.0,656.0,,1965.0,-37.7833,145.1302
4,h,1300000.0,PI,13.9,4.0,2.0,2.0,872.0,185.0,1970.0,-37.7906,145.1138
4,h,1400000.0,PI,13.9,4.0,2.0,2.0,664.0,150.0,1980.0,-37.7895,145.1116
3,h,1542000.0,S,13.9,3.0,2.0,2.0,980.0,,,-37.7883,145.1387
4,h,1100000.0,PI,13.9,4.0,3.0,2.0,661.0,170.0,1965.0,-37.7905,145.1433
2,u,782000.0,S,13.9,2.0,1.0,1.0,261.0,,1984.0,-37.7731,145.1044
4,t,1090000.0,S,13.9,4.0,3.0,2.0,242.0,,1995.0,-37.7866,145.1046
3,h,1700000.0,S,13.9,3.0,2.0,2.0,820.0,,,-37.7803,145.1248
3,h,1355000.0,S,13.9,3.0,1.0,1.0,814.0,120.0,1965.0,-37.7909,145.1309
4,h,1880000.0,S,13.9,4.0,2.0,2.0,814.0,,,-37.7859,145.12
4,h,1545000.0,S,13.9,4.0,3.0,2.0,647.0,,,-37.7819,145.1184
4,h,1955000.0,S,13.9,4.0,2.0,2.0,1033.0,,,-37.7929,145.1184
2,u,440000.0,S,8.0,2.0,1.0,1.0,921.0,,,-37.749,144.9067
3,h,1700000.0,S,8.0,3.0,2.0,1.0,763.0,,,-37.7573,144.9221
3,h,1070000.0,VB,8.0,3.0,1.0,2.0,363.0,,,-37.7445,144.9054
2,h,745000.0,S,8.0,2.0,1.0,1.0,342.0,,,-37.7459,144.8962
4,h,1400000.0,VB,8.0,4.0,2.0,1.0,267.0,,,-37.7558,144.9106
3,h,1400000.0,S,8.0,3.0,2.0,2.0,359.0,,,-37.7427,144.898
5,h,2020000.0,S,8.0,5.0,3.0,3.0,900.0,40.0,,-37.7485,144.9036
1,u,325000.0,S,8.0,1.0,1.0,1.0,0.0,50.0,,-37.7537,144.917
3,h,1400000.0,SP,8.0,3.0,1.0,1.0,578.0,,,-37.7526,144.9089
2,u,700000.0,VB,8.0,2.0,1.0,1.0,251.0,,,-37.7491,144.8968
5,h,1652000.0,S,8.0,5.0,2.0,1.0,697.0,196.0,1920.0,-37.7459,144.9159
3,h,1131000.0,S,8.0,3.0,1.0,1.0,387.0,135.0,1900.0,-37.755,144.9272
5,h,1607500.0,S,8.0,5.0,3.0,1.0,695.0,,,-37.7577,144.9267
2,u,450000.0,VB,8.0,2.0,1.0,1.0,0.0,74.0,,-37.7552,144.9211
1,u,310000.0,SP,8.0,1.0,1.0,1.0,845.0,45.0,1977.0,-37.7469,144.9206
3,h,1400000.0,S,8.0,3.0,1.0,1.0,476.0,,,-37.7495,144.9157
4,h,1720000.0,S,8.0,4.0,2.0,2.0,639.0,,,-37.7471,144.9157
3,h,983000.0,S,8.0,3.0,3.0,2.0,309.0,,,-37.7457,144.8912
1,u,330000.0,VB,8.0,1.0,1.0,1.0,0.0,,2014.0,-37.7478,144.912
4,t,1162500.0,S,8.0,4.0,2.0,1.0,230.0,,,-37.7547,144.9239
2,u,707000.0,S,8.0,2.0,1.0,1.0,179.0,,,-37.7514,144.8966
3,u,700000.0,S,8.0,3.0,1.0,1.0,227.0,120.0,2005.0,-37.7496,144.892
2,u,510000.0,PI,8.0,2.0,2.0,1.0,0.0,,,-37.7465,144.91
2,u,610000.0,PI,8.0,2.0,1.0,1.0,0.0,75.0,2012.0,-37.7504,144.8957
3,h,960000.0,PI,8.0,3.0,2.0,1.0,411.0,159.0,1990.0,-37.7544,144.8986
1,h,350000.0,VB,8.0,1.0,1.0,1.0,46.0,,1970.0,-37.7515,144.9125
1,u,426500.0,S,8.0,1.0,1.0,1.0,62.0,53.0,1960.0,-37.7578,144.9134
2,u,676000.0,S,5.8,2.0,1.0,1.0,0.0,87.0,2002.0,-37.7847,145.0109
3,h,1500000.0,PI,5.8,3.0,1.0,2.0,574.0,150.0,1925.0,-37.783,145.0165
3,h,700000.0,SP,12.4,3.0,1.0,2.0,650.0,,,-37.7023,144.9773
3,h,660000.0,S,12.4,3.0,1.0,2.0,585.0,88.0,1960.0,-37.695,144.9676
3,h,741000.0,S,12.4,3.0,1.0,3.0,578.0,128.0,1960.0,-37.6966,144.9695
2,h,949500.0,S,12.4,2.0,1.0,1.0,689.0,,,-37.7052,144.964
3,u,532000.0,S,12.4,3.0,2.0,1.0,207.0,205.0,2007.0,-37.7049,144.9631
3,h,698000.0,S,12.4,3.0,1.0,1.0,602.0,,,-37.6995,144.9669
3,h,687000.0,S,12.4,3.0,2.0,1.0,577.0,,,-37.7071,144.9706
3,h,670000.0,S,12.4,3.0,1.0,2.0,585.0,,,-37.6937,144.9658
3,h,1000000.0,PI,12.4,3.0,1.0,2.0,1069.0,120.0,1960.0,-37.6931,144.9596
2,u,445000.0,S,12.4,2.0,1.0,1.0,196.0,,,-37.6956,144.9656
3,h,730000.0,S,12.4,3.0,1.0,2.0,638.0,,,-37.6952,144.9613
2,h,725000.0,S,12.4,2.0,1.0,2.0,606.0,,,-37.709,144.9646
3,h,668000.0,S,12.4,3.0,1.0,1.0,540.0,,,-37.6992,144.9739
2,u,328000.0,SP,12.4,2.0,1.0,1.0,0.0,67.0,1970.0,-37.7071,144.9644
3,t,543500.0,S,12.4,3.0,3.0,3.0,247.0,103.0,2011.0,-37.7133,144.975
2,h,1200000.0,S,3.5,2.0,1.0,0.0,204.0,,,-37.7925,144.9797
1,u,330000.0,S,3.5,1.0,1.0,1.0,0.0,32.0,1970.0,-37.777,144.9836
2,h,846000.0,S,3.5,2.0,1.0,0.0,160.0,119.0,1880.0,-37.7933,144.9824
2,h,1345000.0,S,3.5,2.0,1.0,0.0,176.0,,,-37.7831,144.9805
2,h,1802500.0,S,3.5,2.0,2.0,1.0,182.0,,1880.0,-37.7843,144.9902
2,h,1520000.0,SP,3.5,2.0,1.0,0.0,138.0,,,-37.7904,144.9836
3,h,1625000.0,S,3.5,3.0,1.0,0.0,204.0,,,-37.7911,144.9818
3,h,2555000.0,S,3.5,3.0,1.0,1.0,340.0,,,-37.7869,144.9863
2,h,1055000.0,S,3.5,2.0,1.0,0.0,192.0,85.2,1910.0,-37.7793,144.9879
1,h,950000.0,VB,3.5,1.0,1.0,0.0,138.0,,,-37.7759,144.9823
2,h,1100000.0,SP,4.4,2.0,1.0,1.0,186.0,,,-37.7837,144.9338
3,h,1250000.0,S,4.4,3.0,2.0,2.0,226.0,140.0,2002.0,-37.7824,144.9243
2,h,953000.0,S,4.4,2.0,1.0,0.0,274.0,103.0,1930.0,-37.7813,144.9238
2,u,603000.0,S,4.4,2.0,1.0,1.0,0.0,96.0,1890.0,-37.788,144.9306
3,h,940000.0,S,4.4,3.0,1.0,1.0,320.0,110.0,1940.0,-37.7844,144.9359
5,h,1550000.0,PI,4.4,5.0,1.0,1.0,432.0,200.0,1915.0,-37.7859,144.9323
2,u,500000.0,S,4.4,2.0,1.0,1.0,0.0,72.9,1970.0,-37.7829,144.9247
2,u,450000.0,S,4.4,2.0,1.0,1.0,0.0,62.0,1970.0,-37.7826,144.9311
2,u,390000.0,VB,4.4,2.0,1.0,1.0,472.0,55.0,1960.0,-37.7851,144.922
3,h,1205000.0,S,4.4,3.0,1.0,0.0,251.0,,,-37.7823,144.9317
3,h,1085000.0,SP,4.4,3.0,1.0,1.0,180.0,132.0,1991.0,-37.7839,144.9273
2,h,1060000.0,S,4.4,2.0,1.0,0.0,209.0,75.0,1890.0,-37.7846,144.9347
3,h,917000.0,S,4.4,3.0,1.0,0.0,143.0,136.0,1890.0,-37.7868,144.9336
2,u,392500.0,PI,6.4,2.0,1.0,1.0,1783.0,,1960.0,-37.7949,144.9007
3,h,1320000.0,SP,6.4,3.0,1.0,1.0,482.0,,,-37.7951,144.8861
2,h,885000.0,S,6.4,2.0,1.0,0.0,267.0,99.5,1890.0,-37.7961,144.89
2,t,485000.0,SP,6.4,2.0,2.0,1.0,0.0,70.0,2011.0,-37.7883,144.884
3,t,760000.0,VB,6.4,3.0,1.0,1.0,219.0,3.0,2011.0,-37.796,144.8819
3,h,1375000.0,S,6.4,3.0,2.0,3.0,487.0,,,-37.7942,144.8934
3,h,1270000.0,S,6.4,3.0,1.0,1.0,452.0,,1913.0,-37.7939,144.8936
3,h,871000.0,S,6.4,3.0,1.0,1.0,267.0,101.0,1900.0,-37.7951,144.8901
2,u,360000.0,PI,6.4,2.0,1.0,1.0,761.0,,,-37.7953,144.8957
1,u,315000.0,SP,6.4,1.0,1.0,1.0,0.0,,,-37.7971,144.8883
3,h,831000.0,S,6.4,3.0,1.0,0.0,210.0,,,-37.7947,144.8871
2,h,882000.0,SP,6.4,2.0,1.0,0.0,172.0,80.0,1900.0,-37.7936,144.8905
3,h,895000.0,PI,6.4,3.0,1.0,2.0,272.0,106.0,1920.0,-37.7977,144.904
1,u,260000.0,SP,10.4,1.0,1.0,1.0,1162.0,44.0,1965.0,-37.8911,145.0451
2,u,575000.0,S,10.4,2.0,2.0,1.0,0.0,,,-37.8898,145.0438
3,h,1452000.0,SP,9.2,3.0,2.0,2.0,269.0,184.0,1997.0,-37.854,145.0542
2,u,721000.0,S,9.2,2.0,2.0,1.0,2696.0,,1970.0,-37.8558,145.0518
3,h,1800000.0,SP,9.2,3.0,1.0,3.0,732.0,138.0,1950.0,-37.8562,145.0864
3,t,1253000.0,S,9.2,3.0,2.0,2.0,0.0,131.0,1995.0,-37.8574,145.0494
5,h,1950000.0,S,9.2,5.0,2.0,2.0,794.0,,1920.0,-37.8508,145.0592
3,h,2085000.0,S,9.2,3.0,1.0,2.0,715.0,,,-37.8578,145.0682
4,h,1760000.0,PI,9.2,4.0,3.0,3.0,622.0,160.0,1940.0,-37.858,145.0859
2,u,710000.0,S,9.2,2.0,1.0,2.0,0.0,,,-37.8521,145.0763
4,h,2340000.0,S,9.2,4.0,2.0,2.0,586.0,,,-37.8541,145.0738
3,h,3310000.0,S,9.2,3.0,3.0,2.0,662.0,265.0,1988.0,-37.8605,145.0455
3,h,1601000.0,S,9.2,3.0,1.0,2.0,453.0,102.0,1930.0,-37.8487,145.0592
2,t,797000.0,S,9.2,2.0,1.0,2.0,97.0,,1970.0,-37.8637,145.0632
2,u,910000.0,S,9.2,2.0,1.0,1.0,157.0,97.0,1970.0,-37.8499,145.0814
3,t,1315000.0,S,9.2,3.0,2.0,2.0,184.0,,,-37.8644,145.063
3,h,683000.0,S,13.0,3.0,1.0,2.0,697.0,,,-37.6969,144.9425
3,h,1158000.0,S,13.0,3.0,1.0,1.0,1011.0,,,-37.7115,144.912
4,h,793000.0,S,13.0,4.0,1.0,2.0,677.0,,,-37.7088,144.9204
3,h,780000.0,PI,13.0,3.0,1.0,2.0,742.0,101.0,1970.0,-37.702,144.9538
2,t,420000.0,VB,13.0,2.0,2.0,1.0,1137.0,82.0,2009.0,-37.7045,144.9204
3,h,895000.0,S,13.0,3.0,1.0,2.0,697.0,148.0,1955.0,-37.7097,144.9256
3,h,885000.0,PI,13.0,3.0,1.0,2.0,751.0,145.0,1972.0,-37.6962,144.9376
3,h,597500.0,S,13.0,3.0,1.0,2.0,663.0,84.0,1950.0,-37.6962,144.9349
3,h,690000.0,SP,13.0,3.0,1.0,2.0,650.0,,,-37.699,144.9421
3,h,822000.0,S,13.0,3.0,1.0,2.0,738.0,107.4,1960.0,-37.6972,144.941
3,h,710000.0,S,13.0,3.0,1.0,2.0,587.0,,,-37.6995,144.905
3,h,730000.0,S,13.0,3.0,2.0,4.0,563.0,,1950.0,-37.702,144.9173
3,h,901000.0,S,13.0,3.0,1.0,2.0,702.0,,,-37.709,144.9368
3,h,643000.0,S,13.0,3.0,1.0,2.0,674.0,,,-37.6957,144.9231
5,t,645000.0,S,13.0,5.0,1.0,1.0,227.0,152.0,2013.0,-37.6979,144.941
3,t,595000.0,SP,13.0,3.0,1.0,2.0,258.0,142.6,2001.0,-37.7047,144.9087
3,h,820000.0,S,13.0,3.0,1.0,1.0,697.0,,1960.0,-37.7073,144.9355
4,h,1050000.0,VB,13.0,4.0,3.0,2.0,715.0,271.0,1970.0,-37.709,144.9373
3,h,621000.0,PI,13.0,3.0,1.0,1.0,694.0,,,-37.6977,144.9116
3,h,705000.0,S,13.0,3.0,1.0,2.0,694.0,110.0,1960.0,-37.6974,144.9112
3,u,590000.0,S,13.0,3.0,2.0,2.0,0.0,118.0,2009.0,-37.7074,144.9266
3,t,680000.0,SP,13.0,3.0,2.0,2.0,243.0,133.0,2014.0,-37.7116,144.9357
3,h,935000.0,S,13.0,3.0,1.0,2.0,666.0,176.0,1960.0,-37.7015,144.9191
3,t,720000.0,S,13.0,3.0,2.0,3.0,300.0,,2013.0,-37.7098,144.9266
3,h,725000.0,S,12.1,3.0,1.0,2.0,585.0,,,-37.71,144.9464
3,h,740000.0,SP,12.1,3.0,1.0,4.0,605.0,145.0,1960.0,-37.706,144.9467
4,h,880000.0,S,12.1,4.0,3.0,2.0,530.0,530.0,,-37.7058,144.9431
3,t,630000.0,S,12.1,3.0,2.0,1.0,240.0,,,-37.7114,144.9396
3,h,1615000.0,S,13.7,3.0,1.0,2.0,681.0,,,-37.9462,145.0193
3,h,2513000.0,S,13.7,3.0,2.0,1.0,766.0,,1930.0,-37.9346,145.0049
4,t,1910000.0,S,13.7,4.0,2.0,2.0,351.0,,,-37.9449,145.0167
3,h,1620000.0,S,13.7,3.0,2.0,2.0,699.0,,,-37.9453,145.0176
2,h,1789000.0,S,13.7,2.0,1.0,2.0,650.0,,,-37.9338,145.0143
2,t,837000.0,SP,13.7,2.0,2.0,1.0,516.0,92.0,2007.0,-37.9365,145.0008
4,h,2500000.0,PI,13.7,4.0,3.0,2.0,684.0,317.0,2008.0,-37.9436,145.0169
2,u,665000.0,S,13.7,2.0,1.0,1.0,136.0,,1970.0,-37.9427,145.0052
3,h,1560000.0,S,13.7,3.0,1.0,1.0,611.0,,,-37.9449,145.02
2,u,860000.0,S,13.7,2.0,1.0,1.0,90.0,90.0,1962.0,-37.9354,144.9994
3,h,1475000.0,PI,13.7,3.0,1.0,2.0,251.0,,,-37.9411,145.0011
2,h,840000.0,S,13.7,2.0,1.0,2.0,171.0,,,-37.9358,144.9996
3,h,1700000.0,VB,4.6,3.0,1.0,2.0,338.0,132.0,1910.0,-37.8139,145.0243
1,u,440000.0,S,4.6,1.0,1.0,1.0,0.0,51.0,1960.0,-37.8194,145.0397
2,u,580000.0,PI,4.6,2.0,1.0,1.0,1063.0,,,-37.8159,145.0194
1,u,535000.0,S,4.6,1.0,1.0,1.0,918.0,50.0,2006.0,-37.8294,145.033
2,u,635000.0,S,4.6,2.0,1.0,1.0,2679.0,78.0,1960.0,-37.8261,145.0269
1,u,317500.0,S,4.6,1.0,1.0,0.0,0.0,55.0,1957.0,-37.826,145.0239
1,u,160000.0,VB,4.6,1.0,1.0,0.0,322.0,,2009.0,-37.8198,145.0373
1,u,360000.0,PI,4.6,1.0,1.0,1.0,6494.0,77.5,1965.0,-37.8254,145.0255
1,h,300000.0,VB,4.6,1.0,1.0,1.0,0.0,,,-37.8143,145.0319
2,h,1800000.0,S,4.6,2.0,1.0,0.0,221.0,106.0,1900.0,-37.8163,145.0251
1,u,275000.0,SP,4.6,1.0,1.0,0.0,479.0,30.0,1970.0,-37.8292,145.0322
3,t,1300000.0,VB,4.6,3.0,2.0,1.0,126.0,,,-37.8255,145.029
3,h,1525000.0,VB,4.6,3.0,1.0,0.0,269.0,134.0,1905.0,-37.8162,145.0206
2,h,1620000.0,S,4.6,2.0,1.0,1.0,201.0,,,-37.8173,145.0246
3,h,1985000.0,S,4.6,3.0,2.0,1.0,254.0,,1910.0,-37.8287,145.0419
3,h,1750000.0,S,4.6,3.0,1.0,4.0,368.0,,,-37.8288,145.0398
4,h,2100000.0,S,4.6,4.0,1.0,2.0,383.0,,,-37.8237,145.0311
2,u,560000.0,SP,4.6,2.0,1.0,0.0,0.0,82.3,1960.0,-37.832,145.0431
5,h,3750000.0,VB,7.5,5.0,3.0,4.0,858.0,,,-37.8395,145.0534
3,u,780000.0,S,7.5,3.0,1.0,1.0,0.0,,,-37.8414,145.0505
2,u,500000.0,SP,7.5,2.0,1.0,1.0,710.0,,,-37.8259,145.0483
3,t,1264000.0,S,7.5,3.0,2.0,2.0,0.0,187.0,2010.0,-37.8302,145.0527
2,u,1462000.0,S,7.5,2.0,2.0,3.0,0.0,,,-37.8315,145.0559
1,u,440000.0,S,7.5,1.0,1.0,1.0,2306.0,,1970.0,-37.8227,145.0528
3,h,1575000.0,S,7.5,3.0,1.0,0.0,305.0,,,-37.8309,145.0451
2,h,1320000.0,S,7.5,2.0,1.0,3.0,325.0,,,-37.8355,145.04399999999995
4,h,3600000.0,VB,7.5,4.0,3.0,2.0,667.0,310.0,1988.0,-37.8374,145.0511
4,h,2425000.0,PI,7.5,4.0,2.0,2.0,729.0,278.0,,-37.8343,145.0488
3,h,1890000.0,S,7.5,3.0,2.0,2.0,224.0,,,-37.8368,145.0508
1,u,400500.0,S,7.5,1.0,1.0,1.0,71.0,,,-37.8372,145.0433
3,h,1405000.0,S,7.5,3.0,2.0,2.0,185.0,185.0,1985.0,-37.8255,145.0481
3,h,2102000.0,S,7.5,3.0,2.0,1.0,271.0,126.0,,-37.8256,145.0486
2,u,435000.0,S,7.5,2.0,1.0,1.0,1536.0,,,-37.8307,145.0493
1,u,375000.0,S,7.5,1.0,1.0,1.0,0.0,,1960.0,-37.8362,145.0543
2,u,555000.0,S,7.5,2.0,1.0,2.0,0.0,64.0,1970.0,-37.8254,145.0474
2,u,532000.0,S,7.5,2.0,1.0,1.0,0.0,,,-37.8244,145.0517
4,h,1450000.0,PI,10.6,4.0,3.0,2.0,952.0,,1967.0,-37.7511,145.0772
3,h,1340000.0,S,10.6,3.0,2.0,0.0,600.0,,,-37.7523,145.0676
2,t,630000.0,S,10.6,2.0,1.0,1.0,86.0,,,-37.7586,145.0629
3,h,1271000.0,S,10.6,3.0,2.0,2.0,330.0,171.0,2008.0,-37.7524,145.06
4,u,610000.0,S,10.6,4.0,3.0,2.0,152.0,,1980.0,-37.7505,145.0703
2,h,910000.0,S,10.5,2.0,1.0,2.0,733.0,,,-37.7442,145.0528
2,h,665000.0,S,10.5,2.0,1.0,1.0,263.0,84.0,1992.0,-37.7428,145.0511
3,t,575000.0,S,10.5,3.0,1.0,2.0,192.0,91.0,1995.0,-37.7388,145.0581
4,h,706000.0,SP,10.5,4.0,1.0,2.0,374.0,113.0,1940.0,-37.7437,145.0506
2,h,780000.0,S,10.5,2.0,1.0,1.0,433.0,,,-37.7521,145.0516
3,t,601000.0,S,10.5,3.0,2.0,2.0,200.0,,,-37.7399,145.054
3,h,805000.0,S,10.5,3.0,1.0,0.0,592.0,,,-37.7421,145.0487
2,h,690000.0,VB,10.5,2.0,1.0,0.0,563.0,,,-37.7383,145.0555
2,h,682000.0,S,10.5,2.0,1.0,0.0,341.0,,,-37.7366,145.0509
3,h,657000.0,S,10.5,3.0,1.0,1.0,317.0,95.0,1950.0,-37.7397,145.0513
3,u,630000.0,SP,10.5,3.0,2.0,1.0,0.0,123.0,2015.0,-37.7502,145.0465
3,h,880000.0,S,9.4,3.0,1.0,2.0,689.0,,,-37.7382,145.0451
3,h,687000.0,S,9.4,3.0,1.0,2.0,489.0,,,-37.7364,145.0379
2,h,650000.0,S,9.4,2.0,1.0,2.0,465.0,81.0,1960.0,-37.7369,145.0371
3,h,855000.0,S,9.4,3.0,1.0,2.0,658.0,99.0,1960.0,-37.7445,145.0386
2,h,613000.0,S,9.4,2.0,1.0,0.0,391.0,74.0,1960.0,-37.7349,145.0398
3,h,640000.0,S,9.4,3.0,1.0,2.0,476.0,200.0,1956.0,-37.7339,145.0405
1,h,442000.0,S,9.4,1.0,1.0,0.0,290.0,,,-37.7434,145.0468
3,h,810000.0,S,9.4,3.0,2.0,0.0,747.0,,,-37.7348,145.0402
3,h,950000.0,S,9.4,3.0,1.0,3.0,695.0,,,-37.7416,145.0406
4,h,725000.0,S,9.4,4.0,1.0,2.0,585.0,,,-37.7469,145.0448
3,t,998000.0,S,13.0,3.0,2.0,2.0,246.0,,2000.0,-37.9031,145.0804
4,t,1340000.0,S,13.0,4.0,4.0,2.0,370.0,255.79,2006.0,-37.8919,145.0781
4,h,2190000.0,S,13.0,4.0,3.0,4.0,695.0,,,-37.8938,145.0785
2,h,980000.0,S,13.0,2.0,1.0,1.0,387.0,,1896.0,-37.9021,145.0837
2,h,720000.0,SA,13.0,2.0,1.0,2.0,795.0,,,-37.9087,145.0799
3,h,990000.0,S,7.9,3.0,2.0,2.0,377.0,,1940.0,-37.7573,145.0496
4,h,1410000.0,S,7.9,4.0,2.0,1.0,449.0,252.0,1945.0,-37.777,145.0414
3,h,970000.0,S,7.9,3.0,1.0,4.0,459.0,,,-37.7639,145.0377
4,h,1650000.0,PI,7.9,4.0,2.0,1.0,589.0,185.0,1910.0,-37.7671,145.037
4,h,3020000.0,S,7.9,4.0,2.0,1.0,1250.0,,,-37.7639,145.0506
5,h,1689000.0,S,7.9,5.0,2.0,2.0,633.0,,,-37.7615,145.0309
2,h,690000.0,VB,7.9,2.0,1.0,1.0,1465.0,,,-37.7735,145.0403
3,h,1851000.0,S,7.9,3.0,2.0,2.0,618.0,215.0,1960.0,-37.7817,145.0391
3,u,1110000.0,S,7.9,3.0,2.0,1.0,366.0,,,-37.7701,145.0385
3,t,1060000.0,S,7.9,3.0,0.0,0.0,219.0,,1980.0,-37.7679,145.0466
2,h,2100000.0,S,9.0,2.0,1.0,2.0,1003.0,,,-37.7752,145.0579
5,h,2325000.0,PI,9.0,5.0,3.0,2.0,737.0,325.0,2008.0,-37.7794,145.0647
3,h,2400000.0,VB,9.0,3.0,2.0,2.0,1132.0,240.0,1950.0,-37.7715,145.0688
3,h,1740000.0,S,9.0,3.0,1.0,2.0,792.0,,,-37.774,145.0654
4,h,646000.0,S,15.0,4.0,2.0,2.0,658.0,198.0,1980.0,-37.7358,144.8217
3,h,570000.0,S,15.0,3.0,1.0,2.0,557.0,,,-37.7279,144.8224
3,h,843000.0,S,12.8,3.0,2.0,4.0,573.0,176.0,1980.0,-37.7473,144.8555
3,h,835000.0,S,12.8,3.0,2.0,2.0,700.0,126.0,1980.0,-37.7322,144.8722
3,h,635000.0,S,12.8,3.0,2.0,1.0,162.0,115.0,2015.0,-37.7308,144.8664
2,u,490000.0,SP,12.8,2.0,1.0,2.0,220.0,,2001.0,-37.7346,144.8584
3,h,745000.0,S,12.8,3.0,1.0,1.0,535.0,134.0,1980.0,-37.7475,144.852
3,h,941000.0,S,12.8,3.0,1.0,1.0,703.0,111.0,1965.0,-37.746,144.8651
3,h,738000.0,S,12.8,3.0,1.0,4.0,546.0,,,-37.7486,144.8565
3,h,912000.0,S,12.8,3.0,1.0,3.0,660.0,,,-37.7466,144.8707
3,t,745000.0,S,12.8,3.0,2.0,1.0,224.0,,,-37.7426,144.868
2,t,570000.0,SP,12.8,2.0,2.0,2.0,55.0,,,-37.7388,144.8767
4,h,885000.0,S,12.8,4.0,2.0,2.0,814.0,,,-37.7317,144.8619
5,h,3800000.0,VB,5.6,5.0,5.0,3.0,609.0,424.0,1970.0,-37.8064,145.0451
2,u,700000.0,SP,5.6,2.0,1.0,1.0,0.0,,,-37.7977,145.0333
3,t,752000.0,S,5.6,3.0,2.0,2.0,0.0,102.0,1980.0,-37.794,145.033
3,t,690000.0,S,5.6,3.0,1.0,2.0,111.0,3.0,1872.0,-37.7941,145.0238
1,u,468000.0,S,5.6,1.0,1.0,1.0,0.0,,,-37.8083,145.0382
4,h,2600000.0,S,5.6,4.0,2.0,0.0,320.0,186.36,1920.0,-37.8127,145.0451
5,h,4515000.0,S,5.6,5.0,4.0,2.0,800.0,490.0,2012.0,-37.8147,145.0571
5,h,3160000.0,S,5.6,5.0,5.0,2.0,811.0,,,-37.8013,145.028
2,u,820000.0,PI,5.6,2.0,1.0,1.0,826.0,95.0,1960.0,-37.805,145.0546
4,h,2150000.0,S,5.6,4.0,4.0,2.0,543.0,,,-37.8144,145.0358
3,h,1965000.0,S,5.6,3.0,1.0,2.0,813.0,,,-37.7993,145.0451
5,h,2425000.0,SP,5.6,5.0,3.0,1.0,520.0,,,-37.8101,145.0464
2,u,643000.0,S,5.6,2.0,1.0,1.0,0.0,,1960.0,-37.8018,145.0376
3,t,835000.0,S,5.6,3.0,2.0,2.0,247.0,147.2,2007.0,-37.7944,145.0327
2,u,736000.0,S,5.6,2.0,1.0,1.0,964.0,,1960.0,-37.8022,145.035
2,u,590000.0,VB,7.5,2.0,1.0,1.0,838.0,70.0,1970.0,-37.7974,145.0526
3,h,1402000.0,S,7.5,3.0,2.0,2.0,422.0,120.0,1950.0,-37.7927,145.056
3,t,1205000.0,S,7.5,3.0,2.0,2.0,270.0,,,-37.7864,145.0631
3,h,1190000.0,SP,7.8,3.0,1.0,1.0,276.0,105.0,1925.0,-37.8082,144.8828
4,h,1205000.0,S,7.8,4.0,1.0,1.0,318.0,145.0,1960.0,-37.8105,144.8803
3,h,860000.0,SP,7.8,3.0,1.0,3.0,555.0,168.0,1940.0,-37.8083,144.8754
3,h,760000.0,PI,9.2,3.0,1.0,2.0,584.0,,,-37.7858,144.8757
3,h,873000.0,S,9.2,3.0,1.0,2.0,625.0,,,-37.7876,144.8752
2,h,640000.0,PI,9.2,2.0,1.0,2.0,206.0,,,-37.7887,144.8828
3,t,680000.0,VB,9.2,3.0,3.0,2.0,2787.0,,2012.0,-37.7794,144.872
3,h,725000.0,S,9.2,3.0,2.0,2.0,260.0,,,-37.7825,144.8833
2,h,472500.0,S,9.2,2.0,1.0,0.0,315.0,89.0,1990.0,-37.7835,144.8723
3,t,675000.0,S,9.2,3.0,2.0,2.0,159.0,128.0,2016.0,-37.785,144.8673
2,u,405000.0,SP,9.2,2.0,2.0,1.0,2787.0,75.0,2013.0,-37.7794,144.872
4,t,838000.0,S,9.2,4.0,2.0,2.0,294.0,194.0,,-37.7844,144.8758
3,h,930000.0,SP,9.2,3.0,1.0,2.0,660.0,88.0,1955.0,-37.7851,144.8654
1,u,365000.0,SP,7.4,1.0,1.0,1.0,0.0,46.0,1960.0,-37.8691,145.0345
2,t,1000000.0,VB,7.4,2.0,2.0,1.0,156.0,,,-37.8486,145.0321
1,u,456000.0,S,7.4,1.0,1.0,1.0,4721.0,,,-37.8515,145.0372
3,h,2250000.0,S,7.4,3.0,2.0,2.0,192.0,191.0,2010.0,-37.8654,145.0297
3,h,2000000.0,VB,7.4,3.0,1.0,2.0,360.0,,,-37.8636,145.0301
3,h,2250000.0,S,11.2,3.0,1.0,2.0,840.0,170.0,1950.0,-37.883,145.0791
4,h,3200000.0,S,11.2,4.0,2.0,2.0,709.0,214.0,1910.0,-37.8693,145.0423
3,h,1380000.0,S,11.2,3.0,1.0,2.0,572.0,,,-37.8757,145.066
1,u,267500.0,S,11.2,1.0,1.0,1.0,2410.0,,,-37.8779,145.0873
4,h,1290000.0,S,11.2,4.0,2.0,2.0,395.0,,,-37.8914,145.0842
3,h,2020000.0,S,11.2,3.0,2.0,2.0,711.0,196.0,1915.0,-37.8723,145.0387
2,u,1211000.0,S,11.2,2.0,1.0,1.0,259.0,99.0,1970.0,-37.8718,145.0526
4,h,1380000.0,S,11.2,4.0,2.0,2.0,230.0,178.0,2007.0,-37.8806,145.0831
4,h,1715157.0,S,11.2,4.0,3.0,2.0,380.0,160.0,2008.0,-37.8792,145.0869
4,t,1510000.0,S,11.2,4.0,3.0,2.0,274.0,225.98,,-37.87300000000001,145.0664
3,h,1220000.0,S,11.2,3.0,1.0,2.0,446.0,134.0,1980.0,-37.8784,145.0654
4,h,1465000.0,S,11.2,4.0,2.0,2.0,559.0,,,-37.87300000000001,145.0665
2,t,431000.0,S,8.7,2.0,1.0,1.0,0.0,,,-37.7722,144.8807
5,h,1620000.0,S,8.7,5.0,3.0,2.0,601.0,274.0,2001.0,-37.7637,144.8843
4,h,1190000.0,S,8.7,4.0,3.0,2.0,224.0,205.0,2015.0,-37.7641,144.8885
1,u,432000.0,S,2.8,1.0,1.0,1.0,0.0,,2001.0,-37.8116,144.9603
4,u,1850000.0,VB,2.8,4.0,2.0,1.0,0.0,213.0,1938.0,-37.8177,144.9544
1,u,333000.0,SP,2.8,1.0,1.0,0.0,0.0,41.0,2010.0,-37.8122,144.9582
2,u,452000.0,S,2.8,2.0,1.0,0.0,0.0,60.0,2006.0,-37.8084,144.9602
3,u,895000.0,S,2.8,3.0,2.0,3.0,0.0,,,-37.8095,144.9691
1,u,275000.0,VB,2.8,1.0,1.0,0.0,0.0,52.0,2000.0,-37.8199,144.9558
2,u,683000.0,S,2.8,2.0,2.0,1.0,1136.0,88.0,2009.0,-37.8211,144.9559
2,u,640000.0,VB,2.8,2.0,1.0,1.0,0.0,66.0,2005.0,-37.8106,144.9646
4,h,1865000.0,S,11.8,4.0,2.0,2.0,609.0,,,-37.8149,145.11
4,h,2100000.0,VB,11.8,4.0,2.0,5.0,719.0,271.0,1950.0,-37.812,145.1082
2,u,442500.0,SP,11.8,2.0,1.0,1.0,0.0,,1960.0,-37.8212,145.1064
3,h,1587000.0,S,11.8,3.0,2.0,2.0,624.0,,,-37.8203,145.1105
4,h,2365000.0,S,11.8,4.0,2.0,2.0,636.0,,1920.0,-37.8127,145.107
1,u,296000.0,PI,6.9,1.0,1.0,1.0,0.0,,,-37.7605,144.9071
4,h,1531000.0,S,6.9,4.0,2.0,3.0,508.0,,,-37.7709,144.9338
2,u,439000.0,S,6.9,2.0,1.0,1.0,0.0,70.0,2005.0,-37.7679,144.9245
2,h,1040000.0,S,6.9,2.0,1.0,2.0,313.0,95.0,1920.0,-37.7663,144.9098
3,h,1670000.0,S,6.9,3.0,2.0,2.0,803.0,166.0,1915.0,-37.7627,144.9047
4,h,1940000.0,PI,6.9,4.0,2.0,3.0,675.0,228.0,1920.0,-37.7686,144.912
2,u,560000.0,PI,6.9,2.0,2.0,1.0,0.0,63.0,2015.0,-37.7675,144.92
2,h,940000.0,S,6.9,2.0,1.0,2.0,428.0,,,-37.773,144.9332
4,h,1515000.0,S,6.9,4.0,2.0,3.0,574.0,203.0,1910.0,-37.7644,144.9061
3,h,1100000.0,VB,6.9,3.0,2.0,1.0,169.0,,,-37.7595,144.9255
2,h,1350000.0,S,6.9,2.0,1.0,1.0,459.0,,,-37.7589,144.9184
5,h,2300000.0,PI,6.9,5.0,2.0,2.0,597.0,322.0,1930.0,-37.7611,144.9095
2,h,1302500.0,S,6.9,2.0,1.0,2.0,455.0,,,-37.7692,144.9353
3,h,1420200.0,S,6.9,3.0,2.0,2.0,543.0,,,-37.7619,144.9083
2,h,970000.0,S,6.9,2.0,1.0,2.0,272.0,85.0,1900.0,-37.7641,144.9073
3,h,1070000.0,S,6.9,3.0,1.0,2.0,231.0,130.0,1995.0,-37.7616,144.9284
2,u,542000.0,SA,6.9,2.0,2.0,1.0,0.0,82.0,2004.0,-37.7679,144.9245
3,h,1240000.0,S,6.9,3.0,2.0,2.0,275.0,106.0,1880.0,-37.767,144.9108
4,h,955000.0,S,6.9,4.0,2.0,3.0,431.0,246.0,1910.0,-37.7615,144.9094
3,t,1410000.0,PI,6.9,3.0,3.0,2.0,256.0,,,-37.7685,144.9294
4,h,1656000.0,S,12.1,4.0,2.0,2.0,651.0,199.0,1940.0,-37.8879,145.0768
2,h,707000.0,S,12.1,2.0,1.0,1.0,646.0,92.0,,-37.8949,145.072
2,u,770000.0,PI,12.1,2.0,1.0,3.0,194.0,,,-37.8953,145.0731
2,u,582000.0,S,12.1,2.0,1.0,2.0,1113.0,93.0,2010.0,-37.8892,145.0664
2,u,490000.0,SP,12.1,2.0,1.0,1.0,0.0,,,-37.9025,145.066
3,h,1255000.0,S,12.1,3.0,1.0,2.0,557.0,108.0,1950.0,-37.9059,145.0733
2,u,420500.0,S,12.1,2.0,1.0,1.0,0.0,,,-37.8913,145.0673
1,u,261000.0,PI,12.1,1.0,1.0,1.0,0.0,,1960.0,-37.8867,145.0699
2,u,535000.0,PI,12.1,2.0,1.0,1.0,77.0,77.0,1970.0,-37.8999,145.0643
2,u,586000.0,SP,12.1,2.0,2.0,1.0,0.0,75.0,2013.0,-37.8882,145.0666
2,u,926000.0,S,12.1,2.0,1.0,2.0,308.0,,2008.0,-37.8907,145.0761
4,h,1230000.0,SP,8.4,4.0,2.0,1.0,402.0,146.0,1925.0,-37.8433,144.8774
4,h,1560000.0,S,8.4,4.0,2.0,3.0,480.0,235.0,1940.0,-37.8439,144.8733
3,h,2000000.0,S,8.4,3.0,1.0,2.0,1070.0,,,-37.836,144.8784
2,h,820000.0,S,8.4,2.0,1.0,1.0,342.0,,,-37.8425,144.8766
3,h,1530000.0,S,8.4,3.0,1.0,2.0,588.0,,,-37.8485,144.8909
3,h,1400000.0,SP,8.4,3.0,1.0,4.0,644.0,,,-37.8457,144.8924
3,h,1200000.0,S,8.4,3.0,1.0,0.0,484.0,,,-37.8437,144.8809
3,h,1325500.0,S,8.4,3.0,2.0,0.0,367.0,,,-37.844,144.889
2,h,890000.0,S,8.4,2.0,1.0,0.0,165.0,9.0,,-37.8415,144.884
3,h,975000.0,S,8.4,3.0,2.0,2.0,333.0,192.0,2010.0,-37.8334,144.8673
5,h,1820000.0,SP,8.4,5.0,2.0,7.0,760.0,229.0,1935.0,-37.8437,144.865
3,t,900000.0,S,8.4,3.0,2.0,2.0,575.0,128.0,2017.0,-37.8389,144.8666
3,h,1410000.0,SP,8.4,3.0,2.0,2.0,315.0,,,-37.8496,144.8868
1,h,1700000.0,S,8.4,1.0,1.0,0.0,622.0,,,-37.8497,144.8903
4,h,956000.0,S,8.4,4.0,2.0,4.0,540.0,113.0,1970.0,-37.8339,144.8716
2,h,1215000.0,SP,8.4,2.0,1.0,2.0,482.0,,,-37.8358,144.8803
3,h,828000.0,SP,8.4,3.0,1.0,2.0,459.0,,,-37.8415,144.8698
4,h,1650000.0,S,8.4,4.0,1.0,4.0,837.0,173.0,1930.0,-37.837,144.8772
4,h,2337000.0,S,8.4,4.0,2.0,3.0,580.0,222.0,1890.0,-37.8477,144.8903
3,h,1370000.0,S,8.4,3.0,1.0,3.0,752.0,,,-37.8481,144.8721
2,h,1070000.0,S,8.4,2.0,1.0,3.0,480.0,,,-37.8431,144.8919
3,h,1075000.0,SP,8.4,3.0,1.0,0.0,452.0,146.0,1950.0,-37.8402,144.8886
3,h,1100000.0,PI,8.4,3.0,1.0,6.0,761.0,,,-37.8464,144.865
3,h,1312000.0,S,11.2,3.0,1.0,1.0,650.0,,,-37.7375,144.8885
3,h,960000.0,S,11.2,3.0,1.0,2.0,626.0,,,-37.7421,144.8851
3,h,935000.0,S,11.2,3.0,1.0,2.0,657.0,,,-37.7356,144.8859
3,h,810000.0,S,11.2,3.0,2.0,1.0,297.0,139.0,1955.0,-37.738,144.8865
3,h,1200000.0,S,11.2,3.0,1.0,1.0,650.0,,,-37.7436,144.8856
3,h,850000.0,PI,11.2,3.0,2.0,2.0,795.0,,,-37.736,144.8771
3,h,944000.0,S,11.2,3.0,1.0,2.0,597.0,,,-37.7473,144.8905
2,u,510000.0,VB,11.2,2.0,1.0,1.0,167.0,69.0,2013.0,-37.7343,144.8824
1,u,325000.0,PI,11.2,1.0,1.0,1.0,710.0,58.0,2015.0,-37.7355,144.8874
3,t,800000.0,PI,11.2,3.0,2.0,2.0,202.0,151.0,2015.0,-37.7418,144.8833
3,h,1450000.0,PI,11.2,3.0,1.0,1.0,650.0,,,-37.7368,144.8886
3,u,500000.0,SP,11.2,3.0,1.0,1.0,1218.0,94.0,2012.0,-37.736,144.8886
1,h,1405000.0,S,11.2,1.0,1.0,0.0,649.0,,,-37.7356,144.8799
2,h,1343000.0,S,5.5,2.0,1.0,1.0,263.0,,,-37.777,144.99200000000005
2,u,680000.0,SP,5.5,2.0,2.0,1.0,1106.0,70.0,2009.0,-37.7679,144.9994
2,h,695000.0,S,5.5,2.0,1.0,1.0,120.0,,1975.0,-37.7715,145.0075
2,u,420000.0,VB,5.5,2.0,1.0,1.0,1000.0,,,-37.7836,145.0139
3,h,1300000.0,SP,5.5,3.0,1.0,0.0,191.0,108.0,1915.0,-37.7717,144.995
2,h,995000.0,PI,5.5,2.0,1.0,2.0,228.0,110.0,2004.0,-37.7634,144.9985
5,h,1750000.0,PI,5.5,5.0,2.0,0.0,406.0,225.0,1900.0,-37.7751,145.0099
4,h,1822000.0,S,5.5,4.0,1.0,8.0,728.0,,1900.0,-37.7825,145.0072
1,u,280000.0,VB,5.5,1.0,1.0,1.0,0.0,,1970.0,-37.7827,145.0113
2,h,1100000.0,SP,5.5,2.0,1.0,1.0,189.0,,,-37.7767,144.9924
3,h,1610000.0,SP,5.5,3.0,2.0,1.0,411.0,,,-37.7744,145.0077
2,h,970000.0,PI,5.5,2.0,1.0,1.0,326.0,,,-37.7681,145.0119
2,h,970000.0,S,5.5,2.0,2.0,1.0,173.0,,,-37.7806,145.0097
4,h,2990000.0,S,5.5,4.0,1.0,2.0,557.0,,,-37.7721,145.0004
2,h,1050000.0,S,5.5,2.0,1.0,1.0,181.0,85.0,1925.0,-37.7659,144.9903
2,h,1290000.0,S,5.5,2.0,1.0,0.0,259.0,,,-37.7741,145.0073
2,u,471250.0,S,5.5,2.0,1.0,1.0,1000.0,,,-37.7836,145.0139
3,h,1235000.0,S,5.5,3.0,1.0,1.0,534.0,127.0,1960.0,-37.7677,145.0142
2,t,600000.0,S,11.5,2.0,1.0,1.0,161.0,112.0,2015.0,-37.712,144.9175
3,h,955000.0,S,11.5,3.0,1.0,2.0,690.0,,1950.0,-37.7167,144.9127
3,u,601000.0,SP,11.5,3.0,1.0,2.0,220.0,90.0,1990.0,-37.7131,144.9091
3,h,755000.0,SP,11.5,3.0,2.0,1.0,341.0,170.0,2003.0,-37.7166,144.9104
3,h,1400000.0,VB,11.5,3.0,1.0,3.0,730.0,,,-37.7167,144.9216
5,h,1005000.0,S,11.5,5.0,3.0,2.0,647.0,,,-37.719,144.9254
4,h,860000.0,PI,11.5,4.0,2.0,2.0,301.0,,,-37.7149,144.9153
5,h,1306000.0,S,11.5,5.0,3.0,3.0,700.0,,,-37.7206,144.9194
4,h,1250000.0,S,11.5,4.0,2.0,3.0,568.0,,,-37.7136,144.92700000000005
3,u,648000.0,S,11.5,3.0,1.0,1.0,0.0,94.0,1998.0,-37.7188,144.9243
4,h,2525000.0,S,14.0,4.0,2.0,0.0,1143.0,,,-37.8952,145.0928
4,h,1615000.0,S,14.0,4.0,2.0,2.0,537.0,199.0,1920.0,-37.91,145.096
3,u,655000.0,PI,14.0,3.0,1.0,2.0,160.0,104.0,1970.0,-37.8946,145.0944
5,h,1351000.0,S,14.0,5.0,3.0,2.0,707.0,175.0,1955.0,-37.9098,145.097
3,h,1205000.0,S,14.0,3.0,2.0,1.0,570.0,,,-37.9066,145.0869
2,h,676000.0,S,14.0,2.0,1.0,2.0,257.0,,,-37.9067,145.0921
4,h,1145000.0,S,14.0,4.0,2.0,2.0,538.0,,,-37.895,145.1014
4,h,1600000.0,PI,14.0,4.0,3.0,4.0,691.0,213.0,1950.0,-37.8999,145.0993
4,h,1840000.0,S,14.0,4.0,2.0,2.0,598.0,222.0,1900.0,-37.898,145.0928
3,h,1300000.0,S,11.8,3.0,2.0,2.0,670.0,,1927.0,-37.9067,145.053
5,h,2250000.0,S,11.8,5.0,2.0,2.0,699.0,228.0,1925.0,-37.908,145.0502
2,u,437500.0,S,11.8,2.0,1.0,1.0,0.0,74.0,1970.0,-37.9023,145.0461
3,u,960000.0,S,11.8,3.0,2.0,2.0,199.0,167.0,1995.0,-37.9034,145.0409
4,h,1486000.0,S,11.8,4.0,2.0,1.0,618.0,,,-37.9051,145.0473
4,t,1425000.0,S,11.8,4.0,2.0,2.0,314.0,189.0,2000.0,-37.9084,145.0532
1,u,311500.0,PI,11.8,1.0,1.0,1.0,0.0,,,-37.9032,145.0455
3,u,835000.0,S,2.6,3.0,1.0,1.0,0.0,,1978.0,-37.7867,144.9572
4,h,3970000.0,S,2.6,4.0,3.0,1.0,289.0,,,-37.7959,144.9569
3,h,2790000.0,S,2.6,3.0,2.0,1.0,180.0,120.0,1890.0,-37.7961,144.9538
3,h,755000.0,S,9.9,3.0,2.0,2.0,294.0,110.0,1950.0,-37.7215,144.9251
2,h,750000.0,PI,9.9,2.0,1.0,2.0,531.0,,,-37.7189,144.9508
2,h,999000.0,S,9.9,2.0,1.0,1.0,587.0,95.0,1920.0,-37.7306,144.9357
3,h,800000.0,SP,9.9,3.0,1.0,0.0,793.0,,,-37.7182,144.9506
4,h,800000.0,S,9.9,4.0,1.0,1.0,593.0,131.0,1970.0,-37.7278,144.9463
3,h,806000.0,SP,9.9,3.0,1.0,1.0,488.0,,,-37.7253,144.9467
4,h,770000.0,S,9.9,4.0,1.0,2.0,596.0,130.0,1960.0,-37.7195,144.9456
2,u,496000.0,S,9.9,2.0,1.0,1.0,136.0,,,-37.7218,144.9406
3,h,585000.0,S,9.9,3.0,1.0,1.0,0.0,129.0,2000.0,-37.7243,144.9473
2,t,540000.0,VB,9.9,2.0,1.0,2.0,240.0,,,-37.7217,144.924
3,h,708000.0,S,9.9,3.0,1.0,2.0,321.0,94.0,1950.0,-37.7242,144.9424
2,u,497000.0,SP,9.9,2.0,1.0,1.0,123.0,,1970.0,-37.7181,144.9322
3,h,800000.0,S,9.9,3.0,1.0,2.0,506.0,,,-37.7187,144.9433
4,h,1395000.0,S,9.9,4.0,3.0,4.0,590.0,,,-37.7302,144.9357
2,u,427500.0,S,9.9,2.0,1.0,1.0,134.0,75.0,1988.0,-37.7216,144.9292
3,t,560000.0,S,9.9,3.0,2.0,1.0,141.0,94.0,2009.0,-37.7177,144.9328
5,h,1410000.0,PI,9.9,5.0,3.0,4.0,1004.0,,,-37.7321,144.9353
2,t,520000.0,S,9.9,2.0,1.0,1.0,0.0,82.0,2011.0,-37.7324,144.9377
3,h,1017500.0,S,9.9,3.0,1.0,1.0,620.0,,,-37.7303,144.9445
2,h,910000.0,S,9.9,2.0,1.0,3.0,602.0,,,-37.724,144.9447
5,h,958000.0,S,9.9,5.0,2.0,2.0,706.0,166.0,1950.0,-37.7328,144.9281
3,h,770000.0,PI,9.9,3.0,1.0,1.0,603.0,,,-37.7186,144.9318
3,h,1400000.0,S,3.8,3.0,3.0,0.0,92.0,105.0,1910.0,-37.8368,144.9463
2,u,520000.0,VB,3.8,2.0,1.0,1.0,2166.0,54.0,2012.0,-37.8415,144.9412
2,h,1332000.0,S,3.8,2.0,1.0,2.0,288.0,,,-37.8366,144.923
2,h,801000.0,S,3.8,2.0,2.0,1.0,0.0,90.0,2012.0,-37.84,144.939
3,h,2400000.0,S,3.8,3.0,2.0,2.0,368.0,226.0,1880.0,-37.8323,144.9463
2,u,575000.0,S,3.8,2.0,1.0,1.0,7159.0,61.0,2008.0,-37.841,144.9386
2,u,950000.0,S,3.8,2.0,2.0,1.0,98.0,,2005.0,-37.8392,144.9257
2,u,730000.0,SP,3.8,2.0,1.0,1.0,0.0,,,-37.842,144.9413
2,u,1110000.0,S,3.8,2.0,2.0,1.0,0.0,,,-37.8427,144.9378
2,u,2250000.0,S,3.8,2.0,2.0,2.0,0.0,,,-37.8444,144.9421
4,h,2700000.0,S,3.8,4.0,3.0,2.0,317.0,156.0,1900.0,-37.8346,144.9358
4,h,1375000.0,S,3.8,4.0,1.0,1.0,190.0,,,-37.833,144.9377
2,u,600000.0,VB,3.8,2.0,1.0,1.0,0.0,61.0,2005.0,-37.8443,144.9442
2,u,1030000.0,S,3.8,2.0,2.0,2.0,21715.0,99.0,2005.0,-37.8424,144.9449
3,h,1251000.0,PI,4.5,3.0,1.0,0.0,195.0,,,-37.851,145.0055
2,h,1305000.0,SP,4.5,2.0,1.0,1.0,210.0,,,-37.8551,145.0058
1,u,550000.0,S,4.5,1.0,1.0,1.0,0.0,,1900.0,-37.8516,144.9943
2,u,645000.0,S,4.5,2.0,1.0,1.0,2842.0,84.0,1920.0,-37.8513,144.9943
2,u,550000.0,SP,4.5,2.0,1.0,1.0,72.0,69.0,1976.0,-37.8542,145.0024
1,u,410000.0,PI,4.5,1.0,1.0,1.0,0.0,,,-37.8529,145.0103
2,u,690000.0,S,4.5,2.0,2.0,2.0,1146.0,,,-37.8597,145.0093
2,u,630000.0,S,4.5,2.0,1.0,1.0,0.0,59.0,1970.0,-37.8538,145.0088
2,u,685000.0,S,4.5,2.0,1.0,1.0,8220.0,87.0,1965.0,-37.8508,144.9874
2,u,570000.0,S,4.5,2.0,1.0,1.0,479.0,,,-37.8489,144.9903
1,h,860000.0,PI,4.5,1.0,1.0,0.0,108.0,54.0,1905.0,-37.8508,145.0051
3,h,880000.0,PI,4.5,3.0,1.0,0.0,249.0,,,-37.859,145.0038
2,u,475000.0,VB,4.5,2.0,1.0,1.0,0.0,,,-37.8519,144.9948
2,u,888000.0,S,4.5,2.0,1.0,1.0,0.0,,,-37.849,145.0088
2,u,413000.0,SP,8.8,2.0,1.0,1.0,0.0,,2009.0,-37.7499,145.0031
3,h,1190000.0,S,8.8,3.0,2.0,2.0,572.0,118.0,1935.0,-37.736,145.0033
2,h,2000000.0,PI,8.8,2.0,1.0,2.0,465.0,,,-37.7424,145.0026
3,h,1045000.0,S,8.8,3.0,1.0,2.0,513.0,,,-37.7505,144.991
3,h,1121000.0,S,8.8,3.0,2.0,3.0,604.0,123.0,1925.0,-37.7438,144.9971
3,u,715000.0,S,8.8,3.0,1.0,1.0,210.0,,1996.0,-37.7317,145.0083
4,h,1200000.0,S,8.8,4.0,3.0,2.0,466.0,,,-37.731,145.0115
3,h,917500.0,S,8.8,3.0,2.0,2.0,472.0,123.0,1965.0,-37.7336,145.0022
4,h,770000.0,S,8.8,4.0,1.0,1.0,494.0,,,-37.7386,145.0234
3,h,800000.0,PI,8.8,3.0,2.0,2.0,319.0,124.0,1940.0,-37.7334,144.9873
4,h,1075000.0,S,8.8,4.0,1.0,2.0,521.0,146.0,1935.0,-37.7506,144.99
3,h,1015000.0,S,8.8,3.0,2.0,1.0,511.0,,,-37.7377,144.9911
3,t,880000.0,S,8.8,3.0,2.0,2.0,242.0,103.6,,-37.7506,145.0185
3,h,1020000.0,PI,8.8,3.0,2.0,2.0,670.0,140.0,,-37.7353,145.0232
3,h,1000000.0,VB,8.8,3.0,1.0,3.0,624.0,145.0,1950.0,-37.7373,144.9864
3,h,1010000.0,SP,8.8,3.0,0.0,0.0,533.0,,,-37.7336,145.0168
4,h,1110000.0,S,8.8,4.0,1.0,2.0,556.0,,1935.0,-37.7489,144.9861
2,h,800000.0,VB,8.8,2.0,1.0,1.0,405.0,,,-37.7356,145.0087
3,h,910000.0,S,8.8,3.0,1.0,1.0,674.0,90.0,1955.0,-37.7341,145.0275
3,h,1215000.0,S,8.8,3.0,1.0,1.0,690.0,,,-37.7452,145.0192
2,h,2300000.0,SP,8.8,2.0,1.0,2.0,465.0,,,-37.7424,145.0026
2,h,1108000.0,SP,8.8,2.0,1.0,0.0,258.0,,1940.0,-37.7521,145.0071
3,h,801000.0,S,8.8,3.0,1.0,2.0,620.0,,,-37.7305,144.9856
3,h,1010000.0,S,8.8,3.0,1.0,2.0,486.0,,,-37.7341,145.0096
3,h,690000.0,S,8.8,3.0,1.0,2.0,581.0,90.0,1960.0,-37.7536,145.0191
2,h,630000.0,PI,8.8,2.0,1.0,1.0,319.0,,1955.0,-37.7442,144.9958
3,h,1100000.0,S,8.8,3.0,2.0,4.0,637.0,124.0,1950.0,-37.7344,145.0208
3,h,1055000.0,S,8.8,3.0,1.0,2.0,575.0,,,-37.7288,144.9849
2,u,560000.0,S,8.8,2.0,1.0,2.0,196.0,,,-37.7362,144.9885
1,u,385000.0,SP,8.8,1.0,1.0,1.0,896.0,65.0,2011.0,-37.7316,145.0201
4,h,741000.0,S,11.2,4.0,1.0,2.0,659.0,,,-37.7148,145.019
3,h,725000.0,S,11.2,3.0,1.0,1.0,547.0,,,-37.7039,145.0226
3,u,615000.0,S,11.2,3.0,1.0,2.0,320.0,,,-37.7018,145.0134
2,u,406000.0,S,11.2,2.0,1.0,1.0,0.0,,,-37.7093,145.0083
3,h,1010000.0,S,11.2,3.0,1.0,2.0,649.0,,,-37.7258,145.0113
2,h,852000.0,S,11.2,2.0,1.0,2.0,705.0,,,-37.712,145.0205
3,h,595000.0,SP,11.2,3.0,1.0,1.0,490.0,116.0,1970.0,-37.7152,144.9817
3,h,665000.0,S,11.2,3.0,1.0,2.0,874.0,,,-37.6982,145.0043
3,u,631000.0,S,11.2,3.0,1.0,1.0,267.0,,,-37.714,145.007
4,h,905000.0,S,11.2,4.0,2.0,2.0,696.0,142.0,1965.0,-37.7074,145.0276
5,h,845000.0,S,11.2,5.0,2.0,2.0,676.0,100.0,1960.0,-37.7114,145.02100000000004
3,t,815000.0,S,11.2,3.0,2.0,2.0,213.0,1.0,2012.0,-37.7085,145.018
4,h,770000.0,S,11.2,4.0,3.0,3.0,697.0,213.0,1970.0,-37.701,144.9993
2,h,935000.0,S,11.2,2.0,1.0,1.0,537.0,,,-37.7269,144.988
3,h,610000.0,S,11.2,3.0,1.0,2.0,435.0,102.0,1960.0,-37.7054,144.9945
4,h,678500.0,S,11.2,0.0,1.0,2.0,606.0,,,-37.6987,145.0203
2,h,861500.0,S,11.2,2.0,1.0,1.0,419.0,100.0,1940.0,-37.721,145.016
3,h,801000.0,SP,11.2,3.0,1.0,1.0,551.0,115.0,1950.0,-37.7194,145.0015
4,h,1150000.0,S,11.2,4.0,1.0,2.0,928.0,,,-37.7179,144.9908
3,h,760000.0,PI,11.2,3.0,2.0,2.0,567.0,,,-37.7236,144.9876
2,u,490000.0,S,11.2,2.0,1.0,1.0,143.0,85.0,2009.0,-37.6955,145.0097
3,h,605000.0,S,11.2,3.0,1.0,2.0,371.0,112.0,1950.0,-37.7068,145.0193
2,t,652000.0,S,11.2,2.0,2.0,2.0,254.0,93.0,2007.0,-37.7071,145.0108
2,t,615000.0,S,11.2,2.0,1.0,1.0,202.0,,,-37.7199,145.0091
1,u,407000.0,S,11.2,1.0,1.0,1.0,108.0,,,-37.7196,145.0092
4,h,930000.0,S,11.2,4.0,1.0,3.0,635.0,,,-37.7205,145.0165
3,t,741000.0,S,11.2,3.0,2.0,2.0,257.0,120.0,,-37.7218,145.0231
2,h,375000.0,PI,11.2,2.0,1.0,1.0,101.0,67.0,1980.0,-37.7091,145.0259
4,h,1005000.0,S,11.2,4.0,2.0,5.0,768.0,,,-37.6947,144.9851
4,h,800000.0,SP,11.2,4.0,1.0,4.0,605.0,,,-37.7051,145.0331
2,u,395000.0,S,11.2,2.0,1.0,1.0,166.0,,1990.0,-37.6986,145.024
2,h,1025000.0,S,11.2,2.0,2.0,1.0,715.0,,,-37.7302,145.0129
2,u,505000.0,S,11.2,2.0,1.0,1.0,110.0,1.0,1960.0,-37.7216,145.0099
2,h,950000.0,VB,2.6,2.0,1.0,0.0,150.0,,,-37.8191,144.9977
2,h,1110000.0,S,2.6,2.0,1.0,0.0,166.0,,,-37.8172,145.0053
2,t,950000.0,VB,2.6,2.0,1.0,1.0,113.0,118.0,2012.0,-37.8119,144.9947
2,u,1226000.0,S,2.6,2.0,1.0,1.0,826.0,99.0,1996.0,-37.821,145.0054
1,u,500000.0,VB,2.6,1.0,1.0,1.0,2044.0,,,-37.817,144.9955
3,h,1214000.0,S,2.6,3.0,1.0,0.0,176.0,106.0,1900.0,-37.8162,145.006
1,u,370000.0,SP,2.6,1.0,1.0,1.0,3512.0,,2011.0,-37.8183,144.9979
3,u,790000.0,SP,2.6,3.0,1.0,1.0,0.0,90.0,1999.0,-37.833,144.997
3,h,1400000.0,VB,2.6,3.0,2.0,0.0,848.0,,,-37.8235,144.9963
2,u,500000.0,VB,2.6,2.0,1.0,1.0,0.0,,2012.0,-37.8175,144.9974
2,t,1090000.0,S,2.6,2.0,2.0,1.0,0.0,137.0,2002.0,-37.8151,145.0003
3,h,1785000.0,S,2.6,3.0,1.0,0.0,240.0,115.0,1958.0,-37.8221,144.9964
2,u,560000.0,PI,2.6,2.0,1.0,1.0,7455.0,65.0,2008.0,-37.822,145.0104
2,u,690000.0,VB,2.6,2.0,2.0,1.0,760.0,,2010.0,-37.825,144.9976
2,h,1050000.0,PI,2.6,2.0,1.0,0.0,134.0,63.7,1900.0,-37.817,145.0058
3,h,2060000.0,PI,2.6,3.0,2.0,1.0,181.0,,,-37.8161,145.0037
2,h,860000.0,PI,2.6,2.0,1.0,0.0,111.0,,,-37.8108,144.9955
3,t,1052000.0,S,2.6,3.0,1.0,2.0,0.0,100.0,2010.0,-37.8221,144.9988
3,h,3000000.0,VB,2.6,3.0,2.0,7.0,230.0,204.0,2011.0,-37.8213,144.9948
3,h,1330000.0,S,2.6,3.0,1.0,1.0,154.0,95.0,1900.0,-37.8264,145.0123
2,u,630000.0,S,2.6,2.0,2.0,1.0,3512.0,,2011.0,-37.8183,144.9979
2,h,1210000.0,S,2.6,2.0,1.0,0.0,178.0,,,-37.8226,145.0064
1,h,911000.0,S,2.6,1.0,1.0,0.0,126.0,77.0,1900.0,-37.8259,145.0107
3,h,1590000.0,S,2.6,3.0,1.0,1.0,318.0,,,-37.8225,145.0096
4,h,1380000.0,S,11.4,4.0,2.0,2.0,607.0,,,-37.7334,145.0631
4,h,1150000.0,SP,11.4,4.0,1.0,2.0,672.0,,,-37.7438,145.0769
4,h,1160000.0,S,11.4,4.0,2.0,2.0,613.0,,,-37.7323,145.0692
2,u,615000.0,S,11.4,2.0,1.0,1.0,190.0,105.0,1980.0,-37.7437,145.0729
3,h,940000.0,VB,11.4,3.0,2.0,2.0,581.0,,,-37.7399,145.0681
2,h,665000.0,PI,6.6,2.0,1.0,0.0,269.0,80.0,1900.0,-37.8026,144.8882
3,h,950000.0,S,6.6,3.0,1.0,0.0,220.0,,1920.0,-37.8077,144.8883
2,h,1085000.0,S,6.6,2.0,1.0,2.0,249.0,,,-37.8052,144.8879
3,h,847000.0,S,6.6,3.0,1.0,1.0,205.0,,,-37.8053,144.8967
2,h,785000.0,S,6.6,2.0,1.0,1.0,116.0,,,-37.8046,144.891
3,h,2240000.0,S,2.1,3.0,2.0,1.0,197.0,168.0,1900.0,-37.8395,144.9489
3,h,2050000.0,PI,2.1,3.0,2.0,1.0,230.0,,,-37.8373,144.9527
1,u,460000.0,S,2.1,1.0,1.0,1.0,0.0,42.0,1970.0,-37.8344,144.9581
2,u,650000.0,VB,2.1,2.0,1.0,0.0,438.0,2.0,1900.0,-37.8353,144.9599
2,t,1100000.0,S,2.1,2.0,1.0,1.0,327.0,75.0,2004.0,-37.8351,144.964
3,h,1820000.0,S,2.1,3.0,1.0,1.0,204.0,105.0,1910.0,-37.8365,144.9497
3,h,1780000.0,S,2.1,3.0,2.0,2.0,202.0,,,-37.837,144.9585
2,h,1024000.0,S,2.1,2.0,1.0,0.0,102.0,,1880.0,-37.8355,144.9675
3,u,680000.0,VB,2.1,3.0,2.0,2.0,0.0,110.87,2003.0,-37.8309,144.9686
2,h,1150000.0,PI,2.1,2.0,1.0,1.0,91.0,,1970.0,-37.836,144.9638
3,u,710000.0,VB,2.1,3.0,2.0,2.0,0.0,150.0,2001.0,-37.8319,144.9682
3,u,1320000.0,S,3.3,3.0,2.0,2.0,15.0,15.0,,-37.8398,144.9945
1,u,537000.0,S,3.3,1.0,1.0,1.0,0.0,,2000.0,-37.8361,144.9966
2,u,800000.0,VB,3.3,2.0,2.0,2.0,0.0,,2000.0,-37.8361,144.9966
1,u,410000.0,S,3.3,1.0,1.0,0.0,0.0,,,-37.8378,144.9883
2,u,499000.0,S,3.3,2.0,1.0,1.0,0.0,,1970.0,-37.8452,145.0001
2,h,1214000.0,S,3.3,2.0,1.0,0.0,161.0,82.0,1900.0,-37.8454,144.9891
2,u,485000.0,PI,3.3,2.0,1.0,0.0,5467.0,73.0,1970.0,-37.8406,145.0035
3,u,920000.0,S,3.3,3.0,1.0,1.0,0.0,,1970.0,-37.836,144.9782
2,u,615000.0,S,3.3,2.0,1.0,1.0,0.0,,,-37.837,144.9907
2,u,642000.0,S,3.3,2.0,1.0,1.0,595.0,,,-37.8422,144.9855
3,t,3475000.0,S,3.3,3.0,3.0,1.0,296.0,,,-37.8366,144.9882
2,h,1710000.0,PI,3.3,2.0,2.0,0.0,208.0,145.0,1880.0,-37.8433,145.0024
2,u,851000.0,S,3.3,2.0,1.0,1.0,284.0,,,-37.8471,145.0019
3,t,2030000.0,S,3.3,3.0,2.0,2.0,201.0,,,-37.8428,144.9877
2,h,1405000.0,S,3.3,2.0,1.0,0.0,219.0,,,-37.8424,144.9867
2,u,850000.0,S,3.3,2.0,2.0,2.0,17200.0,,2000.0,-37.8361,144.9966
2,u,792500.0,S,3.3,2.0,1.0,1.0,0.0,106.0,1970.0,-37.8383,144.9995
1,u,390500.0,SP,3.3,1.0,1.0,0.0,775.0,46.0,1960.0,-37.8354,144.984
3,u,2050000.0,S,3.3,3.0,2.0,2.0,3197.0,,,-37.8446,144.9844
2,u,595000.0,S,3.3,2.0,1.0,2.0,0.0,,,-37.8447,145.0037
1,u,346000.0,SP,6.1,1.0,1.0,1.0,678.0,,,-37.8585,144.983
1,u,520000.0,S,6.1,1.0,1.0,1.0,2422.0,,1970.0,-37.8644,144.9741
1,u,320000.0,VB,6.1,1.0,1.0,1.0,1036.0,,,-37.8607,144.9873
2,u,610500.0,SP,6.1,2.0,2.0,1.0,2920.0,84.0,2006.0,-37.8709,144.9807
1,u,350000.0,VB,6.1,1.0,1.0,1.0,1236.0,,1968.0,-37.8585,144.9884
2,h,1120000.0,S,6.1,2.0,1.0,0.0,135.0,74.0,1930.0,-37.8661,144.9802
2,t,1077000.0,S,6.1,2.0,1.0,1.0,455.0,98.0,1890.0,-37.8636,144.9749
2,h,1301000.0,S,6.1,2.0,1.0,1.0,165.0,97.0,1910.0,-37.8658,144.9774
2,h,1440000.0,S,6.1,2.0,1.0,2.0,194.0,112.0,1890.0,-37.8658,144.9795
2,u,680000.0,S,6.1,2.0,1.0,0.0,0.0,,,-37.859,144.9816
3,h,1361000.0,S,6.1,3.0,1.0,0.0,246.0,,,-37.8635,144.991
3,u,1000000.0,SP,6.1,3.0,1.0,0.0,0.0,115.0,1930.0,-37.8718,144.9767
2,u,902000.0,S,6.1,2.0,1.0,1.0,18.0,,,-37.8624,144.9823
3,u,1190000.0,S,6.1,3.0,1.0,1.0,460.0,140.0,1955.0,-37.8623,144.9772
2,h,920000.0,S,6.1,2.0,1.0,0.0,190.0,,,-37.8579,144.9844
2,u,482000.0,S,6.1,2.0,1.0,1.0,0.0,54.0,2004.0,-37.857,144.9867
4,h,2260000.0,S,6.1,4.0,2.0,1.0,297.0,,,-37.8729,144.9794
4,h,810000.0,PI,9.7,4.0,1.0,1.0,543.0,137.0,1960.0,-37.7199,144.9044
3,h,1021000.0,S,9.7,3.0,2.0,2.0,371.0,183.0,2014.0,-37.7229,144.9055
3,t,925000.0,S,9.7,3.0,3.0,1.0,555.0,293.0,,-37.7345,144.9228
5,h,910000.0,SP,9.7,5.0,2.0,2.0,533.0,204.0,1965.0,-37.7189,144.9044
3,h,900000.0,VB,9.7,3.0,1.0,2.0,531.0,,,-37.7192,144.9045
3,h,995000.0,SP,9.7,3.0,2.0,3.0,653.0,,1940.0,-37.7296,144.9225
5,h,1150000.0,SP,9.7,5.0,2.0,2.0,702.0,,,-37.7253,144.9146
3,h,940000.0,S,12.6,3.0,2.0,2.0,572.0,190.0,1950.0,-37.7966,144.8256
4,h,726000.0,S,12.6,4.0,2.0,0.0,567.0,95.0,1950.0,-37.7866,144.8458
3,h,950000.0,S,12.6,3.0,1.0,1.0,725.0,,,-37.7918,144.8419
4,h,760000.0,S,12.6,4.0,1.0,5.0,650.0,,,-37.7867,144.8437
4,h,990000.0,S,12.6,4.0,1.0,6.0,654.0,189.0,1950.0,-37.7803,144.8415
3,h,651500.0,S,12.6,3.0,1.0,1.0,555.0,,,-37.7988,144.822
4,h,970000.0,S,12.6,4.0,1.0,4.0,615.0,,,-37.785,144.8383
3,h,841000.0,S,12.6,3.0,1.0,2.0,557.0,,1960.0,-37.7811,144.8373
3,h,710000.0,S,12.6,3.0,1.0,0.0,483.0,93.84,1950.0,-37.7875,144.8456
3,h,840000.0,PI,12.6,3.0,1.0,1.0,462.0,108.0,1930.0,-37.7894,144.8383
3,h,660000.0,S,12.6,3.0,2.0,2.0,660.0,,,-37.7954,144.8246
3,h,692000.0,S,12.6,3.0,1.0,1.0,485.0,,,-37.7868,144.8428
3,h,830000.0,S,13.3,3.0,1.0,2.0,608.0,,,-37.7743,144.8446
3,h,600000.0,S,13.3,3.0,1.0,2.0,465.0,,,-37.7549,144.8304
3,h,718000.0,S,13.3,3.0,1.0,2.0,551.0,,,-37.771,144.8389
4,h,775000.0,S,13.3,4.0,1.0,2.0,665.0,147.0,1980.0,-37.7662,144.8383
3,h,490000.0,PI,13.3,3.0,1.0,1.0,546.0,145.0,1960.0,-37.7676,144.8307
3,h,716000.0,S,13.5,3.0,1.0,1.0,534.0,120.0,1975.0,-37.7886,144.821
3,h,511000.0,S,13.5,3.0,2.0,2.0,519.0,,,-37.7997,144.7968
4,h,515000.0,SP,13.5,4.0,2.0,2.0,332.0,159.0,2006.0,-37.7962,144.8064
3,h,530000.0,S,13.5,3.0,1.0,1.0,573.0,119.0,1970.0,-37.8017,144.8258
4,h,685000.0,S,13.5,4.0,2.0,2.0,572.0,184.0,1967.0,-37.7912,144.7979
3,h,700000.0,PI,13.5,3.0,1.0,2.0,701.0,,,-37.7889,144.8047
3,t,521000.0,S,13.5,3.0,3.0,2.0,134.0,124.45,2008.0,-37.79,144.7886
3,h,571000.0,S,13.5,3.0,1.0,1.0,757.0,100.0,1950.0,-37.7845,144.8088
3,h,710000.0,SP,13.5,3.0,1.0,4.0,990.0,,,-37.7928,144.8068
2,u,682000.0,S,11.2,2.0,1.0,2.0,119.0,,,-37.8271,145.1032
2,u,825000.0,S,11.2,2.0,1.0,2.0,180.0,85.0,1970.0,-37.8351,145.10299999999995
3,h,1525000.0,S,11.2,3.0,2.0,2.0,347.0,195.0,2013.0,-37.8323,145.105
2,h,1260000.0,SP,11.2,2.0,1.0,0.0,269.0,124.0,1910.0,-37.8201,145.0887
4,h,2360000.0,S,11.2,4.0,2.0,2.0,764.0,265.0,1930.0,-37.81800000000001,145.0946
2,h,1250000.0,SP,11.2,2.0,2.0,1.0,323.0,96.0,1980.0,-37.823,145.0993
4,h,1490000.0,S,11.2,4.0,1.0,4.0,605.0,,,-37.8292,145.1053
4,h,1600000.0,PI,11.2,4.0,1.0,2.0,600.0,186.0,1886.0,-37.8327,145.0976
3,h,1652000.0,S,11.2,3.0,2.0,2.0,368.0,150.0,,-37.8176,145.0882
4,h,2370000.0,PI,11.2,4.0,3.0,2.0,773.0,300.0,1900.0,-37.8263,145.0911
3,t,940000.0,PI,13.8,3.0,2.0,3.0,281.0,,2011.0,-37.7586,145.1211
3,h,1503500.0,S,13.8,3.0,1.0,1.0,907.0,,,-37.7628,145.1185
3,t,950000.0,VB,13.8,3.0,2.0,2.0,306.0,,,-37.7658,145.1014
3,h,1370000.0,S,13.8,3.0,1.0,2.0,743.0,,,-37.7703,145.1086
4,h,1181000.0,SP,13.8,4.0,2.0,2.0,805.0,,,-37.7565,145.1067
3,h,1385000.0,S,13.8,3.0,1.0,2.0,745.0,,,-37.769,145.1108
3,h,1180000.0,S,13.8,3.0,1.0,3.0,655.0,,,-37.7685,145.1026
4,h,1302000.0,S,13.8,4.0,2.0,2.0,650.0,,,-37.7686,145.1023
5,h,1775000.0,S,13.8,5.0,4.0,2.0,501.0,,,-37.762,145.1244
3,h,1750000.0,S,6.5,3.0,1.0,3.0,712.0,,,-37.7598,145.0118
3,h,1345000.0,S,6.5,3.0,2.0,4.0,584.0,,,-37.7555,145.0152
3,h,1080000.0,S,6.5,3.0,1.0,1.0,408.0,,,-37.7573,145.0083
3,h,1195000.0,S,6.5,3.0,1.0,2.0,463.0,131.0,1930.0,-37.7593,144.9885
2,u,716000.0,S,6.5,2.0,1.0,1.0,0.0,87.0,1995.0,-37.7554,144.982
3,t,865000.0,S,6.5,3.0,2.0,2.0,194.0,,2000.0,-37.7538,144.9991
2,u,462000.0,S,6.5,2.0,1.0,1.0,0.0,,1970.0,-37.7561,145.0067
3,h,1100000.0,PI,6.5,3.0,2.0,1.0,359.0,,,-37.7551,144.9916
4,h,1635000.0,S,6.5,4.0,2.0,2.0,464.0,,,-37.7579,145.0169
3,t,998000.0,SP,6.5,3.0,2.0,1.0,0.0,166.0,2001.0,-37.7579,145.0
2,u,600000.0,S,6.5,2.0,1.0,1.0,0.0,59.0,1960.0,-37.7549,144.9979
3,h,1346000.0,S,6.5,3.0,2.0,2.0,349.0,130.0,1918.0,-37.7544,144.998
3,h,1130000.0,S,6.5,3.0,1.0,1.0,381.0,,,-37.7575,145.0128
3,h,1275000.0,PI,6.5,3.0,1.0,2.0,517.0,115.0,1950.0,-37.7638,145.0182
3,h,1200000.0,S,6.5,3.0,1.0,1.0,447.0,,,-37.7622,145.0074
2,h,915000.0,S,6.5,2.0,1.0,1.0,502.0,,,-37.7541,145.016
1,u,300000.0,SP,6.5,1.0,1.0,1.0,948.0,,1970.0,-37.7577,145.0151
3,u,880000.0,SP,6.5,3.0,1.0,2.0,242.0,117.0,1995.0,-37.7639,145.0135
2,t,960000.0,S,6.5,2.0,2.0,2.0,158.0,133.0,2007.0,-37.7587,144.9881
2,h,1260000.0,S,6.5,2.0,1.0,0.0,317.0,96.0,1910.0,-37.7606,144.9995
2,h,1100000.0,SP,6.5,3.0,1.0,1.0,330.0,132.0,1930.0,-37.7629,145.0165
3,h,810000.0,VB,13.8,3.0,1.0,1.0,667.0,,,-37.743,145.0839
4,h,1140000.0,S,13.8,4.0,2.0,4.0,863.0,,,-37.7317,145.0952
4,h,1003000.0,S,13.8,4.0,2.0,2.0,619.0,,,-37.7355,145.0928
4,h,1155000.0,PI,13.8,4.0,2.0,3.0,780.0,217.0,1950.0,-37.7308,145.0932
3,h,880000.0,S,14.9,3.0,1.0,4.0,555.0,,,-37.713,145.0894
5,h,826000.0,S,14.9,5.0,1.0,2.0,545.0,132.0,1970.0,-37.705,145.0825
4,h,952000.0,S,14.9,4.0,2.0,2.0,729.0,,,-37.711,145.08100000000005
3,h,677500.0,S,14.9,3.0,1.0,2.0,245.0,,,-37.716,145.0769
4,h,761000.0,S,14.9,4.0,1.0,2.0,696.0,123.0,1956.0,-37.7054,145.0809
3,h,715000.0,SP,14.9,3.0,1.0,2.0,312.0,,,-37.7031,145.0773
4,h,932500.0,S,14.9,4.0,2.0,2.0,585.0,180.0,1950.0,-37.7154,145.0777
3,h,895000.0,S,14.9,3.0,1.0,2.0,775.0,,,-37.7075,145.0807
4,h,1435000.0,S,8.2,4.0,2.0,2.0,523.0,244.0,1915.0,-37.798,144.8728
2,h,470000.0,SP,8.2,2.0,1.0,1.0,0.0,77.0,1975.0,-37.8088,144.8715
2,h,502000.0,S,8.2,2.0,1.0,1.0,2701.0,79.0,2011.0,-37.8109,144.8684
3,u,580000.0,SP,8.2,2.0,1.0,0.0,183.0,104.0,1930.0,-37.7968,144.8708
1,u,375000.0,S,8.2,1.0,1.0,1.0,60.0,,1982.0,-37.7971,144.8703
2,h,650000.0,VB,8.2,2.0,1.0,1.0,452.0,,1950.0,-37.804,144.8772
3,t,815000.0,S,8.2,3.0,1.0,2.0,203.0,3.0,,-37.7928,144.8811
4,h,970000.0,PI,8.2,4.0,1.0,2.0,528.0,143.0,1940.0,-37.7969,144.8647
4,h,1325000.0,S,8.2,4.0,2.0,4.0,525.0,188.0,1930.0,-37.7994,144.8763
3,h,890000.0,S,8.2,3.0,1.0,3.0,334.0,,,-37.7916,144.8762
3,h,900000.0,S,8.2,3.0,1.0,0.0,218.0,,,-37.7963,144.8801
2,u,266000.0,S,8.2,2.0,1.0,1.0,1059.0,65.0,1970.0,-37.8062,144.8665
3,h,830000.0,PI,8.2,3.0,1.0,0.0,370.0,,,-37.7916,144.8715
2,h,888000.0,PI,8.2,2.0,1.0,2.0,401.0,113.81,1945.0,-37.7903,144.8703
3,h,1040000.0,S,8.2,3.0,1.0,1.0,330.0,,,-37.7961,144.8815
2,u,490000.0,S,8.2,2.0,1.0,1.0,117.0,,,-37.7968,144.8735
3,h,935000.0,S,8.2,3.0,1.0,2.0,325.0,102.0,1925.0,-37.7922,144.8818
3,h,975000.0,S,8.2,3.0,1.0,0.0,318.0,,,-37.7955,144.8713
1,u,185000.0,PI,8.2,1.0,1.0,1.0,0.0,,,-37.798,144.8672
4,h,2165000.0,SP,8.0,4.0,2.0,2.0,450.0,190.0,1910.0,-37.861,144.8985
3,h,1245000.0,S,8.0,3.0,2.0,2.0,292.0,117.0,1980.0,-37.8575,144.8922
4,h,2075000.0,SP,8.0,4.0,3.0,2.0,324.0,229.0,2009.0,-37.8622,144.8884
2,u,543000.0,S,8.0,2.0,1.0,1.0,0.0,78.0,1974.0,-37.8536,144.8981
3,h,1150000.0,SP,8.0,3.0,1.0,0.0,308.0,120.0,1900.0,-37.8526,144.895
3,h,1290000.0,S,8.0,3.0,1.0,0.0,273.0,,,-37.8651,144.8986
2,h,1000000.0,S,8.0,2.0,1.0,2.0,447.0,,,-37.8602,144.8997
5,h,2040000.0,S,8.0,5.0,3.0,2.0,531.0,288.0,1997.0,-37.8629,144.8781
4,h,1412000.0,SP,8.0,4.0,2.0,4.0,551.0,,,-37.8579,144.8786
2,u,465000.0,S,8.0,2.0,1.0,1.0,0.0,78.0,1970.0,-37.8589,144.8921
2,h,855000.0,S,8.0,2.0,1.0,1.0,160.0,,,-37.8546,144.8883
2,u,550000.0,SP,8.0,2.0,1.0,2.0,0.0,65.0,1990.0,-37.8685,144.9058
2,u,490000.0,S,8.0,2.0,1.0,1.0,0.0,,,-37.8588,144.8919
4,h,1200000.0,SP,8.0,4.0,3.0,2.0,183.0,191.0,2006.0,-37.8566,144.8737
3,h,1330000.0,S,8.0,3.0,2.0,2.0,184.0,,,-37.8629,144.8896
4,h,1500000.0,VB,8.0,4.0,3.0,2.0,450.0,,,-37.8617,144.8786
4,h,1630000.0,S,8.0,4.0,2.0,2.0,260.0,,,-37.8657,144.8942
3,h,935000.0,S,7.0,3.0,1.0,0.0,212.0,,,-37.8143,144.8883
3,h,990000.0,S,7.0,3.0,1.0,2.0,340.0,119.0,1940.0,-37.8227,144.8827
2,h,950000.0,SP,7.0,2.0,1.0,0.0,94.0,,,-37.8167,144.888
2,h,1196000.0,S,7.0,2.0,1.0,2.0,451.0,,,-37.8178,144.8752
2,h,470000.0,S,7.0,2.0,1.0,1.0,79.0,,1965.0,-37.8226,144.8842
3,h,1131500.0,SP,7.0,3.0,1.0,1.0,248.0,,,-37.8157,144.8925
4,h,2035000.0,S,7.0,4.0,2.0,0.0,607.0,201.0,1890.0,-37.8128,144.8905
3,h,935000.0,S,7.0,3.0,1.0,0.0,198.0,98.0,1970.0,-37.8194,144.8914
3,h,892000.0,S,7.0,3.0,1.0,2.0,449.0,106.76,1940.0,-37.8195,144.8766
4,h,985500.0,S,7.0,4.0,1.0,5.0,445.0,139.0,1977.0,-37.8228,144.8769
2,u,650000.0,SP,7.0,2.0,2.0,2.0,0.0,92.0,1985.0,-37.8161,144.8967
3,t,1070000.0,S,7.0,3.0,2.0,2.0,257.0,,2012.0,-37.813,144.8703
2,u,397000.0,S,7.0,2.0,1.0,1.0,0.0,68.0,1975.0,-37.8128,144.8953
2,h,1035000.0,S,7.0,2.0,1.0,3.0,469.0,,,-37.8184,144.872
3,h,1370000.0,S,7.0,3.0,2.0,2.0,389.0,,,-37.8181,144.8882
2,h,650000.0,PI,7.0,2.0,1.0,2.0,304.0,81.0,1960.0,-37.8122,144.8671
2,h,820000.0,PI,7.0,2.0,1.0,0.0,211.0,,,-37.812,144.8865
3,h,750000.0,PI,7.0,3.0,2.0,1.0,390.0,126.0,1980.0,-37.8227,144.8955
2,u,497600.0,SP,7.0,2.0,1.0,1.0,0.0,,,-37.8167,144.8936
3,h,970000.0,S,7.0,3.0,2.0,0.0,354.0,135.0,1930.0,-37.8212,144.8937
2,h,1256000.0,S,7.0,2.0,1.0,3.0,531.0,111.0,1940.0,-37.8158,144.8707
3,t,1120000.0,S,7.0,3.0,2.0,0.0,152.0,170.0,2012.0,-37.811,144.8889
3,h,1425000.0,PI,7.0,3.0,3.0,2.0,305.0,220.0,2007.0,-37.8149,144.8942
3,h,872500.0,SP,7.0,3.0,1.0,2.0,189.0,85.0,1920.0,-37.8145,144.8808
4,h,1455000.0,S,7.0,4.0,1.0,1.0,328.0,140.0,1920.0,-37.8097,144.8906
1,u,331000.0,S,7.0,1.0,1.0,1.0,0.0,54.0,1970.0,-37.8105,144.8952
3,h,950000.0,S,7.0,3.0,2.0,2.0,287.0,210.68,2002.0,-37.8233,144.8825
3,h,1000000.0,SP,2.5,3.0,1.0,0.0,198.0,98.0,1900.0,-37.8025,144.9939
2,u,870000.0,S,2.5,2.0,2.0,1.0,0.0,86.0,2013.0,-37.8055,144.9961
2,h,1050000.0,S,2.5,2.0,1.0,0.0,129.0,128.0,1890.0,-37.8099,145.0027
2,h,1242000.0,S,2.5,2.0,1.0,1.0,249.0,98.0,1940.0,-37.8052,144.9963
3,h,1165000.0,S,2.5,3.0,2.0,0.0,92.0,114.0,1888.0,-37.797,144.9957
3,h,872500.0,S,13.5,3.0,1.0,1.0,594.0,,1950.0,-37.7203,144.8757
3,h,720000.0,S,13.5,3.0,2.0,2.0,305.0,136.0,2008.0,-37.7284,144.8874
3,h,985000.0,S,13.5,3.0,1.0,1.0,841.0,,,-37.7251,144.8785
3,h,510000.0,VB,13.5,3.0,1.0,1.0,488.0,217.0,1960.0,-37.7191,144.8857
2,u,480000.0,VB,13.5,2.0,1.0,1.0,128.0,92.0,2009.0,-37.7216,144.8837
3,h,800000.0,S,13.9,4.0,2.0,5.0,689.0,128.0,1951.0,-37.7776,144.8167
2,u,420000.0,S,13.9,2.0,1.0,1.0,192.0,88.0,1970.0,-37.7832,144.8275
3,h,700000.0,S,13.9,3.0,1.0,2.0,697.0,,,-37.7841,144.8169
3,u,580000.0,PI,13.9,3.0,2.0,2.0,250.0,129.0,2013.0,-37.7798,144.8156
1,u,200000.0,VB,13.9,1.0,1.0,1.0,1175.0,35.0,1970.0,-37.7849,144.8272
3,h,621000.0,S,13.9,3.0,1.0,3.0,547.0,140.0,,-37.7765,144.8123
3,u,600000.0,SA,13.9,3.0,1.0,1.0,181.0,129.0,2000.0,-37.7815,144.8128
3,h,840000.0,SP,13.8,3.0,1.0,2.0,577.0,,,-37.864,144.8161
5,h,1480000.0,SP,13.8,5.0,3.0,4.0,725.0,201.0,1980.0,-37.8712,144.8107
2,t,600000.0,SP,13.8,2.0,1.0,2.0,190.0,,,-37.8718,144.819
2,t,597500.0,S,13.8,2.0,1.0,2.0,178.0,,2009.0,-37.8701,144.8209
3,h,1165000.0,S,13.8,3.0,1.0,2.0,700.0,,,-37.8707,144.8076
4,h,1295000.0,S,13.8,3.0,1.0,2.0,725.0,,,-37.8678,144.816
2,h,1450000.0,S,11.0,2.0,1.0,1.0,627.0,,,-37.8689,145.0882
2,u,925000.0,S,11.0,2.0,1.0,2.0,257.0,,,-37.866,145.089
4,h,2220000.0,S,11.0,4.0,3.0,2.0,480.0,244.0,2016.0,-37.8726,145.0716
3,h,1912500.0,S,11.0,3.0,2.0,2.0,869.0,,,-37.8686,145.0721
4,h,2085000.0,PI,11.0,4.0,2.0,2.0,705.0,,,-37.8635,145.0895
3,h,1380000.0,S,9.7,3.0,2.0,1.0,548.0,,,-37.8021,145.0637
2,u,825000.0,PI,9.7,2.0,2.0,2.0,288.0,,,-37.8078,145.1031
3,h,1670000.0,PI,9.7,3.0,1.0,1.0,534.0,,,-37.8114,145.0793
3,t,1680000.0,S,9.7,3.0,3.0,1.0,329.0,178.0,2005.0,-37.8101,145.0844
2,h,1005000.0,S,10.9,2.0,1.0,2.0,780.0,156.0,1950.0,-37.8241,144.8419
3,u,1520000.0,S,1.8,3.0,2.0,2.0,214.0,,1993.0,-37.8177,144.8496
2,t,960000.0,VB,1.8,2.0,2.0,1.0,0.0,90.0,1860.0,-37.7947,144.9724
2,u,995000.0,S,1.8,2.0,2.0,1.0,0.0,110.0,2000.0,-37.7973,144.9712
1,u,490000.0,S,1.8,1.0,1.0,1.0,0.0,51.0,2009.0,-37.7998,144.9689
2,u,500000.0,VB,1.8,2.0,1.0,1.0,4076.0,,,-37.7941,144.9678
4,h,1750000.0,VB,10.3,4.0,2.0,2.0,707.0,217.0,1956.0,-37.762,145.0645
5,h,2710000.0,PI,10.3,5.0,3.0,2.0,1001.0,,1930.0,-37.7605,145.0593
1,u,503000.0,S,1.5,1.0,1.0,1.0,0.0,,,-37.8161,144.9845
2,u,810000.0,S,1.5,2.0,1.0,1.0,944.0,,,-37.8144,144.9896
4,h,4275000.0,S,1.5,4.0,2.0,2.0,326.0,,1970.0,-37.8133,144.9865
1,u,385000.0,S,8.5,1.0,1.0,1.0,1851.0,,,-37.8822,144.9994
3,t,850000.0,VB,8.5,3.0,2.0,2.0,114.0,145.0,1995.0,-37.8857,145.0011
2,u,740000.0,SP,8.5,2.0,1.0,1.0,0.0,97.0,1960.0,-37.8881,145.0097
3,h,1940000.0,S,8.5,3.0,2.0,2.0,439.0,,1912.0,-37.892,145.0103
2,u,595000.0,S,8.5,2.0,1.0,1.0,0.0,,,-37.886,145.0008
2,u,632500.0,S,8.5,2.0,1.0,1.0,0.0,76.0,1968.0,-37.8817,145.0032
2,u,687000.0,SP,7.7,2.0,1.0,1.0,1912.0,,1970.0,-37.8795,144.98
2,u,1260000.0,S,7.7,2.0,2.0,2.0,626.0,125.0,2008.0,-37.8865,144.9874
2,u,695000.0,S,7.7,2.0,1.0,1.0,845.0,,1970.0,-37.8888,144.991
3,u,950000.0,S,7.7,3.0,1.0,1.0,0.0,,,-37.8794,144.9804
1,u,360000.0,S,7.7,1.0,1.0,0.0,0.0,39.5,1959.0,-37.8749,144.9799
3,h,1875000.0,VB,7.7,3.0,2.0,2.0,270.0,,,-37.8805,144.9933
2,u,642000.0,S,7.7,2.0,1.0,0.0,0.0,,1960.0,-37.8753,144.9902
3,h,1520000.0,S,7.7,3.0,2.0,1.0,362.0,138.0,1900.0,-37.8772,144.9904
5,h,2275000.0,S,7.7,5.0,2.0,1.0,399.0,,1910.0,-37.8777,144.9915
2,u,800000.0,SP,7.7,2.0,2.0,2.0,0.0,92.0,2001.0,-37.8857,144.9884
2,u,500000.0,SA,7.7,2.0,1.0,1.0,0.0,76.0,1960.0,-37.8777,144.9891
1,u,490000.0,VB,7.7,1.0,1.0,1.0,0.0,53.0,2002.0,-37.8852,144.9877
4,h,1291000.0,S,9.4,4.0,2.0,2.0,521.0,157.0,1945.0,-37.7372,144.9022
2,t,810000.0,S,9.4,2.0,2.0,1.0,175.0,,,-37.7417,144.9079
2,u,415500.0,S,9.4,2.0,1.0,1.0,82.0,,1970.0,-37.743,144.9084
2,t,1100000.0,VB,1.6,2.0,2.0,1.0,81.0,136.0,1990.0,-37.7976,144.9778
2,t,1350000.0,S,1.6,2.0,1.0,2.0,6261.0,117.0,1999.0,-37.799,144.975
2,u,600000.0,VB,1.6,2.0,1.0,1.0,2122.0,,,-37.7967,144.9836
2,h,1350000.0,VB,1.6,2.0,1.0,0.0,131.0,110.0,1900.0,-37.7999,144.9776
3,h,2725000.0,S,1.6,3.0,2.0,1.0,0.0,,,-37.8007,144.9833
2,t,1050000.0,S,1.6,2.0,1.0,1.0,87.0,,2000.0,-37.7959,144.9802
3,h,1326000.0,S,1.6,3.0,2.0,2.0,718.0,,2006.0,-37.8065,144.9781
2,h,1200000.0,SP,1.6,2.0,1.0,0.0,63.0,,1900.0,-37.8018,144.9825
2,u,681500.0,SP,1.6,2.0,1.0,1.0,0.0,,,-37.7964,144.9839
3,h,680000.0,S,13.6,3.0,2.0,1.0,277.0,168.0,2010.0,-37.7039,144.8986
3,h,741000.0,S,13.6,3.0,2.0,2.0,585.0,,,-37.7055,144.8943
4,h,990000.0,S,13.6,4.0,2.0,2.0,702.0,170.0,2003.0,-37.7071,144.8989
4,h,970000.0,S,13.6,4.0,2.0,3.0,737.0,265.0,2010.0,-37.7088,144.8938
3,h,485000.0,SP,14.5,3.0,1.0,2.0,630.0,105.23,1970.0,-37.6822,144.9108
4,h,618000.0,S,14.5,4.0,1.0,2.0,604.0,,,-37.6875,144.9102
3,u,616000.0,S,14.5,3.0,1.0,2.0,431.0,,,-37.721,144.8584
3,h,773000.0,S,14.5,3.0,2.0,2.0,650.0,150.0,1980.0,-37.724,144.8514
1,u,355000.0,SP,4.2,1.0,1.0,1.0,2581.0,,,-37.7979,144.9265
1,t,425000.0,SA,4.2,1.0,1.0,1.0,0.0,46.0,2000.0,-37.7886,144.9253
2,u,535000.0,SP,4.2,2.0,2.0,1.0,2592.0,70.0,2012.0,-37.7961,144.9261
2,u,500000.0,S,4.2,2.0,1.0,1.0,0.0,86.0,2000.0,-37.7897,144.9228
2,u,525000.0,VB,4.2,2.0,1.0,1.0,0.0,73.0,2011.0,-37.7912,144.9318
2,h,1110000.0,S,4.2,2.0,1.0,0.0,155.0,,,-37.7989,144.9275
3,t,917500.0,S,4.2,3.0,1.0,1.0,98.0,101.0,1997.0,-37.791,144.9323
2,u,730000.0,SP,4.2,2.0,2.0,1.0,2135.0,,2012.0,-37.7956,144.935
2,t,811000.0,SP,4.2,2.0,1.0,0.0,113.0,,,-37.7898,144.9276
3,h,1190000.0,S,4.2,3.0,2.0,1.0,180.0,,,-37.7973,144.9208
2,h,903000.0,S,4.2,2.0,1.0,0.0,184.0,,,-37.7964,144.9339
3,h,902500.0,S,4.2,3.0,1.0,1.0,0.0,125.0,2003.0,-37.7954,144.9259
4,h,1817000.0,SP,4.2,4.0,2.0,1.0,309.0,,,-37.791,144.928
2,u,528000.0,S,4.2,2.0,1.0,1.0,0.0,,1975.0,-37.7928,144.9279
2,h,1000000.0,VB,4.2,2.0,1.0,0.0,159.0,,,-37.7985,144.9307
1,u,380000.0,VB,4.2,1.0,1.0,1.0,2592.0,,,-37.7961,144.9261
4,h,1817000.0,SP,4.2,4.0,2.0,1.0,309.0,,,-37.791,144.928
3,h,1420000.0,S,4.1,3.0,1.0,0.0,112.0,,,-37.8447,144.9604
2,h,1335000.0,S,4.1,2.0,1.0,1.0,107.0,,1900.0,-37.8468,144.9612
2,h,1300000.0,S,4.1,2.0,1.0,0.0,132.0,80.0,1900.0,-37.8527,144.9657
4,h,2860000.0,S,4.1,4.0,3.0,2.0,160.0,,,-37.8471,144.9595
3,h,1630000.0,S,4.1,3.0,1.0,0.0,143.0,,,-37.8484,144.963
3,h,2250000.0,VB,4.1,3.0,2.0,1.0,148.0,146.0,1890.0,-37.8496,144.963
2,h,1035000.0,S,14.6,2.0,1.0,1.0,593.0,,,-37.9396,145.0519
3,h,1321000.0,S,14.6,3.0,1.0,2.0,688.0,,1956.0,-37.9432,145.0462
2,t,742500.0,S,14.6,2.0,1.0,1.0,179.0,101.0,2001.0,-37.9369,145.0473
3,h,860000.0,SA,14.6,3.0,1.0,2.0,601.0,104.0,1970.0,-37.9409,145.0602
3,h,2161000.0,S,2.3,3.0,2.0,1.0,230.0,245.0,1900.0,-37.7987,144.9434
3,h,1485000.0,S,2.3,3.0,1.0,1.0,198.0,95.0,1968.0,-37.8029,144.9459
2,h,940000.0,S,2.3,2.0,1.0,0.0,89.0,65.0,1890.0,-37.9394,145.089
3,h,770000.0,S,14.7,3.0,1.0,1.0,590.0,132.0,1960.0,-37.918,145.085
3,h,985100.0,S,14.7,3.0,1.0,2.0,621.0,,1950.0,-37.9115,145.0889
4,h,1410000.0,S,14.7,4.0,2.0,4.0,590.0,161.0,1950.0,-37.9316,145.0821
3,u,815000.0,S,14.7,3.0,1.0,2.0,393.0,,,-37.9233,145.1062
3,h,1042500.0,S,14.7,3.0,1.0,4.0,658.0,146.0,1950.0,-37.9176,145.0839
3,t,815000.0,S,9.1,3.0,2.0,2.0,148.0,,,-37.8287,144.8705
2,u,321000.0,SP,9.1,2.0,1.0,1.0,0.0,,1970.0,-37.8288,144.8711
3,h,995000.0,S,9.1,3.0,1.0,0.0,669.0,,,-37.8303,144.8679
3,h,1290000.0,S,9.1,3.0,1.0,3.0,715.0,,,-37.8289,144.8718
2,u,300000.0,PI,9.1,2.0,1.0,1.0,0.0,,1970.0,-37.8288,144.8711
2,u,505000.0,S,1.2,2.0,1.0,1.0,0.0,,,-37.8242,144.9626
2,u,595000.0,S,1.2,2.0,1.0,1.0,0.0,75.0,1998.0,-37.8288,144.9679
2,u,580000.0,VB,1.2,2.0,1.0,1.0,0.0,79.0,1995.0,-37.8273,144.9685
2,u,580000.0,SA,1.2,2.0,1.0,1.0,0.0,70.0,1994.0,-37.8248,144.9667
3,h,1320000.0,S,7.7,3.0,1.0,3.0,738.0,,,-37.826,144.8769
1,u,380000.0,S,7.7,1.0,1.0,1.0,89.0,37.0,1980.0,-37.8291,144.8848
3,h,1100000.0,SP,7.7,3.0,1.0,0.0,305.0,115.0,1900.0,-37.8312,144.8893
3,u,660000.0,S,7.7,3.0,1.0,1.0,221.0,120.0,2003.0,-37.8297,144.8752
2,u,867000.0,S,4.6,2.0,1.0,1.0,1087.0,,,-37.8373,145.0106
1,u,552000.0,S,4.6,1.0,1.0,1.0,0.0,,,-37.8428,145.0081
2,u,655000.0,S,4.6,2.0,1.0,1.0,1816.0,105.0,1960.0,-37.8389,145.0141
3,u,840000.0,S,4.6,3.0,1.0,1.0,1678.0,94.0,1940.0,-37.8384,145.0178
2,u,1010000.0,PI,4.6,2.0,2.0,2.0,586.0,119.0,1990.0,-37.8427,145.0236
2,u,650000.0,S,4.6,2.0,1.0,0.0,0.0,,,-37.8454,145.0076
3,h,2400000.0,PI,4.6,3.0,2.0,1.0,224.0,,1950.0,-37.8445,145.0124
4,h,3600000.0,PI,4.6,4.0,2.0,2.0,815.0,,,-37.845,145.0134
2,u,750000.0,PI,4.6,2.0,1.0,1.0,0.0,,1970.0,-37.8432,145.0137
1,u,247500.0,SA,4.6,1.0,1.0,1.0,0.0,,,-37.8421,145.0104
3,t,1320000.0,S,4.6,3.0,2.0,1.0,3.0,131.0,1970.0,-37.8474,145.0125
3,u,922500.0,S,4.6,3.0,1.0,2.0,4657.0,,1980.0,-37.8421,145.0237
2,u,760000.0,S,4.6,2.0,1.0,1.0,0.0,,,-37.8359,145.0126
2,u,546000.0,S,8.9,2.0,1.0,1.0,2023.0,,1979.0,-37.8573,144.8854
3,t,670000.0,VB,8.9,3.0,2.0,2.0,146.0,141.0,2001.0,-37.857,144.8846
3,h,1070000.0,PI,8.9,3.0,2.0,5.0,442.0,249.0,2003.0,-37.8538,144.8722
3,h,1575000.0,S,8.9,3.0,1.0,1.0,860.0,160.0,1950.0,-37.8565,144.8865
4,h,1520000.0,SP,8.9,4.0,2.0,3.0,560.0,,,-37.8559,144.8764
3,t,720000.0,SP,8.9,3.0,2.0,2.0,146.0,141.0,2001.0,-37.857,144.8846
3,h,1045000.0,S,8.9,3.0,2.0,3.0,526.0,159.0,1990.0,-37.855,144.8742
2,u,585000.0,S,5.1,2.0,1.0,1.0,0.0,79.0,1965.0,-37.8559,144.999
2,u,690000.0,S,5.1,2.0,1.0,1.0,0.0,,,-37.8573,144.9978
2,u,854000.0,SP,5.1,2.0,1.0,1.0,774.0,90.0,1945.0,-37.8582,144.9979
1,h,900000.0,VB,5.1,1.0,1.0,1.0,160.0,,1930.0,-37.8556,144.9885
1,u,350000.0,SP,5.1,1.0,1.0,0.0,0.0,48.0,1975.0,-37.8508,144.984
3,h,721500.0,S,15.0,3.0,1.0,1.0,594.0,,,-37.7214,145.1063
5,h,1060000.0,S,15.0,5.0,2.0,2.0,627.0,232.0,1960.0,-37.7327,145.0804
3,h,984000.0,S,15.0,3.0,2.0,2.0,552.0,,,-37.7285,145.0851
2,u,450000.0,SP,6.6,2.0,1.0,1.0,0.0,50.0,1960.0,-37.8656,144.9919
2,u,490000.0,VB,6.6,2.0,1.0,0.0,601.0,,,-37.8757,144.998
1,u,440000.0,S,6.6,1.0,1.0,0.0,0.0,,1940.0,-37.8686,144.9969
3,h,1406000.0,S,9.8,3.0,1.0,1.0,34.0,,,-37.7506,144.8891
3,h,1305000.0,S,9.8,3.0,1.0,2.0,147.0,,,-37.7523,144.8862
3,u,488000.0,S,12.4,3.0,1.0,1.0,260.0,150.0,1961.0,-37.7157,145.0386
3,h,1750000.0,S,1.9,3.0,1.0,1.0,160.0,,1870.0,-37.8082,144.9451
2,t,1013000.0,S,1.9,2.0,2.0,1.0,0.0,130.0,2010.0,-37.8094,144.9452
3,t,1171000.0,S,1.9,3.0,2.0,1.0,650.0,,,-37.8098,144.9448
2,h,1053000.0,S,1.9,2.0,1.0,0.0,147.0,,1880.0,-37.8059,144.9459
1,u,295000.0,SP,1.9,1.0,1.0,1.0,0.0,,2013.0,-37.8084,144.9473
3,h,445000.0,S,14.5,3.0,1.0,2.0,534.0,,,-37.6741,144.9698
2,u,360000.0,SP,5.3,2.0,1.0,1.0,0.0,51.0,2010.0,-37.7847,144.9383
3,h,640000.0,S,10.4,3.0,1.0,2.0,219.0,101.37,1960.0,-37.71655,144.88155
3,h,961000.0,S,10.4,3.0,1.0,2.0,717.0,,1950.0,-37.72274,144.88002
2,h,1535000.0,S,3.0,2.0,1.0,0.0,171.0,,1900.0,-37.8481,144.9566
3,h,570000.0,S,10.5,3.0,1.0,0.0,423.0,142.0,1920.0,-37.77917,144.82223
4,h,2345000.0,S,5.7,4.0,2.0,2.0,803.0,,,-37.78122000000001,145.0336
3,h,900000.0,S,9.4,3.0,1.0,2.0,672.0,110.0,1960.0,-37.8265,144.84386
5,h,5200000.0,SP,6.3,5.0,3.0,3.0,761.0,,,-37.85311,145.02847
3,h,1225000.0,S,10.2,3.0,1.0,2.0,770.0,,,-37.87257,145.09781999999996
3,u,622000.0,S,9.5,3.0,1.0,1.0,204.0,,,-37.76215,144.85986
3,h,825000.0,SP,9.5,3.0,1.0,4.0,603.0,,,-37.76616,144.8575
4,h,1475000.0,PI,7.9,4.0,3.0,5.0,380.0,,,-37.80156,145.06715
5,h,2160000.0,S,9.7,5.0,1.0,2.0,860.0,,,-37.79888,145.06649
3,t,1050000.0,PI,9.7,3.0,3.0,2.0,200.0,,,-37.79362,145.0652
3,h,1275000.0,VB,9.7,3.0,2.0,2.0,226.0,127.0,1965.0,-37.79495,145.08192
3,t,640000.0,S,23.2,3.0,2.0,1.0,187.0,125.0,2010.0,-37.83909,145.26075
3,u,500000.0,PI,23.2,3.0,1.0,2.0,263.0,,1970.0,-37.83303,145.27488
4,h,1221000.0,PI,17.3,4.0,2.0,3.0,554.0,,1925.0,-37.98139000000001,145.05251
4,h,1823000.0,S,17.3,4.0,2.0,3.0,728.0,,,-37.98713,145.04887
6,h,2000000.0,S,17.3,6.0,3.0,4.0,836.0,,,-37.98942,145.03394
3,h,1365000.0,S,11.4,3.0,1.0,1.0,776.0,,,-37.92487,145.04703
3,h,1045000.0,SP,11.4,3.0,1.0,1.0,401.0,114.0,1970.0,-37.92999,145.04932
5,h,1220000.0,S,13.8,5.0,2.0,2.0,611.0,188.0,1950.0,-37.93228,145.07026000000005
4,h,627500.0,SP,35.2,4.0,2.0,2.0,687.0,,,-38.02434,145.33117
3,h,642000.0,S,25.0,3.0,2.0,2.0,968.0,,,-37.84674,145.29351
3,h,840000.0,S,16.1,3.0,1.0,2.0,509.0,120.0,2000.0,-37.70822,145.11495
3,h,2650000.0,S,10.5,3.0,2.0,2.0,645.0,219.0,1910.0,-37.90876,145.00743
1,u,380000.0,VB,10.5,1.0,1.0,1.0,1993.0,46.0,2000.0,-37.88468,144.99722
5,h,3250000.0,SP,10.5,5.0,3.0,2.0,835.0,,,-37.92615,145.00282
4,t,1731000.0,SP,10.3,4.0,3.0,2.0,345.0,239.0,2001.0,-37.91503,145.00888
3,t,465000.0,S,14.0,3.0,2.0,3.0,248.0,123.21,2010.0,-37.68358,144.92387
3,h,518500.0,S,14.0,3.0,1.0,0.0,576.0,110.0,1999.0,-37.69237,144.93143999999995
2,u,692000.0,S,5.2,2.0,1.0,1.0,0.0,,,-37.77742,144.95666
2,h,1305000.0,S,4.0,2.0,1.0,0.0,315.0,,,-37.76386,144.97783
3,h,1100000.0,S,5.2,3.0,1.0,1.0,322.0,,,-37.76073,144.94803000000005
2,h,573000.0,S,5.2,2.0,1.0,1.0,0.0,,1970.0,-37.76732,144.94098
3,h,1060000.0,S,10.8,3.0,1.0,2.0,631.0,,,-37.77615,145.08907
3,h,805000.0,S,12.1,3.0,1.0,2.0,669.0,,,-37.70834,145.05424
3,h,682000.0,S,12.1,3.0,1.0,1.0,583.0,,,-37.70074,145.0648
3,h,535000.0,S,14.8,3.0,2.0,2.0,472.0,230.0,2005.0,-37.7331,144.76282
4,h,1088000.0,PI,14.7,4.0,1.0,1.0,536.0,140.7481,,-37.8534,145.14218
3,h,1180000.0,S,14.7,3.0,1.0,1.0,563.0,,,-37.85771,145.15466
3,h,630000.0,PI,14.8,3.0,2.0,2.0,397.0,145.0,2007.0,-37.75107,144.78415
2,u,677000.0,S,7.7,2.0,1.0,1.0,131.0,76.0,1975.0,-37.84716,145.07351
2,u,670000.0,VB,7.7,2.0,1.0,1.0,0.0,,,-37.83202,145.06095
3,t,1320000.0,PI,7.7,3.0,2.0,2.0,227.0,223.0,2006.0,-37.84689,145.05863
2,u,816000.0,S,8.4,2.0,2.0,1.0,8140.0,86.5,2015.0,-37.82091,145.06011
1,u,350000.0,VB,1.6,1.0,1.0,1.0,0.0,30.6,1970.0,-37.79859,144.97336
2,u,620000.0,S,1.6,2.0,2.0,1.0,0.0,,2013.0,-37.7969,144.9742
3,h,1760000.0,S,1.6,3.0,2.0,2.0,151.0,,,-37.79449,144.97406
3,h,545000.0,SP,14.8,3.0,2.0,2.0,301.0,,,-37.74397,144.73471999999995
2,u,1091500.0,S,8.7,2.0,2.0,1.0,225.0,,,-37.89565,145.0234
5,h,1140000.0,S,17.9,5.0,2.0,2.0,570.0,,,-37.96763,145.07898
3,t,950000.0,S,17.9,3.0,3.0,2.0,160.0,149.0,2013.0,-37.96062,145.04296000000005
2,u,425000.0,S,17.9,2.0,1.0,1.0,0.0,,,-37.97143,145.05219
3,h,1116000.0,S,17.9,3.0,1.0,2.0,610.0,,,-37.95629,145.06031000000004
3,u,1030000.0,S,3.6,3.0,2.0,2.0,538.0,,1995.0,-37.79297,144.99776
2,h,900000.0,VB,6.7,2.0,1.0,1.0,350.0,100.0,1920.0,-37.74483,144.97269
4,h,922000.0,SP,6.7,4.0,2.0,2.0,463.0,80.0,1960.0,-37.73704,144.97959
3,h,1077000.0,S,6.7,3.0,1.0,2.0,512.0,,,-37.75279000000001,144.95379
3,h,805000.0,PI,6.7,3.0,2.0,2.0,296.0,,,-37.72495,144.98348
4,h,665000.0,PI,20.6,4.0,2.0,2.0,756.0,236.0,2007.0,-37.58885,144.90135
3,h,515500.0,S,20.6,3.0,1.0,4.0,651.0,117.0,1990.0,-37.60329,144.93948
3,h,660000.0,S,20.6,3.0,2.0,3.0,618.0,225.5,2014.0,-37.59715,144.89656000000005
5,h,572000.0,S,34.7,5.0,2.0,1.0,581.0,,,-38.10687,145.2811
4,h,932000.0,S,23.0,4.0,2.0,2.0,880.0,225.0,1970.0,-37.79587,145.2683
2,h,570000.0,SP,23.0,2.0,1.0,1.0,312.0,110.0,1994.0,-37.80752,145.27212
4,h,875000.0,S,23.0,4.0,2.0,2.0,244.0,,,-37.80267,145.27569
2,u,348000.0,S,24.7,2.0,1.0,0.0,156.0,,,-37.98712,145.22262
3,h,627000.0,S,24.7,3.0,1.0,1.0,610.0,120.0,1970.0,-37.96322,145.20586
3,h,760000.0,SP,24.7,3.0,1.0,2.0,751.0,,,-37.96609,145.21997
2,h,621000.0,S,21.8,2.0,1.0,0.0,610.0,61.0,1939.0,-37.67629,145.15589
2,u,612000.0,S,22.2,2.0,1.0,1.0,197.0,,1975.0,-37.98412,145.13433
3,t,840000.0,SP,12.4,3.0,2.0,2.0,0.0,,,-37.78653,145.12363
6,h,1856000.0,SP,14.3,6.0,3.0,3.0,1056.0,322.0,1970.0,-37.78053,145.15567
7,h,2705000.0,S,16.1,7.0,2.0,4.0,5022.0,409.54,2004.0,-37.76598,145.19329
3,h,530500.0,S,25.9,3.0,2.0,2.0,400.0,179.0,2012.0,-37.61042,145.11932
3,h,975000.0,S,18.0,3.0,1.0,0.0,841.0,,,-37.71926,145.15081999999995
3,h,805000.0,S,18.0,3.0,2.0,0.0,848.0,127.0,1979.0,-37.70913,145.1647
4,h,940000.0,SP,19.6,4.0,3.0,2.0,508.0,364.0,2012.0,-37.62693,145.01563000000004
2,u,437000.0,S,19.6,2.0,1.0,2.0,351.0,109.0,2000.0,-37.65099,145.04663
5,h,660000.0,S,19.6,5.0,3.0,2.0,708.0,,,-37.63888,145.02813
3,h,1325000.0,S,7.5,3.0,2.0,2.0,441.0,,,-37.74664,144.92285
1,u,310000.0,S,7.5,1.0,1.0,1.0,0.0,,,-37.75515,144.92113999999995
3,t,864000.0,S,7.5,3.0,1.0,2.0,177.0,3.0,,-37.7401,144.89674
1,u,291000.0,S,7.5,1.0,1.0,1.0,0.0,47.0,1970.0,-37.75121,144.91326
3,h,750000.0,VB,7.5,3.0,1.0,1.0,236.0,114.0,2000.0,-37.75403,144.8867
5,h,2200000.0,VB,7.5,5.0,3.0,2.0,607.0,291.0,2016.0,-37.75148,144.88519
3,h,1550000.0,S,5.7,3.0,2.0,0.0,478.0,,,-37.78022,145.01771000000005
3,h,720000.0,S,13.1,3.0,1.0,2.0,603.0,,,-37.69863,144.96685
2,h,1350000.0,VB,3.6,2.0,1.0,1.0,184.0,79.0,1900.0,-37.78493,144.98879
3,h,1852000.0,S,3.6,3.0,2.0,1.0,138.0,125.0,1900.0,-37.78714,144.97966
2,h,1100000.0,S,3.6,2.0,1.0,0.0,139.0,,,-37.7836,144.98031
1,u,170000.0,PI,5.1,1.0,1.0,0.0,30.0,26.0,2013.0,-37.80141,144.89587
4,h,1372000.0,S,15.4,4.0,1.0,2.0,866.0,,1970.0,-37.83816,145.17783
3,t,850500.0,S,15.4,3.0,2.0,2.0,353.0,,,-37.83401,145.17757
3,h,640000.0,S,38.0,3.0,2.0,1.0,368.0,,,-38.1523,145.11874
3,h,611000.0,S,36.9,3.0,2.0,1.0,691.0,109.0,1960.0,-38.11948,145.14928
3,h,755000.0,S,38.0,3.0,1.0,2.0,786.0,174.0,1960.0,-38.16492,145.12656
4,h,521000.0,SP,45.9,4.0,2.0,2.0,978.0,144.0,1980.0,-37.49642,144.60119
3,h,625000.0,S,12.9,3.0,1.0,2.0,544.0,,,-37.68541,144.88471
4,h,1910000.0,S,7.3,4.0,2.0,3.0,737.0,,,-37.86231,145.07213000000004
2,u,500000.0,PI,7.3,2.0,1.0,1.0,0.0,76.0,1965.0,-37.85399,145.04699
2,u,523000.0,S,7.3,2.0,1.0,1.0,0.0,,,-37.85546,145.04998
3,t,525000.0,S,11.2,3.0,1.0,1.0,194.0,133.0,2011.0,-37.70168,144.94862
3,h,847000.0,SP,11.2,3.0,1.0,2.0,650.0,,,-37.71399,144.92264
6,h,990000.0,S,16.1,6.0,3.0,2.0,562.0,,,-37.69749,145.1058
2,u,695000.0,S,16.1,2.0,2.0,1.0,208.0,107.0,2000.0,-37.70267,145.09526
2,u,500000.0,S,11.2,2.0,1.0,2.0,304.0,,,-37.70733,144.94041
3,h,662500.0,S,32.3,3.0,2.0,2.0,649.0,,,-38.00022,145.2709
3,u,1210000.0,SP,13.8,3.0,2.0,2.0,9838.0,152.0,2010.0,-37.93464,144.99601
3,h,1140000.0,S,13.8,3.0,1.0,2.0,1469.0,204.0,,-37.93433,145.02983999999995
1,u,395000.0,S,5.3,1.0,1.0,1.0,910.0,,,-37.81333,145.01932
3,u,1000000.0,S,5.3,3.0,1.0,1.0,1079.0,90.0,1940.0,-37.82987,145.03421
2,u,450000.0,S,5.3,2.0,1.0,1.0,2338.0,,,-37.83032,145.03898999999996
4,h,2900000.0,S,5.3,4.0,1.0,3.0,636.0,156.0,1890.0,-37.81931,145.04107
2,u,450000.0,PI,5.3,2.0,1.0,1.0,1540.0,71.0,1965.0,-37.82824,145.03136999999995
3,h,650000.0,SP,45.2,3.0,2.0,4.0,724.0,156.6,2009.0,-37.64685,145.52635
3,h,790000.0,S,8.8,3.0,2.0,1.0,458.0,,,-37.73569000000001,145.05913
2,h,780000.0,VB,8.8,2.0,1.0,1.0,588.0,,,-37.73764,145.05323
3,h,726500.0,S,8.8,3.0,1.0,0.0,593.0,95.0,1950.0,-37.7482,145.04073
3,h,710000.0,S,8.8,3.0,1.0,1.0,577.0,,,-37.74307,145.0399
2,u,645000.0,S,16.0,2.0,1.0,1.0,105.0,64.0,1970.0,-37.94887,145.02647
5,h,650500.0,SP,18.0,5.0,2.0,2.0,615.0,213.0,2007.0,-37.68455,144.73272
3,h,750000.0,S,12.3,3.0,2.0,2.0,321.0,87.0,2005.0,-37.90415,145.10504
4,h,650000.0,PI,14.0,4.0,1.0,1.0,692.0,181.0,1960.0,-37.6876,144.91167
2,t,390000.0,S,14.0,2.0,1.0,1.0,165.0,89.0,1995.0,-37.68582,144.91638
3,h,810000.0,S,15.5,3.0,2.0,2.0,766.0,,,-37.71424,144.7958
3,h,735000.0,SP,15.5,3.0,2.0,2.0,749.0,180.0,1979.0,-37.72321,144.80882
2,t,520000.0,VB,11.7,2.0,2.0,2.0,62.0,62.0,2014.0,-37.73893,144.87661
4,h,640000.0,PI,15.5,4.0,2.0,1.0,729.0,,1987.0,-37.70115,144.80144
3,t,967000.0,S,3.4,3.0,2.0,2.0,0.0,120.0,1999.0,-37.79482,144.92192
2,h,850000.0,VB,3.4,2.0,1.0,0.0,133.0,,,-37.78906,144.93173000000004
1,t,500000.0,VB,3.4,1.0,1.0,0.0,142.0,,,-37.79059,144.93145
2,u,535000.0,SP,3.4,2.0,1.0,1.0,0.0,70.0,2011.0,-37.79122,144.93175
2,h,758000.0,S,5.4,2.0,1.0,2.0,901.0,,,-37.79719,145.03177
2,u,862000.0,S,7.3,2.0,1.0,1.0,1011.0,72.0,1970.0,-37.7972,145.05225
4,h,965000.0,S,25.2,4.0,2.0,2.0,576.0,,,-38.00293,145.16465
4,h,761000.0,S,25.2,4.0,1.0,2.0,680.0,170.0,1970.0,-37.9865,145.16767
3,h,520000.0,PI,14.0,3.0,1.0,2.0,570.0,,,-37.73341,144.77161
3,h,530000.0,SP,14.0,3.0,1.0,1.0,532.0,112.0,1975.0,-37.731,144.77387
3,h,1020000.0,S,6.4,3.0,1.0,0.0,281.0,,,-37.80781,144.88083
1,u,210000.0,PI,6.4,1.0,1.0,1.0,0.0,,,-37.80893,144.87878
4,h,750000.0,S,16.3,4.0,2.0,4.0,544.0,205.0,2008.0,-37.66747,144.98802
3,h,635000.0,S,16.3,3.0,1.0,4.0,536.0,,,-37.67125,145.03171
2,u,410000.0,S,16.3,2.0,1.0,1.0,143.0,,,-37.67222,145.0231
5,h,675000.0,SP,16.3,5.0,2.0,2.0,750.0,,,-37.67227000000001,145.03595
5,h,880000.0,S,14.6,5.0,2.0,2.0,725.0,,,-37.72399,145.12069
1,u,280000.0,VB,6.4,1.0,1.0,1.0,3826.0,55.0,2009.0,-37.77757,144.87232
2,t,520000.0,S,6.4,2.0,1.0,1.0,126.0,,,-37.78775,144.87446
3,t,895000.0,S,6.4,3.0,2.0,2.0,262.0,153.0,2004.0,-37.78284,144.88098
3,h,2110000.0,S,8.4,3.0,1.0,2.0,627.0,,,-37.86996,145.05621000000005
3,h,1050000.0,PI,4.3,3.0,2.0,1.0,563.0,,,-37.769,144.89934
4,h,320000.0,SP,31.7,4.0,2.0,1.0,547.0,200.0,1986.0,-37.69026,144.57866
3,h,480000.0,SP,31.7,3.0,1.0,2.0,900.0,100.0,1980.0,-37.68738,144.57415
4,h,670000.0,S,25.9,4.0,2.0,2.0,512.0,221.0,2012.0,-37.58676,145.08889
4,h,520500.0,S,25.9,4.0,2.0,2.0,482.0,,,-37.60238,145.08695
2,u,460000.0,S,17.9,2.0,1.0,1.0,241.0,88.0,2000.0,-37.67231,145.05878
3,h,610000.0,S,17.9,3.0,1.0,1.0,560.0,,,-37.66903,145.05091000000004
3,h,950000.0,S,17.2,3.0,1.0,2.0,608.0,138.0,1975.0,-37.82583,145.20608
3,t,970000.0,VB,17.2,3.0,2.0,1.0,263.0,146.0,2016.0,-37.8179,145.20658
5,h,2200000.0,SP,10.2,5.0,2.0,4.0,819.0,,,-37.81269,145.10236
4,h,2320000.0,S,10.2,4.0,2.0,5.0,728.0,,,-37.81402,145.10336
3,h,655000.0,S,16.2,3.0,2.0,3.0,382.0,128.0,1970.0,-37.72857,145.12728
3,h,960000.0,PI,16.2,3.0,1.0,1.0,1285.0,,,-37.716,145.13452
4,h,1810000.0,S,6.2,4.0,2.0,2.0,431.0,,1894.0,-37.77019,144.92691000000005
2,h,1020000.0,S,6.2,2.0,1.0,1.0,269.0,,,-37.75782,144.92088
2,h,1250000.0,S,6.2,2.0,1.0,1.0,450.0,,,-37.76121,144.92525
3,h,1175000.0,PI,14.3,3.0,2.0,6.0,650.0,,,-37.9379,145.05456
4,h,800000.0,PI,21.5,4.0,3.0,3.0,638.0,,,-38.00406,145.09502
4,h,1225000.0,S,21.5,4.0,2.0,2.0,893.0,,,-37.99991,145.09417
3,h,1205000.0,S,14.2,3.0,2.0,2.0,402.0,143.0,1960.0,-37.87389,145.12783000000005
4,h,1720000.0,S,14.2,4.0,2.0,3.0,741.0,,,-37.86989000000001,145.1434
5,h,1600000.0,S,14.2,5.0,3.0,3.0,728.0,,,-37.8778,145.11236
3,h,944000.0,S,14.2,3.0,1.0,1.0,446.0,,,-37.86071,145.1278
3,h,1385000.0,S,14.2,3.0,1.0,2.0,807.0,167.0,1970.0,-37.86618,145.14757
3,h,2000000.0,VB,14.2,3.0,1.0,2.0,1028.0,181.0,1965.0,-37.89757,145.11825
3,h,650000.0,SP,34.1,3.0,1.0,4.0,1042.0,,,-38.03147,145.31126
3,h,655000.0,SP,34.1,3.0,2.0,2.0,731.0,,1972.0,-38.02938,145.31876
2,h,710000.0,S,6.2,2.0,1.0,2.0,120.0,121.0,2011.0,-37.84026,144.86667
3,h,1330000.0,S,6.2,3.0,1.0,3.0,758.0,,,-37.84522,144.86516
2,u,550000.0,S,1.8,2.0,1.0,0.0,4563.0,,,-37.79939,144.94635
2,h,962000.0,S,1.8,2.0,1.0,0.0,91.0,2.0,,-37.80037,144.94981
2,t,936000.0,S,1.8,2.0,1.0,0.0,0.0,,,-37.80487,144.95705
4,h,1900000.0,PI,5.3,4.0,2.0,2.0,313.0,,,-37.76501,145.00269
3,h,1605000.0,S,5.3,3.0,1.0,0.0,507.0,,,-37.77124,145.002
3,h,1415000.0,S,5.3,3.0,1.0,1.0,366.0,,,-37.78103,144.998
2,u,390000.0,S,5.3,2.0,1.0,1.0,0.0,,,-37.76622,145.01596
4,h,1100000.0,S,15.4,4.0,2.0,3.0,596.0,136.0,1975.0,-37.80827,145.18098999999995
3,h,926000.0,S,15.4,3.0,1.0,0.0,738.0,,1954.0,-37.81376,145.17641
2,t,610000.0,S,11.2,2.0,1.0,1.0,182.0,112.0,2015.0,-37.712,144.91761
5,h,1525000.0,S,12.3,5.0,3.0,6.0,774.0,,,-37.90119,145.1068
6,h,1900000.0,PI,12.3,6.0,4.0,3.0,1063.0,,,-37.909,145.12059
1,u,454000.0,S,11.4,1.0,1.0,1.0,1006.0,51.0,2010.0,-37.90164,145.04138999999995
2,u,562000.0,S,11.4,2.0,1.0,1.0,0.0,88.0,1970.0,-37.90286,145.04772
3,t,1000000.0,S,21.5,3.0,2.0,2.0,298.0,124.0,1995.0,-37.99464,145.08099
3,h,820000.0,S,21.5,3.0,2.0,2.0,445.0,,1997.0,-37.99652,145.08523
3,h,870000.0,PI,8.5,3.0,1.0,2.0,654.0,,,-37.72796,144.93885
3,h,800000.0,SP,8.5,3.0,1.0,2.0,287.0,,,-37.72392,144.94951
5,h,1501000.0,S,8.5,5.0,3.0,3.0,681.0,263.0,1960.0,-37.72565,144.94953999999996
3,h,1663000.0,S,8.5,3.0,1.0,2.0,956.0,,,-37.73103,144.93963
4,h,780000.0,VB,8.5,4.0,2.0,3.0,555.0,128.0,1950.0,-37.71561,144.94336
5,h,660000.0,S,14.7,5.0,2.0,2.0,571.0,227.6,2011.0,-37.89467,144.72018
3,u,1631000.0,S,3.5,3.0,2.0,2.0,0.0,,,-37.84007,144.94128999999995
3,h,1665000.0,S,3.5,3.0,3.0,2.0,121.0,,,-37.83591,144.93648000000005
4,h,2450000.0,VB,3.5,4.0,3.0,2.0,210.0,210.0,2010.0,-37.83933,144.93771
1,u,399000.0,S,4.6,1.0,1.0,0.0,0.0,,,-37.85279,145.00811000000004
2,u,1240000.0,S,4.6,2.0,1.0,1.0,0.0,,,-37.85417,145.00929
3,h,840000.0,SP,12.0,3.0,1.0,4.0,614.0,120.0,1960.0,-37.71562,145.02175
2,h,560000.0,S,12.0,2.0,1.0,1.0,198.0,,,-37.72874,145.02988
4,h,900000.0,SP,12.0,4.0,1.0,2.0,836.0,,,-37.70343,145.03082
4,h,902000.0,S,12.0,4.0,2.0,3.0,700.0,,,-37.71073,145.01775
3,h,825000.0,S,12.0,3.0,2.0,5.0,537.0,,,-37.70047,145.02881000000005
2,t,668500.0,S,12.0,2.0,2.0,1.0,138.0,104.63,2014.0,-37.72487,145.00705
2,h,1165000.0,S,2.4,2.0,1.0,1.0,149.0,,,-37.81954,145.00304
2,u,890500.0,SP,2.4,2.0,2.0,2.0,180.0,123.0,1940.0,-37.81443,144.99079
2,h,1442000.0,S,2.4,2.0,2.0,1.0,163.0,,,-37.82259000000001,144.99077
2,u,560000.0,S,21.3,2.0,1.0,2.0,217.0,,1985.0,-37.80526,145.24628
2,h,340000.0,SP,23.8,2.0,1.0,0.0,609.0,,,-37.73289000000001,144.66615
5,h,870000.0,S,23.5,5.0,2.0,2.0,733.0,217.0,1986.0,-37.91894,145.24305
2,u,643500.0,S,15.2,2.0,1.0,1.0,0.0,67.0,1970.0,-37.95236,145.00737
3,u,572000.0,S,35.4,3.0,2.0,2.0,264.0,127.0,2002.0,-38.10422,145.14158999999995
2,h,750000.0,S,5.1,2.0,1.0,1.0,104.0,,,-37.80601,144.89663000000004
2,h,850000.0,VB,5.1,2.0,1.0,1.0,152.0,91.0,1910.0,-37.80697,144.8928
4,h,640000.0,VB,34.7,4.0,2.0,2.0,631.0,,,-38.10542,145.19951
4,h,600000.0,PI,20.5,4.0,2.0,2.0,505.0,222.0,2009.0,-37.61957,145.0948
3,u,386000.0,S,20.5,3.0,1.0,1.0,216.0,,,-37.64491,145.09233
2,u,857000.0,S,2.7,2.0,2.0,2.0,0.0,,2000.0,-37.83613,144.99661
2,h,1160000.0,S,2.7,2.0,1.0,0.0,140.0,,,-37.84369,144.98914
3,u,1235000.0,S,2.7,3.0,2.0,1.0,0.0,120.0,,-37.84024,145.00038999999995
3,h,752500.0,S,20.8,3.0,1.0,2.0,623.0,99.0,1950.0,-37.94106,145.16193
3,h,565000.0,S,14.0,3.0,1.0,2.0,614.0,110.0,1975.0,-37.73074,144.78925
3,h,610000.0,PI,14.0,3.0,1.0,2.0,563.0,171.0,1989.0,-37.7627,144.81107
1,u,350000.0,VB,5.0,1.0,1.0,1.0,0.0,41.0,2005.0,-37.8614,144.97406999999995
2,u,525000.0,S,5.0,2.0,1.0,1.0,0.0,60.0,1970.0,-37.87174,144.98286000000004
1,u,517500.0,SP,5.0,1.0,1.0,0.0,980.0,74.0,1920.0,-37.85954,144.98869
2,u,365000.0,VB,5.0,2.0,1.0,1.0,881.0,49.0,1993.0,-37.86476,144.97826
2,u,460000.0,SP,5.0,2.0,1.0,1.0,0.0,,,-37.85709,144.9873
2,h,646000.0,S,8.2,2.0,1.0,1.0,184.0,,1990.0,-37.7404,144.90835
4,h,580000.0,S,31.7,4.0,2.0,2.0,613.0,221.0,2011.0,-37.59501,144.70068999999995
3,h,420000.0,S,31.7,3.0,1.0,2.0,466.0,101.0,1985.0,-37.57282,144.70553
3,h,650000.0,S,31.7,3.0,3.0,1.0,852.0,,1960.0,-37.58689,144.72865
3,t,525000.0,S,10.5,3.0,2.0,1.0,177.0,,,-37.79408,144.82613999999995
3,h,780000.0,SA,10.5,3.0,1.0,2.0,690.0,,,-37.77176,144.84062
4,h,765000.0,S,10.5,4.0,2.0,2.0,690.0,,,-37.7875,144.80983999999995
3,h,2100000.0,VB,10.2,3.0,1.0,9.0,841.0,124.0,1960.0,-37.83729,145.10929
3,h,1385000.0,S,10.2,3.0,2.0,1.0,385.0,,1993.0,-37.82886,145.10093
3,h,451500.0,S,18.4,3.0,1.0,1.0,346.0,,,-37.84123,144.69648999999995
3,h,526000.0,S,18.4,3.0,2.0,2.0,407.0,146.0,2010.0,-37.83867,144.7034
4,h,605500.0,S,18.0,4.0,2.0,2.0,724.0,193.0,2002.0,-37.71071,144.74962
3,h,427500.0,S,15.5,3.0,2.0,2.0,189.0,,,-37.70308,144.79953999999995
5,h,1705000.0,PI,12.4,5.0,4.0,2.0,968.0,353.0,1970.0,-37.77083,145.11516
3,h,551200.0,SP,27.0,3.0,1.0,2.0,1007.0,,,-37.86387,145.31762
3,u,542000.0,S,15.3,3.0,2.0,2.0,213.0,,,-37.67748,145.01791
4,h,2070000.0,SP,7.0,4.0,3.0,2.0,530.0,251.0,2016.0,-37.76281,145.01986000000005
6,h,2800000.0,S,4.1,6.0,2.0,2.0,581.0,,,-37.83195,145.01215
2,t,385000.0,SP,18.4,2.0,1.0,1.0,206.0,,,-37.84219,144.71155
3,h,500000.0,SP,12.9,3.0,1.0,1.0,268.0,,,-37.70367,144.88081
4,h,821000.0,S,12.9,4.0,1.0,6.0,763.0,,,-37.69048,144.87312
3,t,917000.0,S,17.2,3.0,2.0,2.0,260.0,,2004.0,-37.831,145.19843999999995
4,h,1115000.0,S,8.9,4.0,2.0,2.0,592.0,,,-37.73789,145.08952
3,h,905000.0,SP,8.9,3.0,2.0,2.0,331.0,166.0,2001.0,-37.73298,145.08893999999995
2,h,450000.0,PI,14.7,2.0,2.0,2.0,74.0,,,-37.84646,145.22591
3,h,1015000.0,SP,14.7,3.0,2.0,2.0,550.0,,,-37.88695,145.21891000000005
3,h,510000.0,S,14.7,3.0,2.0,2.0,658.0,125.0,1984.0,-37.88688,144.67244
4,h,645000.0,S,14.7,4.0,2.0,2.0,702.0,,,-37.8967,144.65264
3,h,427000.0,S,14.7,3.0,1.0,2.0,637.0,,,-37.91165,144.67241
3,h,845000.0,PI,6.4,3.0,1.0,2.0,422.0,109.0,1950.0,-37.79644,144.86388
2,h,876000.0,S,6.4,2.0,1.0,1.0,369.0,,,-37.79205,144.87142
3,h,578000.0,S,16.5,3.0,2.0,1.0,308.0,,,-37.67485,144.88995
4,h,510000.0,S,17.6,4.0,2.0,2.0,443.0,443.0,,-37.8543,144.74437
2,u,390000.0,S,25.5,2.0,1.0,1.0,197.0,,,-37.61401,145.03301000000005
4,h,525000.0,S,25.5,4.0,2.0,2.0,415.0,167.13,,-37.6161,145.03937
3,h,480000.0,S,27.2,3.0,1.0,2.0,743.0,110.0,1990.0,-37.89757,144.63041
4,h,1000000.0,SP,6.3,4.0,2.0,2.0,438.0,,,-37.81789000000001,144.86744
3,h,1240000.0,VB,6.3,3.0,3.0,6.0,668.0,,1990.0,-37.81381,144.87438
3,h,1115000.0,SP,6.3,3.0,1.0,2.0,446.0,115.0,,-37.82004000000001,144.87174
2,u,507000.0,S,7.5,2.0,1.0,1.0,0.0,80.0,1960.0,-37.75571,144.90366
3,h,845000.0,S,10.4,3.0,1.0,2.0,589.0,,,-37.72207,144.87905
3,h,1250000.0,S,10.4,3.0,1.0,1.0,773.0,,,-37.72265,144.8793
4,h,1026000.0,S,10.4,0.0,3.0,2.0,534.0,,,-37.72623,144.86773
3,u,850000.0,S,10.4,3.0,2.0,1.0,307.0,,,-37.72649000000001,144.88488999999996
2,h,2905000.0,S,3.0,2.0,1.0,1.0,254.0,,,-37.84583,144.95658
2,h,1380000.0,S,3.0,2.0,1.0,1.0,164.0,,,-37.84763,144.95175
3,h,2500000.0,VB,3.0,3.0,2.0,1.0,165.0,148.5,1890.0,-37.84152,144.95027
3,h,2120000.0,S,3.0,3.0,1.0,2.0,225.0,,,-37.84396,144.95658999999995
2,h,2015000.0,S,3.0,2.0,1.0,2.0,178.0,,,-37.84098,144.95115
3,h,787000.0,S,10.5,3.0,1.0,3.0,716.0,111.0,1955.0,-37.77917,144.81407
4,h,2220000.0,S,5.7,4.0,2.0,3.0,580.0,184.0,1930.0,-37.77227,145.0284
2,u,540000.0,SP,11.0,2.0,1.0,1.0,132.0,,1980.0,-37.86444,144.82304
3,h,585000.0,S,9.4,3.0,1.0,1.0,402.0,,,-37.83012,144.84818
2,u,700500.0,S,6.3,2.0,1.0,1.0,0.0,,,-37.85385,145.0284
3,h,2385000.0,S,6.3,3.0,1.0,0.0,256.0,130.0,1910.0,-37.85911,145.01783
3,h,1500000.0,PI,4.3,3.0,3.0,1.0,382.0,218.0,2008.0,-37.77206,144.90397
4,t,1655000.0,S,10.2,4.0,3.0,2.0,510.0,240.0,2013.0,-37.87159000000001,145.0795
4,h,1800000.0,S,10.2,4.0,2.0,2.0,682.0,,,-37.8621,145.08588
2,h,1880000.0,SP,10.2,2.0,2.0,2.0,627.0,,,-37.86236,145.08787
4,h,2405000.0,S,10.2,4.0,2.0,2.0,604.0,125.0,1930.0,-37.86513,145.07918999999995
3,h,1000000.0,SP,9.5,3.0,1.0,1.0,723.0,,,-37.77222,144.85412
5,h,945000.0,S,9.5,5.0,2.0,1.0,570.0,,1950.0,-37.76848,144.86293999999995
1,u,290000.0,S,6.4,1.0,1.0,1.0,880.0,,,-37.86752,144.99668
3,t,1810000.0,S,7.9,3.0,2.0,2.0,400.0,,,-37.80511,145.08972
4,h,1593000.0,S,9.7,4.0,3.0,2.0,598.0,,,-37.78142,145.09226999999996
5,h,3100000.0,PI,9.7,5.0,3.0,2.0,616.0,355.0,,-37.80004,145.09869
5,h,930000.0,S,23.2,5.0,2.0,2.0,992.0,198.0,1970.0,-37.84613,145.25606000000005
3,h,700000.0,S,23.2,3.0,2.0,1.0,509.0,140.0,1980.0,-37.84823,145.26673
4,t,860000.0,S,23.2,4.0,3.0,2.0,304.0,155.0,1970.0,-37.8543,145.25253
2,h,1470000.0,S,17.3,2.0,1.0,4.0,633.0,116.0,1960.0,-37.98489,145.04116000000005
6,h,1660000.0,PI,17.3,6.0,3.0,4.0,730.0,,,-37.98825,145.03226999999995
4,h,1600000.0,PI,11.4,4.0,2.0,2.0,604.0,,,-37.92135,145.02917
4,t,1200000.0,PI,11.4,4.0,2.0,2.0,293.0,226.0,2012.0,-37.92594,145.03184
3,h,1185000.0,PI,13.8,3.0,2.0,2.0,644.0,145.0,,-37.92332,145.07483
4,h,1460000.0,SP,13.8,4.0,1.0,2.0,722.0,,1955.0,-37.91311,145.06496
3,t,935000.0,S,13.8,3.0,2.0,2.0,244.0,,2000.0,-37.9203,145.08074
4,h,1620000.0,S,13.8,4.0,2.0,2.0,426.0,255.0,2014.0,-37.91657,145.05534
4,h,1580000.0,S,13.8,4.0,2.0,2.0,604.0,175.0,1950.0,-37.91327,145.07917
3,h,1315000.0,S,13.8,3.0,1.0,2.0,617.0,353.0,,-37.92284,145.06423
2,u,767000.0,SP,17.3,2.0,1.0,2.0,206.0,,1970.0,-37.97614,145.02014
5,h,2520000.0,S,17.3,5.0,3.0,2.0,947.0,,,-37.97956,145.02303
4,h,1695000.0,S,13.4,4.0,3.0,4.0,696.0,215.0,1950.0,-37.81726,145.16061000000005
4,t,990000.0,SP,13.4,4.0,2.0,1.0,296.0,,1950.0,-37.8054,145.15701
3,h,836000.0,S,27.0,3.0,2.0,2.0,407.0,134.0,1970.0,-38.06257,145.1226
4,h,780000.0,SP,25.0,4.0,2.0,2.0,820.0,180.0,1975.0,-37.87393,145.28858
4,h,783000.0,SP,25.0,4.0,1.0,3.0,730.0,153.0,1975.0,-37.87377,145.28688
5,h,2020000.0,PI,25.0,5.0,3.0,0.0,2735.0,,,-37.86625,145.26317
3,h,706500.0,SP,25.0,3.0,2.0,3.0,723.0,,,-37.83883,145.28893
2,u,637000.0,S,16.1,2.0,1.0,1.0,318.0,104.0,1980.0,-37.70688,145.11791000000005
3,u,1336000.0,S,10.5,3.0,2.0,1.0,249.0,,,-37.90597,145.00208
2,u,1400000.0,PI,10.5,2.0,2.0,2.0,0.0,104.0,,-37.90115,144.98776
3,h,1175000.0,PI,10.5,3.0,1.0,3.0,284.0,120.0,1970.0,-37.91155,145.00656999999995
3,h,1935000.0,S,10.5,3.0,2.0,1.0,385.0,161.0,1940.0,-37.91068,145.00394
3,h,1950000.0,SA,10.5,3.0,1.0,2.0,632.0,,,-37.91677,145.00372
4,h,2250000.0,S,10.5,4.0,2.0,1.0,512.0,,,-37.9031,144.9938
3,u,897000.0,S,10.5,3.0,1.0,1.0,164.0,,1970.0,-37.92109,145.00088
5,h,2000000.0,PI,10.3,5.0,3.0,2.0,645.0,249.0,1990.0,-37.91818,145.01513
3,h,1590000.0,SP,5.2,3.0,2.0,1.0,322.0,,,-37.76316,144.97108
3,h,1435000.0,SP,5.2,3.0,2.0,0.0,251.0,108.0,1890.0,-37.77588,144.95736000000005
2,h,1315000.0,S,5.2,2.0,1.0,1.0,234.0,106.0,1910.0,-37.77539,144.95576
2,h,730000.0,S,5.2,2.0,1.0,1.0,134.0,,1970.0,-37.76569,144.9656
2,h,700000.0,PI,5.2,2.0,1.0,1.0,61.0,112.0,2007.0,-37.766,144.96076000000005
3,h,1900000.0,PI,5.2,3.0,2.0,3.0,372.0,,,-37.7649,144.96761999999995
2,h,920000.0,S,5.2,2.0,1.0,1.0,240.0,109.0,1995.0,-37.75697,144.95543
2,t,765000.0,SP,5.2,2.0,2.0,1.0,77.0,88.0,2007.0,-37.7617,144.96406000000005
4,h,1400000.0,PI,5.2,4.0,1.0,2.0,678.0,177.0,1900.0,-37.75967,144.97214
2,h,740000.0,PI,5.2,2.0,1.0,0.0,0.0,,,-37.76733,144.96079
2,u,570000.0,S,4.0,2.0,1.0,1.0,0.0,,1980.0,-37.7631,144.98138
2,h,1105000.0,S,4.0,2.0,1.0,2.0,173.0,79.0,1890.0,-37.77524,144.97529
3,h,1200000.0,SP,5.2,3.0,1.0,1.0,473.0,,,-37.7535,144.94643
4,h,1325000.0,S,5.2,4.0,1.0,0.0,465.0,,,-37.75569,144.95186
3,h,1160000.0,S,10.8,3.0,1.0,1.0,603.0,,,-37.77173,145.09581
3,h,1320000.0,S,10.8,3.0,1.0,3.0,902.0,,,-37.78006,145.10169
3,h,780000.0,S,12.1,3.0,1.0,1.0,546.0,,,-37.69388,145.06463
4,t,845000.0,PI,10.4,4.0,3.0,2.0,94.0,184.0,,-37.85213,145.10928
2,u,700000.0,S,10.4,2.0,1.0,1.0,251.0,,1975.0,-37.84738,145.11997
4,h,1032000.0,S,14.7,4.0,2.0,2.0,599.0,120.0,1960.0,-37.848,145.14165
4,h,821000.0,PI,14.8,4.0,2.0,2.0,638.0,270.18,2009.0,-37.76189,144.78517
4,h,3050000.0,S,7.7,4.0,2.0,2.0,984.0,,1930.0,-37.84,145.07853
3,t,1171000.0,S,7.7,3.0,2.0,2.0,350.0,,,-37.8356,145.08005
3,h,2050000.0,PI,8.4,3.0,2.0,3.0,779.0,,,-37.83271,145.08414
2,u,850000.0,PI,8.4,2.0,1.0,1.0,116.0,85.0,1960.0,-37.82012,145.08526
2,h,1501000.0,S,3.5,2.0,1.0,0.0,152.0,,,-37.78381,144.97608
3,h,1570000.0,S,10.1,3.0,2.0,2.0,602.0,180.0,1970.0,-37.90248,145.05943
3,u,1275000.0,S,10.1,3.0,2.0,2.0,750.0,132.0,1984.0,-37.90092,145.04924
3,h,1435000.0,S,10.1,3.0,2.0,2.0,430.0,161.0,1938.0,-37.90008,145.06187
4,h,1455000.0,SP,10.1,4.0,2.0,2.0,608.0,,,-37.89106,145.04675
2,u,620000.0,PI,10.1,2.0,1.0,2.0,158.0,,1970.0,-37.89267,145.05473999999995
3,h,600000.0,S,14.8,3.0,1.0,3.0,406.0,196.0,2005.0,-37.72484,144.74296
4,h,965000.0,SP,31.2,4.0,1.0,3.0,1000.0,,,-38.07921,145.12761
2,u,529000.0,S,31.2,2.0,1.0,1.0,199.0,84.0,1970.0,-38.07938,145.13227
3,h,881000.0,S,31.2,3.0,1.0,2.0,538.0,,,-38.07405,145.13211
4,h,845000.0,PI,31.2,4.0,2.0,2.0,633.0,134.0,1930.0,-38.0781,145.12429
2,u,650000.0,VB,8.7,2.0,2.0,1.0,0.0,99.0,2010.0,-37.88776,145.03364
2,u,350000.0,SP,8.4,2.0,0.0,0.0,0.0,,,-37.88385,145.04785
1,u,350000.0,PI,7.8,1.0,1.0,1.0,0.0,53.3,1960.0,-37.8681,145.02576000000005
2,u,665000.0,S,7.8,2.0,1.0,1.0,0.0,93.0,1970.0,-37.86827,145.02113
3,h,1080000.0,PI,11.7,3.0,1.0,1.0,588.0,,,-37.88246,145.10046
2,h,674000.0,S,11.7,2.0,1.0,1.0,218.0,94.0,1980.0,-37.88093,145.10574
2,u,525000.0,PI,27.0,2.0,1.0,1.0,506.0,,2011.0,-38.05304,145.1151
3,h,840000.0,S,27.0,3.0,2.0,2.0,534.0,126.0,1975.0,-38.04683,145.1261
2,t,745000.0,S,17.9,2.0,1.0,2.0,359.0,98.5,1991.0,-37.96342,145.06516000000005
3,h,1240000.0,S,17.9,3.0,1.0,4.0,605.0,130.0,1960.0,-37.97161,145.07036000000005
2,u,850000.0,S,17.9,2.0,1.0,2.0,0.0,81.0,1970.0,-37.96021,145.05938
3,h,1300000.0,SA,16.7,3.0,1.0,2.0,725.0,119.0,1970.0,-37.91865,145.14341000000005
2,h,700000.0,PI,3.6,2.0,2.0,1.0,533.0,,,-37.79443,144.9995
3,h,880000.0,S,6.7,3.0,2.0,1.0,229.0,,,-37.74524,144.9754
4,h,1525000.0,S,6.7,4.0,2.0,2.0,604.0,,,-37.73975,144.9651
3,t,690000.0,SP,6.7,3.0,1.0,1.0,64.0,109.0,2011.0,-37.75535,144.96481
2,h,960000.0,S,6.7,2.0,1.0,3.0,398.0,,,-37.74966,144.9682
3,h,1600000.0,S,6.7,3.0,2.0,2.0,737.0,169.0,1930.0,-37.75107,144.95112
3,h,1157000.0,SP,6.7,3.0,1.0,1.0,480.0,,,-37.73894,144.95067
2,h,867000.0,S,6.7,2.0,1.0,1.0,208.0,,,-37.74373,144.95783
3,h,690000.0,S,6.7,3.0,1.0,2.0,479.0,115.0,1980.0,-37.73251,144.98178
4,h,850000.0,PI,6.7,4.0,2.0,2.0,300.0,157.9351,,-37.7296,144.97988
2,h,700000.0,PI,6.7,2.0,1.0,1.0,303.0,,,-37.73285,144.97274
2,u,561000.0,S,2.0,2.0,2.0,2.0,3701.0,,2005.0,-37.80896,144.9911
2,h,1025000.0,SP,2.0,3.0,2.0,1.0,108.0,162.0,2005.0,-37.79531,144.9863
4,h,725000.0,S,20.6,4.0,2.0,3.0,854.0,,1950.0,-37.59908,144.93954
4,h,667000.0,S,20.6,4.0,2.0,2.0,480.0,214.0,2012.0,-37.57201,144.90896999999995
3,h,877500.0,S,23.0,3.0,2.0,1.0,979.0,,,-37.7917,145.29665
3,h,678000.0,S,24.7,3.0,1.0,2.0,624.0,150.0,1970.0,-37.97806,145.20432
3,h,595000.0,S,24.7,3.0,1.0,1.0,530.0,128.0,1970.0,-37.96006,145.22093999999996
2,u,305000.0,SP,24.7,2.0,1.0,1.0,141.0,73.0,1980.0,-37.95431,145.20899
3,h,816000.0,S,22.2,3.0,2.0,2.0,533.0,122.0,1980.0,-37.986,145.12035
4,h,2600000.0,SP,12.4,4.0,4.0,2.0,1072.0,328.0,1960.0,-37.79094,145.12733
3,h,1285000.0,SA,12.4,3.0,1.0,2.0,645.0,,,-37.77969,145.14033
3,h,1360000.0,SP,12.4,3.0,1.0,2.0,647.0,127.0,1965.0,-37.79436,145.13869
5,h,1600000.0,PI,12.4,5.0,2.0,2.0,757.0,335.0,1980.0,-37.77536,145.13163
5,h,1370000.0,S,12.4,5.0,2.0,2.0,768.0,,,-37.77934000000001,145.11344
4,h,1760000.0,S,14.3,4.0,4.0,2.0,651.0,,,-37.78535,145.14536
4,h,1662000.0,S,14.3,4.0,2.0,2.0,785.0,199.0,1980.0,-37.7738,145.16711999999995
3,h,545000.0,SP,28.8,3.0,1.0,1.0,700.0,113.0,1960.0,-37.99095,145.2316
2,u,750000.0,PI,8.9,2.0,1.0,1.0,112.0,93.0,1960.0,-37.76689,145.05206
2,h,716000.0,S,7.2,2.0,1.0,1.0,0.0,,1970.0,-37.89438,145.00851
2,u,975000.0,SP,7.2,2.0,1.0,1.0,1764.0,106.0,1970.0,-37.8879,145.01198
4,h,975000.0,S,18.0,4.0,1.0,2.0,1005.0,,,-37.71119,145.15333
3,h,842000.0,S,18.0,3.0,1.0,1.0,960.0,,,-37.709,145.14131
2,u,480000.0,S,7.2,2.0,1.0,1.0,1210.0,65.0,1968.0,-37.8785,144.99316000000005
2,u,696750.0,S,7.2,2.0,1.0,1.0,0.0,83.0,1930.0,-37.88094,144.99471
1,u,420000.0,VB,7.2,1.0,1.0,1.0,1192.0,45.0,2009.0,-37.88306,144.9841
2,u,695500.0,SP,7.2,2.0,1.0,1.0,887.0,76.0,1973.0,-37.88349,144.98699
3,h,540000.0,S,19.6,3.0,1.0,4.0,699.0,118.0,1988.0,-37.65105,145.04613
3,h,620000.0,S,19.6,3.0,1.0,2.0,606.0,120.0,1975.0,-37.64954,145.03648
4,h,598000.0,S,19.6,3.0,2.0,3.0,558.0,,,-37.64262,145.0407
4,h,650000.0,S,19.6,4.0,2.0,2.0,469.0,,2010.0,-37.6248,145.01032
2,u,762000.0,S,7.5,2.0,1.0,1.0,195.0,,,-37.74125,144.89502
3,h,1025000.0,S,7.5,3.0,2.0,2.0,203.0,156.0,2016.0,-37.75582,144.91061000000005
4,h,1360000.0,S,7.5,4.0,2.0,1.0,267.0,,,-37.75472,144.92723
3,h,900000.0,PI,7.5,3.0,1.0,1.0,324.0,,,-37.7525,144.90417
3,h,1320000.0,S,7.5,3.0,2.0,1.0,276.0,149.0,1910.0,-37.75126,144.89558
3,u,786000.0,S,7.5,3.0,2.0,1.0,138.0,,1982.0,-37.75284,144.90975
5,h,2210000.0,S,7.5,5.0,3.0,2.0,590.0,223.0,1880.0,-37.75511,144.90935
3,h,1200000.0,S,5.7,3.0,1.0,2.0,440.0,,,-37.77558,145.02451000000005
3,h,700000.0,S,13.1,3.0,2.0,2.0,400.0,146.0,1960.0,-37.71693,144.96527
3,h,712000.0,S,13.1,3.0,1.0,2.0,603.0,94.3,1960.0,-37.70037,144.97007
3,h,775000.0,S,13.1,3.0,1.0,2.0,621.0,141.0,1960.0,-37.71193,144.974
4,h,821000.0,S,13.1,4.0,1.0,1.0,687.0,,,-37.71881,144.96527
3,h,663500.0,S,24.8,3.0,1.0,2.0,736.0,,,-37.88909,145.26935
3,h,805000.0,S,24.8,3.0,1.0,2.0,1008.0,,,-37.89879000000001,145.28866000000005
4,h,1290000.0,S,3.4,4.0,2.0,0.0,202.0,,,-37.78358,144.92927
4,h,2268000.0,S,3.4,4.0,2.0,2.0,616.0,,1888.0,-37.78474,144.9322
2,u,270000.0,PI,5.1,2.0,1.0,1.0,0.0,,,-37.78895,144.89014
3,u,605000.0,S,5.1,3.0,1.0,2.0,4096.0,,,-37.8021,144.9075
3,u,764000.0,S,15.4,3.0,2.0,1.0,258.0,258.0,,-37.83592,145.16818999999995
3,h,700000.0,S,38.0,3.0,1.0,2.0,593.0,102.0,1960.0,-38.15517,145.12705
3,h,452000.0,SP,36.9,3.0,1.0,0.0,624.0,114.0,1962.0,-38.1187,145.14973
3,h,1890000.0,S,7.3,3.0,1.0,2.0,554.0,169.0,1925.0,-37.84949,145.07726
4,h,1750000.0,S,16.7,4.0,1.0,2.0,655.0,161.0,1970.0,-37.87173,145.15267
2,u,1100000.0,S,16.7,2.0,1.0,1.0,258.0,106.0,1980.0,-37.88245,145.15982
4,h,750000.0,PI,11.2,4.0,2.0,3.0,659.0,,,-37.70619,144.92916
3,h,695000.0,S,11.2,3.0,1.0,2.0,649.0,95.0,1955.0,-37.69777,144.91952
3,h,817000.0,S,16.1,3.0,2.0,1.0,610.0,21.0,1970.0,-37.71437,145.10112
3,h,760000.0,S,16.1,3.0,1.0,3.0,570.0,,,-37.70817,145.10028
3,h,680000.0,S,20.4,3.0,2.0,1.0,650.0,204.0,1990.0,-37.64049,144.8846
5,h,1170000.0,S,20.4,5.0,3.0,5.0,1750.0,310.0,1990.0,-37.65439,144.89113
5,h,830000.0,SP,20.4,5.0,4.0,5.0,602.0,264.0,2001.0,-37.65039,144.89948
3,h,731000.0,S,11.2,3.0,1.0,2.0,608.0,,,-37.70527,144.95084
3,h,827000.0,S,11.2,3.0,1.0,2.0,676.0,113.0,1960.0,-37.70328,144.94161
3,t,627000.0,S,11.2,3.0,2.0,2.0,0.0,139.0,2013.0,-37.70903,144.93995
3,h,680000.0,S,32.3,3.0,1.0,2.0,795.0,,1970.0,-38.00533,145.26907
3,u,690000.0,S,5.3,3.0,1.0,1.0,1396.0,95.88,1965.0,-37.81415,145.03082
2,u,1022000.0,S,5.3,2.0,1.0,1.0,2267.0,104.0,1930.0,-37.82193,145.01748999999995
5,h,5510000.0,S,5.3,5.0,2.0,5.0,820.0,300.0,1971.0,-37.83031,145.02973
4,h,3335000.0,S,5.3,4.0,2.0,2.0,371.0,276.0,1890.0,-37.81474,145.02608999999995
1,u,560000.0,S,5.3,1.0,1.0,1.0,0.0,47.0,1970.0,-37.82694,145.03094
3,u,970000.0,S,5.3,3.0,2.0,2.0,0.0,,,-37.83,145.04186
2,h,1790000.0,S,5.3,2.0,2.0,2.0,460.0,,1958.0,-37.83432,145.04152
2,u,805000.0,S,5.3,2.0,1.0,1.0,0.0,84.0,1965.0,-37.82258,145.0193
3,h,1875000.0,S,6.2,3.0,2.0,1.0,282.0,141.0,1890.0,-37.82911,145.04531
4,h,2320000.0,S,6.2,4.0,2.0,2.0,528.0,199.0,1980.0,-37.83539,145.0431
3,t,1465000.0,S,6.2,3.0,2.0,2.0,265.0,177.0,2010.0,-37.84506,145.05246
3,t,701000.0,SP,21.3,3.0,2.0,2.0,173.0,140.0,2009.0,-37.8327,145.2348
3,h,850000.0,S,21.3,3.0,1.0,2.0,797.0,,,-37.83058,145.23071000000004
3,h,885000.0,VB,8.8,3.0,1.0,1.0,592.0,125.0,1960.0,-37.73736,145.05603
3,h,1190000.0,SA,16.0,3.0,1.0,1.0,635.0,,,-37.94654,145.04863
3,h,485000.0,SP,18.0,3.0,2.0,1.0,453.0,153.0,1997.0,-37.68811,144.74999
3,h,530000.0,S,18.4,3.0,2.0,2.0,530.0,,,-37.86515,144.66671000000005
3,h,515000.0,S,18.4,3.0,1.0,2.0,565.0,,,-37.86852,144.68039
4,h,1305000.0,S,18.4,4.0,2.0,0.0,4606.0,,,-37.84931,144.6942
3,h,555500.0,S,18.4,3.0,2.0,1.0,557.0,136.0,1971.0,-37.87498,144.69617
4,h,1350000.0,PI,7.8,4.0,1.0,2.0,587.0,,,-37.76737,145.03943999999996
3,u,910000.0,S,7.8,3.0,2.0,1.0,0.0,145.0,2006.0,-37.75822,145.05056000000005
3,h,1300000.0,PI,7.8,3.0,2.0,2.0,334.0,128.0,2005.0,-37.76538,145.04963999999995
3,h,2525000.0,VB,7.8,3.0,2.0,1.0,805.0,261.0,1930.0,-37.7714,145.05963
2,u,535000.0,S,7.8,2.0,1.0,1.0,0.0,,,-37.77127,145.0499
3,h,580000.0,SP,15.5,3.0,1.0,4.0,677.0,,,-37.72188,144.81489
3,h,670000.0,SA,10.4,3.0,1.0,2.0,647.0,126.0,1975.0,-37.72544,144.85259
3,t,855000.0,S,3.4,3.0,2.0,1.0,68.0,,,-37.79554,144.91679
2,h,990000.0,SP,3.4,2.0,1.0,0.0,165.0,105.7,1930.0,-37.7902,144.93192
2,u,630000.0,S,5.4,2.0,1.0,1.0,1037.0,,1960.0,-37.80897,145.04759
2,t,942000.0,S,5.4,2.0,1.0,1.0,0.0,109.0,1975.0,-37.81439,145.04237
2,h,912500.0,S,5.4,2.0,1.0,2.0,239.0,,,-37.8008,145.04336
1,u,515000.0,S,5.4,1.0,1.0,1.0,0.0,62.0,1900.0,-37.80468,145.03614
2,u,672000.0,S,5.4,2.0,1.0,1.0,710.0,,1960.0,-37.8055,145.03799999999995
4,h,2162000.0,S,7.3,4.0,2.0,3.0,794.0,192.0,1950.0,-37.79172,145.05863
3,h,2260000.0,S,7.3,3.0,2.0,4.0,753.0,280.0,1937.0,-37.79017,145.06381000000005
4,h,745000.0,S,25.2,4.0,2.0,1.0,624.0,159.0,1969.0,-37.9887,145.16158
4,h,800001.0,SP,12.1,4.0,1.0,2.0,467.0,120.0,1970.0,-37.7126,145.02996000000005
3,h,1180000.0,VB,6.4,3.0,1.0,1.0,335.0,,,-37.80742,144.88297
3,h,521000.0,S,16.3,3.0,1.0,2.0,589.0,100.0,1975.0,-37.67056,145.03698
2,t,910000.0,S,5.9,2.0,1.0,2.0,195.0,,,-37.86916,145.03565
3,h,4900000.0,VB,5.9,3.0,4.0,2.0,950.0,,,-37.85905,145.03229
2,u,592000.0,S,5.9,2.0,1.0,1.0,0.0,72.9,1977.0,-37.86824,145.03503999999995
1,u,455000.0,S,5.9,1.0,1.0,1.0,1112.0,45.4,,-37.86561,145.03602
3,h,2265000.0,S,8.4,3.0,2.0,2.0,531.0,,,-37.86749,145.05122
3,h,1780000.0,S,8.4,3.0,2.0,2.0,580.0,146.0,1930.0,-37.8683,145.03909
2,u,585000.0,S,4.3,2.0,2.0,2.0,37000.0,90.0,2004.0,-37.77518,144.89254
4,h,1085000.0,SP,4.3,4.0,2.0,2.0,238.0,221.3,2007.0,-37.7833,144.89717
4,h,1680000.0,PI,11.4,4.0,2.0,2.0,568.0,,,-37.90688,145.02827
4,h,400000.0,S,31.7,4.0,2.0,2.0,643.0,30.0,,-37.68834,144.56803
4,h,355000.0,S,29.8,4.0,2.0,1.0,766.0,147.0,1980.0,-37.69791,144.5807
5,h,355000.0,S,31.7,5.0,2.0,2.0,666.0,156.0,1976.0,-37.67523,144.55833
3,t,815000.0,SP,20.0,3.0,3.0,2.0,93.0,,,-37.97917,145.07573
2,t,800000.0,SP,20.0,2.0,1.0,1.0,0.0,104.0,1980.0,-37.98937,145.06723
3,h,885000.0,S,20.0,3.0,1.0,2.0,530.0,129.0,1980.0,-37.97584000000001,145.08106999999995
3,h,2010000.0,S,3.0,3.0,1.0,0.0,207.0,128.0,1890.0,-37.85356,144.96415
6,h,5600000.0,PI,3.0,6.0,4.0,2.0,472.0,328.0,1915.0,-37.85231,144.96373
3,h,1850000.0,PI,3.0,3.0,2.0,1.0,321.0,,,-37.85411,144.96409
3,h,663500.0,SP,17.9,3.0,2.0,1.0,991.0,,,-37.65887,145.06253999999996
4,h,732000.0,S,17.9,3.0,2.0,1.0,808.0,184.0,1980.0,-37.67348,145.06982
4,h,720000.0,S,17.9,4.0,2.0,3.0,649.0,158.0,1985.0,-37.67681,145.06413999999995
3,h,556500.0,S,17.9,3.0,1.0,2.0,526.0,113.2,1985.0,-37.67561,145.05641
3,u,569000.0,S,16.2,3.0,1.0,2.0,280.0,,1987.0,-37.73103,145.13404
3,h,1850000.0,SP,6.2,3.0,2.0,2.0,596.0,203.0,1950.0,-37.76086,144.90497
2,h,1090000.0,SP,6.2,2.0,1.0,0.0,233.0,,,-37.76919,144.91186000000005
2,h,760000.0,PI,6.2,2.0,1.0,0.0,251.0,110.0,1980.0,-37.76856,144.90577
3,h,1090500.0,S,14.3,3.0,2.0,2.0,347.0,,1955.0,-37.94274,145.05783
5,h,872000.0,SP,26.5,5.0,2.0,2.0,1254.0,186.75,1980.0,-37.79026,145.33738
3,h,730000.0,SP,26.5,3.0,2.0,2.0,947.0,104.0,1978.0,-37.76517,145.3298
1,u,519000.0,S,21.5,1.0,1.0,1.0,0.0,,1970.0,-38.00508,145.08189
4,t,1170000.0,S,21.5,4.0,2.0,2.0,312.0,179.0,2004.0,-38.002,145.08916000000005
2,u,720000.0,S,14.2,2.0,1.0,1.0,198.0,,,-37.87135,145.14334
2,u,572000.0,S,14.2,2.0,1.0,1.0,173.0,,1970.0,-37.87142,145.14503
3,h,1640000.0,PI,14.2,3.0,1.0,2.0,911.0,,,-37.86906,145.14394
3,t,1011000.0,S,14.2,3.0,2.0,2.0,297.0,135.0,2001.0,-37.8605,145.12853
5,h,1450000.0,S,14.2,5.0,2.0,2.0,728.0,,,-37.88409,145.12368999999995
3,h,880000.0,SA,18.8,3.0,2.0,2.0,705.0,,,-37.92266,145.16733
3,h,1256000.0,S,10.1,3.0,2.0,2.0,335.0,,,-37.90423,145.06168
1,u,330000.0,S,10.1,1.0,1.0,1.0,0.0,,,-37.89166,145.06718
2,u,670000.0,PI,10.1,2.0,1.0,2.0,0.0,,,-37.89814000000001,145.07455
2,u,602000.0,S,10.1,2.0,1.0,1.0,1166.0,,,-37.88674,145.07234
4,h,1337000.0,S,10.4,4.0,2.0,2.0,650.0,254.0,1955.0,-37.74103,144.88496
2,h,970000.0,S,1.8,2.0,1.0,0.0,102.0,66.0,1900.0,-37.79489,144.94207
3,h,1232000.0,S,5.3,3.0,1.0,1.0,352.0,,1900.0,-37.76708,144.99624
4,t,950000.0,VB,15.4,4.0,2.0,2.0,338.0,,,-37.81065,145.17309
2,u,460000.0,S,11.2,2.0,1.0,1.0,106.0,,,-37.72326,144.91681
4,h,1138000.0,SA,11.2,4.0,2.0,2.0,697.0,189.0,1960.0,-37.72001,144.91683
4,h,1410000.0,PI,12.3,4.0,2.0,2.0,568.0,,,-37.9054,145.08669
3,h,1245000.0,S,12.3,3.0,1.0,1.0,545.0,,,-37.90626,145.08653
2,h,1114000.0,S,12.3,2.0,1.0,1.0,703.0,90.0,1960.0,-37.90241,145.12378
3,u,740000.0,S,12.3,3.0,1.0,1.0,211.0,90.0,2004.0,-37.89941,145.11523
4,h,1120000.0,S,15.5,4.0,2.0,2.0,564.0,161.0,1975.0,-37.93543,145.08408
3,h,945000.0,S,15.5,3.0,1.0,2.0,640.0,,,-37.93646,145.08728
1,u,280000.0,SP,11.4,1.0,1.0,1.0,821.0,33.0,1975.0,-37.90296,145.04637
2,u,485000.0,SP,11.4,2.0,1.0,1.0,0.0,72.0,2012.0,-37.90335,145.03718
3,h,1315000.0,SP,21.5,3.0,2.0,2.0,627.0,197.0,1950.0,-37.99544,145.08727
3,u,1770000.0,S,1.8,3.0,2.0,1.0,2431.0,70.0,1999.0,-37.78212,144.95755
3,u,630000.0,S,8.5,3.0,1.0,1.0,365.0,,,-37.72737,144.94593
3,u,1725000.0,PI,3.5,3.0,2.0,2.0,0.0,189.0,2000.0,-37.8429,144.94487
3,h,1325000.0,PI,3.5,3.0,2.0,2.0,133.0,,,-37.83522,144.93471
2,u,625000.0,S,3.5,2.0,1.0,1.0,6830.0,,,-37.84432,144.94371999999996
2,u,665000.0,SP,3.5,2.0,2.0,1.0,1472.0,81.0,2010.0,-37.84096,144.93791000000004
3,h,1400000.0,VB,4.6,3.0,2.0,0.0,145.0,138.0,1880.0,-37.84957,144.9889
3,h,850000.0,SP,8.4,3.0,1.0,2.0,485.0,,,-37.7383,145.02348999999995
5,h,1400000.0,PI,8.4,5.0,2.0,2.0,558.0,217.0,1925.0,-37.73472,144.99658
3,h,930000.0,S,8.4,3.0,1.0,0.0,357.0,,,-37.7377,144.98781
4,h,830000.0,PI,8.4,4.0,1.0,2.0,540.0,540.0,1965.0,-37.73935,145.01516999999996
3,h,881000.0,S,8.4,3.0,1.0,2.0,470.0,115.0,1930.0,-37.73912,145.01298
3,u,660000.0,S,8.4,3.0,1.0,1.0,234.0,,1995.0,-37.73506,145.03169
3,h,945000.0,S,8.4,3.0,1.0,2.0,349.0,120.0,1940.0,-37.74946,145.00875
3,h,1210000.0,S,8.4,3.0,2.0,2.0,515.0,126.0,1920.0,-37.74794,144.99111000000005
3,h,970000.0,S,8.4,3.0,1.0,1.0,345.0,,1950.0,-37.74818,144.99825
2,u,465000.0,PI,8.4,2.0,1.0,1.0,163.0,169.0,,-37.73311,145.03552
3,h,725000.0,S,8.4,3.0,1.0,2.0,590.0,94.0,1950.0,-37.73314,145.03437
3,h,990000.0,S,8.4,3.0,1.0,1.0,545.0,,,-37.74258,144.99309
3,h,972500.0,S,8.4,3.0,1.0,1.0,448.0,103.0,1930.0,-37.73443,145.00201
3,h,955000.0,S,8.4,3.0,1.0,1.0,263.0,123.0,2000.0,-37.74739,145.00933999999995
3,h,1900000.0,PI,3.5,3.0,1.0,0.0,204.0,194.0,1910.0,-37.78251,144.96817
4,h,1100000.0,S,12.0,4.0,2.0,2.0,665.0,,,-37.72787,144.99423000000004
5,h,1266000.0,S,12.0,5.0,2.0,2.0,601.0,,1990.0,-37.7296,145.00714
3,h,1040000.0,S,12.0,3.0,2.0,1.0,461.0,,,-37.72499000000001,145.00038
2,h,888000.0,S,12.0,2.0,1.0,2.0,649.0,,,-37.71086,145.01629
2,t,521000.0,S,12.0,2.0,1.0,1.0,0.0,94.0,2009.0,-37.7106,145.00177
3,h,857700.0,SP,12.0,3.0,1.0,1.0,325.0,116.0,1930.0,-37.72589,144.99681
3,t,642500.0,S,12.0,3.0,2.0,2.0,160.0,140.0,2010.0,-37.71064000000001,145.01067
3,h,1676000.0,S,2.4,3.0,1.0,1.0,294.0,,,-37.8239,145.0022
4,h,1400000.0,S,2.4,4.0,1.0,0.0,244.0,,,-37.82503,144.99967
3,h,1301000.0,S,2.4,3.0,1.0,1.0,163.0,,1990.0,-37.82434,145.00489
2,u,575000.0,S,2.4,2.0,1.0,1.0,407.0,66.0,1960.0,-37.82046,144.99398
3,u,766000.0,SP,19.9,3.0,1.0,2.0,327.0,,,-37.80905,145.23533999999995
4,h,910000.0,S,21.3,4.0,1.0,2.0,669.0,179.0,1965.0,-37.81656,145.24247
4,h,1200000.0,S,21.3,4.0,1.0,1.0,833.0,151.0,1960.0,-37.81186,145.25419
2,u,675000.0,S,8.9,2.0,1.0,1.0,247.0,,,-37.74427,145.06293
3,h,622000.0,S,23.5,3.0,1.0,1.0,372.0,,,-37.91655,145.26933
3,h,425000.0,S,20.6,3.0,2.0,2.0,255.0,141.0,1996.0,-37.63382,144.92774
4,t,2300000.0,S,15.2,4.0,2.0,2.0,604.0,166.0,1940.0,-37.95326,145.01779
3,h,1710000.0,SP,15.2,3.0,2.0,0.0,398.0,150.0,1920.0,-37.94785,145.01467
4,t,2221000.0,S,15.2,4.0,2.0,2.0,381.0,235.0,2000.0,-37.95372,145.00608
3,h,515000.0,SP,15.5,3.0,1.0,2.0,531.0,98.0,1985.0,-37.87793,144.75626
3,h,540000.0,S,35.4,3.0,1.0,2.0,648.0,96.0,1960.0,-38.11014,145.14336
3,h,1360000.0,S,11.0,3.0,2.0,6.0,663.0,127.8,1970.0,-37.8642,144.84257
3,h,1180000.0,SP,5.1,3.0,1.0,0.0,198.0,124.0,1910.0,-37.80779,144.88887
3,h,790000.0,S,6.2,3.0,2.0,2.0,334.0,129.0,2003.0,-37.83137,144.86731
2,u,805000.0,S,1.9,2.0,2.0,2.0,0.0,,,-37.83715,144.96716999999995
2,u,530000.0,VB,1.9,2.0,1.0,1.0,1646.0,52.0,2012.0,-37.83406,144.97131000000005
4,h,915000.0,S,20.5,4.0,3.0,2.0,624.0,410.0,2005.0,-37.63485,145.07272
3,h,644000.0,S,20.5,3.0,2.0,4.0,492.0,160.0,2007.0,-37.64215,145.08584
5,h,905000.0,S,20.5,5.0,5.0,3.0,700.0,270.0,2010.0,-37.6236,145.10629
2,u,800000.0,SP,2.7,2.0,2.0,1.0,0.0,73.0,2014.0,-37.84712,144.99967
2,h,2210000.0,S,2.7,2.0,2.0,1.0,187.0,133.0,1890.0,-37.83554,144.97956000000005
3,h,1400000.0,SP,2.7,3.0,1.0,1.0,136.0,132.0,1993.0,-37.84497,144.99781000000004
3,u,805000.0,S,2.7,3.0,1.0,1.0,0.0,,1970.0,-37.83849,144.99948
3,u,2400000.0,VB,2.7,3.0,2.0,1.0,0.0,,1940.0,-37.8369,144.98514
2,u,535000.0,SP,2.7,0.0,1.0,1.0,0.0,63.0,1970.0,-37.84468,145.00368
1,u,422000.0,S,0.7,1.0,1.0,1.0,63.0,51.0,2010.0,-37.83014,144.96967
2,u,590000.0,PI,0.7,2.0,2.0,1.0,0.0,,2009.0,-37.82586,144.957
2,u,586500.0,S,5.0,2.0,1.0,1.0,3093.0,,,-37.86506,144.97777
1,u,451000.0,S,5.0,1.0,1.0,1.0,0.0,,,-37.85705,144.98699
5,h,1780000.0,S,8.2,5.0,3.0,6.0,699.0,,,-37.7377,144.91896
2,h,790000.0,S,8.2,2.0,2.0,1.0,213.0,120.0,1990.0,-37.73519,144.92373999999995
3,h,455000.0,S,31.7,3.0,2.0,2.0,690.0,,,-37.57456,144.71548
3,h,410000.0,SP,31.7,3.0,2.0,2.0,600.0,140.0,1980.0,-37.57686,144.71023
3,h,775000.0,S,10.5,3.0,2.0,3.0,540.0,,,-37.79067,144.83803999999995
3,h,690500.0,S,10.5,3.0,1.0,0.0,637.0,,,-37.7756,144.84235
3,h,520000.0,SP,10.5,3.0,2.0,2.0,535.0,,,-37.79414000000001,144.81855
2,u,740000.0,VB,10.2,2.0,1.0,2.0,193.0,80.0,1970.0,-37.83275,145.1055
3,h,680000.0,PI,18.0,3.0,2.0,2.0,666.0,231.0,2005.0,-37.71594,144.7415
3,h,790500.0,S,15.5,3.0,2.0,2.0,808.0,,,-37.6943,144.78187
3,h,695000.0,SP,15.5,3.0,2.0,2.0,665.0,,1990.0,-37.69408,144.77861
5,h,805000.0,S,15.5,5.0,2.0,2.0,705.0,,,-37.69403,144.79418
3,h,1350000.0,S,15.5,3.0,2.0,2.0,809.0,188.0,1975.0,-37.75289,145.12826
4,t,1010000.0,S,12.4,4.0,3.0,2.0,332.0,198.0,2013.0,-37.76577,145.10728999999995
3,h,580000.0,PI,15.3,3.0,1.0,2.0,525.0,,,-37.68484,145.0072
4,h,653000.0,S,15.3,4.0,1.0,4.0,632.0,,,-37.68136,144.99479
3,h,740000.0,S,15.3,3.0,2.0,2.0,545.0,152.0,1983.0,-37.68403,144.99246000000005
2,u,493000.0,S,7.0,2.0,1.0,1.0,0.0,65.0,1970.0,-37.75257,145.00279
3,h,1240000.0,S,7.0,3.0,1.0,1.0,435.0,,,-37.75915,145.01043
2,h,1010000.0,PI,7.0,2.0,1.0,0.0,245.0,,,-37.75789,145.00136
4,h,1626000.0,S,7.0,4.0,1.0,2.0,495.0,120.0,1925.0,-37.75231,144.99023
1,u,550000.0,PI,4.1,1.0,1.0,1.0,0.0,64.0,1965.0,-37.83732,145.01164
3,u,2000000.0,VB,4.1,3.0,2.0,2.0,0.0,,,-37.84212,145.01346
2,u,751000.0,SP,4.1,2.0,1.0,1.0,2076.0,,,-37.83872,145.01452
2,u,682000.0,S,4.1,2.0,1.0,1.0,713.0,60.0,1975.0,-37.84301,145.02641
2,t,355000.0,S,12.9,2.0,1.0,1.0,108.0,,,-37.68837,144.87122
4,h,1270000.0,S,17.2,4.0,2.0,2.0,600.0,,,-37.83944,145.18641000000005
4,t,975000.0,S,17.2,4.0,2.0,2.0,0.0,207.0,2008.0,-37.83368,145.20408999999995
3,t,820000.0,SP,17.2,3.0,2.0,2.0,277.0,125.0,2016.0,-37.83581,145.19802
3,u,750000.0,SP,17.2,3.0,2.0,1.0,302.0,,,-37.85732,145.19195
2,h,1280000.0,SP,14.7,2.0,1.0,0.0,1670.0,,,-37.839,145.22143
3,h,1200000.0,S,21.1,3.0,1.0,0.0,2978.0,,,-37.74135,145.22405
3,h,655000.0,SP,14.5,3.0,2.0,1.0,253.0,116.0,2005.0,-37.7004,145.09033
3,h,531000.0,SP,14.7,3.0,2.0,1.0,805.0,,,-37.89568,144.65733
3,h,490000.0,SP,14.7,3.0,2.0,4.0,1022.0,,,-37.90811,144.64373
3,h,472000.0,SP,14.7,3.0,1.0,0.0,700.0,151.0,1950.0,-37.89363,144.65693000000005
3,h,467000.0,S,14.7,3.0,2.0,1.0,268.0,137.0,2008.0,-37.89347,144.66679
2,u,302500.0,S,14.7,2.0,1.0,2.0,471.0,,,-37.88275,144.66661000000005
5,h,750000.0,SP,14.7,5.0,2.0,2.0,1014.0,,,-37.89407,144.67723999999995
3,h,390000.0,S,14.7,3.0,1.0,2.0,530.0,109.0,1987.0,-37.90111,144.63302
3,h,1155000.0,PI,6.4,3.0,2.0,1.0,342.0,123.0,1920.0,-37.79369000000001,144.87511
2,u,480000.0,SP,6.4,2.0,1.0,1.0,1157.0,,,-37.80029,144.87859
3,h,1100000.0,S,6.4,3.0,2.0,3.0,380.0,106.4,1945.0,-37.79194,144.87143999999995
2,u,792000.0,S,3.1,2.0,1.0,1.0,0.0,,,-37.80823,144.95452
3,h,540000.0,SP,16.5,3.0,1.0,2.0,532.0,122.0,1975.0,-37.67949,144.88349
4,h,1171000.0,S,16.7,4.0,2.0,3.0,800.0,163.0,1968.0,-37.92024,145.18049
3,h,1408000.0,S,16.7,3.0,2.0,1.0,658.0,,,-37.90618,145.16995
3,h,1494000.0,S,6.8,3.0,1.0,0.0,333.0,,,-37.8649,144.89524
5,h,2760000.0,S,6.8,5.0,2.0,2.0,646.0,,,-37.86253,144.88748
3,h,1285000.0,S,6.8,3.0,2.0,3.0,448.0,,,-37.86148,144.88303
4,h,1900000.0,S,6.8,4.0,2.0,1.0,448.0,311.0,1998.0,-37.86409,144.88224
3,h,950000.0,S,6.8,3.0,1.0,0.0,169.0,,,-37.8561,144.90028
5,h,1670000.0,S,12.7,5.0,3.0,2.0,617.0,315.0,2012.0,-37.71992,145.0988
2,h,950000.0,S,6.3,2.0,1.0,0.0,150.0,79.0,1900.0,-37.81956,144.89054
3,h,1225000.0,S,6.3,3.0,1.0,0.0,230.0,,,-37.81493,144.88974
2,u,480000.0,S,3.0,2.0,1.0,1.0,601.0,64.0,1970.0,-37.80915,145.00066
2,u,750000.0,SP,3.0,2.0,1.0,1.0,2379.0,69.0,2013.0,-37.80554,144.99612
3,t,730000.0,S,10.4,3.0,1.0,2.0,242.0,124.0,2010.0,-37.72893,144.88859
4,h,820000.0,S,10.5,4.0,2.0,1.0,604.0,127.0,1950.0,-37.77967,144.81275
3,h,1650000.0,VB,5.7,3.0,1.0,2.0,827.0,,,-37.77824,145.02541000000005
4,h,2750000.0,VB,5.7,4.0,3.0,4.0,597.0,,,-37.7727,145.03079
3,h,853000.0,S,11.0,3.0,1.0,1.0,600.0,,,-37.86494,144.8157
3,u,670000.0,S,11.0,3.0,2.0,1.0,284.0,88.0,1988.0,-37.86066,144.82013
3,t,765000.0,S,11.0,3.0,2.0,2.0,200.0,139.0,2007.0,-37.86837,144.81502
3,h,820000.0,SP,15.5,3.0,2.0,2.0,530.0,,,-37.88893,144.7866
3,h,870000.0,S,9.4,3.0,1.0,4.0,559.0,560.0,1950.0,-37.8399,144.86228
2,u,595000.0,S,6.3,2.0,1.0,1.0,0.0,,,-37.86048,145.01498
4,h,3200000.0,VB,6.3,4.0,4.0,2.0,847.0,285.0,1935.0,-37.85938,145.01086999999995
2,h,1550000.0,S,6.3,2.0,1.0,0.0,212.0,,,-37.85068,145.01578999999995
4,h,1750000.0,SP,4.3,4.0,2.0,1.0,360.0,249.0,1910.0,-37.77459,144.92993
4,h,1400000.0,SP,4.3,4.0,1.0,3.0,165.0,,1910.0,-37.77352,144.92188000000004
3,h,1230000.0,S,4.3,3.0,1.0,1.0,504.0,,,-37.77279,144.91732
4,h,2170000.0,S,10.2,4.0,2.0,2.0,697.0,,,-37.86015,145.07735
4,h,1680000.0,S,10.2,4.0,3.0,3.0,726.0,194.0,1958.0,-37.85842,145.10288
3,h,1650000.0,SP,10.2,3.0,1.0,2.0,964.0,,,-37.86572,145.09763
3,h,860000.0,S,10.2,3.0,2.0,2.0,280.0,115.0,1990.0,-37.87105,145.10198
2,h,1085000.0,S,9.5,2.0,1.0,3.0,780.0,,,-37.76654,144.86469
3,h,750000.0,SP,9.5,3.0,1.0,1.0,585.0,30.0,1965.0,-37.75986,144.85886000000005
3,h,2380000.0,S,7.9,3.0,2.0,2.0,752.0,278.0,1938.0,-37.80648,145.08274
1,h,2100000.0,PI,7.9,1.0,1.0,1.0,678.0,303.0,2016.0,-37.80292,145.06423999999996
4,h,3050000.0,PI,7.9,4.0,4.0,2.0,613.0,340.0,2009.0,-37.81167,145.08595
3,t,1557000.0,S,9.7,3.0,2.0,2.0,292.0,181.0,2010.0,-37.80259,145.09878
3,u,1420000.0,PI,9.7,3.0,2.0,2.0,0.0,,,-37.79673,145.06853
4,h,2444000.0,S,9.7,4.0,2.0,2.0,1011.0,,,-37.79486,145.08728
4,h,2050000.0,S,9.7,4.0,1.0,1.0,1138.0,152.0,1950.0,-37.79284000000001,145.10082
4,h,1926000.0,S,9.7,4.0,2.0,2.0,639.0,,,-37.79836,145.10111
3,h,1490000.0,S,9.7,3.0,1.0,2.0,703.0,,,-37.78327,145.07709
2,u,520000.0,S,23.2,2.0,1.0,1.0,418.0,76.0,1970.0,-37.83777,145.26345
4,h,925000.0,SP,23.2,4.0,1.0,10.0,993.0,128.0,1966.0,-37.84688,145.25632
3,h,616000.0,S,23.2,3.0,2.0,0.0,586.0,115.0,1999.0,-37.82273,145.27323
4,h,2700000.0,VB,11.4,4.0,4.0,2.0,673.0,156.0,1935.0,-37.91888,145.04775
3,h,1116000.0,S,11.4,3.0,1.0,2.0,278.0,,1930.0,-37.91928,145.03381000000005
3,h,1573000.0,SP,11.4,3.0,1.0,2.0,670.0,,,-37.91855,145.02628
3,h,1316000.0,S,13.8,3.0,1.0,1.0,636.0,,1958.0,-37.92463,145.06051000000005
3,h,1617000.0,S,13.8,3.0,1.0,2.0,650.0,,,-37.91905,145.05597
3,t,950000.0,PI,13.8,3.0,2.0,2.0,163.0,,,-37.9217,145.0733
3,h,1525000.0,PI,13.8,3.0,1.0,3.0,581.0,128.0,1940.0,-37.9178,145.05414
4,h,1330000.0,PI,13.8,4.0,2.0,2.0,566.0,191.0,1950.0,-37.91503,145.07997
3,t,850000.0,PI,13.8,3.0,2.0,1.0,200.0,,,-37.91847,145.08101000000005
3,h,1228000.0,S,13.8,3.0,1.0,2.0,623.0,,,-37.91943,145.06801000000004
4,h,608500.0,S,35.2,4.0,2.0,2.0,563.0,168.01,1995.0,-38.05379,145.34803
2,u,879000.0,S,17.3,2.0,1.0,1.0,0.0,88.0,1970.0,-37.96341,145.01735
3,h,1112000.0,S,13.4,3.0,1.0,3.0,632.0,,,-37.83107,145.14343
2,h,1425000.0,S,13.4,2.0,1.0,1.0,597.0,,,-37.81561,145.15365
3,h,1001000.0,S,13.4,3.0,1.0,1.0,671.0,,,-37.802,145.15828
4,h,1280000.0,SP,13.4,4.0,2.0,1.0,797.0,164.0,1960.0,-37.80755,145.1638
3,h,1300000.0,VB,13.4,3.0,1.0,1.0,734.0,,,-37.83576,145.13634
2,u,725000.0,PI,13.4,2.0,2.0,2.0,311.0,,,-37.83459000000001,145.15721000000005
2,h,710500.0,S,16.1,2.0,1.0,1.0,598.0,110.0,1985.0,-37.70681,145.11731
2,u,855000.0,PI,10.5,2.0,1.0,1.0,106.0,,,-37.89571,144.99796
3,h,2020000.0,S,10.5,3.0,2.0,2.0,369.0,,,-37.91728,145.00206
3,u,1410000.0,S,10.5,3.0,2.0,2.0,257.0,,,-37.89886,144.99462
4,h,2100000.0,SP,10.3,4.0,3.0,2.0,608.0,306.19,2000.0,-37.91777,145.01798
2,h,1410000.0,S,10.3,2.0,1.0,2.0,708.0,,,-37.91488,145.01868000000005
4,t,1620000.0,PI,10.3,4.0,2.0,2.0,326.0,515.78,,-37.92875,145.0248
2,u,310000.0,S,14.0,2.0,1.0,1.0,171.0,90.0,2008.0,-37.68489,144.9212
3,h,374000.0,S,14.0,3.0,1.0,2.0,635.0,,,-37.69248,144.93345
2,u,510000.0,SP,5.2,2.0,1.0,0.0,0.0,64.0,2009.0,-37.77002,144.97154
3,h,1925000.0,SP,5.2,3.0,1.0,4.0,479.0,182.0,1925.0,-37.77694,144.96669
2,h,890000.0,VB,5.2,2.0,1.0,0.0,138.0,78.0,1910.0,-37.75908,144.96969
4,h,1500000.0,S,5.2,4.0,1.0,1.0,318.0,100.0,1908.0,-37.76792,144.97141000000005
3,h,950000.0,PI,5.2,3.0,1.0,0.0,230.0,,,-37.76811,144.96017
1,u,312000.0,S,5.2,1.0,1.0,1.0,406.0,40.0,1970.0,-37.75847,144.94226
3,h,1010000.0,PI,5.2,3.0,2.0,4.0,413.0,126.0,1910.0,-37.76545,144.94442
3,u,763000.0,S,5.2,3.0,1.0,1.0,138.0,,1970.0,-37.75904,144.93388000000004
3,h,1100000.0,S,10.8,3.0,1.0,1.0,711.0,,,-37.77918,145.09049
3,h,687000.0,S,12.1,3.0,1.0,3.0,559.0,,,-37.69849,145.06705
3,h,680000.0,S,12.1,3.0,1.0,1.0,539.0,,,-37.68274,145.05832
4,h,755000.0,SP,12.1,4.0,2.0,2.0,300.0,162.0,2014.0,-37.68223,145.07818
3,h,1100000.0,VB,2.4,3.0,2.0,2.0,1212.0,,2010.0,-37.82982,145.01038
3,t,918000.0,S,10.4,3.0,2.0,1.0,207.0,144.0,2012.0,-37.85682,145.10873
5,h,1523500.0,S,14.7,5.0,2.0,2.0,577.0,,,-37.85919000000001,145.15851999999995
3,h,968000.0,S,14.7,3.0,1.0,1.0,612.0,,,-37.85586,145.15827
4,h,1580000.0,S,14.7,4.0,2.0,2.0,724.0,,,-37.85646,145.14311
2,t,795000.0,S,7.7,2.0,2.0,1.0,112.0,,,-37.84085,145.05415
3,h,1775000.0,VB,7.7,3.0,1.0,3.0,715.0,,,-37.84361,145.07099
5,h,2361000.0,SP,7.7,5.0,3.0,2.0,844.0,203.0,1920.0,-37.84753,145.07198
4,u,1900000.0,VB,7.7,4.0,2.0,4.0,336.0,,,-37.826,145.0707
3,h,1840000.0,PI,3.5,3.0,1.0,1.0,311.0,,,-37.78305,144.97268
2,h,920000.0,S,10.1,2.0,1.0,1.0,431.0,,,-37.89785,145.05524
3,h,1550000.0,VB,10.1,3.0,2.0,2.0,557.0,200.0,1930.0,-37.89584,145.04741
3,h,500000.0,S,34.9,3.0,2.0,2.0,509.0,125.0,1993.0,-38.09111,145.19083999999995
3,h,561000.0,S,34.9,3.0,1.0,2.0,787.0,,,-38.10709,145.1744
1,u,295000.0,SP,8.7,1.0,1.0,1.0,811.0,,,-37.89614,145.01323
3,t,1237000.0,S,8.7,3.0,2.0,2.0,0.0,135.0,1990.0,-37.90034,145.01283
3,h,740000.0,PI,11.7,3.0,1.0,1.0,280.0,,2000.0,-37.88486,145.10203
4,h,1120000.0,S,17.9,4.0,2.0,2.0,806.0,,,-37.97245,145.07566
3,h,1051000.0,PI,17.9,3.0,1.0,3.0,590.0,,,-37.95416,145.06781
3,h,1170000.0,S,17.9,3.0,1.0,2.0,627.0,,,-37.95668,145.06458
3,t,861000.0,S,17.9,3.0,2.0,2.0,305.0,130.0,2000.0,-37.96836,145.06452
2,u,535000.0,S,17.9,2.0,1.0,2.0,215.0,,1980.0,-37.96597,145.07535
6,h,1361000.0,S,16.7,6.0,3.0,4.0,726.0,,,-37.91945,145.1315
3,h,1462000.0,S,16.7,3.0,1.0,1.0,816.0,130.0,1965.0,-37.92027,145.12937
3,h,745000.0,S,17.5,3.0,2.0,2.0,180.0,134.0,,-37.93898,145.13648
3,h,1100000.0,S,6.7,3.0,1.0,0.0,532.0,,,-37.74751,144.96206
3,h,365000.0,S,20.6,3.0,1.0,1.0,320.0,,1980.0,-37.60608,144.92841
4,h,600000.0,S,20.6,4.0,2.0,2.0,560.0,196.1,2007.0,-37.59943,144.91439
3,h,567000.0,S,23.0,3.0,1.0,1.0,420.0,,,-37.80106,145.28741000000005
3,h,862000.0,S,23.0,3.0,2.0,1.0,864.0,,,-37.78481,145.26504
4,h,820000.0,S,23.0,4.0,2.0,2.0,841.0,196.0,2016.0,-37.76917,145.29265
6,h,1350000.0,PI,23.0,6.0,4.0,4.0,4413.0,,,-37.777,145.28113000000005
4,h,859000.0,S,23.0,4.0,2.0,3.0,660.0,,,-37.76436,145.2804
4,h,1071500.0,S,24.7,4.0,1.0,1.0,951.0,,,-37.98121,145.21643999999995
4,h,750000.0,PI,24.7,4.0,2.0,1.0,811.0,,,-37.95187,145.21249
4,h,1100000.0,S,22.2,4.0,2.0,2.0,840.0,237.0,1980.0,-37.97824,145.12949
3,h,980000.0,SP,22.2,3.0,2.0,2.0,702.0,,,-37.97658,145.11887
4,t,1202000.0,S,12.4,4.0,3.0,0.0,403.0,,,-37.77744000000001,145.10416
4,h,1120000.0,PI,12.4,4.0,2.0,2.0,280.0,200.0,2008.0,-37.79423,145.13696000000004
4,u,885000.0,S,12.4,4.0,2.0,2.0,493.0,,,-37.78457,145.10453
5,t,1500000.0,SP,14.3,5.0,3.0,2.0,365.0,,,-37.77821,145.1569
4,h,1504000.0,S,14.3,4.0,2.0,2.0,661.0,,,-37.77956,145.16645
3,u,850000.0,S,14.3,3.0,2.0,1.0,236.0,145.0,1980.0,-37.78963,145.16973000000004
4,h,1241000.0,S,14.3,4.0,2.0,2.0,886.0,,1980.0,-37.75572,145.17625
4,h,1125000.0,PI,14.3,4.0,3.0,2.0,284.0,180.0,2006.0,-37.79773,145.15141
3,h,2270000.0,VB,8.9,3.0,1.0,2.0,1143.0,,,-37.76774,145.05303
3,h,1875000.0,PI,1.3,3.0,1.0,0.0,118.0,177.0,1890.0,-37.81351,144.98803999999996
2,t,1350000.0,S,1.3,2.0,2.0,1.0,87.0,115.0,2005.0,-37.81803,144.9892
3,h,1460000.0,SP,7.2,3.0,1.0,0.0,377.0,133.0,1915.0,-37.88783,145.01324
2,u,550000.0,S,7.2,2.0,1.0,1.0,1172.0,69.0,1970.0,-37.88533,145.01049
4,h,840000.0,SP,18.0,4.0,3.0,2.0,903.0,,,-37.7018,145.15628999999996
4,h,1065000.0,SP,18.0,4.0,2.0,2.0,816.0,243.0,1966.0,-37.72308,145.14011000000005
4,h,977500.0,S,18.0,4.0,2.0,3.0,1004.0,184.0,1985.0,-37.69999,145.1617
3,t,755000.0,S,18.0,3.0,2.0,2.0,214.0,,,-37.70479,145.1573
4,h,810000.0,S,18.0,4.0,2.0,2.0,838.0,,,-37.69568,145.15787
4,h,861000.0,S,18.0,4.0,2.0,2.0,781.0,,1970.0,-37.71021,145.16651000000005
2,u,810000.0,S,7.2,2.0,1.0,1.0,0.0,87.0,1935.0,-37.8835,144.99549
2,h,1255000.0,PI,7.2,2.0,1.0,1.0,226.0,,,-37.88132,144.99013
2,u,550000.0,VB,7.2,2.0,1.0,1.0,605.0,,1970.0,-37.87987,144.99251999999996
2,u,543000.0,S,7.2,2.0,1.0,1.0,0.0,74.0,1960.0,-37.88042,144.9818
4,t,1950000.0,VB,7.2,4.0,3.0,2.0,142.0,,2013.0,-37.87156,144.98605
4,h,660000.0,SP,19.6,4.0,1.0,3.0,558.0,159.0,1980.0,-37.64666,145.03062
3,h,568000.0,S,19.6,3.0,2.0,2.0,420.0,190.0,2012.0,-37.62145,145.01051
4,h,680000.0,S,19.6,4.0,2.0,2.0,656.0,166.0,1980.0,-37.63878,145.05577
2,u,580000.0,S,7.5,2.0,1.0,1.0,921.0,84.0,1970.0,-37.74904,144.90668
4,t,970000.0,S,7.5,4.0,2.0,2.0,0.0,142.0,2003.0,-37.74541,144.89844
3,h,1100000.0,VB,7.5,3.0,3.0,2.0,255.0,,2007.0,-37.7468,144.92033
2,u,485000.0,S,7.5,2.0,1.0,1.0,1856.0,,,-37.76,144.91439
2,h,1195000.0,S,7.5,2.0,1.0,1.0,337.0,122.0,1940.0,-37.7545,144.91194
4,h,1155000.0,PI,7.5,4.0,1.0,3.0,616.0,170.0,1900.0,-37.75728,144.90723
3,t,800000.0,PI,8.2,3.0,2.0,1.0,161.0,149.0,2012.0,-37.73566,144.89368000000005
2,h,685000.0,SP,8.2,2.0,1.0,1.0,173.0,,2009.0,-37.73746,144.90079
2,u,667000.0,S,5.7,2.0,1.0,1.0,86.0,,,-37.78203,145.01508
5,h,1018000.0,S,13.1,5.0,2.0,2.0,737.0,194.0,1990.0,-37.71729000000001,144.96403
5,h,1100000.0,S,24.8,5.0,3.0,2.0,836.0,789.0,2001.0,-37.8801,145.26011
3,h,1394000.0,S,2.1,3.0,2.0,1.0,60.0,200.0,1950.0,-37.79714,144.97596
3,h,1600000.0,VB,3.6,3.0,2.0,0.0,251.0,180.0,,-37.77626,144.98035
2,u,620000.0,VB,3.6,2.0,1.0,2.0,0.0,,,-37.79178,144.98238999999995
2,h,1270000.0,S,3.6,2.0,1.0,0.0,183.0,,1890.0,-37.78353,144.97991000000005
1,u,240000.0,SA,5.1,1.0,1.0,1.0,1015.0,46.0,1970.0,-37.78778,144.89037
3,u,855000.0,S,5.1,3.0,2.0,2.0,0.0,,,-37.80443,144.90642
1,u,310000.0,PI,5.1,1.0,1.0,0.0,0.0,53.0,1888.0,-37.80376,144.89862
2,h,910000.0,S,5.1,2.0,1.0,0.0,312.0,,,-37.79592,144.88595
3,h,1177000.0,S,15.4,3.0,2.0,2.0,561.0,,,-37.83771,145.16416
3,h,1131000.0,S,15.4,3.0,1.0,2.0,697.0,,,-37.84188,145.16982
3,h,540000.0,SA,45.9,3.0,1.0,2.0,665.0,110.0,1930.0,-37.48701,144.58567
5,h,691000.0,S,12.9,5.0,2.0,3.0,551.0,221.0,1975.0,-37.68329,144.89302
5,h,675000.0,SP,12.9,5.0,2.0,2.0,565.0,,,-37.68302,144.89327
5,h,660000.0,S,12.9,5.0,2.0,1.0,536.0,,,-37.6852,144.89853
4,h,2305000.0,S,7.3,4.0,1.0,3.0,632.0,,,-37.86024000000001,145.04674
2,h,1650000.0,PI,7.3,2.0,1.0,2.0,660.0,,1928.0,-37.85671,145.0604
3,h,3056000.0,PI,16.7,4.0,2.0,2.0,1590.0,292.0,1992.0,-37.86957,145.17543999999995
3,h,1900000.0,PI,16.7,3.0,1.0,0.0,738.0,,,-37.88351,145.15714
5,h,2650000.0,PI,16.7,6.0,3.0,2.0,662.0,119.0,1960.0,-37.87853,145.15542
3,t,655000.0,S,16.7,3.0,2.0,2.0,0.0,133.0,2002.0,-37.89873,145.15072
3,h,1550000.0,S,16.7,3.0,2.0,2.0,648.0,181.0,1980.0,-37.88255,145.14727
4,h,1715000.0,S,16.7,4.0,1.0,2.0,758.0,,,-37.86924000000001,145.16471
3,h,780000.0,S,11.2,3.0,1.0,2.0,697.0,131.27,1960.0,-37.69795,144.94285
2,u,422000.0,S,11.2,2.0,1.0,1.0,136.0,,1980.0,-37.70972,144.91109
4,h,780000.0,S,11.2,4.0,1.0,3.0,697.0,133.0,1960.0,-37.70159,144.93948
4,h,945000.0,S,12.9,4.0,2.0,4.0,474.0,210.0,2000.0,-37.70626,144.89551
4,h,645000.0,S,20.4,3.0,2.0,2.0,538.0,154.0,2000.0,-37.6499,144.9013
3,h,785000.0,S,11.2,3.0,1.0,1.0,602.0,,,-37.70342,144.94574
3,h,810000.0,S,11.2,3.0,1.0,2.0,634.0,,,-37.71236,144.94332
3,h,601000.0,S,32.3,3.0,2.0,4.0,604.0,167.87,1995.0,-38.00305,145.2729
3,u,970000.0,S,13.8,3.0,2.0,2.0,0.0,99.0,2005.0,-37.93538,145.00224
2,u,805000.0,S,13.8,2.0,1.0,2.0,0.0,,,-37.93387,145.00226999999995
3,h,2120000.0,S,13.8,3.0,1.0,3.0,753.0,,1934.0,-37.93649,145.01107
3,h,2100000.0,S,13.8,3.0,2.0,1.0,455.0,,1990.0,-37.93739,145.00513
2,u,762000.0,S,5.3,2.0,1.0,1.0,1583.0,,1970.0,-37.81857,145.01703999999995
4,h,2053000.0,S,5.3,4.0,3.0,2.0,354.0,,,-37.81691,145.03721000000004
4,h,7650000.0,S,5.3,4.0,2.0,4.0,1690.0,284.0,1863.0,-37.82652,145.03052
1,u,375000.0,S,5.3,1.0,1.0,1.0,0.0,53.0,1970.0,-37.82538,145.02546
2,u,525000.0,PI,5.3,2.0,1.0,1.0,0.0,,,-37.827,145.02563
2,u,1080000.0,S,5.3,2.0,2.0,2.0,6996.0,136.0,2000.0,-37.82712,145.02427
3,h,2225000.0,VB,6.2,3.0,1.0,2.0,616.0,,1920.0,-37.81724000000001,145.05688
5,h,2855000.0,PI,6.2,5.0,3.0,2.0,572.0,274.0,2000.0,-37.81936,145.05131
4,h,3255000.0,PI,6.2,4.0,3.0,3.0,1116.0,304.0,1984.0,-37.84283,145.05178
6,h,2200000.0,VB,6.2,6.0,3.0,3.0,622.0,,,-37.8351,145.05542
3,h,655000.0,S,21.3,3.0,1.0,1.0,348.0,,,-37.82327,145.24982
3,t,670000.0,S,21.3,3.0,2.0,1.0,194.0,,,-37.82365,145.24001
4,t,828000.0,S,8.9,4.0,2.0,2.0,264.0,140.0,2000.0,-37.74352,145.08082
4,h,1230000.0,S,8.9,4.0,1.0,2.0,630.0,237.0,1950.0,-37.74863,145.07202
3,h,590000.0,S,8.8,3.0,1.0,2.0,290.0,105.0,1950.0,-37.7368,145.05048
3,h,1155000.0,PI,16.0,3.0,2.0,1.0,650.0,,,-37.95378,145.03267
4,h,1220000.0,SP,16.0,4.0,1.0,2.0,633.0,,,-37.94578,145.03564
2,h,548000.0,S,16.0,2.0,1.0,1.0,0.0,,1970.0,-37.95037,145.03473
6,h,935000.0,S,18.0,6.0,4.0,2.0,694.0,,,-37.68178,144.73779
3,h,555000.0,S,18.4,3.0,2.0,4.0,615.0,115.0,,-37.86659,144.69959
3,h,535000.0,S,18.4,3.0,1.0,2.0,603.0,,,-37.8688,144.68768
3,h,1093800.0,S,12.3,3.0,1.0,2.0,501.0,180.0,,-37.90805,145.10683999999995
4,h,1145000.0,S,12.3,4.0,1.0,2.0,603.0,151.0,1960.0,-37.90822,145.11146000000005
2,h,1853000.0,S,7.8,2.0,2.0,2.0,751.0,,,-37.77521,145.05426
3,h,550000.0,VB,15.5,3.0,1.0,4.0,802.0,183.97,1978.0,-37.72343,144.81411
4,h,1120000.0,S,11.7,4.0,2.0,2.0,599.0,,,-37.73514,144.87143999999995
3,h,1001000.0,S,11.7,3.0,1.0,2.0,605.0,,,-37.73137,144.86882
3,h,690000.0,PI,10.4,3.0,1.0,2.0,650.0,,,-37.72529,144.85682
2,h,1070000.0,S,3.4,2.0,1.0,0.0,282.0,,,-37.79882,144.92745
2,u,730000.0,SP,3.4,2.0,2.0,1.0,2135.0,90.0,2010.0,-37.79561,144.93499
1,u,392000.0,SP,3.4,1.0,1.0,1.0,0.0,60.0,2001.0,-37.78993,144.92306000000005
2,h,1150000.0,S,3.4,2.0,1.0,0.0,147.0,95.0,1890.0,-37.79067,144.92844
4,h,1415000.0,SP,3.4,4.0,2.0,0.0,199.0,96.0,1982.0,-37.7916,144.92855
1,u,370000.0,SP,3.4,1.0,1.0,1.0,0.0,,2011.0,-37.79122,144.93175
5,h,3175000.0,PI,5.4,5.0,4.0,2.0,769.0,285.0,1940.0,-37.81143,145.03723
3,t,1375000.0,VB,5.4,3.0,3.0,3.0,325.0,,,-37.80506,145.05223999999995
3,h,1975000.0,S,7.3,3.0,2.0,4.0,677.0,,,-37.7921,145.0507
5,h,1250000.0,S,12.1,5.0,3.0,2.0,544.0,40.0,,-37.71499,145.02966999999995
2,h,735000.0,PI,6.4,2.0,1.0,1.0,170.0,,,-37.80635,144.8845
3,h,638000.0,S,16.3,3.0,1.0,2.0,679.0,130.0,1965.0,-37.67304,145.03396999999995
3,h,716000.0,S,16.3,3.0,1.0,4.0,651.0,,,-37.67388,145.02069
2,u,400000.0,SP,41.0,2.0,1.0,1.0,196.0,,2012.0,-38.16439,145.1978
5,h,800000.0,S,14.6,5.0,2.0,2.0,864.0,,,-37.72754000000001,145.11021000000005
2,t,505500.0,SP,6.4,2.0,1.0,1.0,59.0,,2014.0,-37.77824,144.87427
4,h,2520000.0,PI,8.4,4.0,3.0,4.0,960.0,325.0,1910.0,-37.87605,145.05563
1,u,301000.0,S,4.3,1.0,1.0,1.0,887.0,45.0,1972.0,-37.76878,144.89197
3,u,960000.0,S,11.4,3.0,2.0,3.0,220.0,,,-37.90958,145.03371
2,u,740000.0,VB,0.0,2.0,1.0,1.0,0.0,113.0,1999.0,-37.81317,144.95452
4,h,420000.0,S,31.7,4.0,2.0,2.0,642.0,199.5,2004.0,-37.69159000000001,144.5864
3,h,419000.0,S,29.8,3.0,1.0,3.0,603.0,,,-37.70478,144.57211
3,t,1051000.0,S,20.0,3.0,2.0,2.0,435.0,141.0,1980.0,-37.97889,145.0745
4,h,1700000.0,S,20.0,4.0,2.0,2.0,731.0,,,-37.98035,145.05593000000005
2,u,525000.0,S,20.0,2.0,1.0,1.0,723.0,,,-37.99121,145.06458
2,u,660000.0,S,20.0,2.0,1.0,1.0,101.0,300.0,1990.0,-37.98558,145.05966
2,u,455000.0,S,20.0,2.0,1.0,1.0,3160.0,,1970.0,-37.97946,145.07166999999995
3,h,517000.0,S,25.9,3.0,2.0,4.0,400.0,,,-37.60697,145.09208
4,h,596000.0,S,25.9,4.0,2.0,2.0,512.0,,,-37.61133,145.0945
4,h,2500000.0,VB,3.0,4.0,3.0,1.0,209.0,,,-37.84807,144.96017
4,h,865000.0,S,17.9,4.0,2.0,2.0,612.0,236.0,2013.0,-37.65478,145.05199
4,h,1302000.0,S,17.2,4.0,1.0,1.0,842.0,160.0,1950.0,-37.81235,145.19756
3,t,800000.0,VB,17.2,3.0,2.0,2.0,343.0,130.0,2010.0,-37.82158,145.21129
3,h,1850000.0,SP,6.2,3.0,2.0,2.0,596.0,203.0,1950.0,-37.76086,144.90497
1,u,222000.0,S,6.2,1.0,1.0,0.0,0.0,29.0,2012.0,-37.77154,144.91597
4,h,1289000.0,S,14.3,4.0,2.0,1.0,532.0,,,-37.93686,145.03966
4,h,651000.0,S,26.5,4.0,2.0,2.0,854.0,,,-37.78883,145.3275
3,h,581000.0,S,26.5,3.0,1.0,2.0,484.0,102.0,1970.0,-37.78454,145.33073000000005
4,h,1350000.0,PI,21.5,4.0,2.0,2.0,314.0,,1995.0,-38.00585,145.08376
4,h,1150000.0,SP,21.5,4.0,2.0,2.0,603.0,194.0,2004.0,-38.00549,145.10371999999995
2,u,470500.0,S,21.5,2.0,1.0,1.0,0.0,,1970.0,-38.00482,145.08746000000005
3,h,1530000.0,S,14.2,3.0,1.0,2.0,810.0,,,-37.86838,145.14664
4,h,1352000.0,SP,14.2,4.0,3.0,2.0,708.0,150.0,1960.0,-37.89187,145.11049
3,h,1360000.0,S,14.2,3.0,2.0,2.0,710.0,,,-37.8622,145.12563
3,h,1530000.0,S,14.2,3.0,1.0,1.0,750.0,,1970.0,-37.87718,145.11248
4,h,1728000.0,S,14.2,4.0,3.0,2.0,720.0,249.0,1960.0,-37.87833,145.13731
4,h,2000000.0,S,18.8,4.0,4.0,2.0,905.0,446.0,,-37.9319,145.20164
3,h,901000.0,S,18.8,3.0,1.0,2.0,801.0,,,-37.93105,145.16962
3,h,757500.0,S,18.8,3.0,2.0,1.0,145.0,,,-37.93226,145.19097
3,h,757000.0,S,18.8,3.0,1.0,1.0,664.0,,,-37.92773,145.16984
4,h,902000.0,S,18.8,4.0,2.0,4.0,726.0,165.0,1960.0,-37.93058,145.16308
3,t,900000.0,S,10.1,3.0,2.0,2.0,238.0,,1998.0,-37.89345,145.06875
2,u,660000.0,S,10.1,2.0,1.0,1.0,109.0,,,-37.89578,145.06899
3,h,1561000.0,S,10.1,3.0,1.0,2.0,627.0,132.0,1930.0,-37.89561,145.07502
4,h,1005000.0,S,6.2,4.0,1.0,1.0,390.0,,,-37.84283,144.87958999999995
3,h,1300000.0,S,10.4,3.0,1.0,4.0,646.0,150.0,1950.0,-37.7415,144.88923
4,h,1751000.0,S,10.4,4.0,3.0,2.0,564.0,500.0,,-37.73666,144.87725
3,h,635000.0,S,22.7,3.0,1.0,4.0,585.0,,,-37.97267,145.18262
1,h,1000000.0,S,1.8,1.0,1.0,0.0,133.0,,,-37.80131,144.94753
1,t,780000.0,S,1.8,1.0,1.0,0.0,37.0,,,-37.80376,144.95379
2,u,550000.0,S,1.8,2.0,1.0,1.0,0.0,,,-37.80298,144.9568
2,h,1001000.0,S,5.3,2.0,1.0,0.0,166.0,,,-37.7702,144.99987
2,h,905000.0,PI,5.3,2.0,1.0,0.0,114.0,,,-37.78024,144.99289
3,h,1305000.0,SP,5.3,3.0,1.0,0.0,375.0,,1999.0,-37.76397,144.99481
3,h,1516000.0,S,5.3,3.0,1.0,2.0,504.0,,,-37.77358,145.01286000000005
2,u,503000.0,SP,5.3,2.0,1.0,1.0,0.0,,1970.0,-37.76926,144.99157
3,u,840000.0,S,16.7,3.0,1.0,1.0,390.0,118.0,1970.0,-37.90354,145.14394
4,h,1430000.0,S,15.4,4.0,3.0,2.0,616.0,212.0,,-37.8124,145.18411
3,h,913000.0,S,15.4,3.0,2.0,1.0,431.0,,,-37.81206,145.18126999999996
5,h,1060000.0,SP,15.4,5.0,3.0,2.0,766.0,274.0,1970.0,-37.81113,145.17681000000005
3,u,806000.0,S,15.4,3.0,1.0,2.0,319.0,,,-37.82275,145.1764
3,h,840000.0,SP,11.2,3.0,1.0,1.0,722.0,115.0,1960.0,-37.71433,144.90616
4,h,1071888.0,SP,11.2,4.0,2.0,4.0,553.0,190.0,2001.0,-37.71328,144.90585
2,t,790000.0,S,11.2,2.0,2.0,1.0,208.0,127.0,2010.0,-37.71679,144.90901000000005
3,t,820000.0,S,12.3,3.0,2.0,1.0,200.0,130.0,2013.0,-37.91017,145.11488
3,h,1218500.0,S,15.5,3.0,1.0,2.0,673.0,101.0,1950.0,-37.91693,145.08739
2,h,695000.0,S,11.4,2.0,1.0,1.0,126.0,75.45,1970.0,-37.90552,145.03087
3,h,940000.0,S,21.5,3.0,2.0,2.0,454.0,122.0,1950.0,-37.99443,145.0885
4,h,1300000.0,SP,21.5,4.0,2.0,2.0,597.0,150.0,1970.0,-37.99232,145.08469
3,t,850000.0,S,1.8,3.0,1.0,1.0,2429.0,,,-37.78033,144.95949
2,u,900000.0,VB,1.8,2.0,2.0,1.0,2431.0,,,-37.78212,144.95755
4,h,1260000.0,S,8.5,4.0,2.0,5.0,669.0,,,-37.72775,144.93372
3,h,1199000.0,S,8.5,3.0,2.0,4.0,689.0,165.5,1950.0,-37.73072,144.94829
4,h,550000.0,SP,14.7,4.0,2.0,2.0,464.0,,,-37.90545,144.76077
2,h,1355000.0,S,3.5,2.0,1.0,0.0,156.0,,,-37.83343,144.94554
3,t,1388000.0,S,3.5,3.0,2.0,2.0,104.0,146.0,2015.0,-37.83165,144.94411000000005
1,h,964000.0,S,3.5,1.0,1.0,0.0,85.0,,,-37.8371,144.93858999999995
4,h,1805000.0,S,4.6,4.0,2.0,1.0,105.0,,,-37.85102,144.99408
3,t,1420000.0,S,4.6,3.0,2.0,2.0,187.0,,,-37.84714,144.98927
2,u,735000.0,S,4.6,2.0,1.0,1.0,0.0,,,-37.85127,144.99434
1,u,440000.0,SP,4.6,1.0,1.0,1.0,0.0,44.0,2015.0,-37.85012,144.99225
3,h,2200000.0,PI,4.6,3.0,2.0,2.0,142.0,,2000.0,-37.84961,145.01113
4,h,2300000.0,VB,4.6,4.0,2.0,2.0,291.0,263.5,1890.0,-37.84961,145.00248
3,h,1017500.0,S,8.4,3.0,1.0,2.0,592.0,,,-37.74356,144.99464
2,h,1050000.0,S,8.4,2.0,1.0,1.0,688.0,,,-37.74847000000001,145.01193
4,h,840000.0,PI,8.4,4.0,1.0,1.0,313.0,113.0,1950.0,-37.74955,145.00949
3,u,510000.0,S,12.0,3.0,1.0,1.0,178.0,100.0,2009.0,-37.70985,145.02073
4,h,930000.0,S,12.0,4.0,1.0,5.0,700.0,,,-37.7115,145.02413
3,h,635000.0,SP,12.0,3.0,2.0,2.0,247.0,,,-37.70952,145.02823999999995
2,h,850000.0,S,12.0,2.0,1.0,2.0,494.0,,,-37.72596,145.00113000000005
3,h,780000.0,PI,12.0,3.0,1.0,2.0,893.0,103.0,1940.0,-37.69964,145.00945
2,h,1172000.0,S,2.4,2.0,1.0,0.0,155.0,,,-37.82418,145.00185
3,t,1255000.0,S,2.4,3.0,2.0,1.0,124.0,123.0,2008.0,-37.8147,145.00852
2,h,1275000.0,S,2.4,2.0,1.0,1.0,110.0,72.0,1890.0,-37.82324000000001,145.01331000000005
3,h,1120000.0,S,2.4,3.0,2.0,2.0,134.0,149.0,2007.0,-37.81186,144.99472
3,h,1190000.0,S,2.4,3.0,2.0,1.0,105.0,110.0,1997.0,-37.82146,145.00203
1,u,534000.0,S,2.4,1.0,1.0,1.0,1347.0,,2003.0,-37.81893,145.00631
3,h,1425000.0,S,2.4,3.0,3.0,3.0,81.0,81.0,2000.0,-37.82622,144.99879
2,u,650000.0,S,2.4,2.0,2.0,1.0,2226.0,,2011.0,-37.813,144.99303
2,u,475000.0,PI,19.9,2.0,1.0,2.0,750.0,,1975.0,-37.82214000000001,145.23086999999995
3,h,800000.0,PI,19.9,3.0,1.0,1.0,737.0,,,-37.8021,145.23473
4,h,1175000.0,S,21.3,4.0,2.0,1.0,842.0,135.0,1960.0,-37.81109,145.25738
3,h,755000.0,SP,19.9,3.0,2.0,2.0,306.0,127.0,1997.0,-37.80384,145.22562
2,u,602000.0,S,19.9,2.0,1.0,1.0,209.0,,1996.0,-37.79894,145.22697
4,h,1005800.0,SP,23.5,4.0,2.0,2.0,502.0,320.0,2003.0,-37.92985,145.25184
4,h,1275000.0,S,23.5,4.0,2.0,2.0,726.0,,,-37.92502,145.23939
3,u,760000.0,VB,15.2,3.0,1.0,1.0,178.0,,,-37.96224,145.01683
3,h,782500.0,S,35.4,3.0,2.0,2.0,603.0,,,-38.09088,145.12933999999996
4,h,1410000.0,S,11.0,4.0,1.0,2.0,521.0,,,-37.86781,144.84275
3,h,900000.0,SP,5.1,3.0,1.0,0.0,194.0,,,-37.8041,144.8916
1,u,322500.0,S,5.1,1.0,1.0,1.0,0.0,,,-37.80504000000001,144.88685
3,h,900000.0,SP,5.1,3.0,1.0,1.0,252.0,120.0,,-37.80552,144.88889
4,h,555698.0,SP,34.7,4.0,2.0,1.0,534.0,152.0,2002.0,-38.09083,145.20139
3,u,1250000.0,S,1.9,3.0,2.0,3.0,0.0,113.0,2001.0,-37.83185,144.96817
1,h,407500.0,S,1.9,1.0,1.0,1.0,0.0,53.0,2000.0,-37.83087,144.96864
2,t,1050000.0,S,2.7,2.0,1.0,1.0,0.0,,,-37.83543,144.99907
2,u,771000.0,S,2.7,2.0,1.0,1.0,1272.0,,,-37.84283,145.00015
2,u,642500.0,S,0.7,2.0,1.0,1.0,8888.0,77.0,1994.0,-37.82481,144.96669
1,u,422500.0,PI,0.7,1.0,1.0,1.0,3878.0,,2012.0,-37.82548,144.96648000000005
3,t,460000.0,S,14.0,3.0,1.0,1.0,160.0,129.0,2000.0,-37.73915,144.80289
3,h,610000.0,PI,14.0,3.0,1.0,1.0,582.0,116.0,1960.0,-37.74538,144.79216
3,h,630000.0,S,14.0,3.0,1.0,2.0,524.0,,,-37.75098,144.80331
3,u,500000.0,S,14.0,3.0,1.0,1.0,388.0,95.0,1992.0,-37.73163,144.80697
2,u,615000.0,S,5.0,2.0,1.0,1.0,1123.0,84.0,1920.0,-37.86736,144.98391
3,h,455000.0,SP,31.7,3.0,1.0,6.0,639.0,120.0,1990.0,-37.56291,144.72848
4,u,660000.0,S,10.5,4.0,2.0,2.0,283.0,,2007.0,-37.78579000000001,144.83597
3,h,810000.0,VB,10.5,3.0,1.0,2.0,459.0,114.0,1970.0,-37.78519,144.83651
3,h,805000.0,S,10.5,3.0,1.0,2.0,631.0,115.0,1965.0,-37.78956,144.84526
3,h,453000.0,S,10.5,3.0,1.0,1.0,305.0,,2006.0,-37.78874,144.82398999999995
2,u,807000.0,S,10.2,2.0,1.0,1.0,1501.0,84.0,1960.0,-37.81665,145.10043000000005
3,u,780000.0,SP,10.2,2.0,1.0,1.0,149.0,,,-37.82971,145.09007
3,h,471000.0,S,18.0,3.0,2.0,1.0,338.0,114.0,2000.0,-37.705,144.75759
3,h,558000.0,S,18.0,3.0,2.0,2.0,431.0,431.0,2008.0,-37.7209,144.75053
5,h,780000.0,S,15.5,5.0,2.0,2.0,663.0,230.0,1996.0,-37.69496,144.79511000000005
4,h,715000.0,S,15.5,4.0,3.0,2.0,679.0,,,-37.68903,144.77226000000005
4,h,2000000.0,S,15.5,4.0,2.0,2.0,457.0,585.0,,-37.76951,145.16182
3,h,1240000.0,S,12.4,3.0,2.0,1.0,673.0,150.0,1965.0,-37.75965,145.09937
2,t,756000.0,S,7.0,2.0,1.0,1.0,0.0,103.0,2010.0,-37.75267,145.00361999999996
2,h,1205500.0,S,7.0,2.0,1.0,1.0,361.0,,,-37.75309,144.98908
3,h,1031000.0,S,7.0,3.0,1.0,2.0,612.0,,1950.0,-37.76063,145.02139
3,h,2500000.0,VB,4.1,3.0,2.0,2.0,440.0,,,-37.833,145.01322
5,h,1041000.0,SP,17.2,5.0,3.0,2.0,724.0,,,-37.83158,145.20186
4,h,1050000.0,VB,17.2,4.0,2.0,2.0,651.0,187.0,1975.0,-37.84842,145.1816
4,h,1208000.0,S,17.2,4.0,2.0,2.0,785.0,,,-37.86343,145.18542
3,h,940000.0,SA,8.9,3.0,2.0,2.0,541.0,540.0,1960.0,-37.73136,145.09562
4,h,2020000.0,S,14.7,4.0,2.0,2.0,1183.0,,,-37.87104,145.23807
3,h,835000.0,S,14.5,3.0,2.0,1.0,447.0,,1997.0,-37.71627,145.08526
3,h,1010000.0,S,14.5,3.0,1.0,2.0,700.0,,,-37.70994,145.07997
3,h,830000.0,S,14.5,3.0,1.0,2.0,696.0,,,-37.70576,145.07788
3,h,442000.0,S,14.7,3.0,1.0,1.0,575.0,,,-37.88547,144.65528999999995
3,h,830000.0,SP,14.7,3.0,2.0,2.0,1025.0,195.0,1970.0,-37.90188,144.65138000000005
3,h,1400000.0,VB,4.6,3.0,1.0,0.0,364.0,,,-37.85538,145.00013
4,h,1035000.0,S,6.3,4.0,2.0,3.0,463.0,,,-37.81869,144.8726
3,h,855000.0,S,3.0,3.0,2.0,1.0,92.0,116.0,2004.0,-37.79683,144.99586000000005
3,h,1210000.0,S,7.5,3.0,1.0,6.0,645.0,,,-37.75418,144.89016999999996
3,u,737500.0,SP,10.4,3.0,2.0,2.0,143.0,,2012.0,-37.72967,144.88835
3,h,905000.0,S,10.4,3.0,1.0,2.0,573.0,,1965.0,-37.72908,144.88326999999995
3,h,526500.0,S,14.0,3.0,1.0,2.0,529.0,,,-37.7438,144.77059
2,u,685000.0,PI,3.0,2.0,1.0,0.0,324.0,58.0,1930.0,-37.84469,144.95578
3,h,1800000.0,VB,3.0,3.0,1.0,1.0,130.0,,,-37.842,144.95601000000005
4,h,1800000.0,S,5.7,4.0,1.0,2.0,605.0,,,-37.77474,145.03011999999995
1,h,330000.0,VB,5.7,1.0,1.0,1.0,60.0,40.0,1970.0,-37.78469000000001,145.03239
3,h,1020000.0,SP,11.0,3.0,1.0,2.0,570.0,,,-37.87028,144.80749
3,h,1280000.0,S,11.0,3.0,1.0,1.0,798.0,,,-37.86677,144.83722
3,h,875000.0,S,9.4,3.0,1.0,4.0,563.0,,,-37.83344,144.85586
3,h,1010000.0,S,4.3,3.0,2.0,1.0,150.0,125.0,1990.0,-37.77639,144.91666
3,u,819000.0,S,4.3,3.0,2.0,1.0,166.0,,,-37.7719,144.91565
3,h,990000.0,S,4.3,3.0,1.0,0.0,196.0,102.0,1900.0,-37.77552,144.92022
3,t,1200000.0,S,4.3,3.0,2.0,2.0,198.0,,,-37.7771,144.92793
3,h,1375000.0,S,4.3,3.0,1.0,2.0,483.0,,,-37.7777,144.92512
3,h,1100000.0,PI,4.3,3.0,2.0,2.0,239.0,,,-37.77263,144.92045
3,h,1850000.0,S,10.2,3.0,2.0,2.0,720.0,,,-37.86286,145.09228000000004
4,h,1425000.0,S,10.2,4.0,1.0,2.0,778.0,,,-37.86301,145.11158999999995
4,h,773000.0,S,9.5,4.0,2.0,2.0,344.0,235.0,2004.0,-37.75861,144.86687
3,h,1475000.0,S,6.4,3.0,2.0,1.0,147.0,,,-37.86997,144.9908
5,h,2180000.0,PI,7.9,5.0,3.0,2.0,646.0,35.0,,-37.81369,145.09486
2,h,1500000.0,VB,9.7,2.0,1.0,1.0,943.0,,,-37.79219000000001,145.10214
5,h,3200000.0,VB,9.7,5.0,3.0,2.0,836.0,168.0,1970.0,-37.78839,145.07076
2,u,682000.0,S,9.7,2.0,1.0,1.0,140.0,,1970.0,-37.79334,145.10025
4,h,1030000.0,S,23.2,4.0,2.0,2.0,1094.0,197.0,,-37.85757,145.2615
3,u,700000.0,VB,23.2,3.0,2.0,2.0,535.0,,,-37.82481,145.26519
4,h,675000.0,SP,39.8,4.0,2.0,2.0,1031.0,161.0,1960.0,-38.00224,145.41081
5,h,1900000.0,VB,11.4,5.0,1.0,2.0,644.0,,,-37.91753,145.03907
3,h,1410000.0,S,13.8,3.0,2.0,3.0,722.0,736.0,,-37.93179,145.06957
3,t,817000.0,S,13.8,3.0,1.0,2.0,332.0,,,-37.93462,145.06562
4,h,1815000.0,S,13.8,4.0,3.0,2.0,933.0,107.0,1960.0,-37.91954000000001,145.07637
3,h,1225000.0,SP,13.8,3.0,1.0,2.0,580.0,129.0,1950.0,-37.90984,145.08001000000004
3,h,690000.0,S,35.2,3.0,2.0,2.0,703.0,153.0,1980.0,-38.03062,145.35951
3,h,880000.0,PI,13.4,3.0,1.0,1.0,335.0,110.0,1960.0,-37.82876,145.13808999999995
4,h,1562000.0,S,13.4,4.0,2.0,1.0,592.0,,,-37.81175,145.14213999999996
3,h,1530000.0,S,13.4,3.0,1.0,2.0,785.0,,,-37.81321,145.14635
3,h,1264000.0,S,13.4,3.0,1.0,2.0,579.0,126.0,1960.0,-37.83831,145.13985
6,h,2150500.0,PI,10.9,6.0,3.0,3.0,786.0,,,-37.82616,145.12748
3,h,810000.0,VB,8.6,3.0,1.0,2.0,649.0,,,-37.78261,144.84954
2,h,570000.0,VB,8.6,2.0,1.0,2.0,567.0,74.0,1950.0,-37.7877,144.84757
3,h,2655000.0,SP,10.5,3.0,2.0,2.0,697.0,183.0,1991.0,-37.92829,145.00281
3,t,3275000.0,SP,10.5,3.0,2.0,3.0,289.0,371.6122,,-37.92576,144.99233
4,h,2720000.0,S,10.3,4.0,3.0,2.0,792.0,,,-37.92882,145.01109
4,h,2525000.0,S,10.3,4.0,2.0,2.0,725.0,300.0,2000.0,-37.92884,145.01518000000004
3,h,1300000.0,VB,10.3,3.0,1.0,2.0,684.0,77.0,1940.0,-37.90514,145.02524
3,h,1275000.0,PI,5.2,3.0,1.0,1.0,406.0,156.0,1900.0,-37.77655,144.96325
2,h,900000.0,VB,5.2,2.0,1.0,0.0,191.0,,,-37.77012,144.96476
2,u,520000.0,SP,5.2,2.0,1.0,1.0,0.0,,,-37.75788,144.95935
3,h,1204000.0,S,5.2,3.0,1.0,0.0,186.0,101.0,1890.0,-37.76227,144.95649
2,h,730000.0,S,5.2,2.0,1.0,0.0,190.0,,,-37.75676,144.96286
4,h,1268000.0,SP,5.2,4.0,2.0,2.0,645.0,217.0,1950.0,-37.76097,144.93933
3,h,1445000.0,S,5.2,3.0,1.0,2.0,613.0,112.0,1950.0,-37.76883,144.94592
3,h,796000.0,S,12.1,3.0,2.0,2.0,534.0,,,-37.69852,145.04836
4,h,769000.0,S,12.1,4.0,2.0,2.0,662.0,,,-37.69582,145.07639
3,h,690000.0,PI,12.1,3.0,1.0,2.0,513.0,,,-37.69548,145.07377
3,h,1325000.0,S,10.4,3.0,1.0,1.0,756.0,,,-37.85683,145.09635
3,h,1052000.0,S,10.4,3.0,1.0,0.0,801.0,,,-37.85541,145.12836
2,u,555000.0,S,7.7,2.0,1.0,1.0,2685.0,,,-37.82277,145.0581
3,t,1381000.0,S,8.4,3.0,2.0,2.0,230.0,,,-37.81653,145.05971
3,h,1000000.0,PI,1.6,3.0,1.0,0.0,96.0,80.0,1910.0,-37.79674,144.96563
2,u,720000.0,VB,1.6,2.0,1.0,1.0,3481.0,,,-37.80087,144.96622
3,h,1717500.0,S,3.5,3.0,1.0,0.0,202.0,,,-37.78621,144.97512
4,h,2400000.0,SP,3.5,4.0,1.0,1.0,163.0,,,-37.7835,144.97556
3,h,1950000.0,S,3.5,3.0,1.0,1.0,309.0,,,-37.78659,144.97211
2,t,817500.0,S,10.1,2.0,1.0,1.0,292.0,,,-37.89431,145.05902
5,h,1150000.0,SP,14.8,5.0,5.0,4.0,688.0,490.0,2006.0,-37.74281,144.72513
3,u,590000.0,S,31.2,3.0,1.0,1.0,179.0,,,-38.07483,145.13133
3,h,1520000.0,PI,7.8,3.0,2.0,2.0,426.0,,,-37.86323,145.01428
4,h,1700000.0,VB,8.7,4.0,2.0,2.0,627.0,185.0,1925.0,-37.89918,145.01679
2,h,960000.0,S,8.7,2.0,1.0,3.0,294.0,,,-37.89542,145.02057
4,h,732000.0,S,27.0,4.0,2.0,2.0,536.0,202.0,1985.0,-38.03526,145.13286000000005
3,h,800000.0,SP,17.9,3.0,1.0,1.0,366.0,121.0,1970.0,-37.96877,145.07484
3,h,877000.0,S,17.9,3.0,1.0,2.0,533.0,135.0,1965.0,-37.96257,145.08252
4,h,1255000.0,S,17.9,4.0,2.0,4.0,712.0,,1960.0,-37.97145,145.06132
3,h,900000.0,S,17.9,3.0,1.0,2.0,537.0,120.0,1965.0,-37.96388,145.07807
3,h,1199000.0,S,17.9,3.0,2.0,2.0,552.0,,,-37.97069000000001,145.05928
4,h,1500000.0,S,17.9,4.0,2.0,3.0,724.0,,,-37.97076,145.04186
3,u,780000.0,SP,16.7,3.0,2.0,1.0,318.0,103.0,2000.0,-37.91712,145.13625
3,h,862500.0,S,6.7,3.0,1.0,2.0,490.0,,,-37.73533,144.95303
4,h,1020000.0,PI,6.7,4.0,2.0,2.0,441.0,255.0,2002.0,-37.73572,144.97256000000004
2,h,996000.0,S,6.7,2.0,1.0,1.0,476.0,97.0,1930.0,-37.73883,144.95321
2,h,1095000.0,SP,2.0,2.0,1.0,0.0,151.0,88.0,1900.0,-37.79853,144.99256
5,h,680000.0,PI,20.6,5.0,3.0,2.0,646.0,199.73,,-37.59902,144.92517
4,h,492000.0,S,20.6,4.0,2.0,2.0,479.0,166.0,2009.0,-37.57005,144.91908999999995
3,h,425000.0,S,20.6,3.0,2.0,2.0,263.0,165.0,2008.0,-37.57307,144.92513
3,h,985500.0,S,23.0,3.0,1.0,2.0,973.0,,,-37.78964000000001,145.2829
3,h,720000.0,VB,23.0,3.0,2.0,2.0,815.0,,,-37.7969,145.29273999999995
4,h,860000.0,VB,23.0,4.0,3.0,2.0,907.0,170.0,1970.0,-37.79636,145.29351
3,h,408500.0,S,14.0,3.0,1.0,2.0,584.0,,,-37.67159,144.94522
3,h,310000.0,S,14.0,3.0,1.0,1.0,595.0,,,-37.66648,144.93399
3,h,620000.0,PI,24.7,3.0,1.0,4.0,597.0,,,-37.98265,145.22696000000005
4,h,650000.0,S,14.8,4.0,2.0,2.0,709.0,,,-37.76336,144.7725
3,h,716000.0,S,14.8,3.0,1.0,2.0,693.0,,,-37.77371,144.76918999999995
3,h,645000.0,S,14.8,3.0,1.0,2.0,586.0,,1990.0,-37.7728,144.76941000000005
3,h,840000.0,S,22.2,3.0,2.0,2.0,542.0,,,-37.98536,145.13433999999995
3,h,801000.0,SP,22.2,3.0,2.0,1.0,526.0,189.0,1980.0,-37.98217,145.14061
5,h,955000.0,S,22.2,5.0,3.0,2.0,619.0,153.0,1975.0,-37.97545,145.12053999999995
3,h,1255000.0,SA,14.3,3.0,2.0,2.0,348.0,,,-37.79759,145.16422
3,h,1369000.0,S,14.3,3.0,1.0,2.0,696.0,,,-37.77973,145.16473
3,h,902000.0,S,16.1,3.0,1.0,2.0,649.0,,,-37.80274,145.17952
2,u,885000.0,S,1.3,2.0,1.0,1.0,1489.0,,,-37.81525,144.98678
3,h,967500.0,S,18.0,3.0,1.0,2.0,768.0,122.0,1985.0,-37.69031,145.14557
4,h,890000.0,PI,18.0,4.0,2.0,2.0,786.0,206.0,1980.0,-37.70257,145.14995
3,h,1800000.0,VB,7.2,3.0,2.0,2.0,188.0,185.0,2010.0,-37.87818,144.98532
2,h,1200000.0,S,7.5,2.0,1.0,2.0,470.0,,1937.0,-37.75225,144.90462
2,u,720000.0,PI,7.5,2.0,2.0,2.0,1523.0,,2013.0,-37.74999,144.91447
2,u,410000.0,VB,7.5,2.0,1.0,1.0,0.0,67.0,1965.0,-37.75122,144.91805
3,u,930000.0,S,7.5,3.0,2.0,1.0,223.0,146.0,2002.0,-37.74566,144.89346
2,u,600000.0,S,7.5,2.0,1.0,1.0,132.0,,,-37.75344000000001,144.92616
3,h,1390000.0,S,7.5,3.0,1.0,2.0,793.0,,,-37.74944,144.88478999999995
2,h,761000.0,S,13.1,2.0,1.0,2.0,665.0,30.0,,-37.70673,144.97108
3,h,650000.0,VB,13.1,3.0,1.0,4.0,616.0,94.0,1960.0,-37.71245,144.97059
2,u,700000.0,VB,2.1,2.0,1.0,1.0,470.0,65.0,2007.0,-37.79723,144.97686000000004
2,h,1275000.0,SP,3.6,2.0,1.0,0.0,153.0,,,-37.78327,144.9791
2,h,1680000.0,S,3.6,2.0,1.0,1.0,185.0,,,-37.7907,144.98163
4,h,1340000.0,SP,3.4,4.0,2.0,1.0,302.0,,1928.0,-37.7845,144.93582
3,h,800000.0,VB,15.4,3.0,1.0,2.0,617.0,,1960.0,-37.8318,145.17368000000005
3,h,545000.0,S,38.0,3.0,2.0,2.0,571.0,,,-38.14444,145.16788
3,h,570000.0,S,38.0,3.0,1.0,2.0,537.0,118.54,1960.0,-38.14264,145.14684
5,h,715000.0,S,38.0,5.0,2.0,1.0,1424.0,,,-38.13442,145.13548
3,h,860000.0,S,38.0,3.0,2.0,3.0,4780.0,,,-38.18255,145.11986000000005
3,h,653000.0,SP,12.9,3.0,1.0,2.0,618.0,,,-37.6953,144.89837
5,h,2862000.0,S,7.3,5.0,2.0,3.0,858.0,,,-37.85636,145.06405
5,h,2180000.0,SP,7.3,5.0,3.0,2.0,595.0,,,-37.85775,145.07196000000005
3,t,1610000.0,S,7.3,3.0,2.0,2.0,364.0,20.0,,-37.84897,145.06804
4,h,2450000.0,S,7.3,4.0,3.0,2.0,910.0,,,-37.86194,145.07256
4,h,2250000.0,VB,7.3,4.0,1.0,2.0,1110.0,,,-37.85723,145.0547
4,h,1100000.0,SP,11.2,4.0,2.0,2.0,1017.0,,,-37.70705,144.91011
3,h,512000.0,S,11.2,3.0,1.0,2.0,197.0,96.0,2003.0,-37.70489,144.91033000000004
4,h,820000.0,VB,12.9,4.0,2.0,2.0,620.0,,,-37.70377,144.90216999999996
5,h,1050000.0,VB,16.1,5.0,3.0,3.0,616.0,,1960.0,-37.70557,145.10859
3,h,1326000.0,S,16.1,3.0,1.0,2.0,1020.0,,,-37.70821,145.10405
3,h,895000.0,S,16.1,3.0,2.0,2.0,1036.0,132.0,1954.0,-37.69538,145.11543
3,h,730000.0,S,16.1,3.0,2.0,2.0,563.0,,,-37.68995,145.09399
5,h,880000.0,VB,16.1,4.0,3.0,2.0,789.0,290.0,1980.0,-37.69817000000001,145.12852
4,h,925000.0,SP,16.1,4.0,2.0,2.0,1070.0,190.0,1980.0,-37.69999,145.1279
3,h,770000.0,PI,20.4,3.0,2.0,2.0,775.0,,,-37.64385,144.89221
4,h,715000.0,S,20.4,4.0,2.0,2.0,680.0,230.0,2011.0,-37.61236,144.90753
4,h,840500.0,S,20.4,4.0,2.0,2.0,494.0,298.21,2014.0,-37.61424,144.88705
4,h,810000.0,SP,20.4,4.0,2.0,3.0,990.0,,,-37.6579,144.90523000000005
4,h,1600000.0,S,13.8,4.0,2.0,3.0,633.0,,1950.0,-37.94039,145.02234
3,h,1325000.0,VB,13.8,3.0,1.0,2.0,400.0,,,-37.93434,145.00816
4,h,3150000.0,S,13.8,4.0,2.0,2.0,743.0,,,-37.94176,145.00931
2,t,1285000.0,S,13.8,2.0,1.0,1.0,348.0,100.0,1992.0,-37.93557,145.00463
2,u,685000.0,SP,13.8,2.0,1.0,0.0,0.0,81.0,2007.0,-37.9392,145.00095
2,u,878000.0,S,13.8,2.0,1.0,1.0,128.0,,1967.0,-37.9395,145.01344
3,u,957000.0,S,13.8,3.0,2.0,2.0,254.0,113.0,1994.0,-37.94313,145.03501
3,t,1236000.0,S,5.3,3.0,2.0,2.0,159.0,,2000.0,-37.83179000000001,145.04293
3,h,1750000.0,PI,5.3,3.0,2.0,0.0,234.0,,,-37.82839,145.04086
4,h,2010000.0,PI,5.3,4.0,3.0,3.0,451.0,,1970.0,-37.81633,145.02833
3,h,2370000.0,S,5.3,3.0,2.0,1.0,362.0,188.0,1890.0,-37.82866,145.04259
2,h,1480000.0,S,5.3,0.0,0.0,0.0,241.0,,,-37.82679,145.03021
2,h,1682000.0,S,5.3,2.0,1.0,1.0,264.0,97.0,1910.0,-37.8285,145.04022
4,u,915000.0,S,8.9,4.0,2.0,2.0,419.0,,,-37.7537,145.06341
3,t,781000.0,S,8.9,3.0,2.0,2.0,137.0,,2000.0,-37.74888,145.06593
2,h,875000.0,SP,8.8,2.0,1.0,3.0,671.0,,,-37.73902,145.04529
4,h,1300000.0,VB,16.0,4.0,2.0,2.0,604.0,,,-37.94783,145.03983
4,h,1430000.0,S,16.0,4.0,2.0,1.0,590.0,,,-37.94549,145.03332
3,h,660000.0,S,18.0,3.0,2.0,2.0,666.0,193.0,2002.0,-37.68381,144.73331000000005
3,h,480000.0,PI,18.0,3.0,2.0,1.0,320.0,,,-37.70338,144.74854
4,h,2380000.0,S,7.8,4.0,2.0,2.0,778.0,,,-37.76356,145.04135
3,h,1035000.0,S,7.8,3.0,1.0,2.0,585.0,,,-37.75725,145.03744
3,t,975000.0,SP,7.8,3.0,2.0,1.0,103.0,120.0,1997.0,-37.76676,145.04333
3,h,556000.0,S,14.0,3.0,1.0,1.0,627.0,,,-37.68861,144.91065
3,h,875000.0,SP,14.5,3.0,1.0,2.0,722.0,,,-37.72302,144.83434
4,h,670000.0,S,15.5,4.0,2.0,2.0,713.0,164.0,1982.0,-37.72305,144.81073999999995
3,h,575000.0,SP,15.5,3.0,1.0,1.0,307.0,,1990.0,-37.72545,144.80397
3,h,1250000.0,S,3.4,3.0,1.0,2.0,340.0,,,-37.79436,144.92158
1,u,395000.0,SP,3.4,1.0,1.0,1.0,2592.0,,,-37.79609,144.92608
2,h,840500.0,S,3.4,2.0,1.0,0.0,107.0,,,-37.79025,144.92798
3,h,1995000.0,S,5.4,3.0,1.0,4.0,482.0,,,-37.80119000000001,145.0511
2,u,600000.0,S,5.4,2.0,1.0,1.0,847.0,,,-37.80798,145.02347
2,u,797000.0,S,5.4,2.0,1.0,2.0,964.0,,1960.0,-37.80222,145.03501
3,h,3001000.0,S,5.4,3.0,1.0,3.0,784.0,,,-37.80978,145.02185
3,h,752000.0,PI,25.2,3.0,2.0,2.0,552.0,,,-37.99013,145.17911999999995
3,h,705500.0,S,16.3,3.0,1.0,4.0,670.0,,,-37.67328,145.02918
2,h,685000.0,S,16.3,2.0,1.0,2.0,766.0,,,-37.66986,145.02048
3,h,560000.0,S,16.3,3.0,1.0,1.0,364.0,165.0,1985.0,-37.67122,145.01487
2,h,511500.0,SP,16.3,2.0,1.0,2.0,416.0,93.0,1960.0,-37.67096,145.02445
3,t,810000.0,S,6.4,3.0,2.0,2.0,209.0,16.0,,-37.78707,144.87608
3,h,1275000.0,S,8.4,3.0,2.0,2.0,161.0,,,-37.86779,145.04482
3,h,1690000.0,SP,8.4,3.0,1.0,2.0,706.0,,1930.0,-37.88066,145.06605
4,h,3600000.0,S,8.4,4.0,3.0,2.0,552.0,355.0,2015.0,-37.87421,145.04958
3,t,815000.0,S,4.3,3.0,2.0,2.0,198.0,130.0,1990.0,-37.78667,144.88834
2,h,920000.0,VB,4.3,2.0,1.0,1.0,575.0,,,-37.78446,144.88781
3,h,467000.0,S,17.4,3.0,1.0,1.0,565.0,98.0,1975.0,-37.65702,144.92447
4,h,405000.0,S,31.7,4.0,2.0,2.0,590.0,163.0,1970.0,-37.67815,144.58355
3,h,420000.0,S,29.8,3.0,2.0,2.0,599.0,,,-37.69575,144.57894
3,h,465000.0,S,29.8,3.0,1.0,2.0,615.0,,1980.0,-37.7024,144.57153
4,h,625000.0,S,17.9,4.0,2.0,2.0,628.0,,,-37.67647,145.06452
2,h,428000.0,S,17.9,2.0,1.0,1.0,389.0,104.0,2005.0,-37.65623,145.07431
4,h,722500.0,S,17.9,4.0,2.0,2.0,643.0,169.5,2001.0,-37.65959,145.08302
2,h,421000.0,S,17.9,2.0,1.0,1.0,257.0,83.0,1985.0,-37.65636,145.03996999999995
2,h,890000.0,S,17.2,2.0,2.0,1.0,370.0,370.0,,-37.82047,145.19421
3,h,960000.0,VB,17.2,3.0,1.0,0.0,781.0,,,-37.8105,145.20106
3,h,755000.0,S,16.2,3.0,1.0,2.0,848.0,,,-37.71287,145.132
1,u,286000.0,PI,6.2,1.0,1.0,1.0,114.0,42.2,1970.0,-37.76911,144.92472
3,h,1375000.0,S,6.2,3.0,1.0,1.0,449.0,,,-37.77106,144.91162
3,h,1401500.0,S,14.3,3.0,2.0,4.0,867.0,,,-37.94107,145.04217
4,h,920000.0,S,21.5,4.0,2.0,2.0,413.0,170.0,1975.0,-37.99906,145.09386
2,h,1110000.0,S,21.5,2.0,1.0,1.0,709.0,,,-38.00051,145.09315
3,h,620000.0,VB,31.6,3.0,1.0,4.0,2385.0,127.0,1930.0,-37.79977,145.37222
3,h,1200000.0,VB,14.2,3.0,1.0,4.0,807.0,117.0,1196.0,-37.86788,145.12121000000005
4,h,1387000.0,S,14.2,4.0,2.0,4.0,691.0,,,-37.86827,145.1452
4,t,970000.0,SP,14.2,4.0,2.0,2.0,196.0,,,-37.89456,145.11388
3,u,870000.0,S,14.2,3.0,2.0,2.0,264.0,,,-37.89251,145.11121
3,h,1250000.0,S,14.2,3.0,1.0,1.0,722.0,,,-37.88849,145.12795
3,h,865000.0,S,18.8,3.0,1.0,2.0,739.0,126.0,1965.0,-37.92769000000001,145.16792
3,h,1410000.0,S,10.1,3.0,1.0,1.0,579.0,,,-37.90353,145.07006
3,u,1220500.0,S,10.1,3.0,2.0,2.0,462.0,,,-37.89767,145.07332
1,u,357000.0,S,10.1,1.0,1.0,1.0,1382.0,,,-37.89792,145.06516000000005
4,h,1920000.0,S,10.1,4.0,1.0,2.0,718.0,181.0,1920.0,-37.8888,145.07271
3,h,597500.0,SP,34.1,3.0,1.0,2.0,810.0,,,-38.0312,145.30703
3,h,1250000.0,S,6.2,3.0,1.0,1.0,343.0,,,-37.84502,144.88612
3,h,1230000.0,S,6.2,3.0,1.0,1.0,396.0,123.0,1900.0,-37.8363,144.87588
3,h,1220000.0,SP,6.2,3.0,1.0,2.0,492.0,103.0,1940.0,-37.83529,144.87893
4,h,1315000.0,S,10.4,4.0,2.0,2.0,650.0,,,-37.74549,144.88666
3,h,660000.0,S,22.7,3.0,1.0,2.0,550.0,112.0,1960.0,-37.98298,145.17932
2,u,570000.0,VB,1.8,2.0,2.0,1.0,1223.0,81.0,2011.0,-37.8006,144.95418999999995
2,u,850000.0,VB,1.8,2.0,3.0,1.0,1223.0,,,-37.8006,144.95418999999995
5,h,1550000.0,VB,21.1,5.0,3.0,4.0,4221.0,321.0,1980.0,-37.73371,145.24045
3,h,1000000.0,VB,5.3,3.0,1.0,1.0,188.0,,,-37.76592,144.99265
3,h,1240000.0,S,5.3,3.0,1.0,1.0,247.0,,,-37.77747,144.99587
3,h,1590000.0,S,5.3,3.0,1.0,1.0,563.0,,,-37.76557,145.01052
3,h,1275000.0,VB,5.3,3.0,1.0,0.0,245.0,,,-37.78167,145.01316
3,h,1350000.0,VB,5.3,3.0,1.0,0.0,271.0,,1910.0,-37.7754,145.00229
4,h,1075000.0,PI,15.4,4.0,2.0,2.0,697.0,216.0,1970.0,-37.80864,145.17161000000004
3,h,821000.0,S,11.2,3.0,1.0,1.0,656.0,,,-37.71467,144.92304
4,h,1071888.0,SP,11.2,4.0,2.0,4.0,553.0,190.0,2001.0,-37.71328,144.90585
2,t,560000.0,SP,11.2,2.0,1.0,1.0,132.0,73.0,2014.0,-37.72048,144.91323
5,h,1750000.0,S,12.3,5.0,2.0,2.0,546.0,313.0,1935.0,-37.90465,145.08893999999995
3,h,1210000.0,S,12.3,3.0,1.0,2.0,700.0,115.0,1960.0,-37.9125,145.11844
4,h,1500000.0,S,15.5,4.0,2.0,2.0,597.0,,,-37.91753,145.08524
4,h,1215000.0,S,15.5,4.0,2.0,4.0,619.0,,,-37.92542,145.10622
3,h,1265000.0,S,15.5,3.0,1.0,1.0,743.0,,,-37.91282,145.10376000000005
4,h,1050000.0,S,15.5,4.0,2.0,2.0,624.0,,,-37.91489,145.08441000000005
2,h,790000.0,S,11.4,2.0,1.0,2.0,253.0,,,-37.90173,145.04466000000005
4,h,410500.0,S,47.3,4.0,2.0,2.0,425.0,,,-38.07474000000001,145.45376000000005
4,h,1300000.0,SP,21.5,4.0,2.0,2.0,597.0,150.0,1970.0,-37.99232,145.08469
3,h,1400000.0,VB,21.5,3.0,2.0,2.0,259.0,,2007.0,-37.9905,145.06999
3,h,955000.0,S,8.5,3.0,1.0,4.0,645.0,,,-37.72029000000001,144.92896000000005
2,h,860000.0,SP,8.5,2.0,1.0,4.0,609.0,,,-37.72091,144.94601
2,h,740000.0,S,8.5,2.0,1.0,1.0,487.0,88.0,1940.0,-37.71949,144.94283
2,u,816000.0,S,3.5,2.0,1.0,1.0,0.0,,2000.0,-37.84237,144.94486
3,u,800000.0,S,3.5,3.0,1.0,2.0,0.0,80.0,2008.0,-37.84426,144.94415
2,u,1020000.0,S,4.6,2.0,1.0,1.0,0.0,102.0,1920.0,-37.85931,145.00616000000005
2,u,660000.0,S,4.6,2.0,2.0,1.0,0.0,76.0,1970.0,-37.85184,145.01049
3,h,1242000.0,S,8.4,3.0,2.0,3.0,468.0,135.5,1940.0,-37.75335,145.01641999999995
2,h,1365000.0,S,8.4,2.0,1.0,2.0,525.0,,,-37.74441,144.98928
3,u,691000.0,S,8.4,3.0,1.0,1.0,170.0,,,-37.73698,144.98686
2,t,660000.0,PI,8.4,2.0,2.0,1.0,70.0,,1940.0,-37.74645,144.98888
3,t,875000.0,S,8.4,3.0,2.0,2.0,214.0,,,-37.74886,144.99225
5,h,1350000.0,S,8.4,5.0,3.0,4.0,525.0,266.76,2014.0,-37.75017,145.01203999999996
3,h,1020000.0,VB,8.4,3.0,3.0,2.0,158.0,159.0,2008.0,-37.75026,144.98428
3,h,630000.0,S,12.0,3.0,1.0,2.0,0.0,,,-37.69528,145.00523
3,h,877500.0,S,12.0,3.0,1.0,1.0,598.0,,,-37.71394,145.00387
5,h,912000.0,S,12.0,5.0,3.0,4.0,890.0,203.0,1960.0,-37.70295,145.00277
3,h,685000.0,S,12.0,3.0,1.0,3.0,494.0,102.0,1960.0,-37.71477,144.98235
1,u,270000.0,PI,12.0,1.0,1.0,1.0,0.0,60.0,1980.0,-37.71408,145.00441
3,h,911000.0,S,12.0,3.0,1.0,4.0,601.0,,1950.0,-37.72943,145.01904
1,u,365000.0,SP,12.0,1.0,1.0,1.0,113.0,,,-37.70717,145.02643
2,u,470000.0,VB,12.0,2.0,1.0,1.0,73.0,,,-37.72128,145.00995
2,u,890500.0,SP,2.4,2.0,2.0,2.0,180.0,123.0,1940.0,-37.81443,144.99079
1,u,355000.0,SP,2.4,1.0,1.0,0.0,1082.0,,1970.0,-37.8211,144.99549
3,h,1300000.0,VB,2.4,3.0,1.0,0.0,200.0,,,-37.8196,144.99101000000005
2,u,717000.0,S,2.4,2.0,1.0,0.0,316.0,,,-37.82295,144.99146000000005
3,h,1530000.0,S,2.4,3.0,1.0,2.0,187.0,,1900.0,-37.83199000000001,144.99909
4,h,817000.0,S,47.4,4.0,2.0,4.0,1459.0,272.4,2011.0,-37.45709,144.68999
3,h,1291000.0,S,19.9,3.0,2.0,2.0,776.0,,,-37.81685,145.2353
3,h,1085000.0,S,19.9,3.0,2.0,2.0,921.0,,1980.0,-37.78649,145.24836000000005
3,h,750000.0,S,19.9,3.0,1.0,1.0,446.0,114.0,1955.0,-37.7987,145.23032
2,h,1005000.0,PI,7.2,2.0,2.0,2.0,290.0,,,-37.87726,144.99336
4,h,860000.0,S,23.5,4.0,2.0,0.0,725.0,196.0,1985.0,-37.9088,145.26318999999995
4,h,645000.0,SP,34.7,4.0,2.0,2.0,448.0,187.0,2010.0,-38.0817,145.19654
4,h,1770000.0,S,15.2,4.0,2.0,2.0,463.0,233.0,1998.0,-37.95877,145.02701000000005
5,h,2250000.0,VB,15.2,5.0,3.0,2.0,640.0,,1980.0,-37.95698,145.0166
3,h,833800.0,SP,22.2,3.0,1.0,0.0,730.0,,,-37.88919,145.21629
6,h,1050000.0,S,35.4,6.0,4.0,2.0,662.0,373.0,,-38.1078,145.1305
3,h,1085000.0,S,5.1,3.0,1.0,1.0,297.0,211.0,1920.0,-37.80828,144.8856
4,h,1070000.0,S,34.6,4.0,2.0,3.0,38490.0,,,-37.83229,145.43003000000004
3,h,1700000.0,S,1.9,3.0,1.0,1.0,118.0,,,-37.83347,144.95692
2,u,470000.0,PI,2.7,2.0,1.0,1.0,1890.0,,,-37.84446,144.99552
2,u,945000.0,PI,2.7,2.0,1.0,1.0,708.0,,1970.0,-37.83041,144.98494
3,h,900000.0,VB,2.7,3.0,1.0,1.0,119.0,,,-37.8414,144.98608000000004
3,h,1810000.0,S,2.7,3.0,2.0,2.0,273.0,,,-37.8386,144.99851999999996
3,h,785000.0,S,6.2,3.0,1.0,2.0,343.0,,,-37.83187,144.88966000000005
3,h,770000.0,S,20.8,3.0,1.0,1.0,606.0,,,-37.93861,145.15351
3,h,600000.0,PI,14.0,3.0,1.0,3.0,565.0,,,-37.76454,144.80611000000005
4,h,1650000.0,PI,5.0,4.0,2.0,2.0,268.0,,,-37.87294,144.98118
3,h,883000.0,S,8.2,3.0,1.0,1.0,534.0,,,-37.719,144.90634
3,h,1650000.0,S,8.2,3.0,3.0,2.0,698.0,,,-37.74246,144.92074
3,h,755000.0,S,31.7,3.0,1.0,2.0,1011.0,,,-37.58419,144.73188000000005
4,h,780000.0,S,10.5,4.0,2.0,2.0,696.0,199.0,1999.0,-37.78647,144.81319
3,u,518000.0,S,10.5,3.0,1.0,1.0,322.0,,,-37.79209,144.82023999999996
5,h,2000000.0,VB,10.2,5.0,3.0,2.0,735.0,286.0,1945.0,-37.83583,145.10664
3,h,1050000.0,S,10.2,3.0,2.0,2.0,444.0,,,-37.81411,145.09055
4,h,716000.0,S,15.5,4.0,2.0,2.0,684.0,,,-37.69274,144.76971
4,h,1450000.0,PI,15.5,4.0,2.0,2.0,883.0,300.0,2005.0,-37.76255,145.16233
4,h,1860000.0,PI,15.5,4.0,3.0,3.0,682.0,315.0,1995.0,-37.7572,145.15456
3,h,1181000.0,S,12.4,3.0,1.0,2.0,656.0,,,-37.77158,145.11816000000005
4,h,1352000.0,S,12.4,4.0,2.0,3.0,725.0,,,-37.76472,145.10261
3,h,632500.0,S,15.3,3.0,1.0,2.0,536.0,,,-37.67669,144.99197
3,u,460000.0,S,15.3,3.0,1.0,1.0,340.0,,1980.0,-37.67803,145.01769
3,h,651000.0,S,15.3,3.0,1.0,2.0,555.0,135.0,1970.0,-37.68211,145.03204
3,h,831000.0,S,15.3,3.0,1.0,2.0,651.0,,1950.0,-37.67856,145.01728
3,h,1250000.0,PI,7.0,3.0,1.0,2.0,695.0,133.0,1960.0,-37.75506,145.01841000000005
2,h,1460000.0,S,7.0,2.0,1.0,2.0,508.0,,,-37.76499,145.01723
2,h,1000000.0,PI,7.0,2.0,1.0,2.0,443.0,,,-37.76219,145.00968
3,h,1420000.0,S,7.0,3.0,1.0,2.0,438.0,,,-37.75375,145.00846
3,u,640000.0,PI,4.1,3.0,1.0,1.0,0.0,,1970.0,-37.84744,145.00783
2,t,856000.0,S,4.3,2.0,1.0,2.0,326.0,,1996.0,-37.78281,144.93567
4,h,1235000.0,SP,17.2,4.0,2.0,4.0,624.0,161.0,1960.0,-37.83344,145.19063
5,h,1425000.0,PI,17.2,5.0,3.0,3.0,842.0,,,-37.85841,145.18248
4,h,1650000.0,PI,17.2,4.0,2.0,2.0,1250.0,,,-37.84825,145.18764
4,h,1400000.0,PI,17.2,4.0,3.0,2.0,882.0,,,-37.85484,145.1989
4,h,1290000.0,S,17.2,4.0,2.0,2.0,407.0,300.0,2003.0,-37.85028,145.18787
3,h,825000.0,S,8.9,3.0,1.0,0.0,658.0,,,-37.73346,145.08359
4,h,1000000.0,SP,14.7,4.0,2.0,1.0,722.0,,1980.0,-37.85848,145.23982
3,h,1160000.0,S,14.7,3.0,1.0,4.0,733.0,,,-37.87105,145.23872
6,h,1180000.0,S,14.7,6.0,2.0,2.0,453.0,305.0,2001.0,-37.87309000000001,145.23078
4,h,800000.0,SP,14.5,4.0,2.0,3.0,777.0,,,-37.69837,145.08992
2,h,749000.0,S,6.4,2.0,1.0,1.0,369.0,,,-37.79221,144.86408
3,h,1370000.0,S,3.1,3.0,1.0,0.0,121.0,,,-37.80973,144.9472
4,h,1272000.0,S,16.7,4.0,2.0,2.0,733.0,,,-37.91293,145.20078999999996
2,h,957500.0,S,4.6,2.0,1.0,1.0,136.0,58.0,1892.0,-37.85542,144.99571
3,h,2080000.0,PI,4.6,3.0,2.0,2.0,754.0,177.8,1905.0,-37.85679,145.00089
3,h,852000.0,S,12.7,3.0,2.0,2.0,629.0,139.4,1990.0,-37.73058,145.08705
2,u,505000.0,PI,3.0,2.0,1.0,1.0,0.0,38.0,1970.0,-37.80206,145.00015
3,h,1402500.0,S,3.0,3.0,1.0,1.0,270.0,101.0,1960.0,-37.8023,144.99615
5,h,2905000.0,S,7.5,5.0,3.0,2.0,557.0,364.0,2010.0,-37.76181,144.89327
2,h,650000.0,S,10.4,2.0,1.0,3.0,374.0,96.0,1950.0,-37.71811,144.87693000000004
3,t,856000.0,S,10.4,3.0,2.0,1.0,300.0,212.0,2011.0,-37.71917,144.87819
3,h,1505000.0,S,3.0,3.0,1.0,1.0,149.0,109.0,1890.0,-37.84587,144.94828
3,h,1900000.0,S,3.0,3.0,1.0,1.0,186.0,,,-37.84431,144.95532
3,u,600000.0,SA,10.5,3.0,2.0,2.0,247.0,127.0,2013.0,-37.77976,144.81559
2,h,1030000.0,S,11.0,2.0,1.0,1.0,743.0,,,-37.8732,144.81331
3,h,1005000.0,S,11.0,3.0,1.0,4.0,575.0,112.0,1960.0,-37.86715,144.80612
2,u,410000.0,VB,6.3,2.0,1.0,0.0,1097.0,63.0,1967.0,-37.85549,145.0163
2,u,590000.0,S,6.3,2.0,1.0,1.0,903.0,,,-37.85963,145.02077
3,h,1850000.0,VB,6.3,3.0,2.0,2.0,348.0,,1952.0,-37.85862,145.01676
3,h,1530000.0,S,4.3,3.0,2.0,1.0,257.0,162.0,1915.0,-37.77727,144.92655
3,h,865000.0,PI,4.3,3.0,1.0,0.0,217.0,,1910.0,-37.77391,144.92151
3,h,1370000.0,S,4.3,3.0,2.0,2.0,566.0,,,-37.7801,144.90976
3,h,1082000.0,S,4.3,3.0,2.0,2.0,254.0,120.0,2000.0,-37.77549000000001,144.90865
4,h,1972500.0,S,10.2,4.0,1.0,1.0,676.0,,,-37.86223,145.08696
3,h,1775000.0,S,10.2,3.0,2.0,2.0,721.0,,,-37.86123,145.08845
4,h,1150000.0,PI,21.5,4.0,2.0,2.0,599.0,,,-38.01468,145.09788999999995
4,h,835000.0,SP,9.5,4.0,2.0,2.0,573.0,,1960.0,-37.76272,144.85568999999995
2,u,460000.0,PI,7.9,2.0,1.0,1.0,0.0,,,-37.81172,145.08175
2,u,725000.0,VB,7.9,2.0,1.0,1.0,136.0,76.0,1975.0,-37.80626,145.08776
2,u,602000.0,S,7.9,2.0,1.0,1.0,1129.0,72.0,1960.0,-37.81623,145.0841
2,u,830000.0,S,7.9,2.0,2.0,1.0,0.0,101.76,2007.0,-37.81192,145.07506
3,h,1300000.0,VB,9.7,3.0,2.0,2.0,975.0,147.0,1985.0,-37.79673,145.06853
3,t,1330000.0,S,9.7,3.0,2.0,1.0,260.0,,2001.0,-37.79294,145.08583000000004
4,h,2050000.0,S,9.7,4.0,3.0,2.0,526.0,,2006.0,-37.80365,145.09048
5,h,1940000.0,S,9.7,5.0,2.0,1.0,629.0,140.0,1940.0,-37.79238,145.07841000000005
3,h,1590000.0,S,9.7,3.0,1.0,1.0,697.0,128.0,1955.0,-37.78483,145.07477
2,u,725000.0,S,9.7,2.0,1.0,1.0,134.0,,1970.0,-37.79541,145.0657
2,h,2367000.0,S,9.7,2.0,1.0,2.0,773.0,,,-37.79589,145.07832
4,h,705000.0,PI,23.2,4.0,2.0,4.0,765.0,141.0,1975.0,-37.854,145.2565
4,h,2200000.0,S,17.3,4.0,3.0,2.0,704.0,318.0,2014.0,-37.99035,145.03839
2,h,736500.0,SP,8.8,2.0,1.0,1.0,271.0,,,-37.75329,145.04058999999995
3,h,780000.0,PI,8.8,3.0,1.0,2.0,680.0,,,-37.75255,145.03972
2,u,420000.0,SP,11.4,2.0,1.0,1.0,0.0,68.0,1970.0,-37.9336,145.04509
4,h,1479000.0,S,11.4,4.0,2.0,2.0,603.0,148.0,1920.0,-37.91655,145.02448
3,h,1199000.0,S,11.4,3.0,1.0,2.0,383.0,,,-37.91916,145.04986
4,h,1350000.0,PI,11.4,4.0,3.0,2.0,557.0,,1950.0,-37.91389,145.02804
3,h,890000.0,S,13.8,3.0,2.0,1.0,260.0,,,-37.92188,145.07266
4,h,1655000.0,S,13.8,4.0,2.0,5.0,612.0,363.0,2003.0,-37.9143,145.06582
3,h,1430000.0,S,13.8,3.0,2.0,2.0,614.0,197.0,1950.0,-37.91068,145.06802
3,t,955000.0,S,13.8,3.0,2.0,2.0,225.0,,,-37.91425,145.08376
4,h,667000.0,S,35.2,4.0,2.0,2.0,792.0,180.0,1977.0,-38.03296,145.33438999999996
4,h,740000.0,S,35.2,4.0,2.0,2.0,796.0,,2004.0,-38.06022,145.35044
3,u,1080000.0,S,17.3,3.0,2.0,2.0,328.0,144.0,1980.0,-37.97359,145.0214
2,u,623500.0,SA,17.3,2.0,1.0,1.0,159.0,,,-37.97363,145.02302
4,h,1258000.0,S,13.4,4.0,1.0,2.0,769.0,,,-37.83998,145.15198
3,h,590000.0,S,16.1,3.0,1.0,2.0,392.0,,,-37.70433,145.12184
3,t,1600000.0,VB,10.5,3.0,2.0,4.0,0.0,,,-37.89168,144.99161999999995
3,h,1211000.0,S,10.5,3.0,2.0,1.0,343.0,,,-37.88623,144.99858
4,h,3225000.0,S,10.5,4.0,3.0,3.0,803.0,,,-37.9146,145.00535
4,h,2385000.0,PI,10.5,4.0,3.0,2.0,373.0,,,-37.92465,144.9992
3,u,1370000.0,S,10.5,3.0,1.0,2.0,0.0,,,-37.90899,145.00046
3,h,1750800.0,S,10.3,3.0,4.0,2.0,424.0,201.0,2012.0,-37.92988,145.01085
4,h,2300000.0,VB,10.3,4.0,3.0,2.0,592.0,,,-37.92173,145.01436
4,h,1605000.0,S,10.3,4.0,1.0,2.0,606.0,163.0,1948.0,-37.91684,145.01727
2,h,1035000.0,SP,10.3,2.0,1.0,1.0,542.0,65.0,1985.0,-37.91704,145.01846
3,h,505000.0,SP,14.0,3.0,1.0,1.0,546.0,109.0,2000.0,-37.67411,144.94677
3,t,663000.0,S,6.4,3.0,2.0,2.0,244.0,129.0,2010.0,-37.82017000000001,144.84904
2,h,860000.0,PI,5.2,2.0,1.0,1.0,245.0,106.0,1890.0,-37.77111,144.96427
3,h,1505000.0,S,5.2,3.0,1.0,1.0,349.0,,,-37.7744,144.96753
3,h,1700000.0,VB,5.2,3.0,2.0,0.0,200.0,,,-37.77494,144.9697
3,h,1280000.0,S,5.2,3.0,1.0,1.0,439.0,,,-37.77047,144.97005
2,u,755000.0,SP,5.2,2.0,1.0,0.0,0.0,,,-37.76162,144.9608
5,h,2545000.0,S,5.2,5.0,3.0,4.0,957.0,320.0,1995.0,-37.77501,144.95117
3,h,1405000.0,SP,5.2,3.0,2.0,2.0,401.0,167.0,1920.0,-37.76491,144.95253
2,u,460000.0,VB,5.2,2.0,1.0,1.0,69.0,52.0,1970.0,-37.75867,144.95678999999996
4,h,1210000.0,S,4.0,4.0,2.0,2.0,425.0,140.0,1920.0,-37.76262,144.97733
3,h,1265000.0,S,4.0,3.0,1.0,0.0,161.0,,,-37.77742,144.97388
3,h,1300000.0,VB,5.2,3.0,1.0,3.0,484.0,,,-37.75416,144.94491000000005
2,u,460000.0,S,5.2,2.0,1.0,1.0,54.0,60.0,1970.0,-37.75948,144.94758000000004
1,u,263100.0,S,5.2,1.0,1.0,1.0,41.0,,1975.0,-37.75953,144.94093999999996
5,h,1075000.0,S,5.2,5.0,1.0,1.0,441.0,202.0,1940.0,-37.77242,144.94458
4,t,950000.0,PI,10.8,4.0,2.0,2.0,189.0,,2011.0,-37.76048,145.08476000000005
1,h,1310000.0,S,10.8,1.0,1.0,1.0,604.0,,1999.0,-37.75981,145.08598999999995
3,h,714000.0,S,12.1,3.0,1.0,2.0,412.0,,,-37.6993,145.06193000000005
4,h,880000.0,PI,12.1,4.0,2.0,2.0,520.0,261.0,2004.0,-37.68155,145.04945
3,h,1405000.0,S,12.1,3.0,2.0,2.0,639.0,634.0,,-37.69353,145.06008
3,h,1837500.0,S,2.4,3.0,2.0,1.0,93.0,164.0,2014.0,-37.82921,145.00826
3,h,593000.0,S,14.8,4.0,2.0,2.0,480.0,195.0,2007.0,-37.73321,144.75752
3,h,1732000.0,S,10.4,3.0,1.0,0.0,646.0,,,-37.85049,145.11687
3,h,1253500.0,S,10.4,3.0,1.0,1.0,583.0,,,-37.85475,145.12321
7,h,1642000.0,S,10.4,7.0,4.0,2.0,765.0,146.0,1950.0,-37.85103,145.11231999999995
2,t,700000.0,S,10.4,2.0,1.0,1.0,148.0,,,-37.84743,145.09657
3,t,780000.0,PI,14.7,3.0,2.0,2.0,306.0,138.0,1999.0,-37.85473,145.1521
4,h,720000.0,S,14.8,4.0,2.0,2.0,595.0,,,-37.76203,144.77764
3,h,1622000.0,S,7.7,3.0,2.0,2.0,446.0,,,-37.84473,145.09218
3,h,1290000.0,VB,7.7,3.0,2.0,2.0,321.0,195.0964,1997.0,-37.84627,145.08366
3,h,1930000.0,S,8.4,3.0,2.0,1.0,359.0,119.0,1910.0,-37.8279,145.07403
4,h,2408000.0,S,8.4,4.0,2.0,2.0,654.0,221.0,1945.0,-37.83208,145.07533
4,h,4750000.0,S,8.4,4.0,3.0,2.0,967.0,470.0,1996.0,-37.81792,145.06243999999995
2,u,645000.0,PI,8.4,2.0,1.0,1.0,2207.0,,,-37.83201,145.08163000000005
2,u,1100000.0,VB,1.6,2.0,2.0,2.0,0.0,,2008.0,-37.80279,144.96442
3,h,1628000.0,S,3.5,3.0,1.0,0.0,216.0,,,-37.78026,144.97554
3,u,1042000.0,S,10.1,3.0,2.0,2.0,0.0,122.0,2008.0,-37.89622,145.06032
3,h,1450000.0,VB,10.1,3.0,2.0,2.0,621.0,167.0,1940.0,-37.90262,145.05709
4,h,525000.0,S,34.9,4.0,2.0,2.0,550.0,172.0,2010.0,-38.08981,145.17353
2,u,570000.0,S,8.7,2.0,1.0,1.0,601.0,65.0,,-37.88524,145.02398
2,u,300000.0,VB,8.4,2.0,1.0,1.0,1961.0,,1960.0,-37.88299,145.04711
2,h,1417500.0,S,7.8,2.0,1.0,2.0,307.0,103.0,1900.0,-37.86906,145.01986000000005
4,h,1550000.0,S,8.7,4.0,1.0,2.0,584.0,,,-37.89694,145.02176
2,h,510000.0,PI,11.7,2.0,1.0,2.0,897.0,66.0,1970.0,-37.88321,145.09593999999996
3,h,1010000.0,SA,17.9,3.0,1.0,2.0,532.0,,,-37.95746,145.06706
2,u,601000.0,S,17.9,2.0,1.0,1.0,1078.0,94.0,1972.0,-37.95745,145.07218999999995
3,h,1145000.0,S,17.9,3.0,1.0,2.0,584.0,112.0,1950.0,-37.96911,145.07271
3,h,755000.0,SP,17.9,3.0,1.0,2.0,350.0,,,-37.95342,145.06026
4,h,911982.0,SP,27.1,4.0,2.0,3.0,734.0,222.0,1996.0,-37.76032,145.30299
4,h,1040000.0,S,16.7,4.0,2.0,2.0,735.0,130.0,1970.0,-37.92374,145.13222
3,u,700000.0,SP,17.5,3.0,2.0,2.0,363.0,,2006.0,-37.93296,145.12663999999995
3,h,1460000.0,S,3.6,3.0,1.0,0.0,192.0,85.0,1900.0,-37.78992,144.99845
2,u,556000.0,S,3.6,2.0,1.0,0.0,0.0,,1968.0,-37.78745,145.00061000000005
5,h,1615000.0,S,6.7,5.0,2.0,3.0,630.0,,,-37.7532,144.97114
3,h,1090000.0,S,6.7,3.0,2.0,1.0,512.0,,,-37.75236,144.97587
3,h,865000.0,S,6.7,3.0,2.0,2.0,677.0,110.0,1960.0,-37.72361,144.9837
2,t,525000.0,VB,6.7,2.0,2.0,1.0,143.0,102.0,,-37.72037,144.97023000000004
2,h,1135000.0,S,2.0,2.0,1.0,0.0,144.0,80.0,1880.0,-37.80298,144.98894
2,h,900000.0,VB,2.0,2.0,1.0,0.0,139.0,78.0,1890.0,-37.79812,144.98873
2,t,340000.0,S,20.6,2.0,1.0,1.0,197.0,,,-37.57886,144.90816999999996
3,h,499000.0,S,20.6,3.0,2.0,0.0,598.0,158.0,1990.0,-37.5993,144.93867
6,h,506000.0,S,20.6,6.0,2.0,2.0,655.0,202.0,1997.0,-37.59052,144.93066000000005
3,h,430000.0,S,20.6,3.0,2.0,1.0,280.0,127.0,2010.0,-37.57056,144.91751000000005
3,t,420000.0,S,20.6,3.0,2.0,2.0,219.0,175.0,2010.0,-37.57243,144.92663000000005
2,u,570000.0,S,2.4,2.0,2.0,1.0,0.0,75.0,2007.0,-37.83011,144.99043999999995
2,h,1253000.0,S,2.4,2.0,1.0,2.0,155.0,,1900.0,-37.82653,144.98945
4,h,720000.0,S,23.0,4.0,2.0,3.0,879.0,,,-37.79079,145.30208000000005
3,h,637000.0,S,23.0,3.0,1.0,2.0,455.0,156.0,1960.0,-37.79318,145.25811000000004
4,h,905000.0,S,23.0,4.0,2.0,2.0,731.0,178.0,1985.0,-37.78021,145.26367
4,h,835000.0,SP,23.0,4.0,1.0,2.0,1717.0,153.0,1950.0,-37.77595,145.28383
3,h,800000.0,SA,23.0,3.0,1.0,2.0,865.0,,,-37.81263,145.27588
3,h,560000.0,SP,24.7,3.0,1.0,1.0,810.0,,,-37.97938,145.23035
3,h,665000.0,PI,24.7,3.0,1.0,2.0,540.0,,,-37.98914,145.22531
4,h,447000.0,S,14.8,4.0,2.0,2.0,704.0,,,-37.7613,144.75988
3,h,570000.0,S,14.8,3.0,1.0,3.0,531.0,,,-37.7572,144.76093
4,h,610000.0,S,14.7,4.0,2.0,2.0,528.0,210.0,2010.0,-37.78774,144.76019
3,h,435000.0,S,27.7,3.0,1.0,2.0,608.0,,,-37.6204,144.71138
4,h,1255000.0,S,22.2,4.0,2.0,3.0,624.0,277.0,2004.0,-37.97533,145.12278
2,u,595000.0,S,22.2,2.0,1.0,1.0,2256.0,,1980.0,-37.9811,145.13807
4,h,1616000.0,S,12.4,4.0,2.0,2.0,668.0,,,-37.78198,145.11876999999996
3,h,1060000.0,S,12.4,3.0,1.0,1.0,633.0,,,-37.79094,145.11335
4,h,1250000.0,S,12.4,4.0,2.0,3.0,733.0,,,-37.79197,145.14257
3,u,871000.0,S,14.3,3.0,2.0,2.0,195.0,142.0,2010.0,-37.79979,145.15665
3,h,1451000.0,S,14.3,3.0,2.0,2.0,695.0,130.52,1960.0,-37.78541,145.15493
3,h,1385000.0,S,14.3,3.0,2.0,3.0,654.0,149.0,1966.0,-37.78496,145.14659
3,h,1360000.0,S,14.3,3.0,2.0,2.0,402.0,200.0,2007.0,-37.79408,145.16352
5,h,2620000.0,S,16.1,5.0,4.0,3.0,4077.0,,,-37.78182,145.1903
6,h,1850000.0,S,27.0,6.0,4.0,4.0,840.0,547.0,2011.0,-38.03548,145.11763
2,u,612500.0,S,27.0,2.0,1.0,2.0,421.0,88.0,1975.0,-38.03093,145.11618
3,h,1060000.0,S,7.2,3.0,2.0,1.0,306.0,,,-37.89507,145.00477
4,t,1970000.0,S,7.2,4.0,2.0,2.0,470.0,,,-37.89359,145.01267
6,h,855000.0,S,18.0,6.0,3.0,3.0,804.0,214.0,1980.0,-37.70872,145.16102
3,h,855000.0,S,18.0,3.0,1.0,1.0,654.0,104.0,1985.0,-37.73209,145.13845
4,h,895000.0,SP,18.0,4.0,3.0,2.0,792.0,233.0,1995.0,-37.68966,145.14649
4,h,925000.0,S,18.0,4.0,2.0,2.0,796.0,,,-37.69771,145.1349
2,u,902000.0,S,7.2,2.0,1.0,0.0,702.0,86.0,1940.0,-37.87944,144.99375
2,h,1410000.0,S,7.2,2.0,1.0,1.0,249.0,117.0,1930.0,-37.87964,144.9856
2,u,660000.0,S,7.2,2.0,1.0,1.0,0.0,,,-37.88945,144.99015
3,t,1360000.0,S,7.2,3.0,2.0,2.0,797.0,175.0,1997.0,-37.8867,144.99141
3,h,500000.0,S,19.6,3.0,2.0,2.0,553.0,117.0,1975.0,-37.64463,145.04155
3,h,573000.0,S,19.6,3.0,2.0,2.0,637.0,125.0,1990.0,-37.64097,145.05757
3,u,380500.0,SP,19.6,3.0,2.0,1.0,156.0,,2013.0,-37.6349,145.04041999999995
3,h,528000.0,S,19.6,3.0,2.0,1.0,525.0,125.0,,-37.6507,145.04681000000005
3,h,465000.0,S,19.6,3.0,2.0,1.0,606.0,111.04,2005.0,-37.62858,145.03735
4,h,545000.0,PI,19.6,4.0,2.0,2.0,635.0,157.0,1985.0,-37.64051,145.05743
2,h,452500.0,S,19.6,2.0,1.0,1.0,279.0,,,-37.65791,145.02643
2,h,1980000.0,S,7.5,2.0,1.0,6.0,856.0,105.0,1950.0,-37.74022,144.89557
3,t,830000.0,VB,7.5,3.0,2.0,1.0,176.0,134.0,2011.0,-37.74936,144.89668999999995
3,h,886000.0,S,7.5,3.0,2.0,1.0,173.0,107.0,2007.0,-37.75382000000001,144.89167
1,u,280000.0,S,7.5,1.0,1.0,1.0,28.0,,1970.0,-37.75209,144.92255
3,h,850000.0,PI,7.5,3.0,2.0,2.0,204.0,,,-37.74487,144.91194
2,u,445000.0,PI,8.2,2.0,1.0,1.0,92.0,63.4,1970.0,-37.7388,144.89983999999995
3,h,1050000.0,VB,7.5,3.0,3.0,1.0,846.0,187.0,1940.0,-37.75228,144.88429
3,h,710000.0,S,13.1,3.0,2.0,4.0,491.0,,,-37.69544000000001,144.964
4,h,800000.0,S,13.1,4.0,2.0,4.0,625.0,140.0,1960.0,-37.71112,144.97357
3,h,805000.0,S,13.1,3.0,2.0,2.0,572.0,,,-37.70145,144.96200000000005
2,h,786000.0,S,13.1,2.0,1.0,4.0,687.0,94.0,1960.0,-37.71833,144.96935
3,t,577000.0,S,13.1,3.0,1.0,1.0,164.0,,2003.0,-37.71976,144.97121
3,t,670000.0,S,24.8,3.0,2.0,2.0,239.0,,,-37.886,145.28646
2,u,617000.0,S,24.8,2.0,2.0,1.0,306.0,120.0,2011.0,-37.87275,145.26325
2,h,1321000.0,S,3.6,2.0,1.0,1.0,167.0,,,-37.78219,144.98371
2,h,960000.0,S,3.6,2.0,1.0,0.0,121.0,,,-37.78534000000001,144.98125
1,u,495000.0,S,3.6,1.0,1.0,1.0,0.0,,,-37.78737,144.98735
2,h,990000.0,S,3.4,2.0,1.0,1.0,180.0,82.0,1900.0,-37.7839,144.92727
3,h,1100000.0,S,5.1,3.0,1.0,0.0,390.0,,,-37.79977,144.88887
2,t,455000.0,S,5.1,2.0,1.0,1.0,43.0,86.0,2010.0,-37.78822,144.88361
2,h,680000.0,SP,15.4,2.0,1.0,1.0,189.0,73.0,2001.0,-37.83283,145.17533
5,h,1205000.0,S,15.4,5.0,3.0,2.0,477.0,,,-37.84252,145.17258
3,h,491000.0,S,38.0,3.0,1.0,2.0,602.0,,,-38.13759,145.17054
3,h,566000.0,S,38.0,3.0,1.0,1.0,623.0,,,-38.13669,145.14049
3,h,740000.0,S,38.0,3.0,1.0,1.0,650.0,,,-38.15882,145.12913999999995
4,h,1400000.0,SP,38.0,4.0,3.0,2.0,1659.0,,1890.0,-38.16121,145.10381
5,h,1880000.0,S,7.2,5.0,2.0,2.0,538.0,,,-37.89989,145.00883000000005
3,h,755000.0,S,12.9,3.0,1.0,1.0,935.0,130.0,1975.0,-37.69744,144.89073
4,h,635000.0,S,12.9,4.0,2.0,2.0,634.0,,1980.0,-37.68368,144.88976
2,u,762000.0,S,7.3,2.0,1.0,1.0,730.0,93.0,1875.0,-37.85563,145.04369
2,u,501000.0,S,7.3,2.0,1.0,1.0,0.0,,,-37.85285,145.04608000000005
4,h,2920000.0,S,7.3,4.0,3.0,3.0,1064.0,,,-37.86224,145.06406
3,t,1501000.0,S,7.3,3.0,2.0,2.0,313.0,160.0,1995.0,-37.85385,145.06473
3,h,1500000.0,S,7.3,3.0,2.0,2.0,409.0,,,-37.84965,145.05903999999995
3,h,1440000.0,S,7.3,3.0,2.0,2.0,0.0,,,-37.85139,145.05835
3,u,1330000.0,S,7.3,3.0,2.0,2.0,296.0,,,-37.85948,145.08571
4,h,1130000.0,S,16.7,4.0,2.0,2.0,690.0,,,-37.90004,145.17205
4,h,1331000.0,S,16.7,4.0,2.0,2.0,762.0,,,-37.86584000000001,145.16502
4,h,1100000.0,S,16.7,4.0,2.0,2.0,726.0,101.0,1961.0,-37.89814000000001,145.14457
3,u,1135000.0,S,16.7,3.0,2.0,2.0,328.0,152.0,1980.0,-37.86931,145.15081
4,h,651000.0,PI,11.2,4.0,1.0,2.0,587.0,,,-37.69897,144.90998000000005
3,h,865000.0,S,11.2,3.0,1.0,1.0,746.0,152.0,1960.0,-37.71051,144.90925
1,u,362500.0,SP,11.2,1.0,1.0,1.0,124.0,75.0,1980.0,-37.70917,144.92291
3,h,922000.0,S,11.2,3.0,1.0,1.0,584.0,153.0,1960.0,-37.71016,144.9215
2,h,650000.0,S,11.2,2.0,1.0,2.0,650.0,,,-37.69712,144.91949
3,h,963500.0,S,11.2,3.0,2.0,6.0,697.0,174.0,1960.0,-37.69647,144.9113
3,h,815000.0,S,11.2,3.0,1.0,1.0,641.0,,,-37.70757,144.90782
3,h,740000.0,S,16.1,3.0,1.0,3.0,580.0,142.0,1962.0,-37.71536,145.10205
5,h,750000.0,S,20.4,5.0,2.0,2.0,877.0,,1980.0,-37.63823,144.88675
4,h,730000.0,S,20.4,4.0,2.0,1.0,633.0,270.0,2004.0,-37.63958,144.90267
3,h,770000.0,S,20.4,3.0,2.0,2.0,711.0,154.0,1985.0,-37.64297,144.88796000000005
3,h,550000.0,VB,20.4,3.0,2.0,2.0,392.0,,2013.0,-37.62458,144.88546000000005
3,h,870000.0,S,11.2,3.0,1.0,6.0,700.0,,,-37.70569,144.94048
4,h,2905000.0,S,13.8,4.0,2.0,2.0,630.0,,,-37.93571,145.00964
2,h,1695000.0,S,13.8,2.0,1.0,2.0,765.0,,,-37.93594,145.0195
4,h,2550000.0,SP,13.8,4.0,2.0,2.0,726.0,200.0,1925.0,-37.93167,145.00134
3,h,561000.0,S,33.3,3.0,2.0,3.0,646.0,,,-38.03378,145.2621
2,u,525000.0,SP,5.3,2.0,1.0,1.0,279.0,,,-37.82676,145.04443999999995
4,h,2800000.0,PI,5.3,4.0,2.0,2.0,750.0,192.0,1910.0,-37.81557,145.04281
3,h,1870000.0,PI,5.3,3.0,1.0,1.0,271.0,,,-37.81816,145.03938
3,h,2402500.0,S,5.3,3.0,2.0,2.0,273.0,,1900.0,-37.81625,145.03789
3,h,1955000.0,S,5.3,3.0,1.0,2.0,261.0,,1890.0,-37.81965,145.02366999999995
3,h,1702000.0,SP,5.3,3.0,1.0,2.0,290.0,110.0,1900.0,-37.81767,145.04041
2,u,500000.0,VB,5.3,2.0,2.0,1.0,0.0,,,-37.8213,145.02913
4,h,3399000.0,S,5.3,4.0,2.0,2.0,446.0,274.0,2002.0,-37.82785,145.03816
4,h,3900000.0,S,5.3,4.0,2.0,1.0,595.0,,,-37.81396,145.01899
2,u,697000.0,S,5.3,2.0,1.0,1.0,0.0,,,-37.82887,145.03676000000004
2,u,802500.0,S,6.2,2.0,1.0,2.0,966.0,87.0,1970.0,-37.82524,145.05568
1,u,441000.0,S,6.2,1.0,1.0,0.0,0.0,50.0,1960.0,-37.8327,145.05428
3,h,2680000.0,S,6.2,3.0,2.0,4.0,522.0,,,-37.82701,145.0541
2,u,500000.0,S,6.2,2.0,1.0,1.0,1324.0,72.0,1970.0,-37.83012,145.04751000000005
2,t,738000.0,S,8.9,2.0,1.0,2.0,154.0,107.0,1985.0,-37.75343,145.06328
3,t,715000.0,SA,8.8,3.0,2.0,2.0,192.0,,,-37.74128,145.05607
3,h,800000.0,S,8.8,3.0,1.0,0.0,583.0,92.5,1945.0,-37.73752,145.05228
2,t,680000.0,S,8.8,2.0,1.0,1.0,129.0,106.0,2013.0,-37.74931,145.05505
3,h,1010000.0,S,8.8,3.0,1.0,2.0,648.0,,,-37.73658,145.05341
3,u,630000.0,VB,8.8,3.0,1.0,1.0,277.0,,,-37.73426,145.05986
3,h,605000.0,S,8.8,3.0,1.0,2.0,377.0,115.96,1960.0,-37.73712,145.0369
3,h,580000.0,S,8.8,3.0,1.0,2.0,429.0,109.0,1950.0,-37.73704,145.03697
2,u,444000.0,S,8.8,2.0,1.0,1.0,94.0,,,-37.74432,145.04721
2,h,532000.0,S,8.8,2.0,2.0,1.0,220.0,,,-37.73549000000001,145.0487
3,h,1600000.0,S,16.0,3.0,2.0,3.0,598.0,137.0,1960.0,-37.95357,145.02651
4,h,677000.0,S,18.0,4.0,2.0,2.0,661.0,196.0,1999.0,-37.69655,144.75538
4,h,737500.0,S,18.0,4.0,2.0,2.0,704.0,230.0,2004.0,-37.68175,144.74087
3,h,520000.0,SP,18.4,3.0,2.0,2.0,530.0,169.0,1999.0,-37.86713,144.71086
3,h,553100.0,S,18.4,3.0,2.0,2.0,540.0,,1974.0,-37.8765,144.69638
3,h,418000.0,S,18.4,3.0,2.0,1.0,435.0,,,-37.86767,144.68409
3,h,505000.0,S,18.4,3.0,1.0,1.0,663.0,142.0,1995.0,-37.86658,144.71221
3,h,492000.0,S,18.4,3.0,1.0,1.0,581.0,,,-37.87711,144.68825
4,h,680000.0,VB,18.4,4.0,2.0,3.0,800.0,158.0,1990.0,-37.87051,144.7141
4,h,472000.0,S,18.4,4.0,2.0,2.0,546.0,,,-37.85146,144.67109
3,h,442500.0,S,18.4,3.0,1.0,2.0,537.0,121.84,1980.0,-37.87016,144.70606
3,u,1203500.0,S,12.3,3.0,2.0,2.0,311.0,127.0,2000.0,-37.89829,145.08141
3,h,1250000.0,VB,12.3,3.0,1.0,2.0,603.0,,,-37.90192,145.0756
3,h,1475000.0,S,7.8,3.0,1.0,2.0,424.0,114.0,1950.0,-37.76353,145.02941
3,h,1640000.0,S,7.8,3.0,1.0,2.0,617.0,158.0,1930.0,-37.77212,145.05813
3,h,590500.0,S,14.0,3.0,1.0,1.0,708.0,90.0,1960.0,-37.68825,144.91484
3,h,895000.0,S,14.5,3.0,1.0,1.0,589.0,157.0,1965.0,-37.7143,144.8315
4,h,790000.0,S,15.5,4.0,2.0,3.0,696.0,,1980.0,-37.72394,144.8147
3,h,825000.0,S,11.7,3.0,1.0,0.0,534.0,,1965.0,-37.7444,144.86123999999995
3,h,806000.0,S,11.7,3.0,2.0,4.0,546.0,,,-37.74761,144.8521
4,h,698000.0,S,11.7,4.0,2.0,2.0,535.0,,,-37.74083,144.85545
3,h,752500.0,S,10.4,3.0,2.0,1.0,468.0,144.0,,-37.72203,144.85994
1,u,400000.0,SP,3.4,1.0,1.0,1.0,0.0,56.0,2008.0,-37.79741,144.92614
1,t,715000.0,S,3.4,1.0,1.0,0.0,91.0,,2006.0,-37.7914,144.93076000000005
3,h,1300000.0,SP,5.4,3.0,1.0,2.0,257.0,,1920.0,-37.81176,145.02807
3,u,660000.0,S,5.4,3.0,1.0,1.0,1096.0,,,-37.81207,145.0371
4,h,2425000.0,PI,5.4,4.0,3.0,1.0,638.0,,,-37.80719000000001,145.02248
2,t,825000.0,S,5.4,2.0,1.0,3.0,193.0,107.0,1995.0,-37.79438,145.03368999999995
2,u,682000.0,S,5.4,2.0,1.0,1.0,0.0,80.0,,-37.80154,145.03258
5,h,3200500.0,S,5.4,5.0,2.0,2.0,842.0,,,-37.80469,145.05213
3,h,1110000.0,PI,5.4,3.0,2.0,2.0,200.0,,,-37.7948,145.0364
4,h,2258000.0,S,7.3,4.0,1.0,2.0,836.0,173.0,1910.0,-37.79702,145.05352
3,h,1650000.0,VB,7.3,3.0,3.0,1.0,204.0,,,-37.7927,145.05348999999995
4,h,1250000.0,S,25.2,4.0,2.0,2.0,560.0,305.0,2005.0,-38.00512,145.14935
5,h,520000.0,SP,14.0,5.0,2.0,3.0,545.0,171.0,1972.0,-37.7323,144.77861
4,h,1218000.0,S,23.3,4.0,2.0,2.0,900.0,281.0,1994.0,-37.87695,145.2547
4,h,1010000.0,S,23.3,4.0,2.0,2.0,620.0,,,-37.88308,145.24953
2,u,383000.0,S,16.3,2.0,1.0,2.0,138.0,,,-37.67527000000001,145.02775
3,h,600000.0,S,16.3,3.0,2.0,2.0,534.0,121.0,1980.0,-37.67323,145.03976
3,h,487000.0,S,16.3,3.0,1.0,1.0,533.0,160.0,1970.0,-37.67605,145.03956000000005
3,h,572000.0,S,16.3,3.0,1.0,2.0,640.0,140.0,1975.0,-37.6591,145.00548999999995
2,u,650000.0,PI,14.6,2.0,2.0,2.0,248.0,120.0,1995.0,-37.72473,145.11657
3,h,793000.0,S,6.4,3.0,1.0,2.0,417.0,,,-37.78867,144.87397
4,h,2775000.0,PI,5.9,4.0,2.0,2.0,510.0,,,-37.863,145.03946000000005
3,h,1700000.0,PI,5.9,3.0,2.0,0.0,312.0,141.0,1920.0,-37.86162,145.03065
3,t,1060000.0,S,8.4,3.0,1.0,1.0,206.0,110.0,1980.0,-37.87107,145.04991
4,h,2400000.0,S,8.4,4.0,2.0,0.0,589.0,,,-37.87391,145.05562
2,u,530000.0,S,4.3,2.0,1.0,1.0,81.0,88.0,1980.0,-37.77323,144.89268
2,u,450000.0,SP,4.3,2.0,1.0,1.0,0.0,93.0,1940.0,-37.77296,144.88057
4,h,1510500.0,SP,4.3,4.0,2.0,4.0,251.0,,,-37.7839,144.89431000000005
2,u,353000.0,S,4.3,2.0,1.0,1.0,4977.0,79.0,2000.0,-37.77367,144.88161000000005
2,h,1250000.0,SP,11.4,2.0,1.0,2.0,368.0,,1920.0,-37.91304,145.0373
5,h,2300000.0,S,11.4,5.0,2.0,2.0,904.0,,,-37.91074,145.03068000000005
2,u,720000.0,S,0.0,2.0,1.0,1.0,0.0,86.0,1976.0,-37.81267,144.96273
3,h,295000.0,SP,31.7,3.0,1.0,4.0,600.0,122.86,1975.0,-37.68734,144.58001000000004
4,h,347500.0,S,29.8,4.0,2.0,1.0,587.0,149.0,1990.0,-37.69392,144.57468
3,h,410000.0,S,31.7,3.0,2.0,2.0,740.0,119.0,1985.0,-37.68052,144.55106
3,t,1010000.0,S,20.0,3.0,1.0,2.0,309.0,,,-37.98009,145.06118
5,h,1485000.0,S,20.0,5.0,2.0,2.0,720.0,174.0,1975.0,-37.98439000000001,145.06812
3,h,3750000.0,PI,3.0,3.0,2.0,1.0,411.0,,,-37.85327,144.96223
3,h,1750000.0,VB,3.0,3.0,2.0,0.0,138.0,155.0,1885.0,-37.84962,144.95856
2,t,480750.0,S,17.9,2.0,1.0,1.0,114.0,92.0,,-37.67761,145.06132
5,h,725000.0,SP,17.9,5.0,2.0,2.0,574.0,,1970.0,-37.66936,145.05413
2,u,695000.0,S,17.2,2.0,1.0,1.0,300.0,90.0,2011.0,-37.80574,145.18832
2,h,655000.0,S,17.2,2.0,1.0,4.0,446.0,82.0,1975.0,-37.81906,145.21253000000004
3,u,775000.0,SP,17.2,3.0,1.0,2.0,208.0,110.0,1975.0,-37.8135,145.19972
3,u,820000.0,VB,17.2,3.0,1.0,2.0,439.0,110.0,1960.0,-37.82596,145.1872
4,h,990000.0,S,17.2,4.0,2.0,2.0,708.0,,,-37.80601,145.20106
2,h,883000.0,S,17.2,2.0,1.0,1.0,697.0,,1960.0,-37.81808,145.2057
4,h,1462000.0,S,10.2,4.0,2.0,0.0,420.0,,1910.0,-37.81788,145.11453999999995
3,h,1130000.0,S,16.2,3.0,2.0,2.0,842.0,,,-37.72096,145.12948
3,t,960000.0,S,16.2,3.0,2.0,2.0,397.0,,2003.0,-37.72331,145.11909
4,h,1050000.0,S,16.2,4.0,2.0,1.0,973.0,,,-37.72082,145.12027
3,h,900000.0,S,16.2,3.0,1.0,1.0,575.0,138.0,1980.0,-37.72089,145.11987
3,h,806000.0,S,16.2,3.0,1.0,0.0,396.0,108.0,1955.0,-37.71665,145.11682
3,h,1160000.0,S,16.2,3.0,2.0,1.0,1125.0,,,-37.71541,145.11666
3,h,700000.0,PI,16.2,3.0,1.0,3.0,615.0,,,-37.72588,145.13443
4,h,980000.0,S,16.2,4.0,3.0,2.0,701.0,300.0,1993.0,-37.71871,145.13558999999995
4,t,1250800.0,S,14.2,4.0,2.0,2.0,243.0,,,-37.86463,145.14283999999995
4,h,1327000.0,S,14.2,4.0,3.0,2.0,768.0,,,-37.85896,145.11484
2,u,670000.0,S,14.2,2.0,1.0,1.0,296.0,,,-37.87128,145.13051000000004
3,h,1615000.0,S,14.2,3.0,1.0,2.0,1321.0,,,-37.88569,145.1438
4,h,1400000.0,S,14.2,4.0,3.0,2.0,668.0,,,-37.87118,145.12478000000004
2,u,620000.0,S,14.2,2.0,1.0,1.0,190.0,,,-37.87677,145.11961000000005
3,h,800000.0,S,18.8,3.0,2.0,2.0,324.0,,,-37.92783,145.19685
4,h,1540000.0,S,10.1,4.0,2.0,2.0,589.0,199.0,1920.0,-37.90017,145.06435
1,t,470000.0,S,10.1,1.0,1.0,1.0,0.0,76.0,2000.0,-37.89018,145.06865
3,u,1160000.0,S,10.1,3.0,2.0,2.0,441.0,,,-37.89706,145.07483
3,t,715000.0,SP,10.4,3.0,1.0,1.0,178.0,,,-37.74731,144.88826
4,h,1010000.0,S,10.4,4.0,2.0,2.0,650.0,,,-37.73327000000001,144.87482
3,h,980000.0,S,10.4,3.0,1.0,2.0,577.0,,,-37.73521,144.87708999999995
3,h,730000.0,S,22.7,3.0,1.0,4.0,695.0,130.0,1963.0,-37.96015,145.16618
3,h,676000.0,SP,22.7,3.0,1.0,1.0,587.0,114.2,1960.0,-37.96968,145.16832
4,h,805000.0,S,22.7,4.0,2.0,4.0,702.0,140.0,1980.0,-37.97412,145.18022
3,h,802000.0,S,22.7,3.0,1.0,1.0,818.0,,,-37.97712,145.17516
2,h,1126000.0,SP,1.8,2.0,1.0,0.0,114.0,65.0,1910.0,-37.80248,144.94846
4,h,1746000.0,S,1.8,4.0,2.0,0.0,149.0,,,-37.79722,144.94423999999995
2,u,799000.0,S,1.8,2.0,1.0,1.0,0.0,73.0,1900.0,-37.79999,144.94961
3,h,1285000.0,PI,1.8,3.0,1.0,1.0,170.0,147.0,1990.0,-37.79074,144.94324
3,h,1512000.0,S,5.3,3.0,1.0,0.0,326.0,125.0,1905.0,-37.77664,144.99902
4,h,2042000.0,S,5.3,4.0,1.0,0.0,566.0,,,-37.77294000000001,144.9957
2,h,1260000.0,S,5.3,2.0,1.0,1.0,234.0,,1900.0,-37.78015,145.00777
4,h,1650000.0,PI,5.3,4.0,3.0,4.0,423.0,,,-37.76969,145.00718
3,t,1235000.0,S,15.4,3.0,3.0,2.0,338.0,28.0,,-37.82704,145.16801
4,h,1570000.0,S,15.4,4.0,2.0,1.0,746.0,,,-37.82603,145.1721
3,u,777000.0,S,15.4,3.0,2.0,2.0,239.0,113.0,2014.0,-37.81359000000001,145.17574
3,h,972000.0,S,11.2,3.0,1.0,2.0,699.0,,,-37.71579000000001,144.92231
2,h,1225000.0,S,12.3,2.0,1.0,2.0,567.0,,1940.0,-37.90193,145.10107
3,h,1292000.0,S,12.3,3.0,1.0,1.0,716.0,,,-37.90295,145.11938999999995
4,t,912000.0,S,12.3,4.0,2.0,2.0,344.0,146.0,1997.0,-37.90822,145.12036
4,h,1565000.0,PI,11.4,4.0,3.0,2.0,719.0,154.0,1920.0,-37.90087,145.03959
2,u,640000.0,PI,11.4,2.0,1.0,1.0,0.0,,,-37.90323,145.04286000000005
2,h,1270000.0,S,21.5,2.0,1.0,4.0,772.0,120.0,1940.0,-37.99482,145.08459
5,h,1485000.0,S,21.5,5.0,2.0,2.0,693.0,,1940.0,-37.98928,145.07798
4,h,1137500.0,SP,21.5,4.0,2.0,4.0,641.0,180.0,1980.0,-37.98464,145.08185
3,h,1415000.0,SP,21.5,3.0,1.0,2.0,545.0,145.0,1950.0,-37.99827,145.07497
3,u,1560000.0,PI,1.8,3.0,2.0,1.0,2431.0,,,-37.78212,144.95755
2,t,530000.0,S,8.5,2.0,2.0,1.0,135.0,84.0,,-37.71628,144.93822
3,h,876000.0,S,8.5,3.0,1.0,2.0,525.0,146.0,1960.0,-37.72803,144.94624
3,h,802000.0,S,8.5,3.0,2.0,1.0,450.0,,,-37.71872000000001,144.94871
3,u,736000.0,S,8.5,3.0,1.0,0.0,278.0,116.0,1950.0,-37.71798,144.93965
3,t,755000.0,S,8.5,3.0,1.0,2.0,234.0,,1993.0,-37.7254,144.92048
2,h,478000.0,S,8.5,2.0,1.0,1.0,0.0,73.0,1960.0,-37.72436,144.94855
2,h,650000.0,VB,8.5,2.0,1.0,2.0,605.0,,,-37.71878,144.95176
2,h,1335000.0,S,3.5,2.0,1.0,0.0,181.0,105.0,1880.0,-37.83661,144.93358999999995
1,u,545000.0,S,3.5,1.0,1.0,1.0,0.0,,2000.0,-37.84237,144.94486
2,u,740000.0,S,4.6,2.0,1.0,1.0,0.0,100.0,1940.0,-37.85931,145.00616000000005
2,u,698000.0,S,4.6,2.0,1.0,1.0,0.0,85.0,1900.0,-37.85163,144.9943
2,h,780000.0,VB,4.6,2.0,1.0,0.0,117.0,48.0,1900.0,-37.84998,144.99499
2,t,1190000.0,S,4.6,2.0,1.0,2.0,57.0,,,-37.84839,145.0013
2,h,1170000.0,PI,4.6,2.0,2.0,2.0,86.0,,,-37.85064000000001,144.99095
2,u,660000.0,S,4.6,2.0,1.0,1.0,0.0,,,-37.85672,145.00273
3,h,920000.0,PI,8.4,3.0,1.0,2.0,693.0,93.0,1950.0,-37.74528,145.01987
3,h,1115000.0,S,8.4,3.0,1.0,2.0,680.0,129.0,1960.0,-37.74244,145.02006
3,u,550000.0,PI,8.4,3.0,2.0,1.0,0.0,,2012.0,-37.74762,145.00261
3,h,1171000.0,S,8.4,3.0,1.0,2.0,483.0,186.0,1930.0,-37.73261,144.99535
5,h,1060000.0,SP,8.4,5.0,2.0,2.0,559.0,192.0,1940.0,-37.73645,144.98715
3,h,996000.0,S,8.4,3.0,1.0,2.0,581.0,,,-37.73972,145.0111
2,h,617500.0,S,8.4,2.0,1.0,3.0,155.0,81.0,1985.0,-37.75308,145.01464
3,h,817000.0,S,12.0,3.0,1.0,2.0,700.0,,,-37.72456,145.02292
2,t,575000.0,S,12.0,2.0,2.0,1.0,151.0,102.0,2015.0,-37.70426,145.01203999999996
3,h,635000.0,SP,12.0,3.0,2.0,2.0,289.0,147.0,2009.0,-37.70798,145.02101000000005
2,u,470000.0,S,12.0,2.0,1.0,1.0,142.0,,2007.0,-37.70932,145.02483999999995
3,h,700000.0,S,12.0,3.0,2.0,1.0,301.0,,,-37.72839000000001,145.00105
3,h,860000.0,S,12.0,3.0,1.0,2.0,627.0,136.0,1950.0,-37.72216,144.99381
2,h,1000000.0,PI,2.4,2.0,1.0,0.0,164.0,,,-37.824,145.00679
3,h,1250000.0,VB,2.4,3.0,1.0,1.0,111.0,,,-37.82137,145.00512
3,h,1280000.0,S,2.4,3.0,1.0,1.0,185.0,,,-37.82488,145.00642
2,u,615000.0,PI,2.4,2.0,2.0,1.0,14196.0,86.0,2005.0,-37.81894000000001,145.01314
1,u,314000.0,SP,2.4,1.0,1.0,1.0,0.0,37.0,1970.0,-37.81256,144.99347
2,h,1341000.0,S,2.4,2.0,1.0,0.0,135.0,87.0,1890.0,-37.82241,145.00235
3,h,930000.0,S,19.9,3.0,1.0,1.0,835.0,,,-37.80237,145.23404
2,u,609000.0,S,21.3,2.0,1.0,2.0,190.0,70.0,1970.0,-37.80551,145.24589
4,h,1085000.0,S,19.9,4.0,2.0,2.0,798.0,,,-37.79395,145.21878
3,h,1100000.0,PI,8.9,3.0,2.0,2.0,468.0,212.0,1985.0,-37.74088,145.06285
4,h,1185000.0,S,8.9,4.0,2.0,1.0,625.0,,,-37.74301,145.07148999999995
4,h,500000.0,S,20.6,4.0,2.0,2.0,383.0,,2006.0,-37.61132,144.92075
3,u,630000.0,PI,15.2,3.0,2.0,3.0,0.0,,,-37.95541,145.02944
2,u,760000.0,S,15.2,2.0,1.0,1.0,0.0,82.0,1970.0,-37.95142,145.01977
4,h,2100000.0,S,15.2,4.0,2.0,2.0,831.0,,1945.0,-37.95694,145.01936
4,h,795000.0,S,35.4,4.0,2.0,2.0,631.0,158.0,1960.0,-38.08814,145.12598
3,h,1315000.0,PI,5.1,4.0,3.0,2.0,122.0,,1950.0,-37.80401,144.89519
2,h,830000.0,VB,5.1,2.0,1.0,1.0,152.0,91.0,1910.0,-37.80697,144.8928
2,h,940000.0,S,5.1,2.0,1.0,0.0,207.0,94.0,1910.0,-37.8071,144.88912
3,h,1085000.0,S,34.6,3.0,2.0,2.0,76000.0,,,-37.84739,145.47052
3,h,835000.0,S,6.2,3.0,1.0,1.0,297.0,,,-37.82984,144.873
1,h,807500.0,S,1.9,1.0,1.0,0.0,74.0,,1900.0,-37.83627,144.9605
4,h,4100000.0,S,1.9,4.0,2.0,1.0,403.0,,,-37.83737,144.95799
3,u,1430000.0,S,2.7,3.0,3.0,1.0,913.0,,1996.0,-37.84014000000001,144.99441000000004
4,h,2920000.0,S,2.7,4.0,2.0,2.0,564.0,254.0,1920.0,-37.84405,145.0016
1,u,400000.0,VB,2.7,1.0,1.0,1.0,0.0,43.0,1950.0,-37.83678,145.00137
2,u,600000.0,S,0.7,2.0,1.0,1.0,0.0,78.0,,-37.8281,144.96627
2,u,600000.0,VB,0.7,2.0,1.0,1.0,3634.0,80.0,1993.0,-37.8281,144.96627
4,h,1300000.0,VB,6.2,4.0,2.0,2.0,730.0,,,-37.8257,144.87552
3,h,1000000.0,VB,6.2,3.0,1.0,3.0,399.0,,,-37.82673,144.87495
3,h,650000.0,S,14.0,3.0,1.0,0.0,722.0,,,-37.75836,144.80279
1,h,565000.0,S,14.0,1.0,1.0,2.0,617.0,,,-37.73385,144.80535
5,h,1387000.0,S,16.1,5.0,3.0,3.0,1348.0,370.0,2005.0,-37.68508,145.1395
1,u,480000.0,PI,5.0,1.0,1.0,1.0,0.0,64.0,1930.0,-37.86305,144.9911
2,u,730000.0,S,5.0,2.0,1.0,0.0,284.0,,,-37.86309,144.98301999999995
4,h,535000.0,SP,31.7,4.0,2.0,2.0,808.0,155.0,1970.0,-37.58089,144.72183
3,h,865000.0,S,10.5,3.0,1.0,2.0,550.0,,,-37.77972000000001,144.83809
3,h,1070000.0,S,10.5,3.0,2.0,2.0,573.0,198.0,1940.0,-37.79127,144.83713
1,u,245000.0,SP,10.5,1.0,1.0,1.0,44.0,,,-37.79501,144.8262
6,h,750000.0,SP,10.5,6.0,2.0,4.0,588.0,113.0,1955.0,-37.77049,144.83167
3,h,632000.0,S,10.5,3.0,1.0,1.0,471.0,121.0,1950.0,-37.76951,144.83309
3,h,905000.0,SP,10.5,3.0,1.0,4.0,697.0,,,-37.77004,144.84254
5,h,2505000.0,S,10.2,5.0,2.0,0.0,739.0,266.53,1927.0,-37.81708,145.09566
3,h,1785000.0,S,10.2,3.0,1.0,1.0,516.0,120.0,1910.0,-37.82372,145.09085
3,h,1580000.0,S,10.2,3.0,1.0,2.0,586.0,,,-37.83133,145.1006
3,h,1620000.0,SA,10.2,3.0,1.0,2.0,665.0,,,-37.81455,145.0943
3,h,645000.0,S,18.0,3.0,2.0,2.0,684.0,,,-37.72199000000001,144.74578
5,h,1300000.0,PI,15.5,5.0,3.0,2.0,771.0,,,-37.68166,144.77422
5,h,1381000.0,S,12.4,5.0,2.0,2.0,733.0,,,-37.7677,145.11371
5,h,1225000.0,PI,12.4,5.0,2.0,2.0,665.0,,1980.0,-37.77156,145.1226
4,h,1375000.0,VB,12.4,4.0,2.0,1.0,662.0,240.0,1950.0,-37.75763,145.09974
3,h,705000.0,S,15.3,3.0,1.0,2.0,545.0,,1975.0,-37.68035,145.00925
3,h,550000.0,S,15.3,3.0,1.0,2.0,551.0,,,-37.67646,145.03083999999996
3,h,630000.0,SP,15.3,3.0,1.0,3.0,654.0,,,-37.67652,145.02338
3,h,740000.0,S,15.3,3.0,1.0,2.0,727.0,109.0,1952.0,-37.67873,145.01878
2,u,745000.0,S,7.0,2.0,1.0,1.0,120.0,70.0,1975.0,-37.75668,145.00929
3,h,1225000.0,SP,7.0,3.0,1.0,0.0,275.0,90.0,1920.0,-37.76126,145.00247
4,h,1400000.0,S,7.0,4.0,2.0,0.0,364.0,,,-37.75807,145.00782
3,u,390000.0,SP,18.4,3.0,2.0,1.0,289.0,138.0,2008.0,-37.84169,144.72333
3,t,555000.0,S,12.9,3.0,2.0,2.0,286.0,,,-37.69728,144.87455
3,h,695000.0,S,12.9,3.0,1.0,2.0,676.0,121.0,1980.0,-37.69636,144.88265
2,h,575000.0,S,29.3,2.0,1.0,1.0,1200.0,,,-37.91732,145.33501
3,h,870000.0,S,8.9,3.0,2.0,2.0,291.0,151.0,2000.0,-37.73253,145.0873
4,h,1050000.0,S,21.1,4.0,2.0,2.0,1529.0,,,-37.74113,145.22308999999996
4,h,710000.0,S,14.5,4.0,1.0,3.0,541.0,145.0,1960.0,-37.69778,145.08516
3,h,705000.0,S,14.5,3.0,1.0,1.0,538.0,,,-37.70178,145.0851
3,h,570000.0,S,14.7,3.0,1.0,2.0,660.0,113.0,1960.0,-37.90908,144.65774
3,h,372000.0,S,14.7,3.0,1.0,1.0,239.0,,,-37.88831,144.63942
3,u,597000.0,SP,6.4,3.0,1.0,1.0,126.0,120.0,1995.0,-37.80962,144.86876999999996
2,u,660000.0,PI,3.1,2.0,1.0,1.0,0.0,91.0,1993.0,-37.80848,144.9437
3,t,500000.0,S,16.5,3.0,1.0,2.0,141.0,,2012.0,-37.67941,144.8764
5,h,560000.0,S,16.5,5.0,2.0,2.0,626.0,,,-37.67688,144.88996
4,h,1200000.0,PI,16.7,4.0,3.0,3.0,858.0,,,-37.91874,145.19156999999996
5,h,1223000.0,S,16.7,5.0,3.0,2.0,762.0,,,-37.91199,145.18419
4,h,1035000.0,S,16.7,4.0,2.0,2.0,702.0,,,-37.91075,145.18758
3,h,1367000.0,SP,6.8,3.0,1.0,2.0,410.0,,,-37.85569,144.89373999999995
2,u,880000.0,S,6.8,2.0,1.0,2.0,169.0,78.54,2000.0,-37.86682,144.90003000000004
3,h,862000.0,SP,6.8,3.0,1.0,1.0,353.0,85.35,1940.0,-37.85432,144.88214
4,h,595000.0,S,25.5,4.0,2.0,2.0,448.0,370.0,2012.0,-37.61337,145.03606000000005
4,h,1190000.0,S,6.3,4.0,1.0,2.0,405.0,,,-37.81611,144.87945
2,u,709500.0,SP,6.3,2.0,1.0,1.0,80.0,80.0,1970.0,-37.81133,144.89553
2,u,550000.0,S,3.0,2.0,1.0,1.0,1521.0,,,-37.8114,145.01163
3,u,670000.0,S,10.4,3.0,1.0,2.0,169.0,153.0,2000.0,-37.72752,144.88358
4,h,3560000.0,S,3.0,4.0,1.0,1.0,327.0,,,-37.84118,144.95023
5,h,1500000.0,PI,9.4,5.0,3.0,2.0,1068.0,,,-37.83794,144.84231
4,h,1030000.0,PI,9.4,4.0,3.0,2.0,533.0,,,-37.82726,144.83533
2,h,1130000.0,S,4.3,2.0,1.0,1.0,222.0,,,-37.77182,144.90524
3,h,820000.0,S,9.5,3.0,1.0,2.0,680.0,,,-37.77178,144.85397
3,h,680000.0,VB,9.5,3.0,1.0,1.0,596.0,,,-37.75718,144.85357
3,h,720000.0,PI,9.5,3.0,1.0,1.0,582.0,110.0,1965.0,-37.76063,144.8603
3,h,1107500.0,S,9.5,3.0,3.0,1.0,668.0,190.0,2014.0,-37.75962,144.86675
3,h,285000.0,S,37.5,3.0,1.0,2.0,612.0,,,-37.67344,144.43181
1,u,328500.0,S,6.4,1.0,1.0,1.0,0.0,,,-37.86874,144.998
4,t,1575000.0,SA,9.7,4.0,2.0,2.0,392.0,,2007.0,-37.80039,145.0961
5,h,900000.0,S,23.2,5.0,2.0,2.0,942.0,,,-37.85721,145.26305
2,u,520000.0,S,23.2,2.0,1.0,1.0,158.0,69.0,1975.0,-37.845,145.25624
2,u,380000.0,PI,11.4,2.0,1.0,1.0,1.0,62.0,2011.0,-37.9332,145.03794
4,h,920000.0,S,35.2,4.0,5.0,2.0,638.0,352.0,2014.0,-38.0683,145.33833
4,h,950000.0,SA,35.2,4.0,4.0,2.0,603.0,391.0,2007.0,-38.06788,145.33966999999996
2,u,485000.0,S,13.4,2.0,1.0,1.0,0.0,55.0,1960.0,-37.82945,145.15697
3,h,1291000.0,S,13.4,3.0,2.0,2.0,548.0,127.0,1970.0,-37.84453,145.14446
3,h,775000.0,S,25.0,3.0,1.0,2.0,720.0,131.0,1970.0,-37.86126,145.25808
4,h,820000.0,S,25.0,4.0,2.0,4.0,719.0,200.0,1975.0,-37.86434000000001,145.25739
5,h,2285000.0,S,10.9,5.0,3.0,2.0,803.0,,,-37.82148,145.1289
3,h,797000.0,S,8.6,3.0,1.0,2.0,694.0,110.0,1960.0,-37.79382,144.85107
5,h,760000.0,S,8.6,5.0,2.0,2.0,622.0,,,-37.78207,144.85342
2,h,590000.0,S,8.6,2.0,1.0,1.0,304.0,74.0,1950.0,-37.78341,144.85574
3,u,1180000.0,VB,10.5,3.0,2.0,2.0,0.0,,2011.0,-37.90542,144.99817
2,u,585000.0,PI,10.3,2.0,1.0,1.0,0.0,82.0,1950.0,-37.93171,145.03041000000005
4,h,1580000.0,PI,10.3,4.0,1.0,2.0,890.0,165.0,1970.0,-37.91053,145.02447
3,h,460000.0,S,14.0,3.0,1.0,1.0,629.0,,,-37.67197,144.91896
3,h,386000.0,S,14.0,3.0,1.0,1.0,341.0,71.0,1965.0,-37.6886,144.92281
2,u,515000.0,SP,6.4,2.0,1.0,2.0,159.0,140.0,2012.0,-37.82073,144.8447
4,h,1515000.0,S,5.2,4.0,2.0,2.0,236.0,194.0,1890.0,-37.76549,144.96366
3,h,1037000.0,S,5.2,3.0,1.0,1.0,210.0,101.0,1996.0,-37.75746,144.95633
3,h,1100000.0,PI,5.2,3.0,1.0,1.0,193.0,,,-37.76418,144.95715
3,h,1330000.0,PI,4.0,3.0,2.0,1.0,161.0,190.0,1890.0,-37.77289,144.97503
3,t,937000.0,SP,4.0,3.0,2.0,1.0,110.0,121.8,2000.0,-37.76049,144.98065
1,u,290000.0,VB,4.0,1.0,1.0,0.0,197.0,41.0,2012.0,-37.77165,144.97187
3,h,730000.0,S,12.1,3.0,1.0,1.0,612.0,101.0,1960.0,-37.70602,145.05945
3,h,660000.0,S,12.1,3.0,1.0,2.0,582.0,119.0,1970.0,-37.70301,145.06341
3,h,1530000.0,S,10.4,3.0,1.0,2.0,695.0,,,-37.85126,145.1132
3,h,1150000.0,S,14.7,3.0,2.0,2.0,668.0,140.0,1965.0,-37.85695,145.15143999999995
4,h,1600000.0,S,14.7,4.0,2.0,2.0,592.0,260.0,2007.0,-37.84839,145.14299
3,h,636000.0,S,14.8,3.0,2.0,2.0,585.0,,2000.0,-37.75777,144.77974
2,u,755000.0,S,7.7,2.0,1.0,1.0,92.0,82.6,1960.0,-37.8401,145.09113
8,h,2200000.0,PI,7.7,8.0,8.0,4.0,650.0,,,-37.84812,145.07414
3,h,1530000.0,SP,10.1,3.0,1.0,1.0,684.0,,,-37.8891,145.06337
2,u,750000.0,S,10.1,2.0,1.0,2.0,0.0,85.0,1970.0,-37.88368,145.0515
1,u,286000.0,PI,10.1,1.0,1.0,1.0,314.0,45.0,1960.0,-37.90321,145.0555
2,u,580010.0,SP,10.1,2.0,1.0,1.0,0.0,72.0,1970.0,-37.9003,145.06342
4,t,1250000.0,S,10.1,4.0,3.0,2.0,326.0,223.0,2005.0,-37.89334,145.05463
3,t,430000.0,S,14.8,3.0,2.0,2.0,194.0,,2010.0,-37.7253,144.7484
3,t,360000.0,SA,14.8,3.0,1.0,1.0,0.0,136.49,2009.0,-37.70624,144.74042
4,h,740000.0,S,14.8,4.0,2.0,2.0,750.0,222.0,2008.0,-37.7277,144.73422
4,h,647000.0,S,34.9,4.0,2.0,4.0,688.0,204.0,2002.0,-38.10984000000001,145.17062
2,u,636500.0,S,8.7,2.0,1.0,1.0,0.0,,1970.0,-37.89063,145.02608999999995
3,t,930000.0,S,11.7,3.0,2.0,1.0,0.0,127.0,2011.0,-37.88289,145.09871
3,h,1018000.0,S,16.7,3.0,1.0,2.0,615.0,,,-37.92063,145.11186
2,h,760000.0,S,6.7,2.0,1.0,2.0,378.0,105.0,1920.0,-37.74011,144.95266999999996
2,t,876000.0,S,6.7,2.0,2.0,1.0,134.0,100.0,2014.0,-37.74914,144.96826
1,h,867000.0,S,6.7,1.0,1.0,4.0,741.0,,,-37.73245,144.97103
1,u,365000.0,SP,2.0,1.0,1.0,0.0,0.0,46.0,1960.0,-37.79597,144.99108
3,h,1297000.0,S,2.0,3.0,2.0,0.0,186.0,137.0,1890.0,-37.79557,144.99158
4,h,515000.0,S,17.4,4.0,1.0,0.0,616.0,,,-37.65879,144.9296
4,h,670000.0,S,34.7,4.0,2.0,2.0,612.0,,,-38.07898,145.3165
5,h,865000.0,PI,23.0,4.0,2.0,2.0,974.0,200.0,1975.0,-37.79189,145.29661000000004
4,h,760000.0,SP,23.0,4.0,2.0,2.0,815.0,140.0,1960.0,-37.78393,145.29131999999996
3,h,725000.0,S,23.0,3.0,1.0,2.0,802.0,105.0,1980.0,-37.81083,145.28792
2,t,480000.0,S,23.0,2.0,1.0,1.0,2040.0,,,-37.80452,145.28579
4,h,1120000.0,S,23.0,4.0,2.0,2.0,864.0,228.0,2008.0,-37.80718,145.28581
3,h,465000.0,S,24.7,3.0,1.0,1.0,375.0,,,-37.9674,145.20552
4,h,614000.0,S,24.7,4.0,2.0,2.0,680.0,,,-37.967,145.19658
4,h,930000.0,S,24.7,4.0,2.0,1.0,830.0,200.0,1980.0,-37.94264,145.21786
3,h,557000.0,S,14.8,3.0,1.0,2.0,539.0,148.0,1985.0,-37.76545,144.76458
3,h,650000.0,PI,14.8,3.0,1.0,2.0,697.0,135.0,1955.0,-37.77396,144.77229
4,h,750000.0,VB,14.7,4.0,2.0,2.0,655.0,,,-37.79571,144.76656
3,h,806000.0,S,22.2,3.0,2.0,1.0,539.0,134.0,1968.0,-37.98086,145.11993
3,h,892000.0,S,22.2,3.0,1.0,3.0,564.0,,,-37.98186,145.13081
3,h,1345000.0,S,12.4,3.0,3.0,3.0,823.0,,,-37.79461,145.14206
4,h,1430000.0,S,12.4,4.0,2.0,2.0,736.0,,,-37.78101,145.1111
4,h,1663000.0,S,12.4,4.0,3.0,2.0,674.0,250.0,1982.0,-37.77102,145.13338000000005
4,h,1310000.0,S,14.3,4.0,3.0,2.0,706.0,200.0,1970.0,-37.79561,145.16268
3,h,1530000.0,PI,14.3,3.0,2.0,2.0,798.0,160.0,1978.0,-37.77655,145.15386999999996
4,h,1390000.0,S,14.3,4.0,3.0,2.0,664.0,,,-37.77813,145.16558
3,h,1423000.0,S,14.3,3.0,2.0,2.0,643.0,,,-37.79357,145.15318
2,t,630000.0,PI,16.1,2.0,1.0,1.0,196.0,100.0,2000.0,-37.80103,145.17844
3,h,1300000.0,VB,8.9,3.0,1.0,2.0,615.0,138.0,1950.0,-37.75825,145.05438
5,h,1260000.0,SP,27.0,5.0,6.0,3.0,900.0,178.0,1960.0,-38.04105,145.1216
3,h,655000.0,S,18.0,3.0,1.0,2.0,197.0,108.0,2009.0,-37.71613,145.13939
4,h,792000.0,S,18.0,4.0,2.0,2.0,836.0,,,-37.70115,145.12855
1,u,435000.0,S,7.2,1.0,1.0,1.0,1192.0,44.0,2009.0,-37.88306,144.9841
1,u,350000.0,VB,7.2,1.0,1.0,0.0,0.0,,1960.0,-37.88111,144.99053999999995
3,h,490000.0,SP,19.6,3.0,2.0,2.0,375.0,155.0,2012.0,-37.62157,145.01049
3,h,490000.0,SP,19.6,3.0,1.0,1.0,597.0,,,-37.64166,145.02885
3,u,392250.0,S,19.6,3.0,1.0,1.0,227.0,101.0,,-37.64836,145.03139
2,h,417500.0,S,19.6,2.0,1.0,1.0,157.0,102.0,2000.0,-37.64827,145.05317
3,h,1000000.0,VB,7.5,3.0,2.0,2.0,213.0,169.0,,-37.74635,144.9229
1,u,310000.0,SP,7.5,1.0,1.0,1.0,0.0,,,-37.75515,144.92113999999995
3,h,1398000.0,SP,7.5,3.0,2.0,1.0,445.0,182.0,1960.0,-37.75621,144.93401
3,t,664000.0,S,24.8,3.0,2.0,1.0,219.0,138.0,2010.0,-37.8798,145.2775
3,t,1900000.0,PI,24.8,3.0,2.0,2.0,1869.0,502.0,,-37.88096,145.29371
2,u,790000.0,S,2.1,2.0,1.0,2.0,6367.0,75.0,1930.0,-37.7967,144.98363
2,u,830000.0,S,2.1,2.0,2.0,1.0,4421.0,84.0,2011.0,-37.79721,144.98073
1,u,456000.0,SP,2.1,1.0,1.0,1.0,0.0,51.0,2011.0,-37.79636,144.98394
2,h,1000000.0,SP,3.4,2.0,1.0,0.0,132.0,,,-37.78696,144.92556000000005
3,t,800000.0,S,5.1,3.0,2.0,2.0,0.0,,,-37.80196,144.90783000000005
3,h,565000.0,S,38.0,3.0,1.0,2.0,713.0,155.0,1980.0,-38.16483,145.16383000000005
3,h,810000.0,S,38.0,3.0,1.0,2.0,835.0,118.0,1960.0,-38.15983,145.11351000000005
4,h,749000.0,SP,12.9,4.0,2.0,2.0,561.0,160.0,1970.0,-37.68269,144.88601
1,u,260000.0,PI,7.3,1.0,1.0,1.0,0.0,38.0,1950.0,-37.8574,145.04795
1,u,330000.0,SP,7.3,1.0,1.0,1.0,0.0,44.0,1960.0,-37.85702,145.04801
2,u,501000.0,S,7.3,2.0,1.0,1.0,2015.0,77.0,1960.0,-37.85019000000001,145.0465
3,h,1908000.0,S,16.7,3.0,1.0,2.0,778.0,,,-37.88462,145.17315
3,h,1070000.0,S,16.7,3.0,2.0,1.0,839.0,116.0,1970.0,-37.89813,145.14652
4,h,700000.0,S,11.2,4.0,2.0,1.0,655.0,82.0,1950.0,-37.69558,144.93223
3,h,805000.0,S,11.2,3.0,1.0,2.0,676.0,,,-37.70691,144.93498
3,h,721000.0,S,11.2,3.0,1.0,1.0,600.0,,,-37.70067,144.92689
2,t,400000.0,VB,11.2,2.0,1.0,1.0,102.0,70.0,2012.0,-37.71122,144.91863
2,h,675000.0,S,11.2,2.0,2.0,1.0,248.0,99.0,2011.0,-37.69705,144.94218999999995
4,t,656000.0,S,11.2,4.0,2.0,2.0,228.0,,2003.0,-37.7046,144.91041
3,h,866000.0,S,16.1,3.0,2.0,2.0,743.0,147.0,1980.0,-37.71733,145.09622
4,h,1028000.0,S,16.1,4.0,3.0,4.0,925.0,,,-37.69261,145.1105
4,h,783000.0,S,20.4,4.0,2.0,2.0,750.0,,,-37.64163,144.90493
5,h,800000.0,SP,20.4,5.0,3.0,2.0,544.0,332.0,2008.0,-37.61079,144.90823
3,h,735000.0,S,11.2,3.0,1.0,1.0,626.0,122.0,1950.0,-37.71425,144.95013
2,t,595000.0,S,11.2,2.0,2.0,1.0,201.0,111.0,2005.0,-37.71147,144.93927
2,t,539000.0,S,11.2,2.0,2.0,2.0,160.0,,,-37.70522,144.94702
3,h,1300000.0,SP,32.3,3.0,2.0,2.0,1801.0,,,-38.00128,145.27213
1,u,580000.0,SP,13.8,1.0,2.0,1.0,486.0,,2012.0,-37.93953,145.00096000000005
2,t,771000.0,S,13.8,2.0,1.0,1.0,0.0,99.0,1992.0,-37.94083,145.03682
4,h,622000.0,SP,33.3,4.0,2.0,2.0,654.0,,1989.0,-38.02683,145.25871
3,h,400000.0,PI,33.3,3.0,1.0,1.0,301.0,98.0,1998.0,-38.0457,145.27395
1,u,455000.0,S,5.3,1.0,1.0,1.0,0.0,49.0,1960.0,-37.81823,145.03972
2,u,615888.0,SP,6.2,2.0,1.0,1.0,915.0,73.0,1970.0,-37.81835,145.05895
4,h,1430000.0,VB,8.9,4.0,2.0,3.0,680.0,,,-37.74605,145.08504
2,u,534000.0,S,8.9,2.0,1.0,1.0,2033.0,,,-37.75715,145.06463
3,h,575500.0,S,8.8,3.0,1.0,1.0,436.0,,,-37.73459,145.04394
3,h,600000.0,VB,8.8,3.0,1.0,2.0,481.0,,,-37.73597,145.03916
2,u,445000.0,VB,8.8,2.0,1.0,1.0,94.0,,,-37.74392,145.04692
3,h,1430000.0,SP,16.0,3.0,1.0,0.0,703.0,,,-37.9511,145.04171000000005
4,h,1820000.0,S,16.0,4.0,2.0,2.0,680.0,680.0,2006.0,-37.94882,145.03111
4,h,660000.0,S,18.0,4.0,2.0,2.0,724.0,,,-37.6869,144.7485
5,h,1475000.0,S,12.3,5.0,2.0,3.0,548.0,157.0,1920.0,-37.90403,145.08118000000005
5,h,2100000.0,PI,7.8,5.0,3.0,2.0,740.0,222.0,1960.0,-37.76086,145.05177
3,h,1510000.0,S,7.8,3.0,1.0,2.0,670.0,,,-37.75973,145.03808
3,u,880000.0,VB,7.8,3.0,2.0,1.0,252.0,,,-37.75842,145.05075
2,h,1320000.0,S,7.8,2.0,1.0,0.0,620.0,114.0,1920.0,-37.76091,145.04437
2,h,575500.0,S,14.0,2.0,1.0,1.0,662.0,98.0,1960.0,-37.68988,144.91113
3,h,775000.0,S,14.5,3.0,2.0,2.0,547.0,,,-37.71796,144.827
4,h,635000.0,S,14.5,4.0,2.0,2.0,531.0,138.0,1975.0,-37.71368,144.82082
3,h,675000.0,S,15.5,3.0,2.0,4.0,708.0,,,-37.72659,144.79668
3,h,620000.0,S,15.5,3.0,1.0,4.0,650.0,100.0,1985.0,-37.71575,144.80598
5,h,1005000.0,SA,11.7,5.0,3.0,2.0,596.0,176.0,1970.0,-37.7305,144.86863
4,t,710000.0,S,11.7,4.0,2.0,1.0,330.0,,,-37.74165,144.86279
3,h,700000.0,S,10.4,3.0,1.0,1.0,590.0,130.0,1970.0,-37.7219,144.85239
3,h,635000.0,PI,10.4,3.0,2.0,2.0,174.0,,2002.0,-37.72012,144.86149
2,u,438000.0,S,3.4,2.0,1.0,1.0,4267.0,,,-37.79662,144.9254
2,u,710000.0,VB,3.4,2.0,2.0,1.0,2135.0,132.0,,-37.79561,144.93499
1,u,390000.0,SP,3.4,1.0,1.0,1.0,0.0,60.0,2000.0,-37.79023,144.92335
3,t,1205000.0,S,5.4,3.0,2.0,2.0,257.0,,,-37.81317,145.05993
3,h,1410000.0,PI,5.4,3.0,1.0,1.0,404.0,113.0,1930.0,-37.79893,145.04266
1,u,520000.0,S,5.4,1.0,1.0,1.0,0.0,,,-37.80059,145.03274
3,h,811000.0,SA,26.0,3.0,1.0,3.0,992.0,,1957.0,-37.80467,145.30297
3,h,710500.0,S,16.3,3.0,2.0,1.0,655.0,120.0,1975.0,-37.67414,145.0205
3,h,752000.0,S,16.3,3.0,1.0,2.0,604.0,102.0,1950.0,-37.6708,145.01353
3,h,622000.0,S,16.3,3.0,1.0,2.0,575.0,113.0,1970.0,-37.67146,145.03232
3,t,650000.0,PI,6.4,3.0,2.0,2.0,159.0,128.0,2016.0,-37.78502,144.86733
2,u,435000.0,S,6.4,2.0,2.0,1.0,0.0,96.0,2017.0,-37.77813,144.87287
3,h,876000.0,S,6.4,3.0,1.0,2.0,420.0,,,-37.77915,144.88137
1,u,338000.0,SP,5.9,1.0,1.0,1.0,0.0,,1970.0,-37.87012,145.03545
4,h,1340000.0,S,4.3,4.0,1.0,3.0,697.0,155.0,1920.0,-37.78352,144.88981
3,h,450000.0,SP,17.4,3.0,1.0,1.0,702.0,96.0,1970.0,-37.66059,144.92006
3,h,440000.0,S,17.4,3.0,1.0,2.0,570.0,112.0,1992.0,-37.64769,144.91359
2,u,1075000.0,SP,0.0,2.0,2.0,1.0,0.0,,,-37.81141,144.95879
4,h,550000.0,PI,31.7,4.0,2.0,2.0,1241.0,194.0,1970.0,-37.68686,144.58157
3,h,373500.0,S,31.7,3.0,2.0,2.0,586.0,118.0,1980.0,-37.67831,144.57342
2,h,280500.0,S,29.8,2.0,1.0,1.0,180.0,,1990.0,-37.70411,144.57159
2,u,640000.0,S,20.0,2.0,1.0,1.0,128.0,72.0,1972.0,-37.98346,145.06313
4,h,1322000.0,S,20.0,4.0,2.0,2.0,556.0,,,-37.97911,145.08045
3,t,940000.0,S,20.0,3.0,1.0,2.0,331.0,157.9352,1989.0,-37.97759,145.06482
3,h,767500.0,S,17.9,3.0,2.0,2.0,649.0,,,-37.67633,145.06922
3,h,705000.0,S,17.9,3.0,2.0,2.0,531.0,,,-37.66462,145.05659
3,h,705000.0,S,17.9,3.0,2.0,2.0,840.0,161.0,1970.0,-37.67391,145.0618
4,h,790000.0,S,17.9,4.0,2.0,2.0,530.0,186.0,1990.0,-37.65217,145.04863
4,h,676000.0,S,17.9,4.0,2.0,2.0,537.0,,,-37.65532,145.04131
5,h,704500.0,S,17.9,5.0,3.0,2.0,656.0,130.0,1970.0,-37.6641,145.05123
4,h,550000.0,S,17.9,4.0,2.0,1.0,531.0,175.0,1970.0,-37.65121,145.05404
5,h,598000.0,S,17.9,5.0,3.0,1.0,531.0,122.0,1990.0,-37.65116,145.05438999999996
3,h,592000.0,S,17.9,3.0,1.0,1.0,622.0,128.0,1992.0,-37.66294,145.06301000000005
3,h,602000.0,S,17.9,3.0,1.0,1.0,546.0,136.0,1977.0,-37.65359,145.04276000000004
3,h,1095000.0,S,17.2,3.0,1.0,1.0,493.0,,,-37.81498,145.18923999999996
2,h,480000.0,S,17.2,2.0,1.0,1.0,72.0,,2006.0,-37.81477,145.18867
4,h,735000.0,S,28.8,4.0,2.0,2.0,846.0,160.0,1980.0,-37.81018,145.35396
1,h,1425500.0,S,6.2,1.0,1.0,1.0,552.0,190.0,,-37.76075,144.91926999999995
3,h,1320000.0,S,6.2,3.0,1.0,2.0,459.0,,,-37.7693,144.93415
4,h,1270000.0,S,6.2,4.0,1.0,3.0,478.0,152.0,1925.0,-37.76421,144.90571
3,h,650000.0,PI,26.5,3.0,2.0,2.0,1103.0,126.8,1976.0,-37.78695,145.32513
4,h,1400000.0,PI,21.5,4.0,2.0,2.0,530.0,313.0,2007.0,-38.00429000000001,145.10286000000005
3,t,1627000.0,S,21.5,3.0,2.0,2.0,304.0,233.0,2007.0,-38.00644000000001,145.08478
3,h,1150000.0,SP,14.2,3.0,2.0,3.0,650.0,,,-37.89469,145.12363
3,t,1375000.0,S,14.2,3.0,2.0,2.0,366.0,,,-37.87904,145.12911
3,h,850000.0,VB,14.2,3.0,1.0,2.0,288.0,,,-37.88598,145.1229
3,h,1850000.0,PI,14.2,3.0,1.0,1.0,717.0,153.0,1960.0,-37.87754,145.12076000000005
5,h,1016000.0,SP,18.8,5.0,2.0,2.0,873.0,,,-37.93706,145.21124
4,h,992000.0,S,18.8,4.0,2.0,1.0,790.0,,,-37.91375,145.16438
4,h,1820000.0,S,10.1,4.0,2.0,1.0,632.0,265.0,1915.0,-37.89465,145.06984
3,h,1620000.0,S,10.1,3.0,2.0,1.0,669.0,,,-37.90583,145.07283
3,h,1000000.0,S,6.2,3.0,1.0,2.0,366.0,,,-37.84346,144.88947
3,h,650000.0,SP,22.7,3.0,1.0,1.0,637.0,,,-37.97593,145.18931
2,u,785000.0,S,1.8,2.0,2.0,1.0,0.0,95.0,2008.0,-37.80202,144.95103999999995
2,u,620000.0,VB,1.8,2.0,1.0,1.0,0.0,,,-37.80272,144.95174
3,h,1040000.0,VB,15.4,3.0,1.0,1.0,728.0,,,-37.82759,145.16751000000005
2,u,676000.0,S,15.4,2.0,1.0,1.0,149.0,84.0,1970.0,-37.8231,145.17911
3,h,1002000.0,S,15.4,3.0,1.0,2.0,598.0,143.0,1960.0,-37.80827,145.17885
4,t,1175000.0,S,15.4,4.0,3.0,2.0,289.0,170.0,2011.0,-37.82895,145.17678
3,h,1365000.0,S,12.3,3.0,2.0,2.0,655.0,,1960.0,-37.89542,145.10055
3,h,875000.0,S,12.3,3.0,2.0,2.0,295.0,144.0,2006.0,-37.90088,145.11692
3,h,880000.0,S,15.5,3.0,2.0,2.0,504.0,,,-37.94043,145.09313999999995
3,h,1150000.0,S,15.5,3.0,1.0,2.0,509.0,,,-37.9237,145.09211000000005
4,u,774000.0,S,15.5,4.0,2.0,2.0,0.0,147.0,2000.0,-37.91121,145.09598
3,h,1122000.0,S,15.5,3.0,1.0,2.0,732.0,,,-37.92109,145.10515
1,u,327000.0,S,11.4,1.0,1.0,1.0,0.0,32.0,1960.0,-37.89976,145.04215
4,h,1900000.0,S,11.4,4.0,2.0,2.0,700.0,210.0,1920.0,-37.9075,145.05329
4,h,2185000.0,S,21.5,4.0,2.0,3.0,220.0,213.0,2010.0,-38.00205,145.07853
2,t,800000.0,PI,1.8,2.0,1.0,1.0,145.0,,,-37.7882,144.94205
3,h,1210000.0,S,8.5,3.0,2.0,1.0,330.0,226.0,2012.0,-37.72623,144.94521
2,u,635000.0,VB,3.5,2.0,2.0,1.0,2166.0,,,-37.84146,144.94121
2,u,1003000.0,S,4.6,2.0,2.0,1.0,0.0,,2003.0,-37.84696,144.99364
2,h,820000.0,SP,8.4,2.0,1.0,1.0,155.0,,,-37.75024000000001,145.00413
3,h,1150000.0,SP,8.4,3.0,0.0,0.0,502.0,,,-37.74936,144.98949
3,h,925000.0,S,12.0,3.0,1.0,2.0,676.0,,1940.0,-37.72167,145.01706
3,h,526250.0,SP,12.0,3.0,1.0,1.0,308.0,,,-37.72828,145.03033
1,h,351000.0,SP,12.0,1.0,1.0,1.0,168.0,63.0,1950.0,-37.69828,145.02184
3,h,760000.0,S,12.0,3.0,1.0,1.0,606.0,,,-37.72057,145.02615
3,h,690000.0,S,12.0,3.0,1.0,2.0,514.0,,1960.0,-37.70331,144.9838
2,u,715000.0,S,2.4,2.0,1.0,2.0,2427.0,,,-37.82276,144.99866
2,u,630000.0,SP,2.4,2.0,1.0,1.0,0.0,,1970.0,-37.81977,144.99597
2,h,1200000.0,VB,2.4,2.0,2.0,1.0,189.0,,,-37.81684,145.00606000000005
4,h,1725000.0,S,19.9,4.0,2.0,2.0,1016.0,310.0,2002.0,-37.78372,145.25311000000005
2,h,633000.0,S,19.9,2.0,1.0,2.0,123.0,95.0,2005.0,-37.82223,145.22503999999995
4,h,1090000.0,S,21.3,4.0,1.0,2.0,894.0,115.0,1950.0,-37.8159,145.24688
4,h,936000.0,S,23.5,4.0,2.0,2.0,675.0,190.0,1980.0,-37.91692000000001,145.25896
3,h,860000.0,S,23.5,3.0,2.0,2.0,537.0,220.0,2001.0,-37.92778,145.24796
4,h,850000.0,PI,15.2,4.0,3.0,2.0,709.0,327.0,2017.0,-37.95095,145.02096
3,h,1000000.0,S,22.2,3.0,2.0,2.0,1088.0,,,-37.89385,145.23848
3,h,640000.0,S,15.5,3.0,2.0,2.0,531.0,,1990.0,-37.87899,144.75625
4,h,800000.0,VB,35.4,4.0,2.0,0.0,1151.0,207.0,1969.0,-38.11336,145.15035
3,h,1720000.0,S,1.9,3.0,2.0,2.0,81.0,137.0,1998.0,-37.83631,144.95536
3,h,690000.0,S,20.5,3.0,2.0,2.0,545.0,196.0,2005.0,-37.64426,145.1
4,h,875000.0,S,20.5,4.0,2.0,2.0,613.0,332.0,2004.0,-37.62648,145.07141
3,t,420000.0,S,20.5,3.0,2.0,2.0,155.0,101.0,2011.0,-37.63478,145.08486000000005
4,h,677500.0,S,20.5,4.0,2.0,2.0,609.0,195.0,2005.0,-37.63454,145.06894
2,u,600000.0,PI,2.7,2.0,1.0,1.0,876.0,62.0,1972.0,-37.83766,144.98799
2,u,762500.0,S,2.7,2.0,1.0,1.0,17200.0,79.0,2003.0,-37.83613,144.99661
4,h,1855500.0,S,2.7,4.0,2.0,1.0,176.0,216.0,1880.0,-37.83986,144.98598
2,h,802000.0,S,6.2,2.0,1.0,1.0,174.0,100.6,1900.0,-37.83162,144.88742
3,h,1016000.0,S,20.8,3.0,1.0,2.0,572.0,,,-37.95612,145.1494
3,h,600000.0,VB,14.0,3.0,2.0,6.0,532.0,,,-37.75424,144.80816000000004
4,h,631000.0,S,14.0,4.0,1.0,3.0,559.0,158.0,1970.0,-37.73593,144.8101
3,h,711100.0,S,14.0,3.0,1.0,2.0,743.0,,,-37.73615,144.81445
3,h,582000.0,S,14.0,3.0,1.0,0.0,674.0,94.0,1960.0,-37.73704,144.79108
3,h,730000.0,S,14.0,3.0,1.0,6.0,609.0,,,-37.73106,144.80665
1,u,468000.0,SP,5.0,1.0,1.0,1.0,0.0,55.0,2000.0,-37.87094,144.9807
1,u,470000.0,VB,5.0,1.0,1.0,1.0,548.0,44.4,2009.0,-37.87312,144.97986
4,h,1140000.0,VB,8.2,4.0,2.0,2.0,0.0,,2005.0,-37.73831,144.91114
3,u,750000.0,VB,8.2,3.0,2.0,2.0,288.0,94.0,1970.0,-37.73415,144.91852
3,h,487000.0,S,31.7,3.0,1.0,1.0,582.0,,,-37.58025,144.71759
4,h,410000.0,PI,31.7,4.0,2.0,2.0,587.0,164.0,1986.0,-37.58231,144.69961999999995
4,h,512500.0,S,31.7,4.0,2.0,2.0,581.0,139.0,1960.0,-37.57355,144.70854
3,h,830500.0,S,10.5,3.0,1.0,2.0,508.0,111.0,1950.0,-37.7807,144.83648
2,u,429000.0,S,10.5,2.0,1.0,1.0,150.0,,,-37.76941,144.82385
3,h,551000.0,S,10.5,3.0,1.0,2.0,613.0,105.0,1974.0,-37.80046,144.82676
3,h,450000.0,S,10.5,3.0,1.0,2.0,283.0,104.0,1970.0,-37.79703,144.81228000000004
2,t,781000.0,S,10.2,2.0,1.0,2.0,140.0,,,-37.82413,145.10424
4,h,586000.0,S,18.4,4.0,2.0,2.0,462.0,,2012.0,-37.85162,144.66522
4,h,496000.0,S,18.4,4.0,2.0,2.0,448.0,,2008.0,-37.84688,144.68182
3,h,1280000.0,S,15.5,3.0,2.0,2.0,926.0,,,-37.75091,145.16761
4,h,1635000.0,S,15.5,4.0,3.0,2.0,896.0,215.0,1985.0,-37.76797,145.13799
3,t,795000.0,VB,15.5,3.0,2.0,2.0,217.0,,,-37.75458,145.12285
3,h,1138000.0,S,12.4,3.0,2.0,2.0,706.0,184.0,1970.0,-37.77185,145.12509
3,h,477000.0,S,27.0,3.0,1.0,1.0,518.0,102.0,1960.0,-37.85971,145.31036
3,h,605000.0,S,15.3,3.0,1.0,2.0,533.0,114.0,1975.0,-37.68579,144.98878
3,h,610000.0,S,15.3,3.0,1.0,2.0,544.0,131.0,1970.0,-37.68336,145.0029
3,h,580000.0,S,15.3,3.0,1.0,2.0,538.0,140.0,1975.0,-37.67751,144.98663
1,u,415000.0,S,7.0,1.0,1.0,1.0,0.0,39.0,1970.0,-37.75443,145.00919
2,h,905000.0,S,7.0,2.0,1.0,0.0,225.0,100.0,1960.0,-37.75642,144.98755
2,u,725000.0,S,4.1,2.0,1.0,1.0,0.0,,,-37.83532,145.0216
1,u,577000.0,S,4.1,1.0,1.0,1.0,0.0,,1970.0,-37.84263,145.00448
3,h,451000.0,S,18.4,3.0,2.0,2.0,347.0,134.0,2010.0,-37.83963,144.71487
3,u,453350.0,S,18.4,3.0,2.0,1.0,315.0,,,-37.84253,144.7227
4,h,895000.0,S,12.9,4.0,2.0,2.0,700.0,267.0,1999.0,-37.70598,144.87616
4,h,586000.0,SP,12.9,4.0,1.0,3.0,0.0,158.0,1975.0,-37.70695,144.88513999999995
3,u,570000.0,S,14.7,3.0,1.0,1.0,190.0,,2000.0,-37.87638,145.2313
3,h,778000.0,S,14.7,3.0,2.0,2.0,306.0,,2012.0,-37.85605,145.24496000000005
4,h,1055000.0,S,14.7,4.0,2.0,2.0,652.0,203.0,1997.0,-37.87325,145.23244
3,h,790000.0,S,14.5,3.0,1.0,2.0,527.0,,,-37.70039000000001,145.08957
4,h,514000.0,S,14.7,4.0,2.0,2.0,639.0,,2000.0,-37.8723,144.661
3,h,529000.0,S,14.7,3.0,2.0,2.0,847.0,143.0,1980.0,-37.88421,144.67869
3,h,484000.0,S,14.7,3.0,1.0,0.0,531.0,100.0,1960.0,-37.88996,144.65526
2,u,670000.0,S,3.1,2.0,1.0,1.0,17.0,90.0,1996.0,-37.8118,144.95259
2,u,510000.0,S,3.1,2.0,1.0,1.0,75.0,66.0,2007.0,-37.80473,144.9435
3,h,410000.0,VB,16.5,3.0,1.0,2.0,542.0,107.0,1970.0,-37.66948,144.90385
4,h,675000.0,S,16.5,4.0,2.0,4.0,744.0,,,-37.6815,144.87892
3,h,1200000.0,PI,6.8,3.0,2.0,0.0,159.0,,,-37.85843,144.89976
2,u,650000.0,SP,6.8,2.0,1.0,1.0,0.0,,,-37.86155,144.89081000000004
1,u,410000.0,S,4.6,1.0,1.0,1.0,0.0,51.0,1960.0,-37.85687,144.99748
4,h,478000.0,S,27.2,4.0,2.0,2.0,400.0,151.54,2008.0,-37.87047000000001,144.59864
4,h,743500.0,S,12.7,4.0,2.0,4.0,600.0,,,-37.72788,145.10456000000005
3,h,1285000.0,SP,6.3,3.0,1.0,1.0,284.0,124.0,1900.0,-37.81335,144.89471
2,u,440000.0,S,6.3,2.0,1.0,1.0,100.0,,,-37.82356,144.88191
3,h,1635000.0,S,3.0,3.0,1.0,0.0,142.0,130.0,1880.0,-37.80359,144.99538
2,h,940000.0,S,3.0,2.0,1.0,0.0,424.0,,,-37.80911,144.99338999999995
3,h,1375000.0,S,3.0,3.0,1.0,0.0,299.0,,,-37.80125,144.99926000000005
4,t,1525000.0,S,3.0,4.0,2.0,2.0,102.0,,,-37.80116,145.00066
4,h,1380000.0,VB,7.5,4.0,2.0,2.0,766.0,,,-37.75595,144.90551000000005
3,u,700000.0,VB,10.4,3.0,2.0,1.0,239.0,,,-37.73351,144.88749
4,t,950000.0,S,10.4,4.0,2.0,1.0,255.0,,,-37.72572,144.86848
2,u,415000.0,SP,14.0,2.0,1.0,1.0,218.0,,,-37.74839,144.7735
3,h,1625000.0,VB,5.7,3.0,2.0,1.0,300.0,,,-37.77586,145.03092
3,h,1225000.0,S,11.0,3.0,1.0,1.0,697.0,132.0,1970.0,-37.87256,144.8078
3,u,660000.0,S,11.0,3.0,1.0,2.0,211.0,,,-37.86473,144.81507
3,u,767000.0,SP,11.0,3.0,2.0,1.0,305.0,132.0,2005.0,-37.871,144.81153
4,h,810000.0,SP,15.5,4.0,2.0,2.0,749.0,180.9,1989.0,-37.88413,144.79033
2,h,1480000.0,SP,6.3,2.0,1.0,2.0,369.0,,1925.0,-37.85459,145.02147
2,u,821000.0,S,6.3,2.0,2.0,1.0,3093.0,75.0,2006.0,-37.86165,145.02148
3,h,1250000.0,VB,4.3,3.0,1.0,1.0,327.0,,,-37.77659,144.9338
4,t,1520000.0,S,10.2,4.0,3.0,2.0,267.0,190.0,2012.0,-37.87036,145.08471
3,h,2299500.0,S,10.2,3.0,2.0,3.0,634.0,230.0,1940.0,-37.86516,145.07958
3,h,951000.0,S,21.5,3.0,2.0,2.0,553.0,,,-38.02608,145.12784
2,u,700000.0,SP,6.4,2.0,0.0,0.0,0.0,,,-37.87149,144.99746000000005
2,u,614000.0,S,7.9,2.0,1.0,1.0,0.0,,,-37.81303,145.07468
4,h,2360000.0,S,7.9,4.0,3.0,2.0,848.0,214.0,1926.0,-37.81462,145.08776
3,h,1750000.0,SP,7.9,3.0,3.0,1.0,790.0,,,-37.81363,145.09942
4,h,1460000.0,VB,9.7,4.0,2.0,2.0,433.0,185.0,1955.0,-37.78368,145.09545
3,h,1360000.0,S,9.7,3.0,2.0,2.0,424.0,,,-37.78617,145.09202
3,h,1739000.0,S,9.7,3.0,1.0,2.0,638.0,,,-37.79843,145.06728
3,h,720000.0,S,23.2,3.0,2.0,2.0,255.0,,,-37.84633,145.26267
5,h,1780000.0,S,17.3,5.0,3.0,2.0,613.0,,,-37.97732,145.04388
4,h,1611000.0,S,17.3,4.0,2.0,2.0,650.0,,,-37.98354000000001,145.04261
3,h,1006000.0,S,8.8,3.0,1.0,0.0,758.0,,,-37.75315,145.04062
4,h,1700000.0,S,11.4,4.0,2.0,2.0,673.0,,2014.0,-37.92837,145.03821000000005
4,t,1280000.0,S,11.4,4.0,3.0,2.0,306.0,200.0,2014.0,-37.92893,145.04581000000005
4,t,1750000.0,S,11.4,4.0,3.0,2.0,429.0,262.0,2013.0,-37.91582,145.048
3,h,1175000.0,SP,13.8,3.0,1.0,2.0,700.0,,,-37.92689,145.05879
3,h,1290000.0,S,13.8,3.0,1.0,2.0,537.0,,,-37.92445,145.06824
4,h,683000.0,S,35.2,4.0,2.0,2.0,670.0,185.0,,-38.01901,145.33479
4,h,1730000.0,S,17.3,4.0,2.0,2.0,675.0,,,-37.96678,145.02223
3,h,1100000.0,S,13.4,3.0,1.0,2.0,492.0,124.0,1957.0,-37.81169000000001,145.15735
4,h,1250000.0,PI,13.4,4.0,2.0,2.0,580.0,161.0,1965.0,-37.8051,145.14351000000005
3,h,1246000.0,SA,13.4,3.0,1.0,2.0,702.0,,,-37.83504,145.15941
4,t,740000.0,PI,25.0,4.0,2.0,2.0,261.0,,,-37.85784,145.26022
3,h,1525000.0,PI,10.9,3.0,1.0,1.0,904.0,,,-37.82694,145.12465
2,t,730000.0,PI,10.9,2.0,2.0,1.0,126.0,,2012.0,-37.819,145.13537
3,h,830000.0,S,16.1,3.0,1.0,2.0,905.0,183.0,1962.0,-37.7063,145.12215
5,h,3000000.0,VB,10.5,5.0,3.0,2.0,818.0,826.8367,,-37.92335,144.99982
3,h,1900000.0,VB,10.5,3.0,2.0,1.0,35.0,,,-37.9214,145.00454
3,u,1296000.0,S,10.5,3.0,1.0,2.0,0.0,,,-37.91733,144.99747
4,h,4050000.0,PI,10.5,4.0,4.0,4.0,508.0,465.0,2011.0,-37.90904000000001,144.99868
4,h,2210000.0,SP,10.5,4.0,2.0,1.0,396.0,175.0,1908.0,-37.88779,144.99933
4,h,1655000.0,PI,10.3,4.0,2.0,4.0,651.0,,,-37.90296,145.02261
4,h,2000000.0,S,10.3,4.0,2.0,2.0,619.0,,,-37.90344,145.01856
3,h,2150000.0,S,10.3,3.0,1.0,2.0,696.0,,,-37.91892,145.00923
3,h,1680000.0,SP,10.3,3.0,1.0,2.0,605.0,181.0,1920.0,-37.93063,145.01314
2,u,890000.0,S,10.3,2.0,1.0,2.0,275.0,106.0,1970.0,-37.91106,145.02393999999995
3,h,616000.0,S,14.0,3.0,1.0,1.0,695.0,,,-37.68489,144.93169
3,h,632000.0,S,14.0,3.0,1.0,4.0,697.0,100.0,1960.0,-37.68557,144.93156000000005
3,h,1310000.0,S,5.2,3.0,1.0,1.0,302.0,91.0,1910.0,-37.76085,144.95834
3,h,1615000.0,S,4.0,3.0,1.0,3.0,471.0,,,-37.77213,144.9829
4,h,1500000.0,VB,5.2,4.0,2.0,3.0,444.0,256.0,1997.0,-37.7628,144.94011
4,h,1751000.0,S,10.8,4.0,3.0,4.0,646.0,320.0,1998.0,-37.77387,145.0889
3,h,1200000.0,S,10.8,3.0,1.0,3.0,557.0,,,-37.76762,145.09773
4,h,1580000.0,S,10.8,4.0,2.0,2.0,773.0,,,-37.76207,145.09336000000005
3,h,535000.0,S,45.9,3.0,1.0,0.0,4000.0,,,-37.50087,144.48571
4,t,685000.0,S,12.1,4.0,2.0,1.0,287.0,152.0,1990.0,-37.69382,145.04831
3,h,685000.0,S,12.1,3.0,1.0,2.0,557.0,,,-37.68811,145.05507
4,h,725000.0,S,12.1,4.0,1.0,2.0,542.0,130.0,1980.0,-37.68238,145.06432
2,t,505000.0,S,12.1,2.0,1.0,2.0,90.0,90.0,1995.0,-37.70912,145.05181000000005
4,h,1300000.0,S,12.1,4.0,2.0,2.0,637.0,,,-37.68646,145.08183
4,h,1253000.0,S,12.1,4.0,2.0,2.0,760.0,366.0,2000.0,-37.67935,145.05728
3,h,1170000.0,S,10.4,3.0,1.0,3.0,590.0,,,-37.85553,145.12305
4,h,1390000.0,SA,10.4,4.0,2.0,1.0,627.0,196.0,1950.0,-37.85374,145.12458999999996
4,h,1471000.0,S,10.4,4.0,2.0,2.0,797.0,,,-37.84883,145.12998000000005
2,u,746000.0,SP,14.7,2.0,1.0,2.0,239.0,,,-37.85148,145.15345
3,h,560000.0,PI,14.8,3.0,2.0,1.0,295.0,,,-37.75314,144.77878
3,h,1650000.0,SP,7.7,3.0,2.0,2.0,456.0,,,-37.84349,145.07367
2,u,881000.0,S,7.7,2.0,2.0,1.0,245.0,,,-37.84603,145.06954
5,h,3190000.0,S,7.7,5.0,4.0,2.0,788.0,,,-37.82831,145.06581
4,h,2100000.0,S,8.4,4.0,2.0,4.0,544.0,,,-37.82794000000001,145.08435
4,h,2725000.0,SA,8.4,4.0,2.0,2.0,650.0,275.0,2006.0,-37.83057,145.08482
4,h,3250000.0,VB,8.4,4.0,2.0,3.0,855.0,,,-37.82024000000001,145.06172
3,h,1370000.0,S,10.1,3.0,1.0,2.0,485.0,,,-37.88553,145.05012
4,h,870000.0,S,14.8,4.0,2.0,2.0,463.0,307.0,2012.0,-37.73531,144.74335
3,u,687500.0,S,31.2,3.0,2.0,2.0,216.0,,,-38.07509,145.12965
3,h,552500.0,S,34.9,3.0,2.0,2.0,779.0,147.0,1988.0,-38.11471,145.18248
2,h,1070000.0,S,8.7,2.0,1.0,0.0,261.0,,,-37.88569,145.02496000000005
4,h,1925000.0,PI,7.8,4.0,2.0,2.0,494.0,176.0,1900.0,-37.87206,145.03512
4,h,995000.0,S,11.7,4.0,2.0,1.0,402.0,131.0,1960.0,-37.88658,145.09297
5,h,1310000.0,S,11.7,5.0,2.0,2.0,627.0,,2000.0,-37.88478,145.10244
3,h,1275000.0,S,17.9,3.0,2.0,2.0,656.0,,1960.0,-37.96791,145.06241
4,h,1200000.0,PI,17.9,4.0,2.0,4.0,679.0,190.0,1960.0,-37.96098,145.04275
3,h,1095000.0,S,17.9,3.0,2.0,1.0,637.0,,1950.0,-37.9746,145.07207
3,h,640000.0,SP,27.1,3.0,2.0,2.0,945.0,,,-37.75735,145.31859
4,h,1241000.0,S,17.5,4.0,2.0,2.0,625.0,625.0,1950.0,-37.92801,145.1057
4,h,1250000.0,SP,16.7,4.0,1.0,1.0,711.0,96.0,1960.0,-37.9255,145.11331
3,h,729500.0,S,16.7,3.0,1.0,1.0,270.0,218.0,1970.0,-37.92624,145.1321
2,h,973000.0,S,3.6,2.0,1.0,0.0,163.0,,,-37.793,144.98763
2,u,560000.0,S,2.0,2.0,1.0,1.0,0.0,60.0,1975.0,-37.79627,144.99229
4,h,565000.0,S,20.6,4.0,2.0,2.0,482.0,207.0,2012.0,-37.57416,144.91269
4,h,615000.0,S,20.6,4.0,2.0,2.0,756.0,222.0,2001.0,-37.5729,144.93663
4,h,548000.0,SP,20.6,4.0,2.0,2.0,400.0,171.0,2010.0,-37.5951,144.9091
3,h,716000.0,SP,20.6,3.0,2.0,6.0,1005.0,160.0,1995.0,-37.60574,144.92548
4,h,667500.0,S,20.6,4.0,2.0,2.0,448.0,,2014.0,-37.59264,144.8985
3,h,555000.0,S,34.7,3.0,2.0,2.0,581.0,,,-38.08632,145.28343
3,h,730000.0,SP,23.0,3.0,2.0,2.0,269.0,150.0,2007.0,-37.78499,145.2647
2,h,1080000.0,S,23.0,2.0,1.0,1.0,1474.0,,,-37.79079,145.26924
3,h,702500.0,SA,23.0,3.0,1.0,1.0,864.0,,,-37.78264,145.26447
2,u,505000.0,S,23.0,2.0,1.0,1.0,297.0,,,-37.76793,145.29283999999996
3,h,766000.0,S,23.0,3.0,2.0,2.0,507.0,128.0,1960.0,-37.76572,145.28915
2,u,370000.0,S,24.7,2.0,1.0,1.0,135.0,,1990.0,-37.98585,145.22651000000005
2,h,488000.0,SP,24.7,2.0,1.0,1.0,414.0,,,-37.99173,145.22308999999996
4,t,1680000.0,S,7.9,4.0,2.0,1.0,254.0,172.0,1995.0,-37.81007,145.06792
3,h,665000.0,SP,14.8,3.0,1.0,2.0,693.0,,,-37.77538,144.76933
3,h,475000.0,S,18.0,3.0,2.0,2.0,358.0,106.0,1990.0,-37.7145,144.77132
4,h,898000.0,SP,21.8,4.0,3.0,2.0,705.0,,2012.0,-37.67309,145.14645
3,h,815000.0,S,21.8,3.0,2.0,3.0,790.0,135.0,1980.0,-37.66529,145.15363
6,h,615000.0,S,27.7,6.0,3.0,1.0,850.0,254.0,1980.0,-37.62856,144.71825
4,h,915000.0,S,22.2,4.0,2.0,2.0,649.0,,,-37.97158,145.12634
3,h,736000.0,S,22.2,3.0,1.0,1.0,545.0,,,-37.98504000000001,145.12892
3,h,1400000.0,PI,12.4,3.0,3.0,2.0,621.0,,,-37.79207,145.11672
3,u,780000.0,VB,12.4,3.0,1.0,2.0,220.0,,,-37.78189,145.13078000000004
5,h,1328000.0,S,16.1,5.0,3.0,3.0,785.0,252.0,1980.0,-37.78148,145.17818
2,u,1300000.0,SP,1.3,2.0,2.0,1.0,997.0,92.0,2001.0,-37.8161,144.98494
3,h,830000.0,VB,18.0,3.0,2.0,1.0,817.0,,1970.0,-37.72276,145.15316
4,h,762000.0,S,18.0,4.0,2.0,2.0,573.0,180.0,1980.0,-37.70477,145.16552
3,h,925000.0,SA,18.0,3.0,1.0,2.0,1027.0,,,-37.71328,145.14098
3,h,900000.0,S,18.0,3.0,2.0,2.0,812.0,129.0,1980.0,-37.70577,145.1316
1,u,559000.0,S,7.2,1.0,1.0,1.0,0.0,,,-37.8713,144.98776999999995
3,t,1225000.0,SP,7.2,3.0,2.0,2.0,0.0,,2008.0,-37.88656,144.99068
4,h,3175000.0,S,7.2,4.0,2.0,3.0,558.0,174.0,1900.0,-37.88014,144.99347
2,u,520000.0,S,7.2,2.0,1.0,1.0,3256.0,74.0,1970.0,-37.87594,144.98833
4,h,550000.0,SP,19.6,4.0,2.0,2.0,400.0,,2011.0,-37.62114,144.99715
3,h,561000.0,S,19.6,3.0,1.0,0.0,518.0,,,-37.64887,145.04254
3,h,556000.0,S,19.6,3.0,1.0,1.0,525.0,,1980.0,-37.64421,145.03773
3,h,441000.0,S,19.6,3.0,2.0,1.0,210.0,,,-37.63463,145.03863
3,h,552000.0,S,19.6,3.0,1.0,2.0,549.0,,,-37.64992,145.04256999999996
4,h,2165000.0,S,7.5,4.0,2.0,3.0,951.0,238.0,1930.0,-37.74997000000001,144.90752
2,h,1280000.0,S,7.5,2.0,1.0,1.0,512.0,,,-37.74121,144.89273
3,h,1165000.0,S,7.5,3.0,1.0,1.0,590.0,,,-37.74652,144.89178
5,h,2050000.0,PI,7.5,5.0,3.0,3.0,663.0,419.0,1930.0,-37.74351,144.92174
4,h,1500000.0,S,7.5,4.0,2.0,2.0,465.0,148.0,1940.0,-37.75178,144.89876
5,h,900000.0,VB,13.1,5.0,3.0,4.0,663.0,,,-37.70659000000001,144.97109
3,h,700000.0,VB,13.1,3.0,1.0,4.0,658.0,,,-37.70711,144.97318
1,h,515000.0,S,13.1,1.0,1.0,0.0,173.0,,,-37.70745,144.97046
3,h,904000.0,SP,24.8,3.0,1.0,3.0,1014.0,,,-37.88472,145.26653000000005
3,h,2700000.0,VB,2.1,3.0,3.0,1.0,433014.0,,,-37.79751,144.98309
3,u,1060000.0,PI,2.1,3.0,2.0,2.0,6367.0,,,-37.7967,144.98363
1,u,545000.0,S,2.1,1.0,1.0,1.0,1730.0,60.0,2011.0,-37.79636,144.98394
4,h,3200000.0,VB,2.1,4.0,4.0,0.0,225.0,,1862.0,-37.80209,144.97443
3,h,1705000.0,S,3.6,3.0,1.0,1.0,139.0,116.0,1900.0,-37.79068,144.97824
3,u,850250.0,S,3.6,3.0,2.0,1.0,6712.0,,,-37.78334,144.97782
3,h,1220000.0,SP,3.4,3.0,1.0,1.0,293.0,104.0,1900.0,-37.78446,144.92797
2,u,455000.0,SP,5.1,2.0,1.0,1.0,0.0,62.0,2015.0,-37.79975,144.88368
2,t,575000.0,SA,5.1,2.0,2.0,1.0,88.0,94.5,2000.0,-37.78872,144.88891
1,h,360000.0,SP,15.4,1.0,1.0,1.0,76.0,,1970.0,-37.83221,145.17117
3,h,610000.0,S,38.0,3.0,2.0,1.0,654.0,,,-38.16415,145.14251000000004
3,h,850000.0,VB,38.0,3.0,1.0,1.0,884.0,,1968.0,-38.1632,145.10766
3,h,775000.0,S,45.9,3.0,2.0,4.0,1290.0,231.0,1988.0,-37.48381,144.60052
3,h,629000.0,SP,12.9,3.0,1.0,2.0,552.0,136.0,1980.0,-37.68641,144.89826000000005
3,h,452500.0,S,12.9,3.0,1.0,0.0,259.0,,1970.0,-37.6974,144.8916
5,h,3400000.0,S,7.3,5.0,3.0,2.0,720.0,392.0,1950.0,-37.85875,145.07978
1,u,320000.0,VB,7.3,1.0,1.0,0.0,0.0,49.0,1960.0,-37.85852,145.04547
2,u,839000.0,S,7.3,2.0,1.0,1.0,97.0,,,-37.84799,145.06353
3,h,1690000.0,S,7.3,3.0,1.0,2.0,625.0,,,-37.85728,145.08743
4,h,2165000.0,S,7.3,4.0,3.0,2.0,409.0,255.0,2016.0,-37.852,145.07321000000005
5,h,2215000.0,S,7.3,5.0,2.0,2.0,847.0,,,-37.85611,145.08776
2,u,851000.0,S,7.3,2.0,1.0,1.0,100.0,87.0,1960.0,-37.85258,145.08588999999995
3,h,1910000.0,S,7.3,3.0,2.0,1.0,348.0,,,-37.86014,145.04221
3,h,1311000.0,S,16.7,3.0,2.0,1.0,853.0,28.0,1972.0,-37.88984,145.18016
2,u,565000.0,SP,11.2,2.0,1.0,2.0,193.0,105.0,1995.0,-37.70612,144.9144
3,h,770000.0,PI,11.2,3.0,1.0,2.0,604.0,132.0,1960.0,-37.70855,144.90441
2,h,1220000.0,S,11.2,2.0,1.0,2.0,829.0,,,-37.71259000000001,144.91218999999995
3,h,714000.0,S,16.1,3.0,1.0,1.0,594.0,95.0,1993.0,-37.69039,145.09753
3,h,815000.0,S,16.1,3.0,2.0,2.0,609.0,168.0,1980.0,-37.71636,145.09792
3,h,1345000.0,SA,13.8,3.0,1.0,1.0,587.0,131.0,1950.0,-37.94087,145.03366
2,u,630000.0,SP,5.3,2.0,2.0,2.0,0.0,,,-37.82127,145.02238
1,u,420000.0,S,5.3,1.0,1.0,1.0,0.0,47.0,2004.0,-37.82334,145.04015
2,h,1857000.0,S,5.3,2.0,1.0,1.0,230.0,116.65,1890.0,-37.81813,145.02295
1,u,370000.0,VB,5.3,1.0,1.0,1.0,0.0,,,-37.82541,145.02591
3,h,1500000.0,PI,5.3,3.0,3.0,2.0,255.0,,1997.0,-37.83195,145.04211999999995
3,h,1425000.0,VB,5.3,3.0,1.0,1.0,333.0,108.0,1930.0,-37.82737,145.02971000000005
3,h,1910000.0,S,5.3,3.0,2.0,2.0,242.0,165.0,1990.0,-37.82834,145.03937
3,h,1485000.0,S,5.3,3.0,2.0,2.0,0.0,139.0,1975.0,-37.82452,145.02204
1,u,505000.0,SP,6.2,1.0,1.0,1.0,0.0,52.0,1960.0,-37.82742,145.05324
2,u,595000.0,S,6.2,2.0,1.0,1.0,0.0,,,-37.83781,145.05234
1,u,560000.0,VB,6.2,1.0,1.0,1.0,803.0,,,-37.82689,145.05542
3,h,2825000.0,VB,6.2,3.0,1.0,3.0,860.0,,,-37.82108,145.05739
4,h,1031000.0,S,21.3,4.0,2.0,0.0,1060.0,,,-37.82985,145.26176
3,h,1040000.0,S,21.3,3.0,1.0,1.0,756.0,,1961.0,-37.82909,145.233
3,h,912000.0,S,21.3,3.0,2.0,2.0,471.0,144.0,1965.0,-37.82996,145.24311
2,u,450000.0,VB,8.9,2.0,1.0,0.0,2020.0,68.0,1998.0,-37.75692,145.06426000000005
3,h,1250000.0,S,8.9,3.0,1.0,0.0,668.0,,,-37.75212,145.05945
2,h,650000.0,PI,8.8,2.0,1.0,0.0,683.0,,,-37.75022,145.04778000000005
3,h,680000.0,S,8.8,3.0,1.0,0.0,544.0,,,-37.75024000000001,145.04798
4,h,1645000.0,PI,8.8,4.0,2.0,4.0,596.0,120.0,1930.0,-37.75008,145.05051
3,u,720000.0,VB,8.8,3.0,1.0,1.0,146.0,,,-37.75132,145.05331
3,h,697500.0,PI,8.8,3.0,1.0,1.0,430.0,,,-37.74962,145.04658
3,h,810000.0,S,8.8,3.0,1.0,3.0,619.0,,1940.0,-37.73586,145.04908
2,u,463000.0,S,8.8,2.0,1.0,1.0,90.0,,,-37.74391,145.04668999999996
3,h,1242000.0,S,16.0,3.0,1.0,2.0,700.0,,,-37.95384,145.05443
2,u,677500.0,S,16.0,2.0,1.0,1.0,130.0,,1970.0,-37.94874,145.02631
4,h,580000.0,SP,18.0,4.0,2.0,2.0,600.0,174.0,2002.0,-37.6844,144.75595
4,h,540000.0,S,18.4,4.0,2.0,2.0,650.0,,,-37.85954,144.71456
3,h,516000.0,S,18.4,3.0,1.0,1.0,537.0,,,-37.86833,144.7035
4,h,1570000.0,VB,12.3,4.0,2.0,1.0,455.0,170.0,1900.0,-37.9016,145.08293999999995
5,h,790000.0,S,26.1,5.0,2.0,2.0,1034.0,225.0,1985.0,-37.63826,145.1991
2,h,2400000.0,S,7.8,2.0,1.0,0.0,1110.0,,,-37.76778,145.03312
3,h,950000.0,VB,7.8,3.0,1.0,2.0,360.0,,,-37.75715,145.04965
3,h,550000.0,SP,14.0,3.0,1.0,2.0,704.0,94.0,1950.0,-37.6845,144.90761
4,t,1022000.0,S,11.7,4.0,2.0,2.0,284.0,,,-37.73574,144.87014
3,h,850000.0,S,11.7,3.0,1.0,1.0,597.0,,,-37.73305,144.86526
3,t,518500.0,SP,11.7,3.0,1.0,1.0,165.0,,,-37.74182,144.85498
3,h,1225000.0,SP,3.4,3.0,2.0,2.0,223.0,122.0,1940.0,-37.79496,144.92659
5,h,2660000.0,S,5.4,5.0,2.0,2.0,696.0,,,-37.80347,145.0489
3,h,1510000.0,PI,5.4,3.0,1.0,2.0,446.0,115.0,1960.0,-37.79855,145.04493
2,u,802000.0,S,5.4,2.0,1.0,1.0,0.0,,,-37.80456,145.03745
3,t,1007000.0,S,5.4,3.0,2.0,1.0,0.0,114.0,1977.0,-37.80495,145.04949
7,h,4050000.0,S,5.4,7.0,4.0,2.0,725.0,,,-37.81185,145.05387
4,h,2550000.0,S,5.4,4.0,2.0,3.0,776.0,,,-37.80869000000001,145.06026
2,u,860000.0,VB,5.4,2.0,2.0,1.0,0.0,108.0,1950.0,-37.80593,145.05121
2,h,1840000.0,S,7.3,2.0,2.0,2.0,697.0,,,-37.7976,145.04816
4,h,1750000.0,VB,7.3,4.0,2.0,2.0,696.0,,,-37.79147,145.05334
2,t,688000.0,S,25.2,2.0,2.0,1.0,240.0,,,-38.00013,145.14673
3,u,570000.0,VB,6.4,3.0,1.0,1.0,118.0,86.0,1970.0,-37.80857,144.87682
3,h,900000.0,SP,6.4,3.0,1.0,1.0,275.0,11.0,1936.0,-37.81167,144.88346
4,h,345000.0,S,31.7,4.0,1.0,0.0,651.0,150.0,2000.0,-37.67028,144.59455
3,h,570000.0,S,16.3,3.0,1.0,2.0,525.0,,,-37.6676,145.00445
3,h,650000.0,VB,41.0,3.0,3.0,2.0,1060.0,,,-38.15752,145.19127
2,u,420000.0,VB,14.6,2.0,1.0,1.0,119.0,,,-37.72861,145.109
2,t,642500.0,S,6.4,2.0,2.0,1.0,126.0,95.0,2015.0,-37.78458,144.88106000000005
3,h,798000.0,PI,6.4,3.0,2.0,2.0,159.0,152.0,2010.0,-37.78974,144.88143
3,h,755000.0,S,6.4,3.0,2.0,2.0,0.0,,,-37.78966,144.87821
3,t,710000.0,PI,6.4,3.0,2.0,2.0,186.0,134.6,2011.0,-37.78559,144.86483
4,h,4050000.0,S,5.9,4.0,3.0,2.0,787.0,282.0,1915.0,-37.86044,145.0335
3,h,1650000.0,S,5.9,3.0,1.0,2.0,354.0,117.0,1880.0,-37.85189,145.03335
3,h,2020000.0,PI,5.9,3.0,2.0,2.0,400.0,216.0,2007.0,-37.85183,145.03863
4,h,3000000.0,VB,8.4,4.0,3.0,3.0,736.0,,,-37.86954,145.0444
3,h,2500000.0,PI,8.4,3.0,3.0,3.0,1011.0,206.0,1925.0,-37.8652,145.05248
3,h,2500000.0,VB,8.4,3.0,1.0,2.0,1128.0,110.0,1950.0,-37.87923,145.08955
3,h,1200000.0,SP,4.3,3.0,2.0,2.0,352.0,204.0,1997.0,-37.77413,144.87533
3,t,940000.0,S,4.3,3.0,2.0,2.0,366.0,183.84,2012.0,-37.7816,144.88998999999995
2,h,1200000.0,SP,11.4,2.0,1.0,2.0,397.0,96.0,1940.0,-37.90978,145.02937
4,h,600000.0,S,31.7,4.0,2.0,2.0,935.0,210.0,2005.0,-37.68503,144.54237
3,h,900000.0,VB,20.0,3.0,1.0,2.0,585.0,,,-37.98137,145.0918
4,h,2025000.0,S,20.0,4.0,2.0,2.0,408.0,274.0,2010.0,-37.98707,145.0609
4,h,630000.0,S,25.9,4.0,2.0,2.0,475.0,220.0,2012.0,-37.606,145.08785
3,h,1071000.0,S,17.2,3.0,1.0,2.0,684.0,,,-37.82771,145.20763
3,t,973000.0,S,17.2,3.0,2.0,2.0,323.0,,,-37.8099,145.19506
3,h,881100.0,SP,16.2,3.0,2.0,4.0,786.0,,1960.0,-37.72532,145.12488000000005
2,h,1060000.0,S,6.2,2.0,1.0,1.0,283.0,,,-37.76218,144.92886
3,h,1225000.0,VB,6.2,3.0,2.0,2.0,674.0,141.0,1920.0,-37.76389,144.9185
3,h,930000.0,S,26.5,3.0,1.0,4.0,905.0,,,-37.78216,145.30721
4,h,1800000.0,SP,21.5,4.0,2.0,2.0,656.0,303.0,1950.0,-38.00119,145.08588999999995
4,h,1440000.0,S,21.5,4.0,2.0,2.0,695.0,,,-38.00477,145.10078
3,t,900000.0,SA,14.2,3.0,2.0,2.0,344.0,3.0,2000.0,-37.85991,145.14523
2,u,730000.0,S,14.2,2.0,1.0,1.0,292.0,,,-37.86528,145.11775
5,h,2558000.0,S,14.2,5.0,5.0,2.0,667.0,431.0,2015.0,-37.88007,145.12328
4,h,1001000.0,SP,18.8,4.0,2.0,7.0,771.0,,,-37.92862,145.16664
4,h,655000.0,S,34.1,4.0,2.0,2.0,638.0,,,-38.01706,145.29076
2,h,1050000.0,PI,6.2,2.0,1.0,0.0,571.0,,,-37.84147,144.88494
3,t,730000.0,S,6.2,3.0,2.0,2.0,200.0,126.7,2005.0,-37.85134,144.88636
3,h,1195000.0,SP,6.2,3.0,2.0,2.0,358.0,,2017.0,-37.84586,144.88948
4,h,923000.0,S,6.2,4.0,2.0,2.0,224.0,,,-37.83859,144.88128
2,u,600000.0,S,6.2,2.0,1.0,1.0,163.0,,1990.0,-37.84608,144.86525
3,h,1230000.0,S,10.4,3.0,2.0,1.0,324.0,207.0,2016.0,-37.7431,144.88722
4,h,1475000.0,S,1.8,4.0,2.0,1.0,137.0,,,-37.80072,144.9496
2,u,450000.0,VB,1.8,2.0,1.0,1.0,0.0,,1983.0,-37.7955,144.94922
2,u,525000.0,PI,1.8,2.0,1.0,1.0,1618.0,,,-37.79878,144.94746999999995
3,h,1225000.0,S,5.3,3.0,1.0,2.0,260.0,,,-37.77985,144.99528
4,h,1955000.0,SP,5.3,4.0,2.0,1.0,5.0,,,-37.7628,144.99375
3,h,2775000.0,S,5.3,3.0,1.0,2.0,901.0,,,-37.78062,145.00627
3,h,1310000.0,S,15.4,3.0,1.0,2.0,717.0,,,-37.82688,145.17163
4,h,1415000.0,S,12.3,4.0,2.0,3.0,588.0,,1970.0,-37.89215,145.10472
2,u,601000.0,SP,15.5,2.0,1.0,1.0,0.0,62.0,1980.0,-37.91061,145.0862
2,u,440000.0,VB,11.4,2.0,1.0,1.0,1100.0,,,-37.90188,145.04172
1,u,370000.0,S,11.4,1.0,1.0,1.0,2029.0,54.0,2009.0,-37.90143,145.04183999999995
3,h,1051000.0,S,21.5,3.0,2.0,2.0,597.0,,,-37.98703,145.09131000000005
3,t,1206000.0,S,21.5,3.0,2.0,2.0,300.0,,,-37.98833,145.07741
3,t,900000.0,S,8.5,3.0,2.0,1.0,0.0,149.0,2014.0,-37.72882,144.93301
3,h,940000.0,S,8.5,3.0,1.0,2.0,587.0,,,-37.73112,144.94418000000005
1,u,257500.0,S,8.5,1.0,1.0,1.0,0.0,35.0,1970.0,-37.7237,144.92231999999996
1,u,257500.0,S,8.5,1.0,1.0,1.0,995.0,35.0,1970.0,-37.7237,144.92231999999996
3,h,1114000.0,S,8.5,3.0,2.0,2.0,256.0,190.0,2017.0,-37.72034,144.93788
3,h,520000.0,SP,14.7,3.0,2.0,2.0,312.0,185.0,2014.0,-37.89273,144.72558999999995
4,h,715000.0,S,14.7,4.0,2.0,2.0,630.0,,2006.0,-37.89807,144.73925
3,h,1900000.0,VB,3.5,3.0,2.0,3.0,337.0,,,-37.83802,144.92442
2,u,1480000.0,S,3.5,2.0,2.0,2.0,0.0,,2000.0,-37.84068,144.93547
2,u,760000.0,S,3.5,2.0,2.0,1.0,0.0,77.0,2013.0,-37.84158,144.93809
4,h,2635000.0,S,4.6,4.0,2.0,2.0,401.0,154.0,1910.0,-37.85565,145.00839
2,h,1250000.0,S,4.6,2.0,1.0,0.0,192.0,100.0,1910.0,-37.85562,145.00571000000005
1,u,400000.0,VB,4.6,1.0,1.0,2.0,0.0,50.0,1960.0,-37.85126,145.00832
4,h,4200000.0,S,4.6,4.0,2.0,2.0,787.0,275.0,1930.0,-37.85768,145.00253999999995
2,h,1310000.0,S,4.6,2.0,2.0,1.0,78.0,,,-37.85083,144.99092
2,u,626000.0,S,4.6,2.0,1.0,2.0,0.0,78.0,2000.0,-37.85059,144.99188
3,h,1270000.0,S,8.4,3.0,2.0,2.0,585.0,,,-37.74251,145.0008
3,h,980000.0,S,8.4,3.0,1.0,5.0,581.0,,,-37.74118,145.01202
4,h,1148000.0,S,8.4,4.0,1.0,2.0,552.0,140.0,1940.0,-37.72879,144.98538
3,h,1540000.0,S,3.5,3.0,2.0,1.0,288.0,,,-37.78311,144.96548
4,h,1210000.0,S,12.0,4.0,3.0,4.0,725.0,,,-37.70833,145.0045
3,h,935000.0,S,12.0,3.0,1.0,2.0,529.0,99.0,1960.0,-37.72017,144.99873
3,h,510000.0,S,12.0,3.0,2.0,2.0,292.0,119.0,1950.0,-37.71331,144.9871
5,h,861000.0,S,12.0,5.0,3.0,2.0,650.0,,,-37.69894,145.03411
3,h,732000.0,S,12.0,3.0,1.0,2.0,952.0,,,-37.69969,145.01039
4,h,755000.0,SP,12.0,4.0,2.0,2.0,479.0,157.0,1995.0,-37.70952,145.033
1,u,325000.0,S,12.0,1.0,1.0,1.0,60.0,,1970.0,-37.71751,144.99849
4,h,1200000.0,S,12.0,4.0,2.0,2.0,499.0,260.0,1940.0,-37.72614,144.99892
3,h,1450000.0,VB,19.9,3.0,2.0,2.0,1555.0,,,-37.8357,145.22564
3,h,800000.0,S,19.9,3.0,2.0,1.0,461.0,133.0,2005.0,-37.82536,145.22228
2,u,655000.0,S,19.9,2.0,1.0,1.0,306.0,,,-37.80436,145.23339
4,h,812000.0,SP,19.9,4.0,2.0,2.0,962.0,,,-37.80161,145.22151000000005
3,h,1400000.0,PI,8.9,3.0,2.0,2.0,697.0,,,-37.73165,145.06564
5,h,1170000.0,S,8.9,5.0,3.0,3.0,694.0,210.0,1975.0,-37.73968,145.07973
5,h,970000.0,S,23.5,5.0,3.0,2.0,725.0,,,-37.92739,145.25705
5,h,3350000.0,VB,15.2,5.0,4.0,4.0,700.0,,,-37.95762,145.01418
5,h,2255000.0,S,15.2,5.0,3.0,2.0,556.0,,2012.0,-37.95017,145.02053999999995
3,h,870000.0,SP,22.2,3.0,2.0,2.0,590.0,151.0,1981.0,-37.89628,145.22294
4,h,1870000.0,S,5.1,4.0,2.0,2.0,457.0,,,-37.80803,144.89601000000005
3,t,1750000.0,VB,1.9,3.0,3.0,2.0,100.0,,,-37.83453,144.95782
4,h,1800000.0,VB,1.9,4.0,3.0,1.0,153.0,93.0,1900.0,-37.83591,144.94963
4,h,3825000.0,S,1.9,4.0,3.0,0.0,280.0,,1890.0,-37.83923,144.95113
4,h,485000.0,S,20.5,4.0,2.0,2.0,196.0,163.0,2008.0,-37.63873,145.07805
2,u,1350000.0,S,2.7,2.0,2.0,1.0,0.0,109.0,1930.0,-37.82863,144.98514
3,u,940000.0,S,2.7,3.0,2.0,3.0,0.0,20.0,,-37.8453,144.98487
1,u,410000.0,PI,2.7,1.0,1.0,1.0,0.0,50.0,1960.0,-37.8446,145.00018
2,u,980000.0,SP,2.7,2.0,1.0,0.0,0.0,,,-37.83873,145.00133
1,u,380000.0,PI,2.7,1.0,1.0,0.0,0.0,,,-37.84368,144.99577
2,u,625000.0,S,0.7,2.0,1.0,1.0,0.0,88.0,,-37.8281,144.96627
6,h,917000.0,S,20.8,6.0,2.0,2.0,869.0,,,-37.93594,145.14674
4,h,632500.0,S,14.0,4.0,2.0,2.0,592.0,,,-37.73084,144.78348
3,h,702000.0,SP,14.0,0.0,0.0,0.0,600.0,,,-37.72945,144.79592
2,u,701000.0,SP,5.0,2.0,1.0,0.0,0.0,107.0,1950.0,-37.86257,144.99161
4,h,1600000.0,VB,5.0,4.0,2.0,3.0,613.0,160.0,1910.0,-37.86667,144.98324
7,h,2000000.0,SP,8.2,7.0,3.0,4.0,608.0,355.0,1999.0,-37.73681,144.90587
4,h,1610000.0,S,8.2,4.0,3.0,2.0,861.0,274.0,1955.0,-37.73154,144.92243
3,h,1742000.0,S,8.2,3.0,2.0,3.0,697.0,,,-37.74057,144.92172
3,h,1016000.0,S,8.2,3.0,2.0,1.0,304.0,,,-37.73456,144.91521
3,h,700000.0,SP,10.5,3.0,2.0,1.0,485.0,130.0,1950.0,-37.78703,144.84569
2,h,615000.0,SP,10.5,2.0,1.0,0.0,418.0,94.0,1940.0,-37.79595,144.83206
3,h,650000.0,VB,10.5,3.0,1.0,2.0,691.0,,,-37.78825,144.80098999999996
5,h,2400000.0,VB,10.2,5.0,3.0,2.0,593.0,309.0,2016.0,-37.83199000000001,145.10877
3,t,938000.0,S,10.2,3.0,1.0,2.0,271.0,,,-37.8364,145.10609
4,h,2290000.0,SA,10.2,4.0,2.0,2.0,910.0,,,-37.82933,145.09642
3,h,1775000.0,PI,10.2,3.0,2.0,2.0,780.0,,,-37.81403,145.08968000000004
3,h,659500.0,S,18.0,3.0,2.0,4.0,665.0,,,-37.69969,144.7685
4,h,505000.0,SP,18.4,4.0,2.0,2.0,498.0,167.0,2010.0,-37.84267,144.65407
4,h,560000.0,SP,18.4,4.0,2.0,2.0,452.0,159.0,2009.0,-37.83851,144.6887
4,h,701000.0,S,15.5,4.0,2.0,2.0,651.0,,,-37.70847,144.78413
4,h,2600000.0,S,15.5,4.0,2.0,3.0,1330.0,,,-37.75343,145.11958
4,h,1205000.0,S,15.5,4.0,2.0,2.0,646.0,167.0,1980.0,-37.75807,145.13478
5,h,1750000.0,PI,15.5,5.0,3.0,2.0,787.0,334.0,1990.0,-37.76873,145.15894
4,h,1350000.0,VB,15.5,4.0,2.0,2.0,1025.0,,1980.0,-37.75334,145.16655
5,h,2300000.0,PI,15.5,5.0,3.0,3.0,4001.0,,1995.0,-37.74508,145.15341
5,h,2330000.0,S,15.5,5.0,2.0,2.0,862.0,,,-37.75571,145.15521
3,h,1350000.0,S,12.4,3.0,2.0,3.0,725.0,,,-37.76616,145.11207
5,h,1410000.0,PI,12.4,5.0,2.0,2.0,648.0,250.0,1975.0,-37.77033,145.1214
3,h,1204000.0,S,12.4,3.0,1.0,2.0,716.0,,,-37.77006,145.10429
3,h,610000.0,S,27.0,3.0,1.0,0.0,1281.0,,,-37.863,145.30716
4,h,760000.0,PI,15.3,4.0,1.0,2.0,695.0,,,-37.67877,145.03656
3,h,670000.0,S,15.3,3.0,2.0,2.0,541.0,121.0,1980.0,-37.67231,145.00556
3,u,1860000.0,S,4.1,3.0,2.0,2.0,0.0,176.0,1930.0,-37.8404,145.01425
3,u,1400000.0,VB,4.1,3.0,2.0,2.0,0.0,,1975.0,-37.83725,145.01476
3,u,1350000.0,PI,4.1,3.0,2.0,1.0,187.0,133.0,1940.0,-37.84297,145.01819
4,h,2070000.0,PI,4.3,4.0,3.0,2.0,291.0,,,-37.77784000000001,144.93482
3,h,865000.0,SA,17.2,3.0,1.0,2.0,603.0,,,-37.835,145.21086
4,h,980000.0,S,17.2,4.0,2.0,0.0,539.0,192.0,1978.0,-37.83459000000001,145.21264
4,h,950000.0,VB,17.2,4.0,2.0,2.0,660.0,,,-37.84902,145.18276
4,h,1295000.0,S,8.9,4.0,2.0,2.0,702.0,,,-37.73226,145.09855
4,h,788800.0,S,14.5,4.0,2.0,4.0,631.0,,,-37.7156,145.08875
3,h,900000.0,S,14.5,3.0,2.0,2.0,280.0,,,-37.71147,145.08003
3,h,700000.0,S,14.5,3.0,1.0,1.0,530.0,,,-37.70598,145.07713
4,h,455000.0,S,14.7,4.0,1.0,4.0,534.0,101.0,1983.0,-37.88496,144.66332
3,h,483000.0,S,14.7,3.0,1.0,2.0,569.0,,,-37.89118,144.65368
3,h,455000.0,S,14.7,3.0,1.0,1.0,610.0,125.0,1980.0,-37.88632,144.67582
4,h,1276000.0,S,6.4,4.0,2.0,1.0,323.0,130.0,1945.0,-37.79429,144.87412
3,h,700000.0,S,16.5,3.0,2.0,4.0,673.0,,1980.0,-37.67558,144.8976
3,h,729000.0,S,16.5,3.0,1.0,1.0,672.0,,,-37.6784,144.88797
4,h,1184000.0,S,16.7,4.0,2.0,2.0,700.0,,,-37.91161,145.19693999999996
4,h,1157000.0,PI,16.7,4.0,2.0,2.0,752.0,162.0,1971.0,-37.91212,145.1793
5,h,1100000.0,S,16.7,5.0,2.0,2.0,672.0,237.0,1970.0,-37.91299,145.1767
4,h,2200000.0,S,6.8,4.0,3.0,2.0,650.0,,,-37.85925,144.88761
2,h,865000.0,SP,4.6,2.0,2.0,0.0,70.0,,,-37.85143,144.98574
3,h,900000.0,VB,25.2,3.0,2.0,2.0,0.0,177.0,,-37.75912,145.28886
4,h,500000.0,SP,27.2,4.0,2.0,1.0,512.0,179.0,2005.0,-37.87959,144.60977
4,h,1142000.0,PI,6.3,4.0,3.0,2.0,234.0,176.0,2012.0,-37.81961,144.88132
3,h,1100000.0,PI,6.3,3.0,1.0,6.0,732.0,,,-37.82252,144.87718
2,h,780000.0,S,6.3,2.0,1.0,1.0,178.0,84.0,2013.0,-37.81481,144.88013
3,h,920000.0,PI,6.3,3.0,2.0,2.0,182.0,,,-37.81249,144.89531000000005
2,u,500000.0,VB,6.3,2.0,1.0,1.0,0.0,85.0,,-37.81352,144.88311000000004
4,h,655000.0,S,14.0,4.0,3.0,3.0,531.0,,,-37.74373,144.77567
4,h,890000.0,S,11.0,4.0,1.0,1.0,499.0,,,-37.86639,144.82625
4,h,935000.0,SP,11.0,4.0,2.0,2.0,629.0,180.0,1985.0,-37.86027,144.82073
3,t,815000.0,S,11.0,3.0,2.0,2.0,159.0,130.0,2014.0,-37.86472,144.82929
3,u,440500.0,S,15.5,3.0,1.0,1.0,205.0,,1990.0,-37.88995,144.78505
3,u,451500.0,SP,9.4,3.0,1.0,1.0,180.0,88.0,1965.0,-37.83648,144.86296000000004
3,u,825000.0,PI,4.3,3.0,2.0,2.0,2905.0,164.0,2005.0,-37.78258,144.91693999999995
2,u,425500.0,S,4.3,2.0,1.0,1.0,1727.0,82.0,1960.0,-37.77341,144.9013
2,h,920000.0,VB,4.3,2.0,2.0,0.0,234.0,,1910.0,-37.78052,144.93001999999996
3,t,762000.0,S,4.3,3.0,1.0,1.0,0.0,,,-37.77261,144.92276
3,h,1306000.0,S,4.3,3.0,1.0,0.0,199.0,126.0,1900.0,-37.77561,144.91695
2,u,566000.0,S,4.3,2.0,1.0,1.0,1017.0,,1972.0,-37.77226,144.90941999999995
3,h,1420000.0,S,10.2,3.0,1.0,1.0,726.0,130.0,1965.0,-37.86173,145.11074
3,t,805000.0,S,21.5,3.0,2.0,2.0,0.0,164.0,2006.0,-38.02768,145.10187
4,h,934000.0,S,9.5,4.0,2.0,1.0,581.0,163.0,1975.0,-37.76421,144.85594
2,u,585000.0,PI,6.4,2.0,1.0,1.0,598.0,,,-37.87149,144.99746000000005
3,h,2330000.0,S,7.9,3.0,2.0,4.0,656.0,210.0,1970.0,-37.8079,145.09162
3,t,1721000.0,S,9.7,3.0,2.0,2.0,301.0,,1995.0,-37.79535,145.07131
3,h,650000.0,SA,23.2,3.0,1.0,2.0,787.0,,,-37.82737,145.2938
3,h,762000.0,S,23.2,3.0,2.0,2.0,792.0,148.0,1980.0,-37.82809,145.29287
4,h,1384000.0,S,13.8,4.0,3.0,2.0,631.0,,,-37.9108,145.07908
3,h,1350000.0,SP,13.4,3.0,2.0,1.0,601.0,,,-37.81224,145.15594
3,h,1070000.0,S,13.4,3.0,1.0,2.0,448.0,96.0,1950.0,-37.82956,145.13868
2,h,1500000.0,S,13.4,2.0,1.0,1.0,1021.0,,,-37.83189,145.15785
3,h,1200000.0,PI,13.4,3.0,2.0,2.0,567.0,,,-37.81684,145.14992
6,h,1200000.0,VB,13.4,6.0,2.0,2.0,675.0,,,-37.80716,145.16504
3,h,1100000.0,S,13.4,3.0,1.0,1.0,614.0,,,-37.81103,145.15917
2,u,706000.0,S,13.4,2.0,1.0,1.0,305.0,305.0,1940.0,-37.80906,145.15787
3,h,785000.0,S,25.0,3.0,2.0,2.0,723.0,138.0,1980.0,-37.85284,145.26942
4,h,950000.0,S,25.0,4.0,2.0,4.0,2033.0,255.0,1970.0,-37.86669000000001,145.29959
4,h,2800000.0,VB,10.5,4.0,3.0,2.0,498.0,226.0,1900.0,-37.90396,144.99126
1,u,290000.0,PI,10.5,1.0,1.0,1.0,0.0,35.0,1960.0,-37.9041,144.9993
3,h,570500.0,S,14.0,3.0,1.0,1.0,640.0,92.0,1965.0,-37.68187,144.92421000000004
4,h,631000.0,S,14.0,4.0,2.0,2.0,696.0,158.0,1960.0,-37.68584,144.9315
2,u,372100.0,SP,6.4,2.0,1.0,1.0,0.0,66.0,2000.0,-37.82212,144.84476999999995
4,h,1350000.0,VB,5.2,4.0,2.0,1.0,372.0,184.0,1920.0,-37.76166,144.95065
5,h,1300000.0,S,5.2,5.0,2.0,0.0,479.0,,,-37.75915,144.96755
1,u,315000.0,PI,5.2,1.0,1.0,1.0,0.0,,,-37.77034,144.95334
2,t,702500.0,PI,4.0,2.0,2.0,1.0,65.0,78.0,2013.0,-37.76812,144.97413999999995
1,u,275000.0,VB,5.2,1.0,1.0,1.0,1388.0,36.0,1970.0,-37.7684,144.94214
2,h,835000.0,VB,5.2,2.0,1.0,1.0,207.0,77.0,1950.0,-37.76221,144.94055
10,h,900000.0,PI,12.1,10.0,3.0,2.0,313.0,,2006.0,-37.71098,145.05381
3,h,710000.0,S,12.1,3.0,1.0,1.0,540.0,142.0,1968.0,-37.70636,145.05462
3,h,1320000.0,S,14.7,3.0,1.0,1.0,620.0,,,-37.85436,145.13827
2,u,480000.0,VB,10.1,2.0,1.0,1.0,830.0,,,-37.88414,145.0528
3,h,1840000.0,S,10.1,3.0,2.0,1.0,483.0,171.0,1920.0,-37.89204,145.06086000000005
2,u,430000.0,VB,10.1,2.0,1.0,1.0,2048.0,68.0,1960.0,-37.88642,145.05979
3,h,525000.0,S,14.8,3.0,1.0,1.0,400.0,,,-37.74254000000001,144.74572
2,t,495000.0,S,31.2,2.0,1.0,1.0,198.0,94.0,1980.0,-38.0796,145.13272
2,h,403500.0,S,34.9,2.0,2.0,3.0,339.0,101.0,2009.0,-38.09665,145.17646000000005
4,h,1550000.0,S,8.4,4.0,2.0,1.0,642.0,,,-37.88512,145.04554
1,u,361000.0,S,7.8,1.0,1.0,1.0,60.0,53.0,1975.0,-37.87972,145.03351
3,u,960000.0,S,11.7,3.0,2.0,2.0,382.0,151.0,2000.0,-37.88304,145.0969
3,u,696000.0,S,16.7,3.0,1.0,2.0,259.0,,,-37.91735,145.13814
5,h,1115000.0,S,16.7,5.0,2.0,2.0,590.0,,,-37.92304,145.10984
3,h,1950000.0,S,16.7,3.0,1.0,2.0,734.0,,,-37.91583,145.13363
4,h,962000.0,S,17.5,4.0,2.0,4.0,724.0,,,-37.93197,145.12219
3,h,900000.0,S,6.7,3.0,1.0,0.0,227.0,102.0,1920.0,-37.75296,144.95967
1,u,365000.0,SP,2.0,1.0,1.0,0.0,0.0,46.0,1960.0,-37.79597,144.99108
2,t,310000.0,PI,20.6,2.0,1.0,1.0,38.0,114.0,2013.0,-37.57467000000001,144.92229
3,h,662000.0,S,23.0,3.0,1.0,1.0,396.0,120.0,1950.0,-37.79486,145.28673999999995
3,u,625500.0,S,23.0,3.0,1.0,2.0,397.0,,1950.0,-37.79795,145.2957
3,h,459000.0,S,14.0,3.0,1.0,0.0,583.0,,1970.0,-37.67048,144.93992
3,h,420500.0,S,14.0,3.0,1.0,1.0,650.0,,,-37.67506,144.93793
4,h,583000.0,SP,24.7,4.0,1.0,2.0,757.0,,,-37.97369000000001,145.19714
3,h,618500.0,S,24.7,3.0,1.0,2.0,540.0,,,-37.95661,145.2191
3,h,727000.0,S,24.7,3.0,1.0,1.0,763.0,,,-37.95466,145.21193
3,h,535000.0,S,14.8,3.0,1.0,0.0,675.0,,,-37.76496,144.77289
3,h,560000.0,S,18.0,3.0,2.0,2.0,543.0,153.0,1995.0,-37.7143,144.77096
4,h,860000.0,S,14.7,4.0,2.0,2.0,663.0,,,-37.79215,144.76285
3,t,802000.0,S,22.2,3.0,2.0,2.0,251.0,185.0,1998.0,-37.98146,145.11715
3,h,800000.0,S,22.2,3.0,2.0,4.0,801.0,150.0,1980.0,-37.98596,145.13187
4,h,854000.0,S,22.2,4.0,2.0,2.0,676.0,181.0,1975.0,-37.97936,145.13302
3,h,1735000.0,S,14.3,3.0,1.0,2.0,725.0,,,-37.78707,145.15161
3,t,920000.0,S,16.1,3.0,2.0,2.0,239.0,187.0,2007.0,-37.77323,145.18029
3,h,904000.0,S,16.1,3.0,1.0,2.0,720.0,116.0,1960.0,-37.80349,145.19666
3,h,500000.0,S,28.8,3.0,1.0,3.0,621.0,,1955.0,-37.98537,145.23505
3,h,1440000.0,S,8.9,3.0,1.0,2.0,598.0,116.0,1955.0,-37.76093,145.056
3,u,900000.0,VB,7.2,3.0,2.0,2.0,0.0,,,-37.88472,145.00025
2,u,540000.0,VB,18.0,2.0,1.0,1.0,132.0,,,-37.71513,145.15323999999995
4,h,1054000.0,S,18.0,4.0,3.0,2.0,791.0,230.0,1974.0,-37.71296,145.13773
4,h,625000.0,SP,28.5,4.0,2.0,2.0,669.0,165.0,1980.0,-37.96466,145.27006
3,h,600000.0,S,19.6,3.0,1.0,2.0,524.0,155.0,1970.0,-37.64273,145.03751
2,t,401500.0,S,19.6,2.0,2.0,1.0,149.0,,,-37.6311,145.0232
3,h,630000.0,S,19.6,3.0,2.0,2.0,388.0,127.0,2012.0,-37.62864,145.02265
4,h,1012000.0,S,19.6,4.0,3.0,3.0,631.0,355.0,2009.0,-37.6246,145.01686
4,h,565000.0,S,19.6,4.0,2.0,2.0,548.0,110.0,1985.0,-37.64386,145.04817
2,u,502500.0,SP,7.5,2.0,1.0,1.0,0.0,62.0,1980.0,-37.7494,144.92096
3,h,1550000.0,S,7.5,3.0,1.0,1.0,730.0,,,-37.74253,144.91753
2,u,420000.0,S,7.5,2.0,1.0,1.0,0.0,,,-37.74444,144.92084
2,u,785000.0,S,8.2,2.0,1.0,2.0,145.0,,,-37.73993,144.90271
3,h,1410000.0,PI,7.5,3.0,2.0,1.0,585.0,198.0,1950.0,-37.75374,144.88932
3,h,750000.0,S,13.1,3.0,1.0,1.0,724.0,,,-37.71097,144.97324
4,h,748888.0,S,24.8,4.0,2.0,4.0,1014.0,280.0,1960.0,-37.88189000000001,145.29148
4,h,850000.0,S,24.8,4.0,2.0,1.0,738.0,148.0,1985.0,-37.89863,145.26708
1,u,490000.0,S,2.1,1.0,1.0,1.0,0.0,57.0,2013.0,-37.80348,144.98256999999995
1,u,381000.0,SP,3.6,1.0,1.0,1.0,454.0,,,-37.77869000000001,144.98578
2,u,650000.0,VB,3.6,2.0,1.0,1.0,0.0,,,-37.78334,144.97782
3,h,1502000.0,S,3.6,3.0,1.0,0.0,179.0,,,-37.7844,144.99005
3,h,878000.0,SP,5.1,3.0,2.0,2.0,163.0,,,-37.80069,144.88199
3,u,440000.0,S,5.1,3.0,1.0,1.0,0.0,,,-37.79633,144.88526000000005
2,u,395000.0,S,5.1,2.0,1.0,1.0,0.0,73.0,1970.0,-37.79711,144.88825
2,h,991000.0,S,5.1,2.0,1.0,1.0,318.0,106.0,1910.0,-37.79529,144.88453
4,h,945000.0,S,15.4,4.0,2.0,2.0,294.0,194.0,2010.0,-37.85156,145.16923
2,h,1020000.0,S,15.4,2.0,1.0,1.0,581.0,116.4,1970.0,-37.84207,145.17795
6,h,1234000.0,S,15.4,6.0,3.0,2.0,579.0,,,-37.83508,145.16936
3,h,506000.0,S,38.0,3.0,1.0,4.0,578.0,123.0,1984.0,-38.13743,145.16702
4,h,755000.0,S,38.0,4.0,1.0,1.0,622.0,163.0,1960.0,-38.16146,145.12997
4,h,807000.0,S,45.9,4.0,2.0,3.0,40468.0,,,-37.50929,144.56444
3,h,426000.0,S,45.9,3.0,1.0,1.0,412.0,103.0,1950.0,-37.49175,144.59565
2,u,540000.0,S,7.3,2.0,1.0,1.0,0.0,77.0,1960.0,-37.85145,145.09107
2,u,960000.0,S,16.7,2.0,1.0,1.0,229.0,101.0,1990.0,-37.87606,145.15951
5,h,1116500.0,S,16.7,5.0,2.0,2.0,701.0,182.85,1960.0,-37.88902,145.16678000000005
2,u,610000.0,S,16.1,2.0,1.0,1.0,168.0,,1985.0,-37.70801,145.10689
3,h,690000.0,S,16.1,3.0,1.0,1.0,540.0,,,-37.71055,145.09593999999996
2,u,585000.0,S,16.1,2.0,1.0,1.0,240.0,79.0,1965.0,-37.71254,145.09705
3,h,800000.0,S,16.1,3.0,3.0,2.0,668.0,,1973.0,-37.69022,145.09413999999995
4,h,800000.0,S,16.1,4.0,2.0,2.0,626.0,169.0,1960.0,-37.70859,145.10464
3,h,896000.0,S,16.1,3.0,2.0,1.0,653.0,130.0,1970.0,-37.71846,145.09689
3,h,1010000.0,S,16.1,3.0,2.0,2.0,582.0,,,-37.71325,145.09532
3,t,1660000.0,S,13.8,3.0,2.0,2.0,478.0,,,-37.93297000000001,144.99771
2,h,1960000.0,S,13.8,2.0,1.0,2.0,697.0,,,-37.94423,145.00843999999995
3,t,1200000.0,VB,5.3,3.0,2.0,2.0,1089.0,,,-37.81432,145.03221000000005
2,u,670000.0,S,5.3,2.0,1.0,0.0,0.0,,1980.0,-37.83108,145.0353
2,u,600000.0,SP,5.3,2.0,1.0,1.0,0.0,,2014.0,-37.82214000000001,145.03288
1,u,415000.0,S,5.3,1.0,1.0,1.0,0.0,,,-37.81519,145.03153
3,u,1150000.0,S,5.3,3.0,2.0,1.0,5259.0,119.0,2000.0,-37.81442,145.01531
3,h,1100000.0,S,5.3,3.0,2.0,1.0,109.0,109.5,1999.0,-37.81442,145.01531
2,u,525000.0,S,21.3,2.0,1.0,1.0,0.0,80.0,1980.0,-37.82118,145.24138
2,t,650000.0,S,8.8,2.0,1.0,1.0,140.0,107.0,2013.0,-37.74835,145.05042
2,h,580000.0,S,8.8,2.0,1.0,2.0,498.0,75.0,1955.0,-37.73759,145.04236
2,h,820000.0,VB,8.8,2.0,1.0,1.0,721.0,,,-37.74371,145.04161000000005
4,h,600000.0,PI,18.0,4.0,2.0,3.0,715.0,,1999.0,-37.69787,144.75082
3,h,536500.0,S,18.4,3.0,2.0,4.0,578.0,129.7,1972.0,-37.87326,144.69103
3,h,541000.0,S,18.4,3.0,1.0,2.0,623.0,,,-37.87386,144.69317
3,h,557000.0,SP,18.4,3.0,1.0,2.0,577.0,,1975.0,-37.88505,144.69423
2,h,1601000.0,S,7.8,2.0,1.0,2.0,697.0,,,-37.77345,145.06098
3,h,559000.0,S,14.0,3.0,1.0,2.0,604.0,,,-37.68599,144.91195
3,h,930000.0,S,14.5,3.0,2.0,2.0,847.0,,,-37.72286,144.83252
4,h,705000.0,PI,15.5,4.0,2.0,3.0,815.0,198.0,2000.0,-37.71757,144.81328
4,h,590000.0,VB,15.5,4.0,2.0,2.0,757.0,152.0,1980.0,-37.72483,144.8143
3,h,920000.0,SP,11.7,3.0,2.0,1.0,313.0,140.0,1960.0,-37.74214,144.86965
4,h,1100000.0,VB,11.7,4.0,4.0,2.0,500.0,267.0,2011.0,-37.73573,144.87531
3,h,840000.0,VB,11.7,3.0,1.0,2.0,575.0,138.0,1970.0,-37.74316,144.87894
3,h,860000.0,S,11.7,3.0,1.0,1.0,568.0,,1960.0,-37.7465,144.8613
3,h,840000.0,S,3.4,3.0,1.0,0.0,114.0,,,-37.78895,144.93351
2,u,535000.0,PI,3.4,2.0,2.0,1.0,0.0,110.0,1998.0,-37.79013,144.92359
3,h,1080000.0,S,5.4,3.0,2.0,2.0,151.0,103.0,1960.0,-37.80509,145.05572
4,h,575000.0,S,25.2,4.0,1.0,2.0,384.0,131.0,1975.0,-37.99318,145.15939
3,h,740000.0,S,12.1,3.0,1.0,2.0,633.0,,,-37.71402,145.0314
4,h,1040000.0,S,23.3,4.0,2.0,2.0,633.0,,,-37.88214,145.25058
4,h,795000.0,S,16.3,4.0,2.0,2.0,499.0,,,-37.66641,144.98781
4,h,660000.0,S,16.3,4.0,2.0,3.0,578.0,,,-37.66225,145.0116
2,h,1170000.0,S,6.4,2.0,1.0,2.0,686.0,,,-37.78493,144.87968
3,h,930000.0,S,6.4,3.0,1.0,4.0,545.0,116.0,1940.0,-37.78571,144.87346000000005
2,t,650000.0,S,6.4,2.0,2.0,1.0,279.0,104.0,2013.0,-37.78799,144.87515
3,t,702000.0,S,6.4,3.0,2.0,2.0,189.0,131.0,2000.0,-37.78606,144.87205
2,u,575000.0,PI,5.9,2.0,1.0,1.0,0.0,,1999.0,-37.85557,145.03968
2,t,675000.0,S,4.3,2.0,1.0,2.0,198.0,,2009.0,-37.76703,144.88915
2,u,440000.0,VB,4.3,2.0,1.0,2.0,0.0,93.0,2003.0,-37.77117,144.88041
3,h,520000.0,S,17.4,3.0,1.0,1.0,631.0,111.0,1960.0,-37.66004,144.92338
3,h,430000.0,S,17.4,3.0,1.0,2.0,522.0,,,-37.64683,144.91106000000005
4,h,570000.0,S,17.4,4.0,2.0,2.0,665.0,665.0,,-37.64993,144.92955
3,h,520000.0,S,17.4,3.0,1.0,2.0,798.0,128.0,1985.0,-37.65384,144.92272
4,h,515000.0,PI,17.4,4.0,3.0,0.0,653.0,122.0,1985.0,-37.65155,144.91912
2,u,387000.0,S,0.0,2.0,1.0,0.0,0.0,47.0,2011.0,-37.81301,144.96924
3,h,341000.0,S,29.8,3.0,2.0,4.0,578.0,,,-37.71432,144.57431
3,h,336000.0,S,29.8,3.0,1.0,1.0,580.0,116.0,1975.0,-37.70153,144.57243
4,h,426000.0,S,29.8,4.0,2.0,3.0,655.0,142.0,1975.0,-37.69548,144.56775
4,h,780000.0,SP,25.9,4.0,2.0,2.0,1037.0,,,-37.6017,145.09051000000005
3,h,775500.0,S,17.9,3.0,1.0,4.0,840.0,125.0,1980.0,-37.66919,145.06798999999995
3,h,726000.0,S,17.9,3.0,2.0,2.0,615.0,132.0,1982.0,-37.67519,145.06201
4,h,710000.0,S,17.9,4.0,1.0,2.0,666.0,123.0,1985.0,-37.67626,145.0659
3,h,1045000.0,S,17.2,3.0,2.0,2.0,401.0,,,-37.82835,145.19845
3,t,820000.0,S,16.2,3.0,2.0,2.0,260.0,157.0,2010.0,-37.72394,145.12456
3,h,1301000.0,SP,16.2,3.0,2.0,2.0,636.0,,1980.0,-37.72198,145.12581
2,h,951000.0,S,6.2,2.0,1.0,1.0,172.0,,1900.0,-37.7638,144.9089
4,h,1425000.0,S,6.2,4.0,2.0,2.0,388.0,151.0,1890.0,-37.7685,144.91103
3,t,935000.0,SP,14.3,3.0,2.0,2.0,280.0,109.0,1985.0,-37.94111,145.0431
3,h,637500.0,SP,26.5,3.0,1.0,1.0,609.0,,,-37.77293,145.30819
3,h,780000.0,PI,26.5,3.0,2.0,3.0,1469.0,,,-37.79335,145.30773
3,h,1800000.0,S,14.2,3.0,2.0,2.0,747.0,,,-37.88256,145.12518
3,h,1700000.0,VB,14.2,3.0,1.0,2.0,862.0,,,-37.87662,145.13153
5,h,2248000.0,S,14.2,5.0,5.0,2.0,729.0,398.0,2016.0,-37.86582,145.14824
3,h,1260000.0,PI,14.2,3.0,1.0,2.0,743.0,148.47,1960.0,-37.8958,145.11969
5,h,960000.0,S,18.8,5.0,2.0,1.0,731.0,130.0,1965.0,-37.9298,145.16523999999995
2,u,550000.0,PI,10.1,2.0,2.0,1.0,1039.0,,,-37.88519,145.06715
3,t,956000.0,S,10.1,3.0,2.0,1.0,137.0,137.0,1994.0,-37.887,145.07303000000005
3,h,620000.0,S,34.1,3.0,2.0,2.0,668.0,,,-38.00908,145.30264
3,h,605000.0,SP,34.1,3.0,2.0,2.0,688.0,121.0,1990.0,-38.037,145.30862
3,h,740000.0,S,6.2,3.0,1.0,2.0,204.0,,,-37.84234,144.86622
3,h,990000.0,S,6.2,3.0,2.0,0.0,337.0,,,-37.84417,144.87544
4,h,950000.0,SP,10.4,4.0,1.0,2.0,558.0,148.0,1970.0,-37.73834,144.88197
4,h,650000.0,S,22.7,4.0,1.0,2.0,660.0,,,-37.97918,145.18825
3,h,752000.0,S,22.7,3.0,2.0,2.0,667.0,,,-37.96814000000001,145.17888
2,u,541000.0,S,1.8,2.0,1.0,1.0,0.0,53.0,2004.0,-37.8044,144.95657
3,h,1307500.0,S,5.3,3.0,2.0,0.0,258.0,124.0,1920.0,-37.76788,144.98621
3,h,1100000.0,PI,5.3,3.0,1.0,2.0,449.0,,1940.0,-37.76198,144.99087
3,h,1050000.0,VB,5.3,3.0,1.0,2.0,530.0,,,-37.77062,145.00891
3,h,1800000.0,VB,5.3,3.0,1.0,2.0,771.0,,1950.0,-37.76631,145.01699
3,h,1550000.0,VB,5.3,3.0,2.0,2.0,422.0,,,-37.77348,144.99206
4,h,1211000.0,S,16.7,4.0,3.0,3.0,727.0,167.0,1970.0,-37.90779000000001,145.15042
3,h,970000.0,S,11.2,3.0,2.0,2.0,701.0,,,-37.71755,144.91663
4,h,1453000.0,S,11.2,4.0,2.0,2.0,525.0,,,-37.71467,144.92528
4,h,1610000.0,S,12.3,4.0,2.0,2.0,592.0,193.0,1950.0,-37.90821,145.09313999999995
2,h,1150000.0,S,12.3,2.0,1.0,3.0,622.0,122.0,1970.0,-37.90168,145.11081
4,h,559000.0,SP,43.3,4.0,2.0,2.0,480.0,,2015.0,-38.07054,145.42553999999996
4,h,435000.0,S,47.3,4.0,2.0,2.0,553.0,553.0,2005.0,-38.08699,145.48273
3,t,1190000.0,PI,21.5,3.0,2.0,2.0,0.0,131.0,2013.0,-37.99577,145.07215
1,t,503750.0,SP,21.5,1.0,1.0,1.0,80.0,88.0,2007.0,-37.99825,145.08696
2,h,962000.0,S,8.5,2.0,1.0,2.0,624.0,,,-37.73261,144.94221000000005
3,t,629000.0,S,8.5,3.0,2.0,2.0,495.0,,,-37.71962,144.95061
3,h,881000.0,S,8.5,3.0,1.0,1.0,480.0,,,-37.71893,144.94246
4,h,690000.0,VB,14.7,4.0,2.0,2.0,540.0,531.0,2012.0,-37.90715,144.76527
4,h,596000.0,S,14.7,4.0,2.0,2.0,416.0,182.9,2006.0,-37.89279000000001,144.73158
4,h,698000.0,S,14.7,4.0,2.0,2.0,448.0,190.0,2012.0,-37.8914,144.72014
2,u,500000.0,SP,4.6,2.0,1.0,1.0,0.0,78.0,1960.0,-37.85924,145.00563
4,h,1060500.0,S,8.4,4.0,2.0,4.0,490.0,130.0,,-37.74125,145.02031000000005
4,h,990000.0,VB,8.4,4.0,2.0,2.0,500.0,,,-37.7324,145.00621999999996
2,u,652000.0,S,12.0,2.0,1.0,1.0,260.0,,1970.0,-37.71377,145.00214
3,h,953000.0,S,12.0,3.0,1.0,2.0,743.0,115.0,1970.0,-37.70964,145.0171
2,u,468000.0,S,12.0,2.0,1.0,1.0,0.0,81.0,2012.0,-37.72919,145.00533
2,t,710000.0,S,12.0,2.0,2.0,1.0,126.0,138.0,2013.0,-37.72357,144.98561999999995
3,h,550000.0,VB,12.0,3.0,1.0,2.0,1723.0,,,-37.69484,145.00853999999995
3,h,725000.0,S,12.0,3.0,1.0,2.0,579.0,,,-37.70158,144.99655
3,h,880000.0,S,12.0,3.0,2.0,3.0,743.0,,,-37.70646,145.01656
2,u,502000.0,SP,12.0,2.0,1.0,2.0,230.0,69.0,2015.0,-37.709,145.02014
3,h,1175000.0,S,12.0,3.0,1.0,4.0,545.0,,,-37.72561,145.00922
1,u,432000.0,SP,2.4,1.0,1.0,1.0,7455.0,,,-37.82201,145.0104
2,u,800000.0,VB,2.4,2.0,2.0,2.0,0.0,89.0,2008.0,-37.82201,145.0104
3,h,710000.0,S,21.3,3.0,1.0,2.0,314.0,88.0,1989.0,-37.81953,145.24907
2,h,1310000.0,S,8.9,2.0,1.0,1.0,1313.0,,,-37.74694,145.07048
2,h,855000.0,S,8.9,2.0,1.0,1.0,562.0,,,-37.73867,145.07697
3,h,735000.0,S,23.5,3.0,2.0,1.0,721.0,143.0,1984.0,-37.91713,145.24706
3,h,755000.0,S,23.5,3.0,2.0,2.0,551.0,178.0,2003.0,-37.94266,145.24662
3,h,537000.0,S,20.6,3.0,2.0,2.0,640.0,156.0,1994.0,-37.63799,144.92924
2,t,386000.0,S,35.4,2.0,1.0,1.0,150.0,106.0,1970.0,-38.12477,145.13668
4,h,763000.0,S,35.4,4.0,2.0,4.0,611.0,184.75,1980.0,-38.10226,145.14459
3,h,725000.0,S,35.4,3.0,1.0,1.0,769.0,,,-38.118,145.13015
4,h,768000.0,S,35.4,4.0,2.0,3.0,542.0,170.0,1970.0,-38.11161,145.15011
3,h,2800000.0,VB,1.9,3.0,2.0,2.0,216.0,193.74,1860.0,-37.83863,144.96208
2,t,345000.0,SP,20.5,2.0,1.0,1.0,305.0,131.0,1999.0,-37.6522,145.09261
2,u,666000.0,S,2.7,2.0,1.0,1.0,0.0,73.0,2005.0,-37.83613,144.99661
2,u,910000.0,S,2.7,2.0,2.0,2.0,0.0,,,-37.84712,144.99967
1,u,401500.0,S,2.7,1.0,1.0,1.0,10.0,,1960.0,-37.84157,144.98935
3,h,760000.0,S,20.8,3.0,1.0,1.0,593.0,,,-37.95743,145.14625
2,h,610000.0,PI,14.0,2.0,1.0,2.0,419.0,135.0,1975.0,-37.7398,144.80348
3,h,550000.0,S,14.0,3.0,1.0,1.0,606.0,130.0,1965.0,-37.73789,144.78734
4,h,520000.0,PI,14.0,4.0,2.0,1.0,699.0,110.0,1950.0,-37.73986,144.81105
3,h,805000.0,S,16.1,3.0,1.0,0.0,930.0,,,-37.6939,145.12899
2,u,470000.0,VB,5.0,2.0,1.0,0.0,0.0,67.0,1950.0,-37.87349,144.9798
3,h,1000000.0,S,5.0,3.0,1.0,1.0,198.0,,,-37.86566,144.99104
3,h,860000.0,PI,10.5,3.0,1.0,3.0,446.0,126.0,1910.0,-37.79354,144.8328
3,h,532000.0,S,10.5,3.0,1.0,1.0,206.0,,1985.0,-37.7864,144.8402
3,h,960000.0,S,10.5,3.0,2.0,2.0,655.0,,,-37.79352,144.84318000000005
3,h,630000.0,S,10.5,3.0,1.0,5.0,626.0,,,-37.80099000000001,144.81178
4,h,580000.0,PI,10.5,4.0,2.0,4.0,270.0,,,-37.7944,144.79413
4,h,853000.0,S,15.5,4.0,3.0,2.0,724.0,330.0,1990.0,-37.70941,144.7873
4,h,704000.0,S,15.5,4.0,2.0,2.0,644.0,,,-37.71128,144.80686
3,h,508000.0,S,15.3,3.0,2.0,1.0,189.0,,,-37.68159,145.0371
3,h,1236000.0,S,7.0,3.0,1.0,1.0,508.0,,,-37.76202,145.01772
1,u,328000.0,S,7.0,1.0,1.0,1.0,1047.0,,1970.0,-37.76105,144.99532
2,u,1140000.0,S,4.1,2.0,2.0,2.0,586.0,119.0,1990.0,-37.84266,145.02355
2,u,341500.0,S,4.3,2.0,1.0,1.0,16000.0,68.5,2012.0,-37.78466,144.93829
2,u,470000.0,SP,12.9,2.0,1.0,1.0,161.0,,1960.0,-37.70586,144.87947
3,h,1111500.0,S,17.2,3.0,1.0,0.0,722.0,94.0,1960.0,-37.8324,145.20467
4,h,1214000.0,S,14.7,4.0,1.0,2.0,734.0,,,-37.85209,145.24268
4,h,1045000.0,S,14.7,4.0,3.0,2.0,728.0,153.0,1990.0,-37.88009,145.22736
3,u,622000.0,S,14.7,3.0,1.0,1.0,137.0,71.0,2012.0,-37.87615,145.23192
3,h,826000.0,S,21.1,3.0,2.0,0.0,830.0,135.0,1975.0,-37.75079,145.20617
4,h,1265000.0,S,21.5,4.0,2.0,2.0,604.0,,,-38.01347,145.12675
2,u,604000.0,S,14.5,2.0,1.0,1.0,151.0,,,-37.71298,145.08115
2,u,655000.0,S,14.5,2.0,1.0,1.0,298.0,98.0,1975.0,-37.71098,145.08926
3,h,740000.0,SP,14.5,4.0,1.0,2.0,909.0,,,-37.70255,145.08578
3,h,505000.0,SP,14.7,3.0,2.0,4.0,557.0,116.0,1987.0,-37.87975,144.66459
3,h,570000.0,S,14.7,3.0,1.0,3.0,909.0,,1965.0,-37.89074,144.65677
3,h,453000.0,S,14.7,3.0,1.0,3.0,575.0,,,-37.87628,144.66481000000005
2,h,335000.0,S,14.7,2.0,1.0,1.0,190.0,113.0,1980.0,-37.90423,144.67008
1,h,280000.0,VB,6.4,1.0,1.0,1.0,45.0,,1970.0,-37.80728,144.86702
4,h,955000.0,S,6.4,4.0,1.0,3.0,459.0,,,-37.79433,144.88001
3,t,700000.0,S,6.4,3.0,2.0,2.0,125.0,131.0,2013.0,-37.80735,144.87361
1,u,380000.0,SP,3.1,1.0,1.0,0.0,68.0,,,-37.81096,144.95147
4,h,1900000.0,VB,3.1,4.0,1.0,2.0,168.0,,,-37.80884,144.95291
3,h,800000.0,S,16.5,3.0,2.0,2.0,898.0,142.0,1985.0,-37.67823,144.90001999999996
5,h,1090000.0,S,16.7,5.0,2.0,2.0,698.0,246.0,1978.0,-37.8921,145.19118
4,h,1920000.0,SP,6.8,4.0,2.0,0.0,388.0,178.0,1900.0,-37.86159,144.89926
4,h,530000.0,SP,25.5,4.0,2.0,2.0,448.0,155.0,2011.0,-37.61944,145.01243
3,h,982500.0,S,6.3,3.0,2.0,2.0,444.0,122.0,1945.0,-37.81662,144.866
3,h,1400000.0,S,6.3,3.0,3.0,6.0,668.0,,1990.0,-37.81381,144.87438
3,h,1042000.0,SP,6.3,3.0,1.0,1.0,358.0,,,-37.82116,144.89181000000005
3,h,1230000.0,S,6.3,3.0,1.0,2.0,433.0,144.0,1880.0,-37.81183,144.88568999999995
3,h,1005000.0,S,6.3,3.0,1.0,2.0,451.0,,,-37.81796,144.8681
2,h,911000.0,S,3.0,2.0,1.0,0.0,141.0,,,-37.80586,144.99499
2,h,1190000.0,S,3.0,2.0,2.0,1.0,147.0,175.0,2000.0,-37.80269000000001,145.0001
3,h,2050000.0,SP,7.5,3.0,2.0,6.0,402.0,,,-37.76027,144.88953999999995
3,h,1680000.0,SP,7.5,3.0,2.0,2.0,673.0,136.0,1965.0,-37.76316,144.89799
1,u,280000.0,VB,7.5,1.0,1.0,1.0,0.0,,1970.0,-37.75875,144.9027
1,u,310000.0,S,7.5,1.0,1.0,1.0,1715.0,,1970.0,-37.75882,144.9027
5,h,1472000.0,S,7.5,5.0,3.0,2.0,486.0,,,-37.76111,144.89845
2,u,454000.0,S,10.4,2.0,1.0,1.0,182.0,,1985.0,-37.72158,144.8801
3,h,1005000.0,SP,11.0,3.0,1.0,2.0,636.0,,,-37.86317,144.83927
4,t,820000.0,SP,11.0,4.0,2.0,2.0,288.0,,1970.0,-37.87171,144.81273000000004
4,h,1360000.0,S,11.0,4.0,2.0,4.0,615.0,,,-37.87057,144.83623
3,h,950000.0,SP,11.0,3.0,1.0,1.0,399.0,,,-37.87115,144.8189
3,h,620000.0,S,15.5,3.0,1.0,2.0,466.0,107.0,1975.0,-37.87019,144.7843
3,h,830000.0,SP,9.4,3.0,2.0,2.0,529.0,130.0,1965.0,-37.84107,144.84179
3,h,730000.0,S,9.4,3.0,1.0,1.0,276.0,,,-37.82787,144.84364
4,h,805000.0,S,9.4,4.0,2.0,5.0,562.0,146.0,1950.0,-37.84384,144.84637
2,h,510000.0,S,9.4,2.0,1.0,1.0,170.0,100.0,2001.0,-37.83658,144.86199
3,h,645000.0,S,12.8,3.0,1.0,1.0,603.0,,,-37.78104,144.80357
2,u,486000.0,S,6.3,2.0,1.0,2.0,0.0,63.0,1960.0,-37.85549,145.0163
3,t,855000.0,S,4.3,3.0,1.0,2.0,159.0,129.0,2011.0,-37.78329,144.91842
2,h,1035000.0,S,4.3,2.0,1.0,1.0,319.0,117.0,1900.0,-37.77266,144.9131
3,h,1310000.0,S,4.3,3.0,1.0,2.0,523.0,,,-37.77255,144.91213
4,h,1450000.0,S,10.2,4.0,2.0,1.0,803.0,154.0,1965.0,-37.86162,145.11042
3,t,1060000.0,S,10.2,3.0,2.0,2.0,343.0,1.0,2000.0,-37.86324000000001,145.10289
3,h,970000.0,VB,21.5,4.0,2.0,2.0,612.0,154.0,1960.0,-38.01596,145.09932
4,h,840000.0,VB,21.5,4.0,2.0,2.0,383.0,,,-38.01958,145.12356
4,h,665000.0,PI,9.5,4.0,1.0,1.0,538.0,,,-37.76518,144.85621
3,h,750000.0,PI,9.5,3.0,1.0,2.0,561.0,103.0,1990.0,-37.7528,144.85585
5,h,800000.0,VB,9.5,5.0,2.0,3.0,577.0,166.0,1985.0,-37.75261,144.85631
2,u,800000.0,S,7.9,2.0,1.0,1.0,0.0,,1960.0,-37.81675,145.07716000000005
5,h,2400000.0,VB,7.9,5.0,3.0,2.0,785.0,,,-37.81161,145.07622
5,h,2400000.0,VB,9.7,5.0,4.0,2.0,742.0,262.0,1980.0,-37.80218,145.10063
3,h,2668000.0,S,9.7,3.0,1.0,2.0,939.0,,,-37.79494,145.06382
4,h,1750000.0,S,9.7,4.0,1.0,2.0,683.0,,,-37.80275,145.08411999999996
4,h,1850000.0,SA,9.7,4.0,4.0,3.0,929.0,266.0,1960.0,-37.79497,145.10538
4,h,670000.0,SP,39.0,4.0,2.0,2.0,900.0,244.0,2005.0,-38.05614,145.38464
3,t,1850000.0,PI,17.3,3.0,3.0,2.0,252.0,203.0,2007.0,-37.98453,145.02659
2,h,906000.0,S,8.8,2.0,1.0,1.0,617.0,109.98,1960.0,-37.7528,145.04443999999995
3,h,1640000.0,S,11.4,3.0,1.0,3.0,585.0,,,-37.91722,145.04836
3,h,1610000.0,S,11.4,3.0,2.0,2.0,672.0,,,-37.92768,145.04268000000005
2,u,410000.0,PI,11.4,2.0,1.0,1.0,834.0,75.0,1967.0,-37.91627,145.03892
5,h,1500000.0,PI,11.4,5.0,2.0,2.0,591.0,188.0,1950.0,-37.92211,145.0466
2,u,860000.0,S,13.8,2.0,1.0,1.0,230.0,,1990.0,-37.9236,145.05913
4,h,775000.0,VB,35.2,4.0,2.0,2.0,520.0,,,-38.06486,145.35031
3,h,755000.0,S,35.2,3.0,2.0,2.0,840.0,,,-38.02621,145.34635
3,h,1020000.0,PI,13.4,3.0,1.0,4.0,624.0,,,-37.81112,145.14043
3,h,874000.0,S,13.4,3.0,2.0,1.0,232.0,103.0,2014.0,-37.83574,145.14866
3,t,560000.0,S,8.6,3.0,1.0,1.0,158.0,137.0,2002.0,-37.78893,144.84652
2,u,620000.0,S,10.3,2.0,1.0,1.0,972.0,,,-37.93171,145.03041000000005
3,h,1500000.0,S,10.3,3.0,2.0,1.0,279.0,,1990.0,-37.9135,145.00846
1,h,1100000.0,VB,14.0,1.0,1.0,1.0,1312.0,,,-37.6821,144.92773
3,h,450000.0,S,14.0,3.0,1.0,1.0,0.0,100.0,1960.0,-37.6841,144.92818
3,h,560000.0,S,14.0,3.0,1.0,1.0,639.0,,,-37.69142,144.93025
3,h,1120000.0,S,5.2,3.0,1.0,1.0,322.0,107.0,1920.0,-37.75887,144.97326
2,h,1110000.0,S,5.2,2.0,1.0,0.0,196.0,101.0,1922.0,-37.75815,144.97366
3,h,1260000.0,S,5.2,3.0,2.0,1.0,470.0,,,-37.7556,144.95729
4,h,1790000.0,S,5.2,4.0,3.0,6.0,733.0,238.0,1950.0,-37.759,144.96623
1,u,390500.0,SP,4.0,1.0,1.0,1.0,0.0,49.0,2011.0,-37.77883,144.9776
4,h,800000.0,SP,12.1,4.0,1.0,1.0,535.0,132.0,,-37.69847,145.0601
5,h,999000.0,S,12.1,5.0,2.0,2.0,627.0,268.0,1991.0,-37.69264,145.0799
3,h,680000.0,S,12.1,3.0,1.0,3.0,539.0,,,-37.7015,145.07548
4,h,750000.0,PI,14.8,4.0,2.0,2.0,447.0,,,-37.75637,144.77983
3,h,1830000.0,S,7.7,3.0,2.0,4.0,605.0,,,-37.83856,145.08602
3,h,920000.0,S,1.6,3.0,1.0,0.0,98.0,,,-37.79633,144.97269
3,h,1400000.0,VB,3.5,3.0,2.0,0.0,107.0,,,-37.79213,144.97207
2,u,796000.0,S,10.1,2.0,1.0,2.0,0.0,86.0,1975.0,-37.88415,145.0514
2,h,1630000.0,S,10.1,2.0,1.0,1.0,618.0,,,-37.89347,145.04772
3,h,1050000.0,VB,10.1,3.0,1.0,2.0,184.0,133.0,1990.0,-37.90017,145.05812
3,h,825000.0,S,31.2,3.0,2.0,1.0,355.0,,,-38.07196,145.13036
2,u,610000.0,PI,7.8,2.0,1.0,1.0,816.0,88.0,2007.0,-37.86068,145.01121
3,t,977500.0,S,11.7,3.0,3.0,3.0,209.0,,2012.0,-37.88923,145.0964
2,u,639000.0,S,27.0,2.0,1.0,2.0,278.0,104.0,1980.0,-38.04602,145.1191
4,h,1138000.0,S,17.9,4.0,2.0,1.0,536.0,,,-37.96768,145.07966000000005
3,h,1050000.0,PI,17.9,3.0,1.0,2.0,539.0,169.0,1970.0,-37.97223,145.07895
2,u,640000.0,SA,3.6,2.0,2.0,1.0,533.0,110.0,2011.0,-37.79443,144.99944
3,h,1285000.0,S,6.7,3.0,1.0,2.0,579.0,143.0,1930.0,-37.74482,144.97499
3,h,890000.0,S,6.7,3.0,2.0,2.0,190.0,,2015.0,-37.74978,144.97738
2,h,1080000.0,S,2.0,2.0,1.0,0.0,0.0,94.0,1890.0,-37.79589,144.98863
6,h,1000000.0,S,20.6,6.0,3.0,2.0,752.0,40.0,,-37.57186,144.93495
3,h,607500.0,S,20.6,3.0,2.0,2.0,654.0,185.0,1999.0,-37.6038,144.9226
3,h,500000.0,S,20.6,3.0,2.0,2.0,448.0,150.0,2008.0,-37.58242,144.93001
3,h,515000.0,S,20.6,3.0,2.0,2.0,490.0,122.25,,-37.58025,144.92088
3,h,510000.0,S,20.6,3.0,2.0,2.0,350.0,161.0,2014.0,-37.56883,144.90887
4,h,592500.0,S,20.6,4.0,2.0,2.0,448.0,188.0,2011.0,-37.57635,144.91151000000005
4,h,595000.0,S,20.6,4.0,2.0,2.0,420.0,,2015.0,-37.59386,144.90008999999995
3,h,1005000.0,S,23.0,3.0,1.0,1.0,1018.0,,,-37.79327,145.28351999999995
3,h,669000.0,S,24.7,3.0,1.0,1.0,713.0,145.0,1960.0,-37.98997,145.2254
3,h,880000.0,S,24.7,3.0,2.0,10.0,734.0,,,-37.96969,145.21043
3,h,560000.0,S,24.7,3.0,1.0,2.0,630.0,,,-37.96543,145.20338999999996
5,h,895000.0,S,24.7,5.0,2.0,4.0,779.0,186.0,1970.0,-37.94465,145.21236000000005
2,h,710000.0,S,7.9,2.0,1.0,2.0,1533.0,,,-37.81143,145.07108
3,h,572000.0,S,14.8,3.0,3.0,6.0,585.0,,,-37.75907,144.75923999999995
4,h,505000.0,S,18.0,4.0,2.0,2.0,344.0,105.9,1995.0,-37.719,144.76699
3,h,550000.0,PI,18.0,3.0,2.0,2.0,668.0,,,-37.72589,144.77991
5,h,1530000.0,S,12.4,5.0,3.0,2.0,851.0,215.0,1975.0,-37.78109,145.13745
3,t,816000.0,S,14.3,3.0,1.0,2.0,0.0,121.0,2010.0,-37.78738,145.16033000000004
4,h,1385000.0,S,14.3,4.0,3.0,2.0,417.0,203.0,1980.0,-37.79223,145.14606
3,h,900000.0,PI,16.1,3.0,1.0,2.0,726.0,,,-37.80279,145.19974
2,h,472500.0,S,28.8,2.0,1.0,2.0,590.0,74.0,1960.0,-37.99715,145.23526
1,u,895000.0,S,1.3,1.0,1.0,1.0,0.0,60.0,1990.0,-37.81177,144.97617
2,u,724000.0,S,27.0,2.0,1.0,2.0,224.0,104.0,2000.0,-38.0371,145.11717
3,h,1975000.0,S,7.2,3.0,2.0,2.0,458.0,165.0,1900.0,-37.88148,145.00538999999995
3,t,1200000.0,S,7.2,3.0,1.0,2.0,1405.0,117.0,1965.0,-37.88065,145.01112
3,t,751000.0,SP,18.0,3.0,2.0,2.0,247.0,,2009.0,-37.70318,145.16467
2,u,635000.0,S,7.2,2.0,1.0,1.0,371.0,,,-37.87872,144.98894
2,u,630000.0,S,7.2,2.0,1.0,1.0,637.0,73.0,1970.0,-37.88374,144.98518
2,u,730000.0,S,7.2,2.0,2.0,1.0,0.0,,2013.0,-37.88678,144.98855
4,h,600000.0,S,19.6,4.0,2.0,2.0,500.0,,,-37.62756,145.03364
3,h,410000.0,SP,19.6,3.0,1.0,1.0,216.0,,,-37.64151,145.02265
3,h,545000.0,S,19.6,3.0,1.0,2.0,400.0,,,-37.62894,145.00977
3,h,1620000.0,S,7.5,3.0,1.0,1.0,393.0,,,-37.75769,144.91051000000004
1,u,326000.0,S,7.5,1.0,1.0,1.0,0.0,,,-37.75547,144.91326999999995
3,h,1535000.0,S,8.2,3.0,1.0,2.0,811.0,152.0,1925.0,-37.7384,144.90485
2,h,830000.0,PI,13.1,2.0,1.0,1.0,779.0,102.0,1950.0,-37.71532,144.96508
3,h,740000.0,SP,24.8,3.0,1.0,2.0,968.0,118.0,1955.0,-37.88523,145.28553
2,u,505000.0,SP,3.4,2.0,1.0,1.0,0.0,,,-37.78257,144.93106
2,u,430000.0,PI,5.1,2.0,1.0,1.0,1909.0,110.0,2007.0,-37.79919,144.89607
3,h,900000.0,PI,5.1,3.0,1.0,3.0,312.0,106.0,1880.0,-37.79334,144.89128
4,h,1000000.0,SA,5.1,4.0,2.0,1.0,180.0,206.0,1994.0,-37.79686,144.908
4,h,891000.0,S,5.1,4.0,1.0,3.0,446.0,101.7,1920.0,-37.79221,144.89076
3,h,742000.0,S,15.4,3.0,1.0,1.0,404.0,,,-37.83792,145.16573
3,h,1011000.0,S,15.4,3.0,1.0,1.0,590.0,114.0,1960.0,-37.84308,145.168
4,h,600500.0,S,38.0,4.0,2.0,2.0,580.0,,,-38.13805,145.16668
3,h,665000.0,S,38.0,3.0,1.0,1.0,642.0,,,-38.16762,145.13545
3,h,645000.0,S,12.9,3.0,1.0,1.0,556.0,,,-37.69584,144.89379
3,h,627000.0,SP,12.9,3.0,1.0,2.0,573.0,,,-37.69148,144.89873
2,u,580000.0,VB,7.3,2.0,1.0,1.0,200.0,62.0,1970.0,-37.85743,145.0468
2,u,519500.0,S,7.3,2.0,1.0,1.0,1101.0,73.0,1970.0,-37.85724,145.04681000000005
2,u,656000.0,S,16.7,2.0,1.0,1.0,345.0,120.0,2012.0,-37.89919,145.14856
2,u,730000.0,PI,16.7,2.0,1.0,1.0,235.0,,,-37.89017,145.1652
5,h,1182000.0,S,16.7,5.0,2.0,3.0,650.0,152.0,1975.0,-37.90383,145.17166
4,u,1500000.0,PI,16.7,4.0,2.0,2.0,248.0,,,-37.88425,145.17031
3,h,1800000.0,S,16.7,3.0,1.0,1.0,729.0,,,-37.86954,145.16429
5,h,1832000.0,S,16.7,5.0,2.0,2.0,803.0,,,-37.87942,145.17668
3,u,1000000.0,PI,16.7,3.0,2.0,2.0,365.0,124.0,1996.0,-37.88599,145.17031
2,u,493000.0,S,11.2,2.0,1.0,2.0,201.0,201.0,2000.0,-37.70691,144.90934
3,h,940000.0,SP,11.2,3.0,2.0,5.0,627.0,173.0,1960.0,-37.70198,144.92166
2,u,435000.0,S,11.2,2.0,1.0,1.0,144.0,73.0,2010.0,-37.70628,144.92379
3,h,725000.0,S,16.1,3.0,2.0,2.0,672.0,,,-37.68989000000001,145.10698
3,h,476500.0,SP,20.4,3.0,1.0,1.0,321.0,,,-37.63995,144.89022
4,h,741000.0,S,11.2,4.0,1.0,2.0,652.0,158.0,1960.0,-37.70542,144.95127
3,h,550000.0,S,11.2,3.0,1.0,2.0,325.0,100.0,1950.0,-37.70325,144.94756999999996
3,h,1930000.0,S,13.8,3.0,2.0,2.0,720.0,,,-37.94229,145.01306
3,t,1405000.0,S,13.8,3.0,2.0,2.0,220.0,139.0,2014.0,-37.93487,145.00093
2,u,500000.0,VB,5.3,2.0,1.0,1.0,2338.0,,,-37.83032,145.03898999999996
2,u,520000.0,VB,6.2,2.0,1.0,1.0,0.0,,,-37.84139,145.05045
4,h,1270500.0,S,21.3,4.0,2.0,3.0,801.0,180.0,1957.0,-37.82734,145.24487
3,h,751000.0,SP,21.3,3.0,1.0,2.0,693.0,129.0,1950.0,-37.82536,145.24893
3,h,1515000.0,SP,8.9,3.0,1.0,3.0,827.0,,1950.0,-37.74776,145.06217
2,h,735000.0,S,8.8,2.0,1.0,4.0,600.0,,,-37.74798,145.03765
4,h,590000.0,S,8.8,4.0,2.0,2.0,409.0,,,-37.74033,145.03696000000005
3,h,1460000.0,S,16.0,3.0,2.0,2.0,725.0,,,-37.95008,145.03203
4,h,1535000.0,S,16.0,4.0,2.0,2.0,719.0,719.0,1998.0,-37.94999,145.03122
4,h,700000.0,PI,18.0,4.0,2.0,4.0,788.0,236.0,1995.0,-37.68974,144.75225
3,h,520000.0,S,18.4,3.0,1.0,0.0,609.0,109.0,1986.0,-37.86991,144.68607
4,h,650000.0,SP,18.4,4.0,2.0,2.0,680.0,205.0,1985.0,-37.86821,144.69566
4,h,576000.0,S,18.4,4.0,2.0,1.0,570.0,,,-37.87185,144.68931
2,u,472000.0,S,12.3,2.0,1.0,1.0,0.0,70.0,1970.0,-37.89369,145.08354
2,t,880000.0,S,7.8,2.0,1.0,2.0,229.0,113.0,2005.0,-37.7651,145.03452
4,t,985000.0,VB,7.8,4.0,3.0,2.0,181.0,154.0,2016.0,-37.76758,145.03883000000005
3,h,528000.0,SP,14.0,3.0,1.0,3.0,588.0,92.0,1960.0,-37.68306,144.90928
4,h,590000.0,SP,14.0,4.0,2.0,2.0,617.0,,,-37.7364,144.82556
3,h,918000.0,S,11.7,3.0,2.0,2.0,669.0,166.0,2000.0,-37.73936,144.85873999999995
3,t,777000.0,S,11.7,3.0,2.0,1.0,300.0,,1950.0,-37.73421,144.86831999999995
4,h,880000.0,S,11.7,4.0,1.0,1.0,534.0,,,-37.74807,144.86927
2,u,591000.0,S,5.4,2.0,1.0,2.0,0.0,90.0,1887.0,-37.79413,145.02382
3,h,565000.0,S,14.0,3.0,2.0,3.0,543.0,106.9,1980.0,-37.72765,144.78107
4,h,362000.0,SP,31.7,4.0,2.0,2.0,685.0,141.0,1970.0,-37.67277,144.59643
3,h,330000.0,SP,31.7,3.0,1.0,1.0,654.0,,,-37.67195,144.5788
3,h,798000.0,SA,16.3,3.0,1.0,2.0,806.0,,1964.0,-37.66871,145.01
3,h,560000.0,S,16.3,3.0,1.0,2.0,535.0,104.0,1970.0,-37.6615,145.02761
3,u,447000.0,S,41.0,3.0,1.0,2.0,230.0,102.0,2002.0,-38.16404,145.18781
4,h,900000.0,S,41.0,4.0,2.0,6.0,2026.0,,,-38.15575,145.19516000000004
3,h,681000.0,SP,6.4,3.0,1.0,2.0,523.0,93.82,1950.0,-37.78242,144.86955
3,h,1005000.0,S,6.4,3.0,1.0,5.0,653.0,109.0,1930.0,-37.78639,144.88214
2,h,468000.0,S,6.4,2.0,1.0,2.0,312.0,89.0,1990.0,-37.78353,144.87233
2,h,650000.0,S,6.4,2.0,1.0,2.0,249.0,,,-37.78891,144.87114
3,h,1638000.0,S,8.4,3.0,1.0,1.0,697.0,,,-37.88354,145.07536000000005
3,t,640000.0,S,4.3,3.0,2.0,2.0,91.0,132.0,2000.0,-37.77449,144.88011
2,u,410000.0,VB,4.3,2.0,1.0,2.0,0.0,,,-37.77117,144.88041
3,u,420000.0,S,17.4,3.0,1.0,1.0,658.0,94.0,1990.0,-37.64821,144.92526999999995
3,h,375000.0,S,29.8,3.0,1.0,2.0,584.0,,1983.0,-37.71211,144.57703999999995
3,h,326000.0,S,29.8,3.0,1.0,1.0,611.0,115.0,1985.0,-37.69467,144.57827
3,h,400000.0,SP,29.8,3.0,2.0,2.0,800.0,,,-37.71691,144.57108
3,h,412250.0,S,29.8,3.0,1.0,2.0,592.0,,,-37.70056,144.57125
3,h,371500.0,S,31.7,3.0,2.0,0.0,582.0,,,-37.6773,144.565
3,h,725000.0,S,17.9,3.0,2.0,2.0,602.0,129.0,1980.0,-37.66916,145.06912
3,h,1101000.0,S,17.2,3.0,1.0,2.0,774.0,132.6,1950.0,-37.80588,145.1981
4,t,926000.0,S,17.2,4.0,3.0,2.0,374.0,170.0,2000.0,-37.81521,145.18726999999996
1,u,362000.0,S,6.2,1.0,1.0,1.0,0.0,55.0,2015.0,-37.77149,144.91552
1,u,309000.0,S,21.5,1.0,1.0,1.0,57.0,42.0,1978.0,-38.00331,145.09425
3,h,1267000.0,S,14.2,3.0,2.0,4.0,714.0,,,-37.89289,145.11501
2,u,611000.0,S,14.2,2.0,1.0,1.0,161.0,82.0,1970.0,-37.8837,145.11526
4,h,1750000.0,SP,14.2,4.0,2.0,2.0,766.0,,,-37.88043,145.13062
3,h,755000.0,S,18.8,3.0,2.0,2.0,197.0,132.0,2005.0,-37.92285,145.18549
3,h,862000.0,S,18.8,3.0,2.0,2.0,246.0,3.0,2002.0,-37.92829,145.19647
3,h,815500.0,S,18.8,3.0,2.0,2.0,434.0,104.0,1960.0,-37.93228,145.15827
3,h,1100000.0,VB,6.2,3.0,2.0,3.0,449.0,154.3,1940.0,-37.84769,144.87667
4,h,1130000.0,SP,10.4,4.0,2.0,2.0,650.0,163.0,1975.0,-37.73435,144.8768
4,h,1006000.0,S,10.4,4.0,2.0,1.0,270.0,178.74,2008.0,-37.74266,144.88577
2,u,445000.0,S,22.7,2.0,1.0,3.0,197.0,82.0,1998.0,-37.96903,145.18999
3,h,650000.0,SP,22.7,3.0,1.0,1.0,603.0,130.0,1970.0,-37.96318,145.18962
2,u,465000.0,SP,1.8,2.0,1.0,1.0,0.0,53.0,2010.0,-37.79831,144.94261
3,h,1290000.0,PI,5.3,3.0,2.0,1.0,196.0,,1910.0,-37.77651,144.99074
3,h,1335000.0,S,5.3,3.0,1.0,1.0,390.0,112.0,1920.0,-37.76588,144.99731
1,u,352500.0,S,5.3,1.0,1.0,1.0,1279.0,,,-37.7662,144.99907
3,h,1875000.0,S,5.3,3.0,1.0,2.0,771.0,,1950.0,-37.76631,145.01699
4,h,1390000.0,S,15.5,4.0,2.0,2.0,558.0,243.0,2010.0,-37.91917,145.08807
4,h,643500.0,S,47.3,4.0,2.0,2.0,600.0,300.0,2010.0,-38.07583,145.43698
2,u,541000.0,S,8.5,2.0,1.0,1.0,133.0,,,-37.72136,144.92932
2,t,510000.0,PI,8.5,2.0,1.0,1.0,129.0,88.3,2012.0,-37.71865,144.95018000000005
2,u,550000.0,SP,8.5,2.0,1.0,1.0,164.0,80.7,2008.0,-37.72219000000001,144.92559
2,u,580000.0,S,8.5,2.0,1.0,1.0,103.0,111.0,2010.0,-37.72773,144.92628
2,u,706000.0,S,8.5,2.0,1.0,1.0,205.0,,1998.0,-37.72998,144.94138
2,u,559000.0,S,3.5,2.0,1.0,1.0,712.0,,1968.0,-37.83529,144.93749
2,u,570000.0,VB,4.6,2.0,2.0,1.0,0.0,,,-37.85973,145.00925
1,u,250000.0,PI,8.4,1.0,1.0,1.0,631.0,34.0,1965.0,-37.74495,144.99322
1,u,392000.0,S,8.4,1.0,1.0,1.0,629.0,41.0,1965.0,-37.74144,144.99326000000005
1,u,505000.0,SP,8.4,1.0,1.0,1.0,102.0,43.0,2000.0,-37.74679,145.01394
3,h,980000.0,S,8.4,3.0,1.0,3.0,397.0,107.0,1925.0,-37.73724,145.00984
2,u,495000.0,S,12.0,2.0,1.0,1.0,134.0,,2013.0,-37.7216,145.0178
2,h,320000.0,PI,12.0,2.0,1.0,1.0,89.0,65.0,1965.0,-37.71766,145.00132
2,t,617500.0,SP,12.0,2.0,2.0,1.0,0.0,114.0,2010.0,-37.73012,145.02652
5,h,1282500.0,SA,12.0,5.0,2.0,2.0,499.0,251.0,2015.0,-37.72556,144.99021000000005
4,h,760500.0,S,12.0,4.0,1.0,2.0,846.0,,,-37.70559,144.9902
2,u,419000.0,S,2.4,2.0,1.0,1.0,3512.0,51.0,2011.0,-37.81828,144.99788999999996
3,h,1590000.0,S,2.4,3.0,2.0,1.0,83.0,,,-37.82458,144.99767
2,u,592000.0,SP,2.4,2.0,2.0,2.0,2044.0,,,-37.817,144.99553999999995
2,u,1667500.0,S,2.4,2.0,2.0,2.0,92.0,141.0,1940.0,-37.82324000000001,144.99174
2,u,685000.0,SP,2.4,2.0,2.0,1.0,0.0,77.0,2011.0,-37.813,144.99303
3,h,882500.0,S,19.9,3.0,2.0,2.0,918.0,145.0,1975.0,-37.794,145.24636
3,h,910000.0,S,19.9,3.0,2.0,2.0,651.0,162.0,1977.0,-37.79638,145.24268
3,h,777000.0,S,21.3,3.0,2.0,2.0,502.0,,,-37.82268,145.25058
3,h,510000.0,S,20.6,3.0,2.0,2.0,523.0,,2000.0,-37.63528,144.93117
3,h,1651000.0,S,15.2,3.0,2.0,1.0,390.0,125.0,1950.0,-37.95035,145.01571
2,u,770000.0,S,15.2,2.0,1.0,1.0,208.0,,1970.0,-37.95265,145.02045
4,h,1040000.0,S,22.2,4.0,2.0,2.0,1134.0,152.0,1970.0,-37.89496,145.23404
4,h,1120000.0,S,22.2,4.0,2.0,2.0,960.0,179.0,1985.0,-37.88992,145.22123
3,u,886000.0,S,5.1,3.0,2.0,2.0,0.0,,2005.0,-37.80618,144.89057
3,h,601000.0,S,20.5,3.0,2.0,2.0,454.0,,,-37.63556,145.06679
4,h,810000.0,S,20.5,4.0,2.0,2.0,639.0,,,-37.63947,145.08562
5,h,945000.0,SA,20.5,5.0,3.0,4.0,700.0,,,-37.62166,145.06747
3,h,500000.0,SA,20.5,3.0,2.0,2.0,330.0,118.0,2008.0,-37.64027,145.08745
2,u,747500.0,S,2.7,2.0,1.0,1.0,0.0,,,-37.83564000000001,144.97728999999995
1,u,420000.0,S,2.7,1.0,1.0,1.0,0.0,43.0,1960.0,-37.83547,144.98844
2,u,460000.0,VB,2.7,2.0,2.0,0.0,0.0,63.0,2014.0,-37.83863,144.99379
2,u,1340000.0,S,2.7,2.0,2.0,2.0,0.0,133.0,1995.0,-37.84018,145.00265
2,u,580000.0,S,20.8,2.0,2.0,2.0,155.0,89.25,,-37.94302,145.15478000000004
3,h,700000.0,PI,22.2,3.0,1.0,2.0,638.0,105.0,1980.0,-37.98031,145.15497
3,h,627000.0,PI,14.0,3.0,1.0,3.0,581.0,,,-37.73348,144.79564
1,u,360000.0,S,5.0,1.0,1.0,1.0,0.0,49.0,1971.0,-37.87223,144.98046000000005
2,u,530000.0,SA,5.0,2.0,1.0,0.0,0.0,,,-37.86756,144.98303
2,u,533000.0,S,5.0,2.0,1.0,1.0,463.0,,1960.0,-37.86761,144.98337
3,h,1180000.0,PI,5.0,3.0,2.0,1.0,128.0,,,-37.86545,144.98126000000005
4,h,1220000.0,S,8.2,4.0,1.0,2.0,750.0,185.0,1960.0,-37.73051,144.91731
3,h,500000.0,S,31.7,3.0,1.0,3.0,678.0,127.0,1975.0,-37.56935,144.7241
3,h,438000.0,S,31.7,3.0,1.0,4.0,606.0,96.0,1994.0,-37.57532,144.71058
3,h,910000.0,PI,10.5,3.0,1.0,3.0,703.0,,1950.0,-37.79337,144.8418
4,t,650000.0,SP,10.5,4.0,2.0,1.0,283.0,181.6,2005.0,-37.76508,144.83629
3,h,595000.0,SA,10.5,3.0,1.0,0.0,557.0,,,-37.76812,144.82528
3,h,710000.0,VB,10.5,3.0,1.0,2.0,697.0,,,-37.78666,144.8109
3,t,615000.0,PI,10.5,3.0,2.0,1.0,358.0,27.0,1999.0,-37.79573,144.79311
4,h,859000.0,S,10.5,4.0,2.0,2.0,699.0,,,-37.78945,144.80062
3,h,2225000.0,SA,10.2,3.0,1.0,2.0,829.0,,,-37.83273,145.08812
2,h,1950000.0,VB,10.2,2.0,1.0,1.0,858.0,,,-37.82559000000001,145.11236
4,h,2550000.0,VB,10.2,4.0,2.0,2.0,861.0,,,-37.82611,145.0911
2,u,830000.0,SP,10.2,2.0,1.0,1.0,180.0,,,-37.82794000000001,145.09332
4,h,740000.0,S,18.0,4.0,2.0,2.0,1017.0,156.0,2000.0,-37.69106,144.75853999999995
3,h,620000.0,S,18.0,3.0,2.0,2.0,360.0,,2000.0,-37.70686,144.76989
4,h,463500.0,S,18.4,4.0,2.0,2.0,371.0,156.0,2006.0,-37.867,144.65618
3,h,530000.0,S,18.4,3.0,2.0,2.0,400.0,153.0,2009.0,-37.83353,144.67324
3,h,446000.0,S,18.4,3.0,2.0,2.0,326.0,162.0,2012.0,-37.85037,144.66179
3,h,520000.0,S,18.0,3.0,2.0,2.0,389.0,161.0,2005.0,-37.71364000000001,144.76031
3,h,530000.0,SP,18.0,3.0,2.0,1.0,343.0,119.0,2011.0,-37.7117,144.75204
5,h,725500.0,S,18.0,5.0,3.0,2.0,450.0,260.0,2011.0,-37.71152,144.75283000000005
4,h,688000.0,S,15.5,4.0,2.0,1.0,645.0,,,-37.70841,144.79699
3,h,630000.0,S,15.5,3.0,2.0,1.0,655.0,,,-37.70894000000001,144.80205
4,h,800000.0,VB,15.5,4.0,3.0,6.0,876.0,,,-37.6899,144.78346000000005
3,h,760000.0,VB,15.5,3.0,3.0,2.0,654.0,,,-37.69394000000001,144.7795
3,t,502000.0,S,15.5,3.0,2.0,2.0,198.0,143.0,2004.0,-37.69503,144.77868999999995
4,h,1275000.0,PI,15.5,4.0,2.0,2.0,812.0,33.0,,-37.7584,145.16128
5,h,1300000.0,PI,15.5,5.0,3.0,3.0,767.0,,,-37.76084,145.12675
4,h,1215000.0,S,12.4,4.0,2.0,4.0,729.0,240.0,1970.0,-37.76846,145.11183
4,h,1320000.0,PI,12.4,4.0,2.0,2.0,774.0,,,-37.76941,145.12123
2,t,731000.0,S,12.4,2.0,1.0,1.0,217.0,115.0,2005.0,-37.75671,145.11401
3,h,651000.0,SA,15.3,3.0,1.0,2.0,526.0,116.0,1970.0,-37.68164,144.99768999999995
3,h,631000.0,S,15.3,3.0,1.0,2.0,584.0,121.0,1965.0,-37.6819,145.02293999999995
3,h,715500.0,S,15.3,3.0,1.0,2.0,685.0,,,-37.68107,145.03393
3,h,1110000.0,SP,7.0,3.0,1.0,0.0,396.0,113.0,1930.0,-37.75358,144.98533999999995
2,u,735000.0,SP,4.1,2.0,1.0,1.0,0.0,84.0,1935.0,-37.83241,145.00705
2,u,920000.0,S,4.1,2.0,2.0,1.0,0.0,,,-37.84139,145.00678
1,u,350000.0,VB,4.1,2.0,1.0,1.0,0.0,,1970.0,-37.84157,145.00468999999995
3,h,822000.0,S,12.9,3.0,1.0,1.0,778.0,112.0,1960.0,-37.70321,144.87972
3,h,988000.0,S,17.2,3.0,1.0,1.0,653.0,119.0,1970.0,-37.84034000000001,145.2022
3,h,855000.0,S,14.7,3.0,1.0,2.0,730.0,,,-37.86288,145.25077
3,t,630000.0,S,14.7,3.0,1.0,2.0,169.0,141.0,2001.0,-37.87345,145.22973000000005
3,h,830000.0,S,14.5,3.0,1.0,1.0,598.0,104.4,1975.0,-37.717,145.08891
3,h,710000.0,S,14.5,3.0,1.0,2.0,600.0,115.0,1974.0,-37.69872,145.08743
3,h,850000.0,S,14.5,3.0,1.0,2.0,766.0,,,-37.69821,145.08995
3,h,383000.0,S,14.7,3.0,1.0,2.0,548.0,95.0,1960.0,-37.8889,144.65743999999995
4,h,463000.0,S,14.7,4.0,2.0,2.0,358.0,148.0,2012.0,-37.91807,144.63816
3,h,471500.0,S,14.7,3.0,1.0,2.0,530.0,,,-37.89415,144.64143
3,h,412500.0,S,14.7,3.0,1.0,1.0,583.0,,1980.0,-37.88702,144.66101
3,h,452000.0,SP,14.7,3.0,1.0,3.0,567.0,121.0,1980.0,-37.88666,144.66149
4,h,665000.0,S,14.7,4.0,2.0,2.0,520.0,201.0,2014.0,-37.91859,144.64143
3,h,485000.0,SP,14.7,3.0,1.0,1.0,633.0,88.0,1960.0,-37.89444,144.65591
4,h,510000.0,SP,14.7,4.0,2.0,1.0,531.0,147.0,2003.0,-37.89556,144.64268
3,h,850000.0,S,6.4,3.0,1.0,2.0,269.0,111.0,1910.0,-37.79638,144.87911
3,h,915000.0,S,6.4,3.0,1.0,2.0,447.0,,,-37.792,144.86856
5,h,1591000.0,S,16.7,5.0,3.0,3.0,923.0,,,-37.90213,145.18444
5,h,1490000.0,S,16.7,5.0,3.0,4.0,677.0,,,-37.90893,145.18489
4,h,1440000.0,S,6.8,4.0,2.0,0.0,240.0,170.0,1900.0,-37.85414,144.89561
3,h,400000.0,S,25.5,3.0,2.0,1.0,213.0,,2015.0,-37.60983,145.03874
3,h,620000.0,SP,31.4,3.0,2.0,1.0,863.0,180.56,1975.0,-37.65391,145.37389
2,h,900000.0,SP,6.3,2.0,1.0,3.0,463.0,123.5,1940.0,-37.82333,144.87955
4,h,1407000.0,S,6.3,4.0,2.0,2.0,446.0,152.0,1955.0,-37.81845,144.87464
2,h,1044000.0,SP,6.3,2.0,1.0,0.0,197.0,,,-37.81736,144.89133
3,t,780000.0,S,10.4,3.0,2.0,1.0,195.0,192.0,2005.0,-37.7325,144.88272
3,h,555000.0,SP,14.0,3.0,1.0,3.0,566.0,126.0,1980.0,-37.74306,144.76679
3,h,613000.0,S,10.5,3.0,1.0,2.0,465.0,,,-37.78141,144.82461999999995
2,t,340000.0,S,10.5,2.0,1.0,1.0,100.0,,,-37.77956,144.82519
3,t,580000.0,PI,10.5,3.0,2.0,2.0,175.0,110.0,2014.0,-37.77856,144.82443
3,h,627000.0,S,12.8,3.0,1.0,2.0,697.0,102.0,1960.0,-37.77713,144.79746
1,u,380000.0,S,6.3,1.0,1.0,1.0,0.0,,1960.0,-37.85889,145.01989
2,u,631500.0,S,6.3,2.0,1.0,1.0,0.0,,,-37.85749000000001,145.01735
3,t,1185000.0,S,4.3,3.0,2.0,2.0,271.0,,,-37.7783,144.90876
4,h,1540000.0,S,10.2,4.0,2.0,3.0,668.0,205.0,1970.0,-37.86096,145.10026000000005
4,h,1510000.0,S,21.5,4.0,2.0,4.0,387.0,,,-38.02848,145.10181
5,h,3812000.0,S,7.9,5.0,4.0,2.0,729.0,1.0,2012.0,-37.806,145.09511
4,t,1450000.0,VB,7.9,4.0,3.0,2.0,232.0,,,-37.80345,145.07969
3,u,1600000.0,S,9.7,3.0,2.0,2.0,314.0,,,-37.79386,145.06746
2,u,950000.0,S,9.7,2.0,1.0,1.0,327.0,,1975.0,-37.78245,145.09273000000005
4,h,1755000.0,S,9.7,4.0,2.0,2.0,605.0,155.0,1938.0,-37.79466,145.06564
3,h,606000.0,S,23.2,3.0,1.0,1.0,424.0,94.0,1970.0,-37.84291,145.25545
3,u,537000.0,S,39.0,3.0,1.0,1.0,460.0,,,-38.04668,145.36938999999995
3,t,900000.0,PI,17.3,3.0,2.0,2.0,243.0,,,-37.98214,145.05175
3,h,1500000.0,S,17.3,3.0,2.0,2.0,594.0,,,-37.97383,145.04525
3,t,1435000.0,S,11.4,3.0,3.0,2.0,307.0,177.0,2014.0,-37.91648,145.04927
2,u,592000.0,S,13.8,2.0,1.0,1.0,121.0,,,-37.91051,145.07138999999995
3,h,900000.0,S,13.8,3.0,2.0,2.0,264.0,,,-37.91155,145.076
4,h,1780000.0,S,13.8,4.0,2.0,2.0,577.0,,,-37.9145,145.05899
3,t,1260000.0,S,13.8,3.0,2.0,2.0,669.0,138.0,1960.0,-37.91289,145.08065
3,h,620000.0,S,35.2,3.0,1.0,2.0,792.0,101.0,1970.0,-38.03517,145.33886
2,u,600000.0,S,17.3,2.0,1.0,1.0,0.0,74.0,1960.0,-37.97853,145.0175
3,t,1215000.0,S,17.3,3.0,2.0,2.0,314.0,,,-37.97287,145.01648
2,u,615000.0,S,13.4,2.0,1.0,1.0,3316.0,85.0,1970.0,-37.8321,145.14444
3,h,790000.0,S,25.0,3.0,1.0,2.0,868.0,,,-37.85981,145.25475
4,h,770000.0,SP,25.0,4.0,2.0,2.0,723.0,1.0,1970.0,-37.8476,145.29493
4,h,1831000.0,S,10.9,4.0,1.0,1.0,662.0,,,-37.81995,145.13089
3,h,800000.0,S,8.6,3.0,1.0,2.0,591.0,,,-37.78062,144.84803
2,u,845000.0,SP,10.5,2.0,1.0,1.0,100.0,110.0,1960.0,-37.89569,144.99881000000005
1,u,495000.0,S,10.5,1.0,1.0,1.0,0.0,,1970.0,-37.91814,144.99297
2,u,760000.0,PI,10.5,2.0,1.0,1.0,138.0,,1980.0,-37.92545,145.00277
3,h,1240000.0,PI,10.5,3.0,2.0,2.0,206.0,,,-37.92894,145.00341
3,h,586000.0,S,14.0,3.0,1.0,1.0,677.0,,,-37.69265,144.92653
4,h,706000.0,S,14.0,4.0,1.0,4.0,752.0,115.0,1960.0,-37.67641,144.91435
3,h,550000.0,S,14.0,3.0,2.0,1.0,602.0,,,-37.68983,144.93499
4,h,456000.0,S,29.8,4.0,2.0,2.0,576.0,189.0,2010.0,-37.69104,144.54532
2,u,555000.0,S,6.4,2.0,2.0,1.0,207.0,,,-37.82001,144.84245
2,h,650000.0,S,5.2,2.0,1.0,1.0,108.0,70.0,1970.0,-37.75715,144.96823999999995
4,h,1080000.0,VB,5.2,4.0,2.0,0.0,256.0,,,-37.76861,144.96848
2,h,620000.0,S,4.0,2.0,1.0,1.0,123.0,79.0,1960.0,-37.7784,144.97404
2,h,683000.0,S,4.0,2.0,1.0,1.0,0.0,91.0,1970.0,-37.77818,144.97412
2,h,501000.0,S,4.0,2.0,1.0,1.0,71.0,47.0,1970.0,-37.77169,144.97557
2,u,615000.0,SP,4.0,2.0,1.0,1.0,0.0,70.0,2008.0,-37.77887,144.97797
2,h,1220000.0,SP,4.0,2.0,1.0,1.0,459.0,,,-37.76695,144.98203999999996
2,h,1150000.0,S,5.2,2.0,1.0,1.0,539.0,107.0,1940.0,-37.77279,144.94069
2,u,400000.0,VB,5.2,2.0,2.0,1.0,0.0,,,-37.75201,144.9336
3,h,1750500.0,S,10.4,3.0,1.0,2.0,719.0,,,-37.85156,145.13054
3,u,835000.0,S,14.7,3.0,2.0,2.0,347.0,143.0,2000.0,-37.85377,145.15511999999995
3,h,640000.0,S,14.8,3.0,2.0,2.0,316.0,170.0,2008.0,-37.76048,144.78847
3,t,1280000.0,SP,7.7,3.0,2.0,2.0,186.0,158.0,2014.0,-37.84143,145.08705
5,h,2400000.0,VB,7.7,5.0,2.0,0.0,633.0,,1939.0,-37.84115,145.0743
2,u,682000.0,S,7.7,2.0,1.0,1.0,1106.0,,1970.0,-37.83473,145.05698
4,h,2500000.0,VB,7.7,4.0,2.0,3.0,947.0,225.0,1930.0,-37.84403,145.09545
3,u,682000.0,S,7.7,3.0,1.0,2.0,2863.0,,,-37.83227,145.06325
2,u,600800.0,S,7.7,2.0,1.0,1.0,1625.0,1.0,1960.0,-37.84237,145.09257
3,h,920000.0,S,1.6,3.0,1.0,0.0,98.0,,,-37.79633,144.97269
2,h,1690000.0,S,3.5,2.0,1.0,1.0,173.0,,,-37.78829,144.97476
2,u,680000.0,S,10.1,2.0,1.0,1.0,145.0,,2010.0,-37.88866,145.06305
1,u,316000.0,PI,10.1,1.0,1.0,1.0,1978.0,,,-37.88506,145.06411
3,u,1151000.0,S,10.1,3.0,2.0,1.0,259.0,115.0,1995.0,-37.89178,145.0539
3,h,518000.0,PI,14.8,3.0,2.0,2.0,308.0,,,-37.73868,144.7325
3,h,625000.0,SP,31.2,3.0,2.0,1.0,379.0,170.0,1950.0,-38.07912,145.12965
3,h,480000.0,S,34.9,3.0,1.0,0.0,528.0,106.0,1981.0,-38.09798,145.18737
5,t,1050000.0,S,11.7,5.0,2.0,2.0,276.0,159.0,2011.0,-37.87883,145.09741
3,h,750000.0,PI,27.0,3.0,1.0,2.0,463.0,,,-38.05635,145.11836
5,h,835500.0,S,27.0,5.0,5.0,4.0,570.0,243.0,1990.0,-38.03335,145.13212
4,h,1740000.0,SP,17.9,4.0,2.0,2.0,721.0,283.0,2010.0,-37.9641,145.06547
2,u,560000.0,S,17.9,2.0,1.0,2.0,182.0,,,-37.96718,145.07681000000005
2,t,751000.0,S,17.9,2.0,1.0,1.0,171.0,,,-37.96304,145.06421
5,h,976000.0,S,17.5,5.0,3.0,2.0,537.0,,,-37.93759,145.10028
4,h,1662500.0,S,3.6,4.0,2.0,0.0,191.0,,,-37.79274,144.99863
2,u,591000.0,S,3.6,2.0,1.0,1.0,0.0,64.0,1970.0,-37.78791,145.00588
2,h,650000.0,SP,6.7,2.0,1.0,1.0,149.0,,1970.0,-37.74945,144.96737
4,h,1400000.0,S,6.7,4.0,2.0,2.0,426.0,165.0,1930.0,-37.74892,144.95758999999995
2,h,996000.0,S,6.7,2.0,1.0,1.0,476.0,97.0,1930.0,-37.73883,144.95321
1,u,430000.0,SP,6.7,1.0,1.0,1.0,103.0,,,-37.75287,144.97743
4,h,1011000.0,S,6.7,4.0,2.0,2.0,500.0,145.0,1930.0,-37.72165,144.95853
3,h,770000.0,S,6.7,3.0,1.0,1.0,520.0,,,-37.73323,144.98228
3,t,830000.0,S,6.7,3.0,2.0,2.0,275.0,142.0,2008.0,-37.73156,144.97087
3,h,455000.0,S,17.4,3.0,1.0,1.0,562.0,,,-37.66508,144.93506000000005
4,h,510000.0,PI,20.6,4.0,2.0,1.0,336.0,83.0,2014.0,-37.59392,144.89956
4,h,590000.0,S,20.6,4.0,2.0,2.0,512.0,200.71,2007.0,-37.58505,144.93591999999995
3,h,390000.0,S,20.6,3.0,1.0,1.0,301.0,109.0,2001.0,-37.58739,144.92619
4,h,500000.0,S,34.7,4.0,2.0,0.0,579.0,149.0,1990.0,-38.07202,145.27369
2,h,1150000.0,VB,23.0,2.0,1.0,2.0,1800.0,,,-37.79578,145.27461
3,h,745000.0,S,23.0,3.0,2.0,2.0,297.0,,,-37.79115,145.28337
3,h,928000.0,S,23.0,3.0,1.0,1.0,981.0,,,-37.78444,145.30267
4,h,1020000.0,S,23.0,4.0,2.0,2.0,560.0,253.0,,-37.77791,145.26912
4,u,617000.0,S,24.7,4.0,3.0,2.0,279.0,,2008.0,-37.96769000000001,145.21732
3,h,1420000.0,VB,12.4,3.0,1.0,2.0,721.0,130.0,1965.0,-37.79244,145.12021
3,h,1120000.0,S,14.3,3.0,1.0,1.0,725.0,,,-37.79509,145.15591
6,h,1655000.0,S,14.3,6.0,3.0,2.0,692.0,,,-37.7746,145.15141
3,t,970000.0,S,14.3,3.0,2.0,2.0,283.0,,,-37.78177,145.15818000000004
4,h,1225000.0,S,14.3,4.0,2.0,2.0,511.0,,1988.0,-37.77746,145.17161000000004
3,t,1120000.0,PI,14.3,3.0,2.0,2.0,253.0,253.0,,-37.7626,145.17126000000005
3,h,1460000.0,SP,14.3,3.0,1.0,2.0,660.0,117.0,1965.0,-37.77859,145.15755
4,h,500000.0,PI,25.9,4.0,2.0,2.0,550.0,,,-37.58279,145.12171999999995
4,h,531000.0,S,25.9,4.0,2.0,2.0,411.0,,,-37.6038,145.10958
3,h,508000.0,S,28.8,3.0,1.0,2.0,680.0,,,-37.99581,145.24098
3,h,450000.0,SP,28.8,3.0,1.0,0.0,585.0,85.0,1960.0,-37.99608,145.23587
4,h,3300000.0,S,8.9,4.0,2.0,3.0,1783.0,,,-37.76457,145.06555
4,u,700000.0,VB,27.0,4.0,2.0,2.0,320.0,,,-38.03227,145.11758999999995
2,u,834500.0,S,7.2,2.0,1.0,2.0,538.0,92.0,2005.0,-37.88295,145.00083
4,h,850000.0,PI,18.0,4.0,2.0,2.0,688.0,,,-37.70338,145.1333
4,h,920000.0,S,18.0,4.0,3.0,2.0,1503.0,209.0,1980.0,-37.70697,145.14105
5,h,850000.0,S,18.0,5.0,2.0,1.0,813.0,,,-37.7068,145.13232
2,u,930000.0,S,7.2,2.0,1.0,1.0,837.0,80.0,1930.0,-37.87307,144.98635
2,u,720000.0,S,7.2,2.0,1.0,2.0,797.0,90.0,1920.0,-37.87449,144.99059
3,t,1035000.0,S,7.2,3.0,2.0,2.0,0.0,111.0,2010.0,-37.87472,144.98235
3,h,1820000.0,S,7.2,3.0,2.0,3.0,144.0,,,-37.88617,144.9833
2,t,710000.0,S,7.2,2.0,1.0,1.0,0.0,,1980.0,-37.88465,144.99177
2,u,715000.0,S,7.2,2.0,1.0,1.0,795.0,80.0,2005.0,-37.88351,144.99202
2,h,655000.0,S,36.9,2.0,1.0,0.0,1000.0,81.79,1980.0,-37.93064,145.4453
3,h,630000.0,SP,28.5,3.0,2.0,2.0,581.0,128.0,1985.0,-37.98418,145.27178
5,h,1015000.0,SP,28.5,5.0,2.0,2.0,836.0,,1992.0,-37.98873,145.27019
3,h,676000.0,SP,28.5,3.0,2.0,3.0,810.0,114.0,1980.0,-37.98841,145.26001000000005
3,h,580000.0,S,28.5,3.0,1.0,8.0,665.0,,,-37.96837,145.25176000000005
4,h,658000.0,PI,19.6,4.0,2.0,2.0,571.0,200.0,1997.0,-37.63762,145.03538999999995
3,h,500000.0,S,19.6,3.0,2.0,2.0,321.0,130.0,2011.0,-37.63169,145.03135
3,h,560000.0,S,19.6,3.0,2.0,1.0,390.0,147.0,2007.0,-37.62882000000001,145.00978999999995
2,u,503000.0,S,19.6,2.0,2.0,2.0,214.0,115.0,2000.0,-37.65151,145.02815
2,u,468000.0,S,7.5,2.0,1.0,1.0,0.0,,,-37.75465,144.9107
3,t,1002000.0,S,7.5,3.0,2.0,2.0,292.0,,,-37.74093,144.89279
3,h,1315000.0,S,7.5,3.0,3.0,1.0,226.0,,,-37.75485,144.9119
2,u,550000.0,S,7.5,2.0,1.0,1.0,1032.0,,,-37.7498,144.91228
3,h,1875000.0,SP,7.5,3.0,1.0,2.0,828.0,,,-37.74473,144.90238
3,h,1800000.0,SP,5.7,3.0,1.0,2.0,697.0,112.0,1925.0,-37.77662,145.02288
3,h,661000.0,S,13.1,3.0,1.0,2.0,619.0,,,-37.71313,144.97248000000005
3,h,861000.0,S,24.8,3.0,2.0,1.0,720.0,162.0,1960.0,-37.87768,145.25918
3,h,760000.0,S,24.8,3.0,1.0,3.0,984.0,,,-37.89766,145.29185
4,h,890000.0,S,24.8,4.0,2.0,2.0,659.0,177.0,1992.0,-37.89508,145.27879
2,u,370000.0,VB,5.1,2.0,1.0,1.0,0.0,60.0,1960.0,-37.80474,144.9021
2,h,957000.0,S,5.1,2.0,1.0,0.0,148.0,,,-37.79462,144.89385
2,u,266000.0,S,38.0,2.0,1.0,1.0,0.0,,1968.0,-38.13275,145.13099
4,h,680000.0,VB,38.0,4.0,2.0,3.0,767.0,210.0,1980.0,-38.16147,145.14285
3,h,655000.0,SA,38.0,3.0,2.0,1.0,680.0,,,-38.14016,145.13583
3,h,570000.0,SP,36.9,3.0,1.0,4.0,632.0,104.0,1960.0,-38.11984,145.16208999999995
4,h,945000.0,S,38.0,4.0,2.0,2.0,694.0,265.0,2009.0,-38.16227,145.1208
2,u,450000.0,S,10.1,2.0,1.0,1.0,0.0,77.0,2010.0,-37.88937,145.04038
4,h,1908000.0,SP,7.3,4.0,1.0,1.0,702.0,,,-37.84914000000001,145.06421
2,t,955000.0,S,7.3,2.0,1.0,1.0,197.0,1.0,1970.0,-37.85448,145.0485
4,h,1200000.0,S,16.7,4.0,2.0,2.0,660.0,,,-37.88927,145.18548
3,h,1130000.0,S,16.7,3.0,1.0,1.0,836.0,,,-37.89928,145.1474
3,h,820000.0,S,11.2,3.0,1.0,4.0,650.0,135.0,1950.0,-37.70768,144.92586
3,h,760000.0,S,11.2,3.0,1.0,4.0,625.0,,,-37.69912,144.90996
3,h,680000.0,S,11.2,3.0,1.0,1.0,422.0,104.0,1960.0,-37.70425,144.93164
3,h,629500.0,S,11.2,3.0,1.0,1.0,610.0,,,-37.69865,144.91733
3,h,900000.0,SP,12.9,3.0,2.0,2.0,453.0,,,-37.70606,144.89412
4,h,770000.0,PI,16.1,4.0,2.0,2.0,789.0,169.0,1975.0,-37.69646,145.12163
4,h,887500.0,S,16.1,4.0,2.0,2.0,737.0,,,-37.68433,145.11018
4,h,900000.0,S,16.1,4.0,3.0,1.0,807.0,190.0,1975.0,-37.70077,145.12743
3,h,860000.0,S,11.2,3.0,2.0,2.0,591.0,,,-37.71177,144.94781
2,u,580000.0,S,5.3,2.0,1.0,1.0,0.0,,,-37.83197,145.04306
2,u,840000.0,S,5.3,2.0,1.0,1.0,974.0,,1960.0,-37.81494,145.01744
3,h,1460000.0,S,5.3,3.0,1.0,1.0,259.0,,,-37.81628,145.02125
2,u,400000.0,VB,6.2,2.0,1.0,1.0,0.0,,1955.0,-37.82465,145.05092
3,h,901000.0,S,21.3,3.0,2.0,2.0,678.0,,1975.0,-37.83637,145.24246000000005
3,t,835000.0,VB,8.9,3.0,2.0,2.0,161.0,135.0,2010.0,-37.74897,145.07023999999996
3,h,1257000.0,S,16.0,3.0,1.0,2.0,572.0,,,-37.9526,145.04207
3,t,1200000.0,S,16.0,3.0,1.0,2.0,269.0,125.0,2000.0,-37.94775,145.02379
3,t,1030000.0,PI,16.0,3.0,2.0,2.0,240.0,180.0,2006.0,-37.9461,145.02432
3,h,1260000.0,S,16.0,3.0,1.0,0.0,642.0,,,-37.94691,145.04935
4,t,1200000.0,S,16.0,4.0,2.0,2.0,304.0,183.0,2007.0,-37.94633,145.04947
2,h,1150000.0,PI,16.0,2.0,1.0,2.0,591.0,100.0,1950.0,-37.94763,145.02716999999996
3,u,485000.0,S,18.0,3.0,2.0,2.0,345.0,,2005.0,-37.70428,144.74705
4,h,618350.0,S,18.0,4.0,2.0,2.0,542.0,221.0,2009.0,-37.68104,144.74608
3,h,540000.0,S,18.4,3.0,2.0,2.0,580.0,200.0,1990.0,-37.87447,144.66771
3,h,990000.0,VB,12.3,3.0,1.0,2.0,628.0,,1965.0,-37.90904000000001,145.10903000000005
4,h,2250000.0,VB,7.8,4.0,2.0,2.0,1011.0,,,-37.76231,145.05138
4,h,2530000.0,VB,7.8,4.0,2.0,0.0,637.0,306.0,1936.0,-37.77671,145.04005
3,h,620500.0,S,14.0,3.0,1.0,4.0,764.0,,,-37.68907,144.91459
4,h,1475000.0,PI,11.7,4.0,2.0,2.0,988.0,,,-37.75166,144.87552
3,h,750000.0,S,10.4,3.0,2.0,2.0,761.0,222.0,1980.0,-37.72224,144.85738999999995
5,h,765000.0,SP,10.4,5.0,3.0,4.0,650.0,178.0,1970.0,-37.72285,144.86073000000005
2,u,445000.0,SP,3.4,2.0,1.0,1.0,1775.0,59.0,,-37.79818,144.92685
2,u,501000.0,SP,3.4,2.0,1.0,1.0,3957.0,,2008.0,-37.79741,144.92614
3,h,1060000.0,S,3.4,3.0,1.0,0.0,190.0,,,-37.7956,144.92779
3,t,1405000.0,S,5.4,3.0,2.0,2.0,325.0,129.0,1980.0,-37.81614,145.05056000000005
4,h,3015000.0,S,5.4,4.0,2.0,2.0,813.0,276.0,1970.0,-37.80437,145.01725
3,h,1500000.0,S,7.3,3.0,2.0,2.0,446.0,,,-37.79589,145.05223
3,h,745000.0,SP,25.2,3.0,1.0,4.0,540.0,108.0,1980.0,-37.9884,145.15925
3,h,725000.0,S,25.2,3.0,2.0,4.0,553.0,,,-37.99432,145.16143
1,u,216000.0,SP,6.4,1.0,1.0,1.0,0.0,,,-37.80893,144.87878
5,h,1070000.0,SP,23.3,5.0,2.0,2.0,726.0,,,-37.88309,145.24917
3,h,375000.0,SP,31.7,3.0,2.0,1.0,637.0,131.0,1980.0,-37.66195,144.59785
2,u,444000.0,S,16.3,2.0,1.0,1.0,277.0,100.0,1980.0,-37.66612,145.0008
3,h,544000.0,S,16.3,3.0,1.0,2.0,534.0,129.0,1960.0,-37.67024,145.03644
3,h,580500.0,S,16.3,3.0,1.0,1.0,532.0,934.0,1980.0,-37.66101,145.02568
4,h,710000.0,S,16.3,4.0,1.0,1.0,627.0,,1970.0,-37.66781,145.00926
3,h,700000.0,SP,16.3,3.0,1.0,2.0,625.0,,,-37.67427,145.02961000000005
3,h,565500.0,S,41.0,3.0,2.0,2.0,361.0,,,-38.13673,145.21616
4,h,1129000.0,S,14.6,4.0,2.0,2.0,792.0,,,-37.72608,145.12115
3,t,670000.0,SP,6.4,3.0,2.0,2.0,159.0,128.0,2016.0,-37.78502,144.86733
4,t,821000.0,S,6.4,4.0,3.0,2.0,294.0,151.0,2014.0,-37.78133,144.86768
3,t,360000.0,SP,17.4,3.0,1.0,1.0,154.0,108.0,2008.0,-37.64992,144.91883
3,h,510000.0,SP,17.4,3.0,1.0,1.0,670.0,101.0,1960.0,-37.65168,144.91868
2,u,565000.0,S,0.0,2.0,1.0,0.0,89.0,85.0,2003.0,-37.80802,144.96168
2,u,540000.0,PI,0.0,2.0,1.0,0.0,0.0,,1950.0,-37.81351,144.96908
3,h,300000.0,S,29.8,3.0,1.0,1.0,585.0,,,-37.71195,144.57235
3,h,385000.0,S,29.8,3.0,1.0,2.0,670.0,124.0,1975.0,-37.70228,144.57688000000005
4,h,427500.0,S,31.7,4.0,1.0,2.0,865.0,129.92,1980.0,-37.67396,144.55784
2,u,641000.0,S,20.0,2.0,1.0,1.0,0.0,,,-37.97836,145.07303000000005
3,h,668000.0,S,17.9,3.0,2.0,1.0,555.0,196.0,1990.0,-37.6764,145.05085
3,h,650000.0,PI,17.9,3.0,2.0,1.0,661.0,141.0,1990.0,-37.66898,145.07209
2,h,490000.0,S,17.9,2.0,1.0,2.0,374.0,100.0,,-37.6745,145.05491
4,h,800000.0,S,17.9,4.0,2.0,2.0,674.0,,,-37.65639,145.06518
5,h,955000.0,S,17.9,5.0,2.0,5.0,698.0,,1995.0,-37.66683,145.07751000000005
3,h,635000.0,S,17.9,3.0,1.0,2.0,528.0,,,-37.66726,145.05819
3,t,943000.0,S,10.2,3.0,1.0,1.0,248.0,,2000.0,-37.82335,145.11358
4,h,1400000.0,PI,6.2,4.0,2.0,1.0,375.0,200.0,1930.0,-37.76261,144.93249
3,h,1245000.0,S,6.2,3.0,1.0,0.0,234.0,,1914.0,-37.76321,144.91958
3,t,920000.0,S,14.3,3.0,2.0,2.0,230.0,,,-37.93793,145.04048
3,h,696000.0,S,26.5,3.0,1.0,2.0,886.0,120.0,1960.0,-37.7753,145.31266000000005
2,u,600000.0,S,21.5,2.0,1.0,1.0,0.0,,1967.0,-38.00765,145.0935
3,h,1635000.0,S,14.2,3.0,1.0,2.0,720.0,,1960.0,-37.87735,145.13357
3,h,1406000.0,S,14.2,3.0,2.0,2.0,660.0,133.0,1960.0,-37.86198,145.139
4,h,1640000.0,S,14.2,4.0,2.0,2.0,811.0,,,-37.85858,145.12053
3,h,9000000.0,PI,18.8,3.0,1.0,1.0,744.0,117.0,1960.0,-37.93168,145.16126
3,h,1001000.0,S,18.8,3.0,1.0,2.0,727.0,168.0,1970.0,-37.9128,145.16152
4,h,1030000.0,S,18.8,4.0,2.0,2.0,492.0,,,-37.92299000000001,145.19156
2,u,540000.0,VB,10.1,2.0,1.0,1.0,80.0,67.0,1970.0,-37.89563,145.06992
2,u,910000.0,S,10.1,2.0,1.0,2.0,402.0,106.0,1970.0,-37.89801,145.07103999999995
1,u,295000.0,PI,10.1,1.0,1.0,1.0,0.0,45.0,1970.0,-37.89022,145.07333
3,h,1965000.0,S,10.1,3.0,2.0,3.0,926.0,58.0,,-37.88800000000001,145.07123
3,t,950000.0,SP,6.2,3.0,2.0,2.0,211.0,,,-37.83712,144.86686
2,u,582000.0,SP,6.2,2.0,1.0,1.0,963.0,86.0,2012.0,-37.84212,144.88211
3,h,695000.0,S,22.7,3.0,1.0,1.0,671.0,142.0,1950.0,-37.962,145.18035
3,u,681000.0,S,1.8,3.0,1.0,1.0,1843.0,,1960.0,-37.79773,144.94611
2,h,1803000.0,SP,1.8,2.0,2.0,0.0,119.0,,,-37.80304,144.95614
2,h,950000.0,SP,5.3,2.0,1.0,0.0,114.0,,,-37.78024,144.99289
3,h,1610000.0,S,5.3,3.0,1.0,4.0,693.0,,,-37.76433,145.00813
4,h,1515000.0,S,5.3,4.0,1.0,2.0,318.0,161.0,1920.0,-37.7631,144.99884
2,u,725000.0,S,15.4,2.0,1.0,2.0,848.0,,,-37.82577,145.17896000000005
3,u,813000.0,S,15.4,3.0,2.0,2.0,266.0,134.0,2001.0,-37.82923,145.1744
2,t,545000.0,PI,11.2,2.0,1.0,1.0,0.0,80.0,2013.0,-37.71652,144.92268
4,h,1300000.0,PI,11.2,4.0,2.0,2.0,866.0,175.0,1960.0,-37.71979,144.92341000000005
4,h,1260000.0,S,11.2,4.0,2.0,2.0,656.0,204.0,1960.0,-37.71652,144.91211
4,h,921000.0,S,11.2,4.0,1.0,4.0,550.0,,1950.0,-37.7204,144.9143
3,h,1250000.0,S,15.5,3.0,1.0,2.0,680.0,,,-37.9123,145.09736999999996
3,h,840000.0,PI,15.5,3.0,1.0,4.0,601.0,,,-37.93869,145.08441000000005
5,h,1350000.0,VB,21.5,5.0,2.0,2.0,653.0,,,-37.99336,145.08953
2,u,541000.0,S,8.5,2.0,1.0,1.0,133.0,,,-37.72136,144.92932
2,u,565000.0,S,8.5,2.0,1.0,2.0,189.0,,1980.0,-37.73199,144.93395
3,h,840000.0,PI,8.5,3.0,1.0,1.0,438.0,,,-37.71962,144.94756
3,h,940000.0,SP,8.5,3.0,1.0,1.0,559.0,109.0,1955.0,-37.7327,144.92966
4,h,620000.0,S,14.7,4.0,2.0,2.0,448.0,238.0,2011.0,-37.91269000000001,144.73946
4,h,801000.0,S,14.7,4.0,2.0,2.0,628.0,,,-37.90622000000001,144.74946
2,h,1722500.0,S,3.5,2.0,1.0,0.0,101.0,75.0,1900.0,-37.83446,144.94021
3,h,2730000.0,S,3.5,3.0,1.0,1.0,324.0,,,-37.83789,144.93833999999995
3,h,1030000.0,S,3.5,3.0,1.0,0.0,130.0,,,-37.83424,144.94572
2,u,520000.0,PI,4.6,2.0,2.0,1.0,1111.0,,2012.0,-37.84968,144.99389
4,h,1485000.0,S,8.4,4.0,1.0,2.0,509.0,202.0,1920.0,-37.74684,144.9933
7,h,1350000.0,SP,8.4,7.0,3.0,4.0,530.0,,,-37.73526,144.99508
3,h,905000.0,PI,8.4,3.0,1.0,1.0,473.0,,,-37.73379,144.99053999999995
3,h,1045000.0,S,8.4,3.0,1.0,2.0,520.0,,,-37.75371,145.01963999999995
4,h,905000.0,S,12.0,4.0,1.0,2.0,870.0,,,-37.70433,145.02068
2,h,875000.0,S,12.0,2.0,1.0,2.0,519.0,,,-37.73019,145.01712
3,h,670000.0,S,12.0,3.0,2.0,1.0,536.0,,1970.0,-37.69505,144.98126000000005
3,h,605000.0,SP,12.0,3.0,1.0,1.0,540.0,,,-37.69372,144.98058
2,t,672000.0,S,12.0,2.0,1.0,1.0,243.0,120.0,2012.0,-37.71045,145.0018
2,u,660000.0,SA,2.4,2.0,1.0,1.0,4422.0,,,-37.82009,145.0038
3,h,1310000.0,S,2.4,3.0,1.0,1.0,209.0,,1920.0,-37.81179,145.00351
2,u,666000.0,S,2.4,2.0,1.0,1.0,0.0,60.0,,-37.8211,144.99896
1,u,330000.0,VB,2.4,1.0,1.0,1.0,0.0,43.7,1970.0,-37.81317,145.00834
2,u,927000.0,S,2.4,2.0,1.0,2.0,0.0,,2000.0,-37.83305,144.99745
2,u,575500.0,S,2.4,2.0,1.0,1.0,0.0,,,-37.82328,144.99203
3,h,1400000.0,S,21.3,3.0,2.0,4.0,941.0,97.0,1950.0,-37.81289,145.24213
5,h,850000.0,VB,19.9,5.0,3.0,2.0,651.0,,,-37.79682,145.21731
4,h,1005000.0,S,19.9,4.0,2.0,2.0,785.0,,,-37.79465,145.2244
2,u,558500.0,SP,7.2,2.0,1.0,1.0,1453.0,63.0,1970.0,-37.87827,144.99752
3,h,393200.0,S,20.6,3.0,1.0,1.0,400.0,,,-37.62464,144.9345
3,h,460000.0,S,20.6,3.0,2.0,3.0,266.0,153.0,2000.0,-37.63544,144.93274
3,h,490000.0,S,20.6,3.0,2.0,2.0,400.0,143.0,1996.0,-37.62584,144.92506
4,h,1660000.0,S,15.2,4.0,2.0,2.0,390.0,235.0,2004.0,-37.96,145.02068
4,h,1235000.0,S,15.2,4.0,2.0,2.0,404.0,165.0,1925.0,-37.95882,145.02138
4,h,590000.0,S,15.5,4.0,2.0,2.0,531.0,,,-37.87896,144.75473
4,h,870000.0,S,35.4,4.0,2.0,2.0,771.0,160.0,1965.0,-38.10052,145.13397
4,h,880000.0,S,35.4,4.0,2.0,2.0,535.0,199.0,1970.0,-38.09683,145.12981000000005
1,u,312000.0,S,11.0,1.0,1.0,0.0,0.0,,,-37.86007,144.84578
2,h,945000.0,SP,5.1,2.0,1.0,1.0,126.0,65.0,1890.0,-37.80473,144.89095
3,t,730000.0,S,6.2,3.0,2.0,2.0,340.0,135.0,2000.0,-37.83172,144.86683
3,h,2200000.0,VB,1.9,3.0,2.0,1.0,195.0,,1857.0,-37.83381,144.96287
2,h,980000.0,VB,1.9,2.0,1.0,0.0,64.0,112.0,2000.0,-37.83326,144.95463999999996
4,h,561000.0,SP,20.5,4.0,2.0,1.0,229.0,156.0,,-37.62614,145.06723
4,h,612000.0,S,20.5,4.0,2.0,2.0,617.0,,,-37.65621,145.0939
3,h,690000.0,S,20.5,3.0,2.0,4.0,806.0,,1985.0,-37.65498,145.08712
2,u,1090000.0,S,2.7,2.0,2.0,2.0,17200.0,,2000.0,-37.83613,144.99661
2,u,570000.0,VB,2.7,2.0,1.0,1.0,0.0,64.0,1965.0,-37.84679000000001,145.00206
1,u,555000.0,S,2.7,1.0,1.0,1.0,0.0,,,-37.83631,145.00181
2,u,732000.0,S,0.7,2.0,1.0,0.0,3901.0,,1996.0,-37.82618,144.96891000000005
1,u,481000.0,S,5.0,1.0,1.0,1.0,0.0,,1940.0,-37.85984000000001,144.9867
2,u,600000.0,VB,5.0,2.0,1.0,1.0,0.0,82.0,1930.0,-37.85911,144.97899999999996
2,u,360000.0,SP,31.7,2.0,1.0,1.0,143.0,112.0,1999.0,-37.57063,144.70693
4,h,597000.0,S,31.7,4.0,2.0,4.0,939.0,,1977.0,-37.57816,144.73431000000005
3,h,475000.0,S,31.7,3.0,1.0,4.0,754.0,131.0,1985.0,-37.58442,144.75565
3,h,495000.0,S,31.7,3.0,2.0,2.0,563.0,150.0,1994.0,-37.57499,144.75329
3,h,695000.0,S,10.5,3.0,1.0,0.0,694.0,113.6,1950.0,-37.78871,144.81368999999995
3,h,760000.0,S,10.5,3.0,1.0,2.0,1143.0,100.0,1980.0,-37.79135,144.79948000000005
3,h,583500.0,S,10.5,3.0,1.0,1.0,672.0,110.0,1970.0,-37.80118,144.80996000000005
3,u,1050000.0,PI,10.2,3.0,2.0,2.0,0.0,,,-37.83358,145.09884
3,h,585000.0,S,18.0,3.0,2.0,2.0,662.0,232.0,2004.0,-37.70525,144.75699
3,h,685000.0,S,15.5,3.0,1.0,2.0,678.0,,,-37.70892,144.80087
3,h,693000.0,S,15.5,3.0,2.0,3.0,723.0,,,-37.70458,144.79505
3,h,1245000.0,S,12.4,3.0,2.0,2.0,779.0,135.0,1970.0,-37.76311,145.10494
6,h,2000000.0,VB,12.4,6.0,3.0,2.0,1054.0,235.0,1970.0,-37.77404,145.11703
3,h,867000.0,S,15.3,3.0,1.0,3.0,819.0,,,-37.67908,145.02095
2,u,407000.0,S,15.3,2.0,1.0,1.0,140.0,78.0,2010.0,-37.68199,145.01744
3,h,590500.0,S,15.3,3.0,1.0,1.0,585.0,,,-37.67681,145.00323
3,h,1000000.0,PI,7.0,3.0,2.0,2.0,333.0,,,-37.75884,145.00264
3,h,891000.0,S,7.0,3.0,2.0,2.0,199.0,140.0,1999.0,-37.75948,144.99615
3,h,615500.0,S,12.9,3.0,2.0,1.0,238.0,118.0,2011.0,-37.70322,144.88236
2,u,300000.0,SP,12.9,2.0,1.0,1.0,0.0,66.32,1980.0,-37.69815,144.88019
4,h,908000.0,S,14.7,4.0,2.0,1.0,815.0,,,-37.84839,145.24191000000005
4,h,850000.0,VB,14.7,4.0,2.0,3.0,785.0,,,-37.85297,145.23815
4,h,1200000.0,S,14.7,4.0,2.0,3.0,741.0,,,-37.85636,145.23684
5,h,1310000.0,S,14.7,5.0,3.0,2.0,818.0,255.0,1985.0,-37.87846,145.24212
4,h,930000.0,S,14.7,4.0,2.0,2.0,639.0,,,-37.8789,145.24262
2,u,686000.0,S,14.5,2.0,1.0,1.0,169.0,,2007.0,-37.71607,145.07884
4,h,755000.0,S,14.5,4.0,1.0,2.0,613.0,,,-37.7002,145.08434
2,h,678000.0,S,14.7,2.0,1.0,1.0,487.0,,,-37.90379,144.66165
4,h,645000.0,PI,14.7,4.0,2.0,2.0,555.0,237.0,2002.0,-37.89359,144.66911000000005
4,h,482500.0,S,14.7,4.0,2.0,0.0,533.0,170.0,1980.0,-37.89337,144.64003
3,u,394000.0,PI,14.7,3.0,2.0,4.0,287.0,137.0,2013.0,-37.87895,144.6707
3,h,597000.0,S,14.7,3.0,1.0,1.0,672.0,,,-37.89402000000001,144.66276000000005
4,h,1300000.0,SP,6.4,4.0,2.0,2.0,588.0,,1970.0,-37.79458,144.87271
4,h,821000.0,S,16.5,4.0,3.0,2.0,544.0,264.0,1997.0,-37.67841,144.87923999999995
3,h,635000.0,S,16.5,3.0,2.0,1.0,691.0,177.0,1975.0,-37.68026,144.88468
5,h,1095000.0,S,16.7,5.0,2.0,2.0,629.0,,,-37.91636,145.17581
3,h,601000.0,S,35.5,3.0,2.0,1.0,972.0,149.0,1996.0,-37.51232,145.13282
3,h,1050000.0,VB,6.8,3.0,1.0,0.0,179.0,115.0,1890.0,-37.86558,144.90474
1,u,385000.0,SP,6.8,1.0,1.0,1.0,0.0,35.64,1967.0,-37.85588,144.89936
3,h,1285000.0,S,6.8,3.0,1.0,0.0,296.0,,,-37.86335,144.89487
2,u,560000.0,PI,4.6,2.0,1.0,1.0,0.0,61.6,2012.0,-37.85581,144.99025
3,h,525300.0,S,25.5,3.0,2.0,2.0,400.0,,,-37.61387,145.0385
2,h,750000.0,SP,6.3,2.0,1.0,2.0,269.0,,,-37.81649,144.86731
6,h,2450000.0,VB,6.3,6.0,3.0,2.0,1087.0,388.5,1920.0,-37.81038,144.89389
4,h,1436000.0,S,7.5,4.0,3.0,3.0,511.0,187.0,1922.0,-37.75788,144.90487
5,h,905000.0,S,10.5,5.0,2.0,3.0,732.0,,1925.0,-37.78345,144.82295
4,h,1680000.0,S,5.7,4.0,3.0,2.0,720.0,,,-37.77928,145.02993
3,h,913000.0,S,11.0,3.0,2.0,3.0,530.0,148.0,1985.0,-37.8614,144.81931
3,h,590000.0,PI,15.5,3.0,1.0,2.0,459.0,,,-37.87063,144.77632
3,h,1070000.0,PI,9.4,3.0,1.0,3.0,693.0,134.0,1950.0,-37.83511,144.84905
4,h,5100000.0,S,6.3,4.0,2.0,2.0,761.0,255.0,1900.0,-37.85249,145.02091
2,u,820000.0,S,6.3,2.0,1.0,1.0,1501.0,,,-37.8528,145.02684
3,h,985000.0,S,4.3,3.0,1.0,,245.0,91.0,1945.0,-37.77215,144.91144
2,u,600000.0,VB,6.4,2.0,1.0,1.0,2283.0,85.0,1980.0,-37.87078,144.99898000000005
3,h,1785000.0,PI,9.7,3.0,2.0,3.0,683.0,,,-37.80273,145.08392
4,h,2650000.0,VB,9.7,4.0,2.0,2.0,996.0,,,-37.7883,145.07805
5,h,1951000.0,S,9.7,5.0,3.0,3.0,711.0,,1960.0,-37.79066,145.09004
5,h,1950000.0,S,9.7,5.0,3.0,2.0,743.0,0.0,1949.0,-37.80235,145.09311
3,h,824000.0,S,23.2,3.0,1.0,2.0,725.0,112.0,1980.0,-37.85063,145.25802
4,h,1216000.0,S,13.8,4.0,1.0,2.0,583.0,,,-37.93206,145.07929
2,h,1575000.0,S,13.8,2.0,1.0,5.0,587.0,,,-37.91567,145.05357
3,h,1470000.0,SP,13.8,3.0,2.0,2.0,616.0,154.0,1960.0,-37.91506,145.07121
4,h,975000.0,SP,35.2,4.0,3.0,2.0,675.0,332.0,2005.0,-38.06508,145.35416999999995
4,h,1950000.0,PI,17.3,4.0,3.0,2.0,665.0,206.0,1950.0,-37.97359,145.01883999999995
3,h,1160000.0,S,13.4,3.0,2.0,1.0,583.0,,,-37.80347,145.1427
4,h,1375000.0,S,13.4,4.0,1.0,3.0,757.0,150.0,1968.0,-37.80815,145.15441
3,h,1320000.0,SP,13.4,3.0,2.0,4.0,798.0,,,-37.80752,145.14878000000004
3,h,2831000.0,S,10.9,3.0,1.0,3.0,1100.0,,,-37.8164,145.12964
2,h,1820000.0,SP,10.9,2.0,1.0,2.0,701.0,94.0,1940.0,-37.82756,145.11897
2,u,610000.0,S,16.1,2.0,1.0,1.0,180.0,,,-37.70924,145.11412
5,h,5500000.0,VB,10.5,5.0,5.0,2.0,830.0,,,-37.89544,145.00279
4,h,2515000.0,S,10.3,4.0,2.0,2.0,583.0,323.0,1925.0,-37.90953,145.0155
2,u,817500.0,S,10.3,2.0,1.0,1.0,111.0,95.0,,-37.92416,145.00658
3,h,1590000.0,S,10.3,3.0,2.0,3.0,594.0,,,-37.91166,145.02265
3,h,1775000.0,S,10.3,3.0,1.0,1.0,602.0,,,-37.92066,145.01629
3,h,673000.0,S,14.0,3.0,1.0,1.0,659.0,,,-37.69404,144.91763999999995
3,h,1200000.0,S,5.2,3.0,2.0,1.0,249.0,,,-37.77394,144.96317
2,h,800000.0,VB,5.2,2.0,1.0,0.0,140.0,90.0,1890.0,-37.76806,144.9598
2,h,1023000.0,S,4.0,2.0,1.0,,154.0,76.0,1890.0,-37.77221,144.97537
3,h,680000.0,S,12.1,3.0,1.0,2.0,532.0,106.0,1977.0,-37.69669,145.04515
3,h,814000.0,S,12.1,3.0,1.0,2.0,542.0,0.0,1970.0,-37.70861,145.05691000000004
3,h,715000.0,SP,12.1,3.0,1.0,1.0,541.0,120.0,1960.0,-37.70603,145.05423000000005
3,h,657500.0,SP,14.8,3.0,2.0,2.0,631.0,,,-37.75225,144.7552
3,h,930000.0,S,14.7,3.0,2.0,2.0,369.0,,,-37.85793,145.13925
4,h,4060000.0,S,7.7,4.0,3.0,2.0,947.0,,,-37.84457,145.06218
2,u,692500.0,S,7.7,2.0,1.0,1.0,145.0,72.0,1970.0,-37.84197,145.09374
2,h,1520000.0,PI,3.5,2.0,1.0,1.0,193.0,106.0,1900.0,-37.78406,144.97494
4,h,1609000.0,S,8.4,4.0,2.0,2.0,664.0,155.0,1900.0,-37.88376,145.04476
3,h,1295000.0,S,17.9,3.0,2.0,2.0,657.0,195.0,1958.0,-37.95499,145.06775
2,u,575000.0,SP,17.5,2.0,1.0,2.0,914.0,89.0,1970.0,-37.93524,145.1306
3,h,1436000.0,S,3.6,3.0,2.0,,123.0,128.0,1990.0,-37.78888,145.00036
4,h,1055000.0,S,6.7,4.0,1.0,1.0,560.0,,,-37.74192,144.95096999999996
4,h,1080000.0,VB,6.7,4.0,1.0,1.0,452.0,,,-37.75089000000001,144.94833
3,h,1210000.0,S,6.7,3.0,1.0,4.0,460.0,141.0,1920.0,-37.74513,144.95458
2,t,631000.0,S,6.7,2.0,2.0,1.0,1965.0,103.0,2000.0,-37.73615,144.97455
4,h,926000.0,SP,6.7,4.0,1.0,5.0,565.0,,,-37.72525,144.96583
3,h,457000.0,S,17.4,3.0,1.0,2.0,551.0,118.0,1975.0,-37.65532,144.93393
4,h,505000.0,S,20.6,4.0,2.0,2.0,406.0,,,-37.57008,144.90388000000004
4,h,730000.0,VB,23.0,4.0,2.0,2.0,655.0,184.0,1965.0,-37.79725,145.29651
3,h,1005000.0,S,23.0,3.0,1.0,8.0,1082.0,,,-37.80618,145.27755
3,h,790000.0,S,23.0,3.0,2.0,2.0,659.0,131.0,1987.0,-37.77473,145.26256
3,h,931000.0,S,23.0,3.0,2.0,2.0,899.0,,,-37.78028,145.26581000000004
3,h,857000.0,S,23.0,3.0,2.0,1.0,1007.0,250.0,1980.0,-37.76653,145.29163
3,h,477000.0,S,14.0,3.0,1.0,1.0,627.0,97.0,1960.0,-37.66781,144.93809
3,h,500000.0,S,24.7,3.0,1.0,1.0,372.0,,,-37.98383,145.20342
3,h,510000.0,S,24.7,3.0,2.0,1.0,673.0,125.0,1995.0,-37.98096,145.22621
3,h,632000.0,SP,24.7,3.0,1.0,2.0,544.0,,,-37.95135,145.19806
4,h,950000.0,SP,21.8,4.0,2.0,2.0,879.0,235.0,1995.0,-37.68001,145.16
4,h,955000.0,S,22.2,4.0,2.0,2.0,615.0,,,-37.96746,145.12788
4,h,1375000.0,S,12.4,4.0,2.0,3.0,652.0,218.0,1970.0,-37.78145,145.13598000000005
5,h,1820000.0,S,12.4,5.0,3.0,2.0,630.0,,,-37.78151,145.12515
3,h,1482000.0,S,14.3,3.0,1.0,3.0,713.0,,,-37.79507,145.15913999999995
4,h,1470000.0,PI,14.3,4.0,2.0,2.0,775.0,,,-37.80126,145.1665
4,t,1175000.0,S,14.3,4.0,2.0,2.0,723.0,235.0,2009.0,-37.79545,145.15372
3,h,1381000.0,S,14.3,3.0,2.0,1.0,646.0,170.0,1975.0,-37.78758,145.16792
3,h,1620000.0,S,14.3,3.0,2.0,1.0,848.0,,,-37.78693,145.16384
3,t,1171000.0,S,16.1,3.0,2.0,2.0,247.0,,,-37.79056,145.17512
4,h,555000.0,S,25.9,4.0,2.0,2.0,387.0,,,-37.59589,145.11364
3,h,881017.0,SP,18.0,3.0,2.0,2.0,662.0,,,-37.70519,145.13315
2,u,670000.0,VB,7.2,2.0,1.0,0.0,643.0,,1950.0,-37.87571,144.98702
4,h,652000.0,S,19.6,4.0,1.0,5.0,548.0,,,-37.65256,145.04093
3,h,557500.0,SP,19.6,3.0,1.0,2.0,654.0,,,-37.63923,145.05306000000004
4,t,1185000.0,S,7.5,4.0,3.0,1.0,205.0,168.0,2010.0,-37.74588,144.92700000000005
4,h,2100000.0,VB,7.5,4.0,2.0,3.0,920.0,256.0,1990.0,-37.7554,144.92351000000005
4,h,900000.0,S,7.5,4.0,1.0,1.0,478.0,,,-37.74424000000001,144.89149
3,h,1500000.0,S,7.5,3.0,1.0,2.0,649.0,,,-37.74212,144.89256
3,u,801000.0,S,8.2,3.0,2.0,1.0,256.0,125.0,2000.0,-37.73594,144.89928999999995
3,h,1492000.0,S,5.7,3.0,2.0,1.0,292.0,117.0,1930.0,-37.77788,145.01963999999995
2,t,515000.0,SP,13.1,2.0,1.0,2.0,177.0,84.0,2013.0,-37.70982,144.96397
3,h,760000.0,S,24.8,3.0,1.0,2.0,944.0,104.0,1981.0,-37.87558,145.27196999999995
3,h,2300000.0,S,2.1,3.0,2.0,1.0,203.0,163.0,1890.0,-37.80475,144.98228
2,h,1090000.0,S,3.4,2.0,1.0,2.0,263.0,,,-37.78128,144.92325
3,h,1500000.0,VB,3.4,3.0,1.0,2.0,241.0,119.0,,-37.78365,144.93015
3,h,810000.0,SP,5.1,3.0,2.0,2.0,121.0,,2014.0,-37.79949000000001,144.88487
2,u,730000.0,SP,15.4,2.0,1.0,1.0,296.0,296.0,1998.0,-37.83633,145.16873
4,h,695000.0,S,38.0,4.0,1.0,3.0,713.0,109.0,1950.0,-38.15675,145.12707
3,h,938000.0,S,38.0,3.0,1.0,1.0,972.0,,,-38.13954,145.13086
3,h,1155000.0,S,38.0,3.0,2.0,2.0,2405.0,242.0,1980.0,-38.16457,145.12421
4,h,1905000.0,S,38.0,4.0,2.0,2.0,1471.0,180.0,1960.0,-38.15984,145.10884
3,h,680000.0,S,12.9,3.0,1.0,2.0,300.0,,,-37.68416,144.8895
4,h,670000.0,S,12.9,4.0,2.0,2.0,729.0,,1980.0,-37.6927,144.89395
3,h,650000.0,VB,12.9,3.0,1.0,3.0,529.0,117.0,,-37.69485,144.89092
4,h,670000.0,VB,12.9,4.0,2.0,3.0,213.0,156.0,1970.0,-37.68247,144.88446000000005
3,h,1300000.0,VB,7.3,3.0,2.0,2.0,400.0,170.0,1900.0,-37.85223,145.08676
4,h,2825000.0,PI,7.3,4.0,2.0,2.0,728.0,,,-37.85541,145.0639
4,h,1770000.0,SP,7.3,4.0,3.0,2.0,276.0,,,-37.8616,145.06801000000004
2,h,1910000.0,S,7.3,2.0,1.0,1.0,848.0,,,-37.85875,145.08441000000005
3,h,1850000.0,S,7.3,3.0,1.0,1.0,645.0,,,-37.85341,145.09188999999995
3,h,2152500.0,S,7.3,3.0,2.0,2.0,656.0,,1930.0,-37.86521,145.07034
3,t,1160000.0,S,7.3,3.0,2.0,2.0,203.0,,,-37.86248,145.06682
2,u,791000.0,S,16.7,2.0,1.0,1.0,310.0,,,-37.89291,145.15399
3,h,1370000.0,S,16.7,3.0,1.0,,652.0,,,-37.8717,145.17266999999995
3,h,815000.0,S,11.2,3.0,1.0,1.0,697.0,,,-37.70239,144.91289
4,h,835000.0,S,11.2,4.0,1.0,3.0,649.0,122.0,1960.0,-37.7022,144.92241
3,h,830000.0,S,11.2,3.0,1.0,2.0,655.0,110.0,1960.0,-37.70608,144.92541
3,h,815000.0,PI,11.2,3.0,1.0,3.0,760.0,,1960.0,-37.70189,144.93294
3,h,780000.0,SP,11.2,3.0,1.0,3.0,618.0,116.0,1960.0,-37.69836,144.93891000000005
4,h,635000.0,SP,12.9,4.0,2.0,2.0,2679.0,4.0,2005.0,-37.70207,144.89805
3,h,700000.0,VB,16.1,3.0,1.0,2.0,676.0,,,-37.71825,145.09488000000005
4,h,797000.0,S,20.4,4.0,2.0,2.0,1057.0,195.0,1995.0,-37.65467,144.9035
4,h,2675000.0,S,13.8,4.0,2.0,4.0,728.0,,,-37.94437,145.00288
4,h,1900000.0,VB,13.8,4.0,3.0,2.0,699.0,228.0,1985.0,-37.94088,145.0145
4,h,2260000.0,S,13.8,4.0,2.0,2.0,766.0,,,-37.93571,145.0153
2,h,832000.0,S,16.0,2.0,1.0,1.0,254.0,,,-37.95188,145.05369
5,h,610000.0,SA,18.4,5.0,2.0,2.0,650.0,,,-37.85638,144.70671000000004
4,h,555000.0,PI,18.4,4.0,1.0,2.0,570.0,,,-37.87552,144.69648
3,h,1080000.0,S,12.3,3.0,1.0,3.0,594.0,,,-37.9028,145.10605
5,h,750000.0,SP,14.0,5.0,2.0,4.0,647.0,207.0,1983.0,-37.73726,144.82998
4,h,1010000.0,S,11.7,4.0,1.0,2.0,612.0,,,-37.75035,144.86431000000005
4,h,3060000.0,S,5.4,4.0,2.0,2.0,838.0,,,-37.80894,145.05853000000005
4,h,1690000.0,S,5.4,4.0,2.0,4.0,350.0,168.0,1900.0,-37.80127,145.03733
4,h,1600000.0,VB,7.3,4.0,2.0,2.0,12300.0,,1940.0,-37.79459,145.03921
3,h,685000.0,S,16.3,3.0,1.0,2.0,888.0,,,-37.66075,145.01133000000004
4,h,715000.0,S,16.3,4.0,2.0,2.0,500.0,,,-37.65936,144.9967
3,h,685500.0,S,16.3,3.0,1.0,1.0,551.0,,,-37.66613,145.01346999999996
3,t,722000.0,S,6.4,3.0,2.0,2.0,147.0,125.0,2015.0,-37.78538,144.87958999999995
3,h,1430000.0,S,8.4,3.0,1.0,1.0,641.0,,,-37.87811,145.07778000000005
3,h,983000.0,S,4.3,3.0,2.0,2.0,359.0,185.0,2008.0,-37.78606,144.88459
4,h,560000.0,S,17.4,4.0,3.0,2.0,572.0,,,-37.65465,144.92182
3,h,482000.0,S,17.4,3.0,2.0,2.0,452.0,140.0,1992.0,-37.64023,144.91398999999996
5,h,460000.0,S,31.7,5.0,2.0,2.0,590.0,,,-37.68217,144.56926
3,h,430000.0,S,31.7,3.0,1.0,2.0,583.0,103.0,1980.0,-37.68146,144.57106000000005
3,h,438000.0,S,31.7,3.0,2.0,2.0,575.0,172.0,2016.0,-37.66745,144.55857
4,h,900000.0,PI,20.0,4.0,2.0,2.0,530.0,216.0,1980.0,-37.98368,145.09237
3,h,960500.0,S,20.0,3.0,2.0,2.0,535.0,132.0,1985.0,-37.98329,145.0918
3,t,840000.0,S,20.0,3.0,2.0,2.0,163.0,154.0,2012.0,-37.97459,145.06937
3,h,1210000.0,PI,6.2,3.0,2.0,0.0,411.0,114.0,1915.0,-37.76285,144.90575
4,h,1450000.0,S,6.2,4.0,2.0,3.0,465.0,,,-37.76306,144.92851000000005
4,h,1188000.0,S,14.3,4.0,2.0,2.0,595.0,,,-37.94253,145.05911
2,h,1300000.0,VB,21.5,2.0,1.0,2.0,502.0,,,-38.00663,145.08491999999995
3,h,1800000.0,PI,14.2,3.0,2.0,2.0,786.0,,,-37.87834,145.12131000000005
3,t,650000.0,S,18.8,3.0,2.0,1.0,145.0,129.0,2015.0,-37.93211,145.18955
4,h,1105000.0,S,18.8,4.0,3.0,2.0,650.0,224.0,1985.0,-37.92979,145.2036
4,h,1180000.0,PI,6.2,4.0,1.0,,545.0,,,-37.84399000000001,144.89125
4,t,940000.0,SP,6.2,4.0,2.0,2.0,510.0,196.0,2016.0,-37.84815,144.86866
2,h,1370000.0,S,10.4,2.0,1.0,0.0,650.0,,,-37.73612,144.88474
5,h,1215000.0,S,10.4,5.0,2.0,2.0,647.0,,,-37.74269,144.88607
2,h,1300000.0,PI,10.4,2.0,1.0,1.0,650.0,380.0,2016.0,-37.74016,144.88805
2,h,1100000.0,PI,1.8,2.0,1.0,0.0,129.0,,1880.0,-37.80318,144.94513
3,h,1425000.0,S,1.8,3.0,1.0,3.0,163.0,,,-37.80452,144.95718
3,h,1550000.0,S,1.8,3.0,2.0,1.0,173.0,,,-37.79614,144.94248000000005
2,h,1386000.0,S,5.3,2.0,1.0,0.0,270.0,,,-37.77816,144.99995
4,h,1700000.0,S,5.3,4.0,3.0,4.0,422.0,,,-37.76969,145.00718
4,h,1150000.0,VB,12.3,4.0,2.0,2.0,1060.0,175.0,1940.0,-37.9073,145.0962
3,h,1140000.0,PI,15.5,3.0,1.0,4.0,697.0,,,-37.92021,145.10442
5,h,2110000.0,PI,11.4,5.0,3.0,4.0,664.0,245.0,1980.0,-37.90422,145.02827
4,h,1320000.0,S,21.5,4.0,2.0,5.0,600.0,179.0,1950.0,-37.99806,145.08829
2,u,672000.0,S,21.5,2.0,1.0,1.0,158.0,,,-37.99515,145.08222
3,t,676000.0,S,8.5,3.0,2.0,2.0,122.0,108.0,2012.0,-37.72304000000001,144.92864
2,t,500000.0,VB,8.5,2.0,2.0,1.0,74.0,,2011.0,-37.72184,144.92969
3,h,1010000.0,S,8.5,3.0,1.0,2.0,673.0,,1970.0,-37.72777,144.9339
4,h,1375000.0,VB,8.5,4.0,2.0,2.0,1031.0,,,-37.71746,144.92955
3,h,540000.0,S,14.7,3.0,2.0,2.0,353.0,135.0,2011.0,-37.9105,144.73457
2,u,820000.0,SP,3.5,2.0,2.0,2.0,4604.0,,,-37.84079000000001,144.94002
3,h,1764000.0,S,3.5,3.0,2.0,,131.0,133.0,1900.0,-37.83509,144.94224
4,h,2625000.0,PI,3.5,4.0,3.0,2.0,202.0,,,-37.83247,144.94212
2,h,1400000.0,PI,4.6,2.0,1.0,0.0,212.0,,,-37.85491,145.00373000000005
4,h,750000.0,VB,12.0,4.0,1.0,6.0,953.0,,,-37.69693,145.0079
3,h,861000.0,S,12.0,3.0,2.0,3.0,488.0,135.0,1950.0,-37.72747,145.00035
3,h,612500.0,S,12.0,3.0,1.0,1.0,170.0,128.0,1950.0,-37.72924,145.02981
3,h,906000.0,S,12.0,3.0,1.0,2.0,741.0,,,-37.70931,145.01434
3,h,758000.0,S,12.0,3.0,1.0,2.0,558.0,,,-37.69968,145.0054
4,h,900000.0,SP,12.0,4.0,1.0,4.0,646.0,119.0,1950.0,-37.72328,145.01862
2,h,762000.0,S,12.0,2.0,1.0,1.0,556.0,,,-37.72422,145.00141000000005
4,h,2368000.0,S,2.4,4.0,1.0,3.0,390.0,,,-37.82483,145.00111
3,h,1120000.0,S,19.9,3.0,1.0,2.0,669.0,106.0,1960.0,-37.82136,145.22496999999996
4,h,570000.0,S,20.6,4.0,2.0,2.0,504.0,0.0,2000.0,-37.61419,144.93448
3,h,515000.0,S,20.6,3.0,2.0,2.0,532.0,,2000.0,-37.62554,144.92006
2,h,1137000.0,S,1.9,2.0,1.0,,126.0,79.0,,-37.83704,144.95606
2,u,860000.0,PI,2.7,2.0,1.0,1.0,644.0,,,-37.83652,144.98522
4,h,1080000.0,S,20.8,4.0,2.0,3.0,795.0,,,-37.9484,145.15663
4,h,850000.0,SP,22.2,4.0,2.0,2.0,584.0,,,-37.97291,145.15334
3,h,645000.0,S,14.0,3.0,1.0,0.0,539.0,138.0,1960.0,-37.74845,144.8144
3,h,1280000.0,PI,8.2,3.0,3.0,2.0,571.0,302.0,1960.0,-37.71965,144.90831
4,h,570000.0,S,31.7,4.0,2.0,2.0,693.0,174.0,1995.0,-37.57029,144.71163
4,h,540000.0,S,31.7,4.0,2.0,2.0,650.0,161.0,1995.0,-37.56284,144.71187
3,h,482000.0,S,31.7,3.0,2.0,4.0,664.0,138.0,1975.0,-37.58196,144.71066000000005
3,h,662000.0,S,31.7,3.0,1.0,2.0,1050.0,,,-37.58319,144.73685
4,h,640000.0,S,10.5,4.0,1.0,1.0,123.0,,,-37.76899,144.82525
2,h,732500.0,S,10.5,2.0,1.0,3.0,630.0,,,-37.76701,144.84444
3,h,713500.0,S,10.5,3.0,1.0,2.0,520.0,131.0,1968.0,-37.79128,144.82362
3,h,705000.0,S,15.5,3.0,2.0,1.0,677.0,138.0,1980.0,-37.71254,144.80836000000005
3,h,1375000.0,S,7.0,4.0,2.0,3.0,530.0,145.0,1950.0,-37.75968,145.02305
3,t,900000.0,VB,7.0,3.0,2.0,2.0,120.0,0.0,2000.0,-37.76343,145.02096
3,h,782000.0,S,12.9,3.0,2.0,6.0,650.0,,,-37.6966,144.87746
4,h,1420000.0,S,21.1,4.0,3.0,2.0,1209.0,,,-37.7396,145.22218999999996
4,h,630000.0,S,14.7,4.0,2.0,2.0,720.0,163.0,2001.0,-37.87215,144.65608
4,h,490500.0,S,14.7,4.0,2.0,2.0,586.0,,,-37.88639000000001,144.6555
3,h,510000.0,S,14.7,3.0,1.0,1.0,614.0,123.0,1970.0,-37.89152,144.68345
3,h,660000.0,PI,6.4,3.0,2.0,2.0,134.0,,,-37.80782,144.86586
3,h,1460000.0,S,3.1,3.0,1.0,1.0,219.0,,,-37.80557,144.94648999999995
4,h,1223000.0,S,16.7,4.0,3.0,2.0,872.0,,,-37.90248,145.187
3,h,950000.0,S,16.7,3.0,2.0,3.0,654.0,,,-37.91101,145.17293
5,h,1206000.0,S,16.7,5.0,2.0,2.0,784.0,,,-37.89856,145.17682
4,h,1678000.0,S,16.7,4.0,2.0,2.0,943.0,,,-37.90306,145.18171
4,h,1630000.0,S,6.8,4.0,3.0,2.0,400.0,,,-37.86338,144.88322
3,t,1525000.0,PI,4.6,3.0,2.0,2.0,150.0,,,-37.8567,144.99665
3,h,890000.0,VB,6.3,3.0,1.0,,338.0,123.0,1906.0,-37.8195,144.88908
3,h,1195000.0,S,7.5,3.0,2.0,2.0,381.0,,,-37.75629,144.90626
3,h,1000001.0,S,10.4,3.0,2.0,1.0,697.0,163.0,2017.0,-37.72812,144.88735
3,h,1064000.0,S,10.4,3.0,1.0,1.0,767.0,,,-37.7218,144.88391
3,u,675000.0,S,10.5,3.0,1.0,1.0,284.0,,,-37.77933,144.81679
3,h,1170000.0,S,5.7,3.0,1.0,1.0,268.0,126.0,1994.0,-37.7753,145.0267
2,u,458000.0,SP,11.0,2.0,1.0,1.0,63.0,75.0,1975.0,-37.86933,144.81704
3,h,870000.0,PI,4.3,3.0,2.0,3.0,388.0,92.0,1950.0,-37.7822,144.92042
3,u,870000.0,SP,4.3,3.0,2.0,1.0,3215.0,178.0,1900.0,-37.78344,144.92183
4,h,1550000.0,S,10.2,4.0,2.0,2.0,670.0,,,-37.87042,145.08099
3,h,780000.0,PI,21.5,3.0,1.0,2.0,292.0,91.0,1955.0,-38.01908,145.09702
3,h,880000.0,SP,21.5,3.0,2.0,1.0,588.0,,,-38.01909000000001,145.1125
3,h,640000.0,SP,16.5,3.0,2.0,2.0,607.0,,,-37.67379,144.89826000000005
5,h,2750000.0,VB,7.9,5.0,5.0,2.0,1235.0,397.0,2016.0,-37.80563,145.10304
4,h,1950000.0,S,9.7,4.0,3.0,1.0,747.0,,,-37.79609,145.08478
4,h,2000000.0,VB,9.7,4.0,2.0,5.0,700.0,300.0,2007.0,-37.78971,145.09546
4,h,900000.0,S,23.2,4.0,2.0,2.0,656.0,193.0,1975.0,-37.82778,145.28958
3,h,1750000.0,SP,17.3,3.0,2.0,2.0,782.0,,,-37.99007,145.03588
3,h,1354000.0,S,17.3,3.0,1.0,2.0,612.0,124.0,1950.0,-37.97289,145.05078999999995
3,h,1532000.0,S,11.4,3.0,1.0,2.0,628.0,,,-37.92716,145.03778
4,h,2151000.0,S,11.4,4.0,3.0,2.0,811.0,,1975.0,-37.91637,145.05177
4,h,1720000.0,S,17.3,4.0,2.0,2.0,659.0,,1950.0,-37.97951,145.02515
4,h,2000000.0,S,17.3,4.0,2.0,4.0,823.0,,,-37.9757,145.02535
3,h,1390000.0,S,13.4,3.0,2.0,3.0,698.0,194.0,1945.0,-37.81231,145.1642
4,h,1151000.0,SP,13.4,4.0,2.0,2.0,923.0,,,-37.80096,145.1488
3,h,834500.0,S,8.6,3.0,1.0,4.0,685.0,,,-37.78481,144.8623
3,h,649000.0,S,14.0,3.0,1.0,1.0,656.0,,,-37.69103,144.91857
4,h,753000.0,S,14.0,4.0,1.0,2.0,696.0,,,-37.68563,144.92998
3,h,875000.0,VB,5.2,3.0,1.0,1.0,275.0,106.0,1910.0,-37.75918,144.94829
4,h,1250000.0,VB,5.2,4.0,2.0,2.0,600.0,180.0,2004.0,-37.75465,144.94144
2,h,1225000.0,SP,5.2,2.0,1.0,2.0,501.0,495.0,1930.0,-37.75772,144.94349
3,h,980000.0,PI,10.8,3.0,2.0,1.0,573.0,161.0,1970.0,-37.77892,145.09281
4,h,758000.0,S,12.1,4.0,3.0,2.0,331.0,331.0,2010.0,-37.67998,145.07345
4,h,1750000.0,S,10.4,4.0,2.0,4.0,514.0,258.0,2000.0,-37.84248,145.10181
4,h,3130000.0,S,8.4,4.0,2.0,2.0,618.0,,,-37.82875,145.08403
3,h,1263000.0,S,1.6,3.0,1.0,1.0,110.0,128.0,1880.0,-37.79667,144.97204
2,h,800000.0,VB,1.6,2.0,1.0,,117.0,,,-37.79294,144.97283000000004
2,h,1065000.0,S,3.5,2.0,1.0,,4025.0,,,-37.78791,144.96938
2,h,950000.0,VB,3.5,2.0,1.0,,97.0,,,-37.7899,144.97111999999996
3,h,948000.0,S,17.9,3.0,1.0,2.0,570.0,,,-37.96258,145.08038
3,h,850000.0,S,17.5,3.0,1.0,2.0,613.0,,,-37.93086,145.11073000000005
3,h,985000.0,SP,17.5,3.0,1.0,2.0,674.0,98.0,1950.0,-37.93539000000001,145.11986000000005
3,h,1250500.0,S,17.5,3.0,1.0,2.0,1226.0,,,-37.95988,145.13279
3,h,805000.0,S,17.5,3.0,1.0,1.0,539.0,,,-37.94128,145.11406000000005
2,h,1320000.0,S,3.6,2.0,1.0,1.0,191.0,,1890.0,-37.79158,144.99586000000005
3,h,1326000.0,S,6.7,3.0,1.0,2.0,524.0,,,-37.75392,144.97468999999995
2,u,1250000.0,SP,2.0,2.0,2.0,2.0,909.0,,,-37.80236,144.98481999999996
4,h,595000.0,S,20.6,4.0,1.0,0.0,641.0,110.0,1990.0,-37.61114,144.93683
2,h,1200000.0,SP,2.4,2.0,1.0,,160.0,,,-37.82647,144.99264
3,h,589000.0,S,14.8,3.0,2.0,2.0,544.0,125.0,1996.0,-37.7687,144.75833
3,h,630000.0,PI,14.7,3.0,2.0,2.0,504.0,,,-37.79691,144.7669
4,h,745000.0,S,21.8,4.0,2.0,2.0,767.0,,,-37.67515,145.1655
4,h,952000.0,S,22.2,4.0,2.0,3.0,681.0,168.0,1970.0,-37.98145,145.12833999999995
4,h,1255000.0,S,12.4,4.0,2.0,1.0,670.0,,,-37.77109,145.1338
5,h,1540500.0,S,12.4,5.0,2.0,2.0,726.0,,,-37.78133,145.10833
3,h,1209000.0,S,14.3,3.0,1.0,2.0,635.0,,,-37.78649,145.16773999999995
5,h,1730000.0,S,14.3,5.0,2.0,2.0,746.0,,,-37.78658,145.16086
5,h,1510000.0,SP,14.3,5.0,2.0,3.0,677.0,,,-37.79348,145.15241
4,h,1600000.0,S,14.3,4.0,3.0,2.0,878.0,306.0,1970.0,-37.76888,145.17044
2,u,718500.0,S,16.1,2.0,1.0,1.0,255.0,,,-37.80528,145.19057
3,h,481000.0,S,25.9,3.0,2.0,1.0,359.0,150.0,2011.0,-37.5875,145.11883999999995
2,u,566000.0,S,18.0,2.0,1.0,1.0,845.0,,,-37.71513,145.15323999999995
4,h,950000.0,PI,18.0,4.0,2.0,2.0,651.0,198.0,1990.0,-37.68739,145.14437
3,h,1400000.0,VB,7.2,3.0,2.0,,225.0,122.0,1890.0,-37.87614,144.99081
2,h,1450000.0,S,7.2,2.0,2.0,,213.0,,,-37.87816,144.99069
3,h,375000.0,SP,19.6,3.0,1.0,1.0,167.0,,2011.0,-37.63011,145.02936
3,h,641000.0,S,19.6,3.0,2.0,2.0,535.0,148.0,1970.0,-37.64372,145.03761
2,u,291000.0,S,19.6,2.0,1.0,1.0,161.0,,,-37.64888,145.02313
3,h,993000.0,S,7.5,3.0,2.0,2.0,595.0,169.0,,-37.74635,144.9229
4,h,820000.0,S,24.8,4.0,2.0,2.0,728.0,,1970.0,-37.88393,145.26225
3,h,797000.0,S,24.8,3.0,2.0,1.0,626.0,145.0,1995.0,-37.89555,145.27625
3,h,1750000.0,VB,2.1,3.0,1.0,,152.0,,,-37.79662,144.9791
3,h,820000.0,PI,3.4,3.0,1.0,0.0,185.0,98.0,1900.0,-37.78449000000001,144.93482
2,h,1225000.0,S,3.4,2.0,1.0,1.0,150.0,96.0,1890.0,-37.78363,144.92997
2,h,800000.0,VB,5.1,2.0,1.0,2.0,353.0,123.0,1930.0,-37.79047,144.88289
3,h,1010000.0,S,38.0,3.0,2.0,2.0,306.0,125.0,1970.0,-38.1386,145.12142
4,h,830000.0,SP,38.0,4.0,1.0,4.0,600.0,158.0,1985.0,-38.16475,145.1345
3,h,690000.0,VB,45.9,3.0,2.0,2.0,2189.0,,,-37.50624000000001,144.58133999999995
4,h,780000.0,S,45.9,4.0,3.0,2.0,20200.0,189.0,1985.0,-37.49674,144.62618
3,h,660000.0,S,12.9,3.0,1.0,3.0,467.0,,,-37.69271,144.891
3,h,625000.0,SP,12.9,3.0,2.0,4.0,578.0,,,-37.68899,144.88273
3,h,2200000.0,S,7.3,3.0,2.0,2.0,705.0,158.0,1935.0,-37.86578,145.06886
5,h,3000000.0,VB,7.3,5.0,3.0,2.0,775.0,,,-37.85855,145.07775
4,h,3200000.0,S,7.3,4.0,3.0,2.0,858.0,,1980.0,-37.85557,145.06534
2,t,965000.0,S,7.3,2.0,2.0,1.0,704.0,,,-37.85698,145.04686
4,h,1790000.0,S,16.7,4.0,2.0,2.0,742.0,164.0,1970.0,-37.87738,145.18083
4,t,1170000.0,S,16.7,4.0,3.0,2.0,725.0,,1936.0,-37.89868,145.14635
4,h,1320000.0,PI,16.7,4.0,2.0,5.0,1021.0,,,-37.90317,145.16607
5,h,1320000.0,S,16.7,5.0,3.0,3.0,478.0,,,-37.89891,145.15341
4,h,1152000.0,S,16.7,4.0,2.0,2.0,734.0,,,-37.87432,145.18766000000005
3,h,932000.0,S,11.2,3.0,1.0,1.0,639.0,,,-37.70234,144.92123
2,h,605000.0,S,11.2,2.0,1.0,2.0,378.0,92.0,1955.0,-37.70175,144.93578
5,h,1000000.0,VB,16.1,5.0,2.0,2.0,900.0,192.0,1955.0,-37.7008,145.09974
3,h,750000.0,VB,11.2,3.0,1.0,3.0,665.0,104.0,1970.0,-37.70444000000001,144.95273999999995
3,h,1850000.0,VB,13.8,3.0,1.0,2.0,697.0,,,-37.94435,145.00927
3,h,1670000.0,PI,5.3,3.0,3.0,2.0,107.0,,,-37.81753,145.01988
3,h,2710000.0,S,6.2,3.0,1.0,3.0,615.0,,,-37.82425,145.05552
3,h,1768000.0,S,6.2,3.0,2.0,2.0,304.0,,,-37.83277,145.04373
4,h,1165000.0,S,21.3,4.0,2.0,2.0,442.0,207.0,2016.0,-37.82507,145.24058
4,h,920000.0,SP,21.3,4.0,2.0,2.0,655.0,,,-37.83481,145.23238999999995
5,h,932000.0,S,21.3,5.0,2.0,2.0,543.0,200.0,1980.0,-37.83145,145.22826
3,h,811000.0,S,8.8,3.0,1.0,1.0,586.0,,,-37.73799,145.0522
4,h,1550000.0,PI,16.0,4.0,2.0,2.0,613.0,187.0,1960.0,-37.94957,145.0246
4,h,805000.0,S,18.0,4.0,3.0,2.0,970.0,,,-37.69144,144.74643
3,h,510000.0,S,18.4,3.0,1.0,2.0,600.0,129.0,1975.0,-37.8835,144.68447
3,h,600000.0,S,26.1,3.0,2.0,,785.0,,,-37.637,145.20166
3,h,1535000.0,S,7.8,3.0,2.0,1.0,697.0,128.0,1930.0,-37.77536,145.06295
3,h,678500.0,S,14.5,3.0,1.0,2.0,539.0,104.0,1975.0,-37.71296,144.82223
4,h,720000.0,S,15.5,4.0,2.0,2.0,660.0,177.0,1985.0,-37.72086,144.79399999999995
4,h,1210000.0,S,11.7,4.0,4.0,3.0,429.0,,,-37.74872,144.87558
4,h,1188000.0,S,11.7,4.0,2.0,2.0,612.0,202.0,1961.0,-37.74375,144.87487
3,h,1031100.0,S,11.7,3.0,1.0,1.0,602.0,,,-37.73514,144.86778
3,h,1076500.0,S,11.7,3.0,1.0,1.0,638.0,,,-37.73951,144.86798000000005
3,h,680000.0,PI,15.5,3.0,2.0,2.0,651.0,,1991.0,-37.69727,144.79371
3,h,1950000.0,S,5.4,3.0,1.0,3.0,706.0,,,-37.79793,145.03833999999995
3,h,1700000.0,S,7.3,3.0,1.0,2.0,579.0,,,-37.79733,145.06047
4,h,2000000.0,VB,7.3,4.0,1.0,1.0,704.0,,,-37.79349000000001,145.04611
3,h,1655000.0,SA,7.3,3.0,2.0,1.0,822.0,,,-37.78896,145.04728
4,h,1980000.0,VB,7.3,4.0,2.0,3.0,846.0,,,-37.79187,145.0487
3,h,915000.0,S,6.4,3.0,2.0,4.0,463.0,,,-37.81045,144.87311
3,h,1100000.0,PI,6.4,3.0,2.0,0.0,275.0,122.0,1910.0,-37.81196,144.88208999999995
3,h,685000.0,S,16.3,3.0,1.0,1.0,548.0,,,-37.66649,145.0125
3,h,741000.0,S,16.3,3.0,1.0,1.0,672.0,,,-37.66486,145.02014
2,h,865000.0,S,6.4,2.0,1.0,2.0,327.0,131.0,1950.0,-37.78947,144.88105
3,h,1510000.0,PI,5.9,3.0,1.0,0.0,228.0,156.0,1900.0,-37.86115,145.03217
4,h,2525000.0,S,8.4,4.0,2.0,2.0,576.0,,,-37.87427,145.05014
3,h,1902000.0,S,8.4,3.0,2.0,2.0,728.0,,,-37.87742,145.06162
3,h,473000.0,S,17.4,3.0,1.0,2.0,501.0,129.0,1992.0,-37.64343,144.91193
4,h,410000.0,S,29.8,4.0,1.0,2.0,578.0,104.0,1980.0,-37.71077,144.57198
3,t,875000.0,S,20.0,3.0,2.0,2.0,165.0,19.0,,-37.97904000000001,145.06385
4,h,720000.0,S,25.9,4.0,2.0,2.0,573.0,245.0,,-37.60686,145.08615
5,h,6400000.0,S,3.0,5.0,2.0,1.0,553.0,308.0,1920.0,-37.84908,144.95753
2,h,1500000.0,VB,3.0,2.0,1.0,1.0,194.0,,,-37.8503,144.96376
3,h,710000.0,S,17.9,3.0,2.0,2.0,585.0,,,-37.65027,145.06136
4,h,757000.0,S,17.9,4.0,2.0,3.0,800.0,270.0,1985.0,-37.67217,145.0642
4,h,1200000.0,VB,17.2,4.0,3.0,2.0,367.0,334.0,2015.0,-37.81338,145.18551000000005
3,h,1237000.0,S,17.2,3.0,2.0,2.0,534.0,187.0,1970.0,-37.81059000000001,145.18975
2,u,850000.0,SP,10.2,2.0,1.0,1.0,2243.0,,,-37.81452,145.10884
3,h,1205000.0,S,6.2,3.0,1.0,1.0,375.0,118.0,1910.0,-37.76464,144.91035
3,h,1240000.0,S,6.2,3.0,2.0,2.0,784.0,172.0,2007.0,-37.75947,144.92542
3,h,720000.0,S,26.5,3.0,1.0,1.0,862.0,97.0,1960.0,-37.78329,145.32271
3,h,888000.0,S,18.8,3.0,1.0,1.0,644.0,,,-37.92509,145.16754
3,t,922000.0,S,10.1,3.0,2.0,2.0,219.0,,,-37.90584000000001,145.06169
4,h,1567000.0,S,6.2,4.0,2.0,2.0,409.0,181.0,1910.0,-37.84445,144.87966
4,h,980000.0,SP,6.2,4.0,3.0,2.0,622.0,,2005.0,-37.84471,144.86594
4,h,1370000.0,S,10.4,4.0,3.0,2.0,634.0,251.0,2017.0,-37.74101,144.88478
4,h,902000.0,S,21.1,4.0,2.0,0.0,1457.0,147.0,1970.0,-37.72548,145.20868000000004
3,h,1341500.0,SP,5.3,3.0,1.0,1.0,272.0,,1950.0,-37.77986,145.00772
4,h,1685000.0,S,5.3,4.0,1.0,1.0,442.0,112.0,1920.0,-37.76917,144.98606
4,h,1495000.0,SP,12.3,4.0,2.0,1.0,581.0,179.0,1950.0,-37.90706,145.09524
3,h,1110000.0,S,15.5,3.0,1.0,2.0,704.0,120.0,1970.0,-37.93409000000001,145.08383
3,h,1103000.0,SP,11.4,3.0,1.0,2.0,401.0,134.0,1960.0,-37.90491,145.04568
4,h,1630000.0,S,21.5,4.0,2.0,2.0,554.0,,,-37.99323,145.0744
4,h,1230000.0,PI,21.5,4.0,2.0,2.0,787.0,,,-37.98616,145.08139
3,h,850000.0,S,8.5,3.0,1.0,3.0,446.0,,,-37.73366,144.94321000000005
4,h,1631000.0,S,3.5,4.0,3.0,2.0,362.0,,,-37.83467,144.92775
3,h,1845000.0,S,3.5,3.0,3.0,2.0,114.0,240.0,2009.0,-37.83981,144.9364
3,h,1000000.0,S,3.5,3.0,1.0,0.0,99.0,96.0,1890.0,-37.83509,144.94286
1,h,1475000.0,S,4.6,1.0,1.0,4.0,192.0,,,-37.85553,145.00261
3,h,1650000.0,S,4.6,3.0,1.0,0.0,435.0,200.0,1966.0,-37.85793,145.00734
3,h,1072500.0,S,8.4,3.0,1.0,2.0,588.0,,,-37.73787,145.0229
3,h,920000.0,SP,8.4,3.0,1.0,2.0,465.0,,1930.0,-37.73027,145.00189
3,h,750000.0,VB,12.0,3.0,1.0,3.0,611.0,,,-37.70486,145.01169
3,h,755000.0,S,12.0,3.0,1.0,1.0,482.0,109.0,1965.0,-37.7197,144.99295
2,h,680000.0,S,12.0,2.0,1.0,2.0,576.0,,,-37.69573,145.01689
3,h,870000.0,SP,12.0,3.0,1.0,2.0,741.0,,,-37.70846,145.03038999999995
3,h,1525000.0,VB,2.4,3.0,2.0,0.0,195.0,122.0,1890.0,-37.81384,145.00358
3,h,1200000.0,S,2.4,3.0,1.0,1.0,151.0,,,-37.8264,145.00935
2,u,592000.0,SA,2.4,2.0,2.0,1.0,14294.0,77.0,2006.0,-37.81894000000001,145.01314
2,h,1040000.0,S,19.9,2.0,1.0,1.0,766.0,100.0,1950.0,-37.80902,145.23561
4,h,800000.0,PI,21.3,4.0,2.0,2.0,650.0,112.0,1960.0,-37.80103,145.25368
4,h,1050000.0,S,19.9,4.0,2.0,2.0,770.0,,,-37.78929,145.2458
4,h,1800000.0,VB,8.9,4.0,2.0,2.0,635.0,276.0,1955.0,-37.74586,145.07392
3,h,580500.0,S,20.6,3.0,2.0,2.0,568.0,147.0,2003.0,-37.61562,144.92606
4,h,2700000.0,S,15.2,4.0,2.0,1.0,722.0,318.0,1890.0,-37.94804,145.00756
5,h,2290000.0,S,15.2,5.0,3.0,2.0,553.0,273.0,1925.0,-37.95185,145.01859
5,h,2220000.0,S,15.2,5.0,3.0,1.0,545.0,,,-37.94953,145.00607
3,h,1725000.0,S,15.2,3.0,1.0,2.0,493.0,117.0,1915.0,-37.94901,145.01167
3,h,770000.0,S,35.4,3.0,1.0,1.0,591.0,130.0,1963.0,-38.09864,145.13128999999995
2,h,1355000.0,S,1.9,2.0,1.0,0.0,109.0,78.0,1900.0,-37.83423,144.95243
3,h,1210000.0,PI,1.9,3.0,2.0,,149.0,,,-37.83474,144.96917
2,h,1180000.0,S,1.9,2.0,1.0,,140.0,,,-37.83745,144.95459
2,h,970000.0,VB,1.9,2.0,1.0,,82.0,,1900.0,-37.83606,144.95164
3,h,540000.0,S,20.5,3.0,2.0,2.0,362.0,152.0,2005.0,-37.6366,145.07226
3,h,1360000.0,S,2.7,3.0,1.0,,250.0,98.0,1900.0,-37.84324,144.99933
2,h,1460000.0,S,2.7,2.0,1.0,,175.0,,,-37.84401,144.99839
3,h,388000.0,S,31.7,3.0,1.0,0.0,650.0,114.0,,-37.57281,144.70015
3,h,493000.0,S,31.7,3.0,1.0,,650.0,,,-37.58562,144.71581
3,h,498500.0,S,31.7,3.0,2.0,2.0,688.0,,,-37.57367,144.71842
3,h,770000.0,S,10.5,3.0,1.0,2.0,608.0,130.0,1960.0,-37.77388,144.84368999999995
5,h,3625000.0,S,10.2,5.0,3.0,2.0,1011.0,327.0,1910.0,-37.82191,145.09212
4,h,1585000.0,S,12.4,4.0,4.0,2.0,386.0,147.0,1965.0,-37.76918,145.10445
6,h,931000.0,S,15.3,6.0,3.0,3.0,646.0,,,-37.67522,145.01554
4,h,925000.0,S,14.7,4.0,3.0,4.0,534.0,176.0,1975.0,-37.85298,145.23935
6,h,1155000.0,S,14.7,6.0,3.0,3.0,754.0,,,-37.88153,145.23003
4,h,1232000.0,SP,21.5,4.0,2.0,2.0,620.0,244.0,2004.0,-38.01345,145.1342
3,h,595000.0,S,14.7,3.0,1.0,2.0,662.0,,,-37.89302,144.65938
4,h,621000.0,S,14.7,4.0,2.0,2.0,556.0,177.0,2001.0,-37.89463,144.66857
3,h,616000.0,S,16.5,3.0,1.0,3.0,681.0,,,-37.67332,144.9022
3,h,1470000.0,S,6.8,3.0,1.0,1.0,508.0,,,-37.85265,144.89376
2,u,810000.0,S,4.6,2.0,1.0,1.0,652.0,,2013.0,-37.85556,144.99063
3,t,420000.0,S,25.5,3.0,2.0,2.0,167.0,,,-37.60949,145.0382
4,h,730000.0,PI,25.5,4.0,2.0,2.0,400.0,248.0,2012.0,-37.61729,145.0238
3,h,826000.0,SP,6.3,3.0,2.0,2.0,492.0,,2017.0,-37.82413,144.87513
4,h,800000.0,VB,6.3,4.0,2.0,2.0,277.0,142.0,1950.0,-37.8215,144.89614
3,h,1100000.0,VB,6.3,3.0,1.0,0.0,221.0,137.0,1948.0,-37.81284,144.89158999999995
4,h,1650000.0,SP,7.5,4.0,2.0,1.0,484.0,186.0,1950.0,-37.7609,144.89886
3,h,1960000.0,S,3.0,3.0,2.0,,152.0,161.0,1900.0,-37.84662,144.95675
3,h,1248500.0,S,11.0,3.0,1.0,3.0,710.0,,,-37.87182,144.816
3,h,1001000.0,S,9.4,3.0,1.0,2.0,667.0,,,-37.82872,144.84558
3,h,770000.0,S,9.4,3.0,1.0,2.0,549.0,,,-37.84476,144.8472
3,t,1715000.0,SP,6.3,3.0,3.0,1.0,1889.0,141.0,1920.0,-37.86109,145.01994
3,h,1450000.0,VB,6.3,3.0,1.0,,245.0,,,-37.85335,145.01698000000005
3,h,1555000.0,S,10.2,3.0,1.0,4.0,649.0,101.0,1950.0,-37.87,145.08803
3,h,1300000.0,PI,21.5,3.0,2.0,2.0,673.0,,,-38.02094,145.09736999999996
3,h,870000.0,S,21.5,3.0,2.0,2.0,587.0,,,-38.02105,145.11982
2,u,470000.0,S,9.5,2.0,1.0,1.0,1150.0,,1970.0,-37.77091,144.86571
3,h,2730000.0,S,7.9,3.0,2.0,2.0,679.0,203.0,1940.0,-37.80576,145.06978999999995
3,h,2350000.0,S,9.7,3.0,2.0,2.0,625.0,,,-37.80245,145.07963
2,u,905000.0,S,9.7,2.0,1.0,1.0,132.0,,1960.0,-37.79681,145.06903
5,h,3778000.0,S,17.3,5.0,4.0,4.0,1254.0,465.0,1980.0,-37.97775,145.02754
3,t,2030000.0,PI,17.3,3.0,3.0,2.0,725.0,,,-37.98667,145.02796
4,h,2210000.0,S,11.4,4.0,3.0,2.0,557.0,233.0,1940.0,-37.92098,145.02422
4,h,1450000.0,PI,11.4,4.0,2.0,2.0,689.0,,,-37.93031,145.03816
4,h,1520000.0,S,13.8,4.0,2.0,2.0,648.0,,,-37.90609,145.0551
3,h,1070000.0,VB,13.8,3.0,1.0,3.0,585.0,105.0,1960.0,-37.92041,145.07901
5,h,1900000.0,VB,13.4,5.0,3.0,2.0,1003.0,270.0,1960.0,-37.82665,145.1518
4,h,1850000.0,VB,13.4,4.0,2.0,2.0,628.0,287.0,2012.0,-37.82942,145.16714
3,h,1040000.0,VB,13.4,3.0,1.0,2.0,700.0,,,-37.82378,145.13778
4,h,1100000.0,S,13.4,4.0,3.0,2.0,592.0,168.0,2017.0,-37.84307,145.13419
4,t,1830000.0,S,27.0,4.0,3.0,2.0,353.0,222.0,2004.0,-38.06189000000001,145.11766
3,h,700000.0,S,25.0,3.0,1.0,1.0,439.0,112.0,1970.0,-37.86205,145.25333
3,h,1725000.0,PI,10.9,3.0,1.0,2.0,667.0,,,-37.82132,145.12891000000005
3,h,840000.0,S,8.6,3.0,1.0,2.0,620.0,93.0,1960.0,-37.78311,144.85331000000005
3,h,1342000.0,S,10.5,3.0,1.0,3.0,287.0,110.0,1910.0,-37.88879,144.99833
3,t,1960000.0,PI,10.5,3.0,2.0,2.0,709.0,36.0,1960.0,-37.91414,145.00527
4,h,2410000.0,S,10.5,4.0,3.0,4.0,569.0,,,-37.90192,145.00094
2,h,911000.0,SP,5.2,2.0,1.0,1.0,132.0,77.0,1905.0,-37.7697,144.96866
2,t,640000.0,S,5.2,2.0,1.0,1.0,82.0,2.0,,-37.77761,144.96832
4,h,1820000.0,PI,5.2,4.0,2.0,2.0,317.0,288.0,2017.0,-37.75792,144.97218
1,u,170000.0,VB,5.2,1.0,1.0,0.0,1250.0,,,-37.77685,144.95188000000005
2,h,1265000.0,S,4.0,2.0,1.0,3.0,439.0,,,-37.76766,144.97638
2,h,950000.0,S,4.0,2.0,2.0,1.0,224.0,89.0,1900.0,-37.75995,144.97413
4,h,1225000.0,VB,10.8,4.0,1.0,2.0,753.0,130.0,1960.0,-37.77592,145.09714
5,h,1505000.0,S,12.1,5.0,3.0,2.0,659.0,179.0,2015.0,-37.68591,145.07825
4,h,730000.0,S,12.1,4.0,2.0,2.0,538.0,144.0,1970.0,-37.7002,145.06517
5,h,1775000.0,S,10.4,5.0,2.0,3.0,791.0,,1960.0,-37.84352,145.11981
4,h,1702000.0,S,10.4,4.0,1.0,1.0,762.0,,,-37.84162,145.10435
3,h,980000.0,S,14.7,3.0,1.0,1.0,590.0,,,-37.85029,145.13846
6,h,2835000.0,SP,7.7,6.0,3.0,2.0,794.0,283.0,1970.0,-37.84317,145.05688
3,h,2770000.0,S,7.7,3.0,2.0,2.0,593.0,,1991.0,-37.83176,145.0652
5,h,2450000.0,VB,7.7,5.0,3.0,2.0,570.0,239.0,1926.0,-37.84136,145.08149
2,h,1441000.0,S,10.1,2.0,1.0,1.0,551.0,,,-37.8926,145.05868999999996
3,h,1510000.0,S,10.1,3.0,2.0,2.0,560.0,,,-37.893,145.05861000000004
2,t,850000.0,S,10.1,2.0,2.0,1.0,117.0,101.0,2007.0,-37.88592,145.04781
3,h,1500000.0,S,10.1,3.0,2.0,2.0,603.0,,,-37.90206,145.05598
3,h,1508000.0,S,10.1,3.0,2.0,2.0,338.0,147.0,2011.0,-37.89235,145.04953999999995
4,h,609000.0,S,34.9,4.0,2.0,2.0,549.0,,2005.0,-38.09601,145.19633000000005
3,h,578000.0,S,34.9,3.0,2.0,2.0,673.0,677.0,,-38.1046,145.19339
3,h,875000.0,S,27.0,3.0,1.0,3.0,534.0,127.0,1970.0,-38.04666,145.12354
4,h,920000.0,VB,17.9,4.0,2.0,2.0,530.0,,,-37.96531,145.08502
4,h,1165000.0,S,17.9,4.0,2.0,2.0,594.0,,,-37.9727,145.07016000000004
3,h,1201000.0,S,17.9,3.0,2.0,3.0,638.0,156.0,1960.0,-37.95569,145.06588
3,h,910000.0,S,17.9,3.0,1.0,2.0,541.0,,,-37.96306,145.0803
4,h,1200000.0,SP,17.9,4.0,2.0,2.0,582.0,,,-37.97531,145.07943
3,h,2950000.0,S,16.7,3.0,1.0,2.0,1040.0,,,-37.92614,145.11713
3,u,810000.0,S,16.7,3.0,1.0,2.0,340.0,100.0,1955.0,-37.92559,145.10804
3,h,850000.0,S,17.5,3.0,1.0,4.0,591.0,,,-37.93663,145.11236
4,h,1010000.0,PI,3.6,4.0,3.0,1.0,193.0,,,-37.79395,144.98899
2,h,980000.0,S,3.6,2.0,1.0,1.0,189.0,,,-37.79335,144.98911
4,h,975000.0,SP,6.7,4.0,2.0,2.0,301.0,209.0,2005.0,-37.73697,144.97568
3,t,880000.0,S,6.7,3.0,1.0,1.0,771.0,104.0,2004.0,-37.74701,144.96369
3,h,841000.0,S,6.7,3.0,1.0,3.0,533.0,150.0,1960.0,-37.72631,144.96274
3,h,1300000.0,S,2.0,3.0,1.0,1.0,112.0,,,-37.79556,144.98873
2,t,931000.0,S,2.0,2.0,1.0,1.0,109.0,90.0,2001.0,-37.79737,144.98492
3,h,492000.0,S,20.6,3.0,2.0,2.0,255.0,184.0,2009.0,-37.59735,144.91118
3,h,858000.0,S,23.0,3.0,1.0,2.0,857.0,139.0,1960.0,-37.80244,145.29711
3,h,682000.0,S,24.7,3.0,1.0,5.0,556.0,105.0,1987.0,-37.95788,145.21389
3,h,629500.0,SA,14.8,3.0,1.0,6.0,534.0,,,-37.75504,144.77313999999996
4,h,1281000.0,S,22.2,4.0,2.0,2.0,566.0,234.0,2000.0,-37.97215,145.12389
3,t,751000.0,S,12.4,3.0,2.0,1.0,170.0,139.0,2010.0,-37.78267,145.14278000000004
5,h,1330000.0,S,14.3,5.0,3.0,3.0,751.0,439.0,1980.0,-37.76431,145.17778
3,h,469000.0,SP,28.8,3.0,1.0,2.0,585.0,101.0,1959.0,-37.99515,145.23244
3,h,531000.0,SP,28.8,3.0,1.0,5.0,586.0,,,-37.99161,145.23278
4,h,1085000.0,PI,18.0,4.0,2.0,2.0,782.0,,,-37.70349,145.16281
3,h,915000.0,S,18.0,3.0,2.0,2.0,795.0,146.0,1960.0,-37.72503,145.15142
4,h,890000.0,S,18.0,4.0,2.0,2.0,1010.0,,,-37.72881,145.13703999999996
3,h,1800000.0,VB,7.2,3.0,2.0,2.0,380.0,,1920.0,-37.88922,144.9896
3,h,600000.0,S,19.6,3.0,1.0,2.0,555.0,,,-37.64417,145.04043
3,h,647000.0,S,19.6,3.0,2.0,4.0,614.0,,,-37.64035,145.05624
3,t,770000.0,VB,7.5,3.0,1.0,1.0,116.0,,2001.0,-37.73899,144.89291
3,h,1150000.0,S,7.5,3.0,1.0,2.0,658.0,183.0,1950.0,-37.75009,144.89271000000005
3,u,1170000.0,S,8.2,3.0,2.0,1.0,292.0,,,-37.73727,144.8986
4,h,1255000.0,S,5.7,4.0,1.0,1.0,368.0,148.0,1915.0,-37.77167,145.02015
3,h,1300000.0,SP,5.7,3.0,2.0,4.0,579.0,113.0,1960.0,-37.77252,145.02546
3,h,680000.0,SP,13.1,3.0,2.0,2.0,588.0,,,-37.69403,144.96674
3,h,670000.0,VB,13.1,3.0,2.0,2.0,350.0,,,-37.69592,144.96381
3,h,1400000.0,PI,3.6,3.0,2.0,,9338.0,,,-37.78101,144.98843
4,h,950000.0,VB,15.4,4.0,2.0,3.0,587.0,,,-37.84154,145.17606
4,h,650000.0,S,38.0,4.0,2.0,2.0,710.0,,,-38.16802,145.14349
2,h,910000.0,S,38.0,2.0,1.0,2.0,894.0,,,-38.16185,145.10976000000005
4,h,760000.0,S,38.0,4.0,2.0,2.0,536.0,180.0,1965.0,-38.16363,145.11545
6,h,650000.0,SP,45.9,6.0,2.0,2.0,1301.0,,,-37.50733,144.58666000000005
3,h,1738000.0,S,7.3,3.0,2.0,2.0,692.0,,,-37.85672,145.09098999999995
2,t,965000.0,S,7.3,2.0,2.0,1.0,704.0,,,-37.85698,145.04686
3,t,1333000.0,S,7.3,3.0,2.0,1.0,344.0,,,-37.85289,145.0944
2,h,1366000.0,S,7.3,2.0,2.0,1.0,241.0,,,-37.86277000000001,145.04012
3,h,1275000.0,S,16.7,3.0,2.0,2.0,714.0,164.0,1973.0,-37.88809000000001,145.19011
3,h,1750000.0,PI,16.7,3.0,1.0,0.0,727.0,,,-37.8763,145.17166
5,h,1480000.0,S,16.7,5.0,2.0,2.0,718.0,237.0,1980.0,-37.8888,145.18692
2,h,605000.0,PI,11.2,2.0,1.0,6.0,589.0,,,-37.69708,144.92967
3,h,922000.0,S,16.1,3.0,2.0,2.0,587.0,200.0,1979.0,-37.68569,145.10902
4,h,865000.0,S,16.1,4.0,2.0,2.0,734.0,211.0,1980.0,-37.6929,145.1272
5,h,650000.0,PI,20.4,5.0,2.0,2.0,512.0,239.0,2014.0,-37.6248,144.87612
3,h,661000.0,S,32.3,3.0,1.0,3.0,819.0,,,-38.00377,145.26161000000005
3,h,2515000.0,S,13.8,3.0,2.0,2.0,604.0,,,-37.93105,144.99437
3,h,1520000.0,VB,13.8,3.0,1.0,3.0,627.0,,,-37.94515,145.01886000000005
4,h,2550000.0,VB,13.8,4.0,2.0,2.0,620.0,,1993.0,-37.93478,145.01156
4,h,1820000.0,PI,13.8,4.0,2.0,2.0,412.0,423.0,1940.0,-37.93598,145.01152
3,h,1450000.0,S,13.8,3.0,1.0,1.0,464.0,147.0,1948.0,-37.93753,145.0102
3,h,1060000.0,PI,13.8,3.0,2.0,3.0,465.0,,,-37.93524,145.03438
2,t,875000.0,VB,13.8,2.0,1.0,1.0,234.0,,,-37.93522,145.02837
4,h,2325000.0,S,5.3,4.0,3.0,2.0,649.0,227.0,1920.0,-37.83508,145.0429
3,h,1450000.0,VB,5.3,3.0,1.0,0.0,216.0,104.0,1890.0,-37.82031,145.04043
3,h,846000.0,S,8.8,3.0,2.0,2.0,605.0,,,-37.74591,145.04449
4,h,628000.0,S,18.0,4.0,2.0,1.0,480.0,120.0,2003.0,-37.70228,144.74316000000005
3,h,645500.0,S,18.0,3.0,2.0,2.0,719.0,155.0,2000.0,-37.6883,144.74225
3,h,575000.0,S,18.4,3.0,1.0,4.0,592.0,,,-37.88157,144.69426
4,h,525000.0,SP,18.4,4.0,2.0,2.0,452.0,134.0,1993.0,-37.87517,144.67094
4,h,723000.0,S,18.4,4.0,2.0,2.0,872.0,,,-37.87217,144.68746000000004
3,h,626000.0,S,14.0,3.0,1.0,2.0,622.0,87.0,1960.0,-37.68908,144.9116
3,h,840000.0,S,14.5,3.0,2.0,2.0,725.0,225.0,1970.0,-37.72465,144.8359
4,h,1230000.0,S,11.7,4.0,4.0,2.0,538.0,127.0,1990.0,-37.74975,144.86895
3,h,933000.0,SP,11.7,3.0,1.0,2.0,613.0,,,-37.7349,144.86225
4,h,2375000.0,S,5.4,4.0,3.0,2.0,481.0,,,-37.81027,145.04476
3,h,1950000.0,S,5.4,3.0,2.0,2.0,460.0,,2000.0,-37.80646,145.04651
5,h,5065000.0,PI,5.4,5.0,4.0,2.0,892.0,,1917.0,-37.8142,145.05973
3,h,1650000.0,VB,7.3,3.0,1.0,2.0,650.0,,,-37.79235,145.04789
3,h,2125000.0,VB,7.3,3.0,2.0,2.0,741.0,,,-37.7955,145.05046000000004
2,h,1325000.0,PI,7.3,2.0,1.0,2.0,422.0,88.0,1940.0,-37.79938,145.05662
3,h,1975000.0,PI,7.3,3.0,1.0,2.0,676.0,160.0,1925.0,-37.79546,145.04533
4,h,1140000.0,SP,6.4,4.0,1.0,0.0,276.0,118.0,1915.0,-37.80774,144.88251
3,h,1000000.0,PI,6.4,3.0,2.0,2.0,275.0,282.0,1940.0,-37.80592,144.8807
3,h,801000.0,S,16.3,3.0,1.0,1.0,852.0,,,-37.67601,145.02955
3,h,596000.0,S,16.3,3.0,1.0,2.0,570.0,,,-37.66422,144.99893
4,t,2750000.0,SP,5.9,4.0,2.0,3.0,357.0,270.0,2015.0,-37.84684,145.03893
4,h,3400000.0,S,5.9,4.0,2.0,2.0,561.0,285.0,,-37.86552,145.03529
3,h,370000.0,S,17.4,3.0,1.0,1.0,784.0,95.0,1978.0,-37.65877,144.91191
3,t,995000.0,S,20.0,3.0,3.0,2.0,248.0,166.0,2011.0,-37.98087,145.06024
3,h,950000.0,PI,20.0,3.0,1.0,2.0,531.0,,,-37.98023,145.08402
3,t,792000.0,S,20.0,3.0,2.0,2.0,156.0,,,-37.97928,145.0763
2,u,445000.0,SP,17.9,2.0,1.0,1.0,265.0,,,-37.65678,145.07811
3,h,675000.0,S,17.9,3.0,1.0,4.0,640.0,,1980.0,-37.65296,145.04564
4,h,721000.0,S,17.9,4.0,2.0,2.0,603.0,,,-37.67363,145.06796
4,t,492000.0,S,17.9,4.0,1.0,1.0,199.0,,,-37.677,145.05658
4,h,900000.0,S,17.9,4.0,2.0,2.0,609.0,231.0,2003.0,-37.65898,145.08245
3,h,650000.0,S,17.9,3.0,1.0,2.0,588.0,,,-37.67434,145.05993999999995
4,h,1120000.0,SP,17.2,4.0,2.0,2.0,981.0,,,-37.81188,145.20051999999995
3,h,961000.0,S,17.2,3.0,2.0,1.0,625.0,,,-37.82997,145.20978
3,h,990000.0,SA,17.2,3.0,1.0,,680.0,,,-37.82077,145.20391
3,t,1580000.0,S,10.2,3.0,2.0,2.0,1153.0,,,-37.82055,145.11168999999995
4,h,2500000.0,VB,10.2,4.0,3.0,3.0,402.0,277.0,1950.0,-37.8137,145.11013
4,h,940000.0,S,16.2,4.0,2.0,2.0,870.0,,,-37.7264,145.12749
4,h,1200000.0,VB,6.2,4.0,1.0,1.0,455.0,145.0,1920.0,-37.76913,144.93236000000005
3,h,1007500.0,S,6.2,3.0,1.0,1.0,450.0,,,-37.76375,144.93701
3,u,828000.0,S,14.3,3.0,2.0,2.0,301.0,117.0,1980.0,-37.94511,145.04426999999995
4,h,1285000.0,S,21.5,4.0,2.0,4.0,656.0,,,-38.00394,145.1025
5,h,2420000.0,SP,14.2,5.0,5.0,2.0,757.0,503.0,1975.0,-37.8875,145.14467
4,h,1335000.0,SP,14.2,4.0,1.0,3.0,731.0,145.0,1970.0,-37.86118,145.11506
3,h,1451000.0,S,14.2,3.0,2.0,1.0,730.0,,,-37.88494,145.11951000000005
4,h,1480000.0,S,14.2,4.0,2.0,2.0,695.0,160.0,1970.0,-37.86127000000001,145.14271000000005
3,h,850000.0,PI,18.8,3.0,1.0,2.0,648.0,,,-37.93134000000001,145.17584
3,h,912000.0,S,18.8,3.0,2.0,1.0,753.0,,,-37.9213,145.16366000000005
4,h,1100000.0,S,18.8,4.0,2.0,2.0,748.0,152.0,1996.0,-37.9265,145.19758000000004
4,h,792500.0,S,34.1,4.0,2.0,2.0,846.0,174.0,1996.0,-38.00626,145.29079
3,h,1262000.0,SP,6.2,3.0,2.0,2.0,343.0,110.0,1980.0,-37.84461,144.87515
4,h,1210000.0,S,6.2,4.0,1.0,0.0,325.0,160.0,1983.0,-37.84373,144.88603999999995
3,h,1186000.0,S,10.4,3.0,1.0,4.0,654.0,112.0,1955.0,-37.73554,144.88517
3,h,1320000.0,S,5.3,3.0,1.0,1.0,227.0,119.0,1920.0,-37.77432,144.99111000000005
2,h,1325000.0,S,5.3,2.0,1.0,,315.0,,,-37.76603,144.99366
2,h,780000.0,VB,5.3,2.0,1.0,,242.0,,,-37.78254,145.01013999999995
5,h,955000.0,S,11.2,5.0,2.0,4.0,838.0,,,-37.71302,144.90338
3,h,725000.0,SP,11.2,3.0,1.0,1.0,327.0,111.0,1960.0,-37.7151,144.92103
3,h,950000.0,PI,15.5,3.0,1.0,2.0,660.0,,,-37.92745,145.08276
3,h,1250000.0,S,21.5,3.0,1.0,2.0,802.0,,,-37.98752,145.08358
3,h,850000.0,VB,8.5,3.0,1.0,1.0,712.0,133.0,1940.0,-37.71594,144.92986000000005
3,h,1160000.0,S,8.5,3.0,2.0,2.0,480.0,,,-37.72523,144.94567
4,h,765000.0,S,14.7,4.0,2.0,2.0,612.0,219.0,2004.0,-37.88177,144.74221
4,h,635000.0,S,14.7,4.0,2.0,2.0,334.0,244.0,2000.0,-37.90584000000001,144.74858
2,h,1260000.0,S,3.5,2.0,1.0,,112.0,,,-37.8379,144.94651000000005
3,h,1960000.0,SP,3.5,3.0,2.0,0.0,253.0,230.0,1900.0,-37.836,144.93701
3,h,1771000.0,S,4.6,3.0,2.0,1.0,240.0,,,-37.8469,144.98705
1,u,515000.0,S,4.6,1.0,1.0,,284.0,,,-37.85018,144.99006
3,h,1610000.0,PI,4.6,3.0,2.0,,111.0,,1890.0,-37.85169000000001,145.00557
3,h,1035000.0,S,8.4,3.0,1.0,2.0,696.0,,,-37.73761,145.02119
3,h,880000.0,S,8.4,3.0,1.0,0.0,480.0,,,-37.73346,145.01506
2,h,1625000.0,PI,3.5,2.0,1.0,1.0,253.0,,,-37.78243,144.96871000000004
3,h,930000.0,S,12.0,3.0,1.0,2.0,735.0,,,-37.71491,145.02191000000005
4,h,912000.0,S,12.0,4.0,1.0,2.0,871.0,,,-37.70056,145.00345
3,h,900000.0,S,12.0,3.0,1.0,1.0,694.0,,,-37.72089,145.0153
3,h,935000.0,S,12.0,3.0,1.0,2.0,768.0,,,-37.7234,145.0266
2,u,465000.0,SP,12.0,2.0,1.0,1.0,676.0,61.0,2012.0,-37.71176,145.02142
2,h,920000.0,S,12.0,2.0,1.0,2.0,665.0,100.0,1955.0,-37.72303,145.01883999999995
3,t,1500000.0,VB,2.4,3.0,2.0,2.0,72.0,145.0,2011.0,-37.81937,145.00146
2,h,1200000.0,S,2.4,2.0,1.0,,135.0,86.0,1890.0,-37.82132,145.00973
3,h,800000.0,S,19.9,3.0,1.0,3.0,691.0,,,-37.80236,145.23916
4,h,1335000.0,PI,19.9,4.0,1.0,0.0,697.0,,1980.0,-37.81169000000001,145.22243999999995
4,h,935000.0,S,19.9,4.0,3.0,2.0,540.0,119.0,,-37.82782,145.22506
3,h,746000.0,S,21.3,3.0,1.0,1.0,400.0,135.0,1950.0,-37.80954000000001,145.25538
4,h,1283000.0,S,19.9,4.0,2.0,2.0,1019.0,,,-37.8004,145.23256999999995
4,h,1365000.0,SP,8.9,4.0,3.0,2.0,687.0,,,-37.73184000000001,145.07061000000004
4,h,1775000.0,S,8.9,4.0,2.0,2.0,1240.0,,,-37.74085,145.07055
3,h,380000.0,S,20.6,3.0,1.0,1.0,372.0,92.0,2000.0,-37.62388,144.93701
4,h,1665000.0,S,15.2,4.0,3.0,2.0,780.0,,,-37.9602,145.02026
4,h,1915000.0,SP,15.2,4.0,2.0,2.0,563.0,220.0,1910.0,-37.95893,145.0128
4,h,950000.0,S,22.2,4.0,2.0,,758.0,,1975.0,-37.88863,145.23435
4,h,962000.0,S,22.2,4.0,2.0,3.0,724.0,166.0,1985.0,-37.88919,145.2165
1,h,855000.0,S,1.9,1.0,1.0,0.0,67.0,72.0,1900.0,-37.8343,144.95529
3,h,1305000.0,SP,2.7,3.0,1.0,,174.0,110.0,1900.0,-37.84517,144.98727
3,h,770000.0,SP,20.8,3.0,1.0,4.0,585.0,,,-37.93975,145.16326
3,h,1720000.0,S,8.2,3.0,1.0,2.0,631.0,,,-37.73887,144.91103
3,h,405000.0,S,31.7,3.0,1.0,3.0,515.0,101.0,1991.0,-37.57662,144.74767
3,h,482000.0,S,31.7,3.0,1.0,1.0,573.0,126.0,1965.0,-37.57123,144.72333999999995
3,h,436000.0,SP,31.7,3.0,2.0,2.0,350.0,220.0,2004.0,-37.58883,144.70202
4,h,830000.0,PI,10.5,4.0,1.0,3.0,502.0,,,-37.78209,144.84581
4,h,665000.0,S,10.5,4.0,2.0,3.0,600.0,183.0,1975.0,-37.76482,144.83375
3,h,610000.0,SP,10.5,3.0,1.0,1.0,581.0,,,-37.7674,144.82421000000005
3,u,1290000.0,S,10.2,3.0,2.0,1.0,270.0,,,-37.83404,145.0893
4,h,1810000.0,S,10.2,4.0,3.0,2.0,349.0,223.0,1997.0,-37.82832,145.09242
5,h,2230000.0,SA,10.2,5.0,2.0,2.0,754.0,270.0,1905.0,-37.82807,145.10796000000005
5,h,1930000.0,S,15.5,5.0,3.0,2.0,807.0,377.0,2000.0,-37.75245,145.15283
3,h,600500.0,S,15.3,3.0,1.0,1.0,552.0,,,-37.68366,145.02783
3,h,640000.0,S,15.3,3.0,1.0,2.0,680.0,,1950.0,-37.6806,145.02402
3,h,750000.0,S,15.3,3.0,2.0,2.0,536.0,169.0,1980.0,-37.67666,144.99161
4,h,1605000.0,PI,7.0,4.0,2.0,2.0,348.0,92.0,1930.0,-37.75582,144.98951
3,h,1300000.0,SP,7.0,3.0,1.0,2.0,531.0,,,-37.75832,144.99017
3,h,2076000.0,S,4.1,3.0,1.0,2.0,302.0,,,-37.84213,145.02527
5,h,1150000.0,PI,17.2,5.0,2.0,2.0,599.0,235.0,,-37.84158,145.19762
3,h,1009000.0,S,8.9,3.0,2.0,2.0,663.0,136.0,1980.0,-37.7417,145.0958
3,h,366000.0,S,44.2,3.0,1.0,1.0,502.0,77.0,1978.0,-37.40853,144.97749
3,h,1070000.0,S,14.7,3.0,2.0,2.0,673.0,,,-37.86345,145.22871
4,h,1440000.0,S,14.7,4.0,3.0,6.0,717.0,247.0,1985.0,-37.87831,145.24575
4,h,1060000.0,SP,14.7,4.0,2.0,3.0,729.0,173.0,1970.0,-37.85728,145.24839
3,h,792000.0,S,14.5,3.0,1.0,2.0,571.0,124.0,1960.0,-37.71502,145.08844
4,h,920000.0,PI,14.5,4.0,2.0,2.0,966.0,,,-37.7023,145.08357
3,h,470000.0,S,14.7,3.0,1.0,2.0,640.0,125.0,1985.0,-37.88537,144.65337
3,h,515000.0,SP,14.7,3.0,2.0,1.0,251.0,194.0,2012.0,-37.90918,144.68325
4,h,603500.0,SP,14.7,4.0,2.0,4.0,650.0,184.0,1994.0,-37.90336,144.67918
3,h,870000.0,SP,6.4,3.0,1.0,2.0,417.0,109.0,1950.0,-37.79644,144.86388
4,h,1060000.0,S,6.4,3.0,3.0,2.0,512.0,512.0,1920.0,-37.79487,144.86353
3,t,1500000.0,SP,3.1,3.0,2.0,1.0,862.0,209.0,1920.0,-37.80947000000001,144.94473
3,h,950000.0,S,16.7,3.0,2.0,2.0,651.0,,,-37.91057,145.1719
4,h,1211000.0,S,16.7,4.0,3.0,4.0,653.0,,,-37.90667,145.17368000000005
3,h,555000.0,SP,17.6,3.0,2.0,2.0,265.0,25.0,2014.0,-37.85504,144.73516
3,h,1190000.0,S,6.8,3.0,2.0,2.0,297.0,,2005.0,-37.85537,144.87578
3,h,1425000.0,S,4.6,3.0,1.0,1.0,188.0,150.0,1907.0,-37.85277,144.98485
3,h,1970000.0,PI,4.6,3.0,2.0,0.0,362.0,,1895.0,-37.85327,144.99947
2,h,1300000.0,VB,4.6,2.0,1.0,1.0,258.0,,,-37.85591,144.99356
2,h,921000.0,S,6.3,2.0,1.0,,161.0,,,-37.81899,144.89507
3,h,1190000.0,SP,6.3,3.0,1.0,2.0,515.0,89.0,1955.0,-37.82067,144.87725
3,h,1000000.0,PI,3.0,3.0,1.0,2.0,196.0,,1900.0,-37.80094,144.99569
3,h,506000.0,S,14.0,3.0,1.0,2.0,544.0,120.0,1980.0,-37.74965,144.77008999999995
4,h,2550000.0,S,3.0,4.0,2.0,,152.0,175.0,1910.0,-37.84663,144.95681000000005
3,h,880000.0,PI,9.4,3.0,1.0,2.0,563.0,,,-37.83879,144.84787
3,h,730000.0,SP,12.8,3.0,2.0,2.0,739.0,112.0,1970.0,-37.77245,144.8001
2,h,1460000.0,S,6.3,2.0,1.0,1.0,181.0,80.0,1930.0,-37.8542,145.01506
2,h,1726000.0,S,6.3,2.0,2.0,2.0,269.0,128.0,1910.0,-37.85425,145.01545
4,h,1920000.0,S,10.2,4.0,3.0,2.0,391.0,203.0,2016.0,-37.86664,145.08597
3,h,1575000.0,S,10.2,3.0,1.0,2.0,787.0,115.0,1955.0,-37.86394,145.09702
4,h,1362000.0,S,21.5,4.0,2.0,3.0,549.0,,,-38.01695,145.09933999999996
4,h,2115000.0,S,7.9,4.0,2.0,2.0,766.0,,,-37.80455,145.06478
5,h,2562000.0,S,7.9,5.0,3.0,2.0,671.0,,,-37.81016,145.07341
6,h,2100000.0,PI,7.9,6.0,3.0,2.0,845.0,,,-37.80708,145.09698999999995
3,h,1900000.0,PI,9.7,3.0,1.0,1.0,912.0,,,-37.79351,145.07655
4,h,2000000.0,PI,9.7,4.0,3.0,4.0,958.0,255.0,2015.0,-37.78662,145.07683
4,h,2400000.0,S,9.7,4.0,2.0,2.0,746.0,,,-37.79483,145.07296000000005
4,h,2270000.0,PI,9.7,4.0,2.0,2.0,654.0,334.0,2010.0,-37.78458,145.07912
5,h,2600000.0,VB,9.7,5.0,4.0,2.0,708.0,,,-37.78787,145.08468
3,h,2321000.0,S,9.7,3.0,1.0,2.0,923.0,,,-37.80081,145.09319
3,h,1890000.0,S,9.7,3.0,2.0,1.0,632.0,144.0,1940.0,-37.79094,145.07899
4,h,1895000.0,S,11.4,4.0,2.0,2.0,557.0,220.0,1920.0,-37.91741,145.02873
4,h,1115000.0,S,13.8,4.0,1.0,2.0,579.0,,,-37.91524,145.07686
3,t,1280000.0,SP,13.8,3.0,2.0,2.0,335.0,239.0,2013.0,-37.91783,145.0816
2,u,690000.0,S,13.8,2.0,2.0,1.0,212.0,,2008.0,-37.91786,145.08243000000004
4,h,1595000.0,S,13.8,4.0,1.0,2.0,581.0,167.0,1960.0,-37.91291,145.05996000000005
3,t,881000.0,S,13.4,3.0,1.0,1.0,300.0,,,-37.81156,145.14057
4,h,1300000.0,S,13.4,4.0,2.0,2.0,543.0,,2006.0,-37.80651,145.16457
2,t,625000.0,S,16.1,2.0,2.0,1.0,189.0,,,-37.70835,145.11795
4,h,3100000.0,VB,10.5,4.0,4.0,4.0,753.0,,,-37.89293,144.99138
4,h,1850000.0,VB,10.5,4.0,3.0,3.0,421.0,170.0,2000.0,-37.90542,145.00603999999996
4,h,2770000.0,S,10.5,4.0,3.0,2.0,560.0,,,-37.92314,144.99777
4,h,1300000.0,S,10.3,4.0,3.0,2.0,221.0,,,-37.90381,145.01822
3,h,637000.0,S,14.0,3.0,1.0,5.0,670.0,,1980.0,-37.69215,144.91654
3,h,1335000.0,S,14.0,3.0,1.0,1.0,697.0,,,-37.6882,144.92541
3,h,905000.0,S,5.2,3.0,1.0,1.0,277.0,,,-37.7592,144.97321000000005
1,u,320000.0,S,4.0,1.0,1.0,1.0,682.0,34.0,1980.0,-37.7734,144.97686000000004
3,h,1230000.0,S,10.8,3.0,1.0,1.0,757.0,,,-37.78094,145.10131
4,h,1240000.0,S,10.8,4.0,2.0,2.0,602.0,170.0,1970.0,-37.76012,145.0854
3,h,1234000.0,S,12.1,3.0,1.0,2.0,896.0,139.0,1965.0,-37.70042,145.0614
3,h,1588000.0,S,10.4,3.0,2.0,2.0,708.0,,,-37.84625,145.10116000000005
3,h,1000000.0,VB,14.7,4.0,2.0,2.0,788.0,108.0,1960.0,-37.85985,145.15656
4,h,650000.0,VB,16.6,4.0,2.0,4.0,688.0,175.0,1970.0,-37.6714,144.95458
5,h,2550000.0,PI,8.4,5.0,2.0,4.0,692.0,,,-37.83254,145.07907
2,h,1540000.0,S,3.5,2.0,1.0,,158.0,112.0,1890.0,-37.79212,144.97409
3,h,700000.0,S,14.8,3.0,2.0,3.0,660.0,,,-37.73881,144.73543
5,h,2450000.0,PI,8.7,5.0,4.0,2.0,554.0,312.0,2017.0,-37.89718,145.01657
3,h,710000.0,SP,27.0,3.0,1.0,1.0,650.0,138.0,1960.0,-38.04513,145.1346
2,t,955000.0,SP,17.9,2.0,2.0,1.0,836.0,112.0,2009.0,-37.97342,145.07201
3,h,1230000.0,S,17.9,3.0,1.0,1.0,584.0,133.0,1960.0,-37.96402,145.06658000000004
5,h,883300.0,S,17.5,5.0,2.0,2.0,402.0,177.0,1980.0,-37.94452,145.11108000000004
3,h,790000.0,S,17.5,3.0,1.0,2.0,532.0,114.0,1975.0,-37.93765,145.10583
2,h,1310000.0,S,3.6,2.0,1.0,,146.0,104.0,1890.0,-37.79346,144.99642
3,h,880000.0,S,6.7,3.0,1.0,1.0,379.0,107.0,1910.0,-37.73999,144.95141
3,h,1070000.0,S,6.7,3.0,1.0,2.0,392.0,98.0,1920.0,-37.74671,144.95141999999996
5,h,1500000.0,VB,6.7,5.0,3.0,4.0,900.0,180.0,1888.0,-37.75402,144.95991
4,h,1085000.0,S,6.7,4.0,2.0,1.0,430.0,155.0,1920.0,-37.7505,144.97648999999996
4,h,640000.0,PI,20.6,4.0,2.0,2.0,480.0,,,-37.60859,144.92138
3,h,582500.0,S,20.6,3.0,1.0,0.0,947.0,132.0,1972.0,-37.59604,144.94021999999995
4,h,480000.0,SP,20.6,4.0,2.0,2.0,312.0,148.0,2015.0,-37.56857,144.91693999999995
4,h,523000.0,S,20.6,4.0,2.0,2.0,484.0,159.0,2009.0,-37.58012,144.91998
3,h,485000.0,S,20.6,3.0,2.0,1.0,321.0,150.0,2013.0,-37.56937,144.90524
4,h,800000.0,SA,20.6,4.0,2.0,2.0,511.0,,,-37.59372000000001,144.89449
4,h,632000.0,S,20.6,4.0,2.0,2.0,448.0,,,-37.57565,144.91365
4,h,1152000.0,S,23.0,4.0,2.0,2.0,1880.0,255.0,1947.0,-37.79325,145.27723999999995
3,h,475000.0,S,14.0,3.0,1.0,2.0,560.0,108.0,1965.0,-37.67345,144.92526
3,h,635000.0,S,14.8,3.0,1.0,2.0,712.0,,,-37.76172,144.77265
3,h,871000.0,S,22.2,3.0,2.0,2.0,534.0,,,-37.98068,145.12493999999995
4,h,970000.0,PI,22.2,4.0,2.0,2.0,364.0,210.0,1995.0,-37.96853,145.12948
4,h,1200000.0,VB,12.4,4.0,2.0,1.0,650.0,,,-37.78911,145.13724
3,h,1410000.0,S,12.4,3.0,1.0,2.0,723.0,,,-37.79309,145.14287
4,h,1320000.0,SP,14.3,4.0,3.0,2.0,654.0,,,-37.79739,145.14671
3,h,1408000.0,S,14.3,3.0,1.0,2.0,656.0,,,-37.78081,145.15861
4,h,1200000.0,PI,16.1,4.0,2.0,2.0,375.0,254.0,1998.0,-37.77559,145.17933
3,h,988000.0,S,16.1,3.0,2.0,2.0,243.0,150.0,2012.0,-37.78298,145.17682
3,h,1925000.0,S,8.9,3.0,2.0,2.0,780.0,,,-37.76617,145.05332
3,h,875000.0,SP,27.0,3.0,1.0,3.0,694.0,136.0,1975.0,-38.03819,145.12443000000005
3,h,2105000.0,S,7.2,3.0,2.0,1.0,346.0,180.0,1890.0,-37.88319,145.01142
4,h,2410000.0,PI,7.2,4.0,2.0,1.0,390.0,120.0,1920.0,-37.88785,145.00795
3,h,810000.0,VB,18.0,3.0,2.0,2.0,868.0,135.0,1980.0,-37.70659000000001,145.16345
6,h,1115000.0,S,18.0,6.0,3.0,4.0,966.0,332.0,1990.0,-37.68927,145.1491
3,h,1380000.0,S,7.2,3.0,1.0,2.0,1730.0,152.0,2001.0,-37.8797,144.99088999999995
3,h,678000.0,S,19.6,3.0,1.0,2.0,553.0,,1980.0,-37.65701,145.02621000000005
4,h,681000.0,S,19.6,4.0,2.0,2.0,647.0,,,-37.64213,145.06141000000005
4,h,1600000.0,S,7.5,4.0,4.0,3.0,543.0,259.0,2015.0,-37.74633,144.89643999999996
4,h,1280000.0,S,5.7,4.0,2.0,2.0,485.0,133.0,1920.0,-37.77044,145.02465
4,h,874000.0,S,13.1,4.0,1.0,2.0,687.0,,,-37.71879000000001,144.9651
3,h,770000.0,S,24.8,3.0,1.0,0.0,720.0,,,-37.87356,145.27515
4,h,875000.0,S,24.8,4.0,3.0,4.0,793.0,225.0,1980.0,-37.88793,145.27561
1,t,580000.0,VB,2.1,1.0,1.0,1.0,782.0,67.0,1998.0,-37.79617,144.97982
3,h,2478000.0,S,2.1,3.0,2.0,,205.0,106.0,1885.0,-37.79933,144.97932
3,t,1017500.0,S,3.4,3.0,2.0,2.0,459.0,153.0,2003.0,-37.78273,144.92358000000004
2,h,942000.0,SP,5.1,2.0,1.0,1.0,241.0,91.0,1915.0,-37.79583,144.89406
3,h,1320000.0,S,5.1,3.0,2.0,0.0,495.0,,,-37.796,144.88966000000005
3,h,550000.0,VB,38.0,3.0,2.0,1.0,539.0,,1971.0,-38.14406,145.16352
3,h,690000.0,S,38.0,3.0,2.0,2.0,595.0,,,-38.16135,145.13374
2,h,708000.0,S,7.3,2.0,1.0,1.0,151.0,,,-37.85156,145.07958
3,h,1300000.0,VB,7.3,3.0,1.0,2.0,403.0,124.0,1960.0,-37.85574,145.09051000000005
3,h,1307500.0,S,7.3,3.0,1.0,1.0,316.0,111.0,1940.0,-37.84782,145.05004
3,h,1390000.0,PI,7.3,3.0,2.0,1.0,303.0,150.0,1940.0,-37.85678,145.05555
3,h,1310000.0,S,16.7,3.0,1.0,1.0,782.0,102.0,1960.0,-37.86941,145.17108000000005
5,h,1285000.0,S,16.7,5.0,2.0,1.0,651.0,124.0,1970.0,-37.8656,145.15034
4,h,1292000.0,S,16.7,4.0,2.0,2.0,768.0,169.0,1970.0,-37.89965,145.17135
3,h,1300000.0,S,16.7,3.0,2.0,3.0,733.0,,,-37.89014,145.18268999999995
4,h,1155000.0,S,16.7,4.0,1.0,1.0,654.0,,,-37.89769,145.16307
4,h,831000.0,S,11.2,4.0,3.0,3.0,708.0,175.0,2007.0,-37.70317,144.91396
3,h,570000.0,S,11.2,3.0,1.0,1.0,308.0,93.0,1950.0,-37.69879,144.93354
2,h,805000.0,SP,11.2,2.0,1.0,4.0,712.0,82.0,1970.0,-37.69994000000001,144.93489
4,h,931000.0,S,12.9,4.0,2.0,2.0,462.0,212.0,2008.0,-37.69953,144.89941000000005
5,h,2500000.0,S,13.8,5.0,4.0,2.0,627.0,,,-37.94109,145.00648
2,h,1600000.0,PI,5.3,2.0,1.0,,200.0,101.0,1890.0,-37.81789000000001,145.03948
2,h,1700000.0,S,6.2,2.0,1.0,1.0,223.0,,,-37.82649,145.0483
5,h,1825000.0,SP,21.3,5.0,3.0,2.0,779.0,,1975.0,-37.83015,145.24171
3,h,1000000.0,S,21.3,3.0,1.0,1.0,715.0,,,-37.82707,145.22914
3,h,1080000.0,S,16.0,3.0,1.0,2.0,652.0,,,-37.95422,145.054
3,h,2585000.0,S,16.0,3.0,2.0,1.0,703.0,,,-37.95457,145.05387
5,h,1225000.0,S,16.0,5.0,2.0,2.0,506.0,210.0,1950.0,-37.94708,145.04056
4,h,1111000.0,S,18.0,4.0,2.0,2.0,2002.0,,,-37.69547,144.73018000000005
3,h,478000.0,S,18.0,3.0,1.0,1.0,318.0,118.0,2003.0,-37.70388,144.75259
3,h,520000.0,S,18.4,3.0,1.0,2.0,538.0,112.0,1980.0,-37.88531,144.68431
4,h,650000.0,S,14.0,4.0,3.0,1.0,693.0,120.0,1980.0,-37.68196,144.90661
4,h,981000.0,S,11.7,4.0,2.0,2.0,633.0,,,-37.7393,144.86338999999995
3,h,1295000.0,S,11.7,3.0,3.0,2.0,326.0,271.0,2012.0,-37.74009,144.87787
4,h,1250000.0,S,11.7,4.0,2.0,2.0,534.0,211.0,1970.0,-37.74514,144.87313
4,h,986000.0,S,11.7,4.0,1.0,2.0,615.0,176.0,1964.0,-37.74127,144.86648
3,h,620000.0,PI,11.7,3.0,2.0,1.0,292.0,113.0,2013.0,-37.74695,144.86625
2,t,841000.0,S,3.4,2.0,1.0,1.0,105.0,108.0,2005.0,-37.79244,144.92036000000004
3,h,2180000.0,S,5.4,3.0,1.0,2.0,372.0,126.0,1905.0,-37.80946,145.04251000000005
4,h,4000000.0,S,5.4,4.0,2.0,3.0,792.0,,,-37.80926,145.0331
3,h,1775000.0,VB,5.4,3.0,2.0,4.0,733.0,,,-37.79398,145.03777
3,h,2118000.0,S,7.3,3.0,2.0,2.0,664.0,188.0,1930.0,-37.79639,145.04595
3,h,710000.0,SP,26.0,3.0,1.0,2.0,837.0,130.0,1960.0,-37.79682,145.30467
3,h,780000.0,SP,26.0,3.0,2.0,1.0,862.0,162.0,1986.0,-37.80212,145.33016999999995
3,h,700000.0,S,16.3,3.0,1.0,1.0,537.0,103.0,1975.0,-37.66958,145.02941
2,h,610000.0,PI,6.4,2.0,1.0,2.0,208.0,,,-37.78865,144.88276000000005
3,h,2030000.0,S,8.4,3.0,2.0,2.0,660.0,172.0,1940.0,-37.87939,145.0656
3,h,1800000.0,PI,8.4,3.0,2.0,1.0,460.0,123.0,1910.0,-37.87241,145.05103
4,h,1500000.0,S,4.3,4.0,2.0,2.0,650.0,174.0,2000.0,-37.77961,144.88586999999995
3,t,1125000.0,PI,11.4,3.0,2.0,2.0,305.0,,,-37.90734000000001,145.03438
3,h,460000.0,S,29.8,3.0,1.0,1.0,602.0,108.0,1980.0,-37.70484,144.57261
3,t,881000.0,S,20.0,3.0,2.0,1.0,332.0,,,-37.98001,145.07457
3,h,430000.0,SP,25.9,3.0,2.0,2.0,180.0,,,-37.59827,145.07939
3,h,547000.0,S,25.9,3.0,2.0,2.0,410.0,135.0,2012.0,-37.59665,145.08876999999995
3,h,470000.0,S,17.9,3.0,1.0,1.0,290.0,,,-37.6669,145.04234
3,h,756000.0,S,16.2,3.0,1.0,2.0,204.0,102.0,2000.0,-37.72266,145.12171999999995
3,h,515000.0,S,31.6,3.0,1.0,0.0,915.0,101.0,1970.0,-37.78495,145.3919
4,h,1750000.0,SA,14.2,4.0,2.0,2.0,570.0,,,-37.87655,145.1401
4,h,1340000.0,S,14.2,4.0,2.0,2.0,800.0,160.0,1970.0,-37.88859,145.13335
3,t,1150000.0,SP,10.4,3.0,2.0,1.0,317.0,210.0,2012.0,-37.74103,144.8851
3,h,1218000.0,S,15.4,3.0,1.0,1.0,757.0,125.0,1953.0,-37.82568,145.16752
2,h,955500.0,S,15.5,2.0,1.0,3.0,697.0,,,-37.91698,145.11225
3,h,1005500.0,S,11.4,3.0,1.0,2.0,369.0,,,-37.90286,145.05425
3,h,980000.0,S,8.5,3.0,1.0,1.0,546.0,103.0,1950.0,-37.72208,144.93714
2,t,585500.0,S,8.5,2.0,1.0,1.0,100.0,105.0,2012.0,-37.7249,144.9474
3,h,1230000.0,S,3.5,3.0,1.0,0.0,340.0,,,-37.83674,144.9242
3,h,1390000.0,S,4.6,3.0,2.0,1.0,125.0,0.0,2002.0,-37.85257,145.00296
3,h,961000.0,S,8.4,3.0,1.0,2.0,529.0,144.0,1970.0,-37.75049,145.02098999999995
3,h,1001000.0,S,8.4,3.0,1.0,2.0,464.0,,,-37.74503,145.01295
3,h,876000.0,S,12.0,3.0,1.0,2.0,653.0,120.0,1950.0,-37.71142,145.00377
4,h,866000.0,S,12.0,4.0,2.0,4.0,576.0,150.0,1940.0,-37.69742,145.01604
3,h,775500.0,S,12.0,3.0,1.0,3.0,586.0,120.0,1960.0,-37.69983,145.02202
4,h,920000.0,S,12.0,4.0,2.0,2.0,743.0,,,-37.70848,145.03055
3,h,400000.0,S,20.6,3.0,1.0,2.0,368.0,,,-37.63693,144.92581
3,h,1412000.0,SP,1.9,3.0,1.0,,128.0,130.0,1880.0,-37.83731,144.95057
5,h,597000.0,S,20.5,5.0,3.0,2.0,582.0,175.0,2000.0,-37.62292,145.09507
3,h,1400000.0,S,2.7,3.0,2.0,2.0,462.0,,,-37.84315,144.98596
2,h,782500.0,S,6.2,2.0,1.0,1.0,243.0,,,-37.82859000000001,144.87947
3,h,750000.0,VB,22.2,3.0,1.0,3.0,775.0,,,-37.9748,145.15213
3,h,626000.0,S,14.0,3.0,1.0,2.0,557.0,138.0,1985.0,-37.73497,144.7864
3,h,1000000.0,S,8.2,3.0,1.0,2.0,534.0,149.0,1960.0,-37.71106,144.89427
3,h,480500.0,S,31.7,3.0,1.0,1.0,664.0,,,-37.56279,144.7304
3,h,431250.0,SP,31.7,3.0,2.0,2.0,650.0,,,-37.58479000000001,144.71541000000005
3,h,502500.0,S,10.5,3.0,1.0,3.0,331.0,123.0,1995.0,-37.75962,144.82596
3,h,650000.0,S,10.5,3.0,1.0,1.0,650.0,117.0,1965.0,-37.78651,144.81357
5,h,1825000.0,S,10.2,5.0,3.0,2.0,368.0,,,-37.83587,145.10914
3,h,2567500.0,S,10.2,3.0,2.0,2.0,1004.0,,,-37.83603,145.10596
4,h,1150000.0,PI,15.5,4.0,2.0,2.0,779.0,185.0,1980.0,-37.75592,145.16605
4,h,1280000.0,PI,12.4,4.0,2.0,2.0,887.0,195.0,1970.0,-37.77493,145.12547
2,h,1200000.0,S,7.0,2.0,1.0,1.0,277.0,,,-37.75802,145.00264
4,h,635000.0,S,18.4,4.0,2.0,2.0,512.0,,,-37.83824,144.72101999999995
5,h,1300000.0,S,17.2,5.0,2.0,2.0,891.0,177.0,1980.0,-37.83691,145.21268999999995
4,h,1138000.0,S,17.2,4.0,2.0,2.0,784.0,,,-37.85211,145.20174
5,h,1360000.0,S,17.2,5.0,3.0,2.0,882.0,212.0,1970.0,-37.85995,145.18579
5,h,1300000.0,S,17.2,5.0,2.0,2.0,786.0,,,-37.86072,145.18489
4,h,1612000.0,S,8.9,4.0,2.0,2.0,1113.0,,,-37.73106,145.10237
4,h,1150000.0,S,14.7,4.0,2.0,2.0,842.0,,,-37.85733,145.22616000000005
5,h,1235000.0,S,14.7,5.0,3.0,2.0,634.0,294.0,2000.0,-37.88634,145.21601
4,h,1600000.0,S,21.1,4.0,2.0,2.0,4168.0,,,-37.74611,145.17835
4,h,900000.0,SP,14.5,4.0,1.0,1.0,670.0,,1960.0,-37.71209,145.0757
3,h,490000.0,S,14.7,3.0,2.0,2.0,536.0,141.0,1990.0,-37.90419,144.63761
3,h,412700.0,S,14.7,3.0,1.0,1.0,299.0,112.0,2005.0,-37.89513,144.64056000000005
4,h,990000.0,S,6.4,4.0,2.0,2.0,501.0,129.0,1960.0,-37.79591,144.87595
3,h,1100500.0,S,6.4,3.0,2.0,2.0,427.0,119.0,1936.0,-37.79105,144.87913999999995
3,h,675000.0,VB,6.4,3.0,1.0,1.0,160.0,,,-37.79219000000001,144.87575
2,h,855000.0,S,6.4,2.0,1.0,1.0,332.0,,,-37.79136,144.87618999999995
4,h,1200000.0,S,16.7,4.0,2.0,2.0,650.0,,,-37.91026,145.19298
4,h,1480000.0,S,16.7,4.0,3.0,2.0,649.0,,,-37.9163,145.19612
4,h,1500000.0,S,16.7,4.0,2.0,2.0,657.0,,,-37.90466,145.19433999999995
4,h,1194700.0,SP,16.7,4.0,2.0,2.0,875.0,,,-37.92048,145.18258
5,h,2550000.0,PI,6.8,5.0,2.0,2.0,840.0,244.0,1910.0,-37.8633,144.88871
3,h,475000.0,S,27.2,3.0,2.0,1.0,300.0,179.0,,-37.88162,144.62082
4,h,1025000.0,S,12.7,4.0,2.0,2.0,585.0,212.0,2014.0,-37.73022,145.08361000000005
5,h,1830000.0,S,7.5,5.0,4.0,4.0,730.0,373.0,2014.0,-37.7595,144.89427
3,h,860000.0,S,10.4,3.0,2.0,2.0,593.0,,,-37.72057,144.87558
3,h,850000.0,S,10.4,3.0,1.0,2.0,551.0,96.0,1950.0,-37.72739,144.88235
3,h,565000.0,S,14.0,3.0,1.0,2.0,619.0,,,-37.74521,144.76863
3,h,2100000.0,VB,3.0,3.0,2.0,,137.0,125.0,1890.0,-37.84388,144.95303
3,h,760000.0,S,10.5,3.0,1.0,1.0,697.0,121.0,1950.0,-37.78036,144.8195
4,h,750000.0,S,15.5,4.0,2.0,2.0,636.0,232.0,1996.0,-37.87941,144.76935
3,h,980000.0,S,9.4,3.0,1.0,2.0,667.0,,,-37.82853,144.85091
4,h,970000.0,S,9.4,4.0,1.0,5.0,561.0,,,-37.83224000000001,144.85299999999995
4,h,3000000.0,VB,6.3,4.0,3.0,2.0,474.0,180.0,1915.0,-37.86345,145.02454
3,h,1500000.0,VB,6.3,3.0,1.0,,230.0,115.0,1900.0,-37.86275,145.02364
3,t,1130000.0,S,4.3,3.0,2.0,1.0,231.0,,,-37.77373,144.9311
3,h,1210000.0,S,10.2,3.0,1.0,3.0,407.0,93.0,1955.0,-37.8696,145.0866
3,h,1840000.0,SP,10.2,3.0,1.0,2.0,648.0,,,-37.8614,145.08436
5,h,2580000.0,PI,7.9,5.0,5.0,2.0,621.0,575.0,2009.0,-37.80199,145.06486
4,h,1400000.0,VB,9.7,4.0,2.0,1.0,629.0,,,-37.79241,145.10445
3,h,755000.0,S,23.2,3.0,2.0,4.0,782.0,,,-37.85002,145.25964
3,h,800000.0,S,23.2,3.0,2.0,5.0,931.0,,,-37.82534,145.29921000000004
3,h,724000.0,S,23.2,3.0,2.0,2.0,482.0,147.0,1990.0,-37.82391,145.30266
3,h,1150000.0,VB,17.3,3.0,2.0,2.0,335.0,,1996.0,-37.97316,145.04041999999995
5,h,1915000.0,PI,11.4,5.0,2.0,2.0,590.0,,,-37.92508,145.03606000000005
4,h,1410000.0,PI,11.4,4.0,3.0,4.0,623.0,214.0,1950.0,-37.92588,145.04808
2,h,1020000.0,VB,13.8,2.0,1.0,2.0,597.0,115.0,1959.0,-37.93574,145.06169
4,h,1675000.0,S,13.8,4.0,2.0,2.0,400.0,294.0,,-37.91608,145.05715
3,h,835000.0,SP,35.2,3.0,2.0,2.0,957.0,,,-38.03383,145.36314
3,u,945000.0,S,17.3,3.0,2.0,2.0,749.0,,1980.0,-37.97676,145.01851000000005
3,h,786000.0,S,13.4,3.0,1.0,2.0,1271.0,,,-37.82151,145.16138999999995
5,h,1555000.0,S,13.4,5.0,2.0,2.0,602.0,,,-37.80425,145.14477
4,h,1475000.0,PI,13.4,4.0,2.0,2.0,582.0,240.0,2011.0,-37.80505,145.14919
4,h,1229000.0,S,13.4,4.0,2.0,2.0,727.0,115.0,1960.0,-37.84378,145.13407
3,h,965000.0,SP,27.0,3.0,2.0,2.0,572.0,127.0,1950.0,-38.06866,145.12677
2,u,653000.0,S,10.9,2.0,1.0,1.0,84.0,77.0,1970.0,-37.8179,145.1341
5,h,2750000.0,S,10.3,5.0,3.0,3.0,626.0,,,-37.92427,145.02003
3,h,575500.0,S,14.0,3.0,1.0,3.0,580.0,,,-37.6798,144.90936000000005
3,h,901000.0,SP,6.4,3.0,2.0,3.0,738.0,,,-37.8227,144.84094
3,h,1150000.0,S,5.2,3.0,1.0,1.0,360.0,,1900.0,-37.75992,144.95664
3,h,1280000.0,SP,5.2,3.0,1.0,2.0,212.0,,,-37.77695,144.95785
3,h,1325000.0,S,5.2,3.0,1.0,1.0,331.0,120.0,1920.0,-37.75877,144.97316
4,h,1630000.0,VB,5.2,4.0,2.0,1.0,278.0,174.0,1880.0,-37.77081,144.96318
4,h,1275000.0,PI,5.2,4.0,1.0,2.0,518.0,,,-37.75883,144.96749
4,h,1770000.0,S,5.2,4.0,2.0,3.0,461.0,187.0,1930.0,-37.76296,144.97239
2,h,1065000.0,S,4.0,2.0,1.0,1.0,186.0,,,-37.76321,144.97836999999996
2,u,522000.0,SP,4.0,2.0,1.0,1.0,186.0,,,-37.77315,144.97161
3,h,1000000.0,SP,5.2,3.0,1.0,2.0,399.0,105.0,1950.0,-37.75744,144.94945
3,h,1080000.0,SP,5.2,3.0,1.0,2.0,218.0,,,-37.76563,144.94111
4,h,1300000.0,PI,10.8,4.0,2.0,3.0,650.0,120.0,1960.0,-37.77352,145.09843999999995
3,h,1331000.0,S,10.8,3.0,2.0,2.0,697.0,158.0,1970.0,-37.76823,145.08103
3,h,745000.0,S,12.1,3.0,1.0,2.0,586.0,,1970.0,-37.70762,145.07179
3,h,655000.0,S,14.8,3.0,2.0,2.0,419.0,,2007.0,-37.73244,144.75669
3,h,680000.0,VB,14.7,3.0,1.0,1.0,189.0,,,-37.85777,145.14009
4,h,2850000.0,S,7.7,4.0,2.0,8.0,905.0,,,-37.84578,145.08436
5,h,2800000.0,VB,7.7,5.0,2.0,2.0,768.0,254.0,1990.0,-37.83825,145.08163000000005
4,h,1966000.0,VB,10.1,4.0,2.0,2.0,627.0,181.0,1905.0,-37.89184,145.06056
1,u,381000.0,S,10.1,1.0,1.0,1.0,2048.0,55.0,1970.0,-37.88642,145.05979
3,h,646000.0,S,14.8,3.0,1.0,2.0,238.0,171.0,2004.0,-37.73917,144.72874
3,h,1100000.0,PI,17.9,3.0,2.0,2.0,603.0,,,-37.97462,145.07906
3,h,1015000.0,S,17.9,3.0,1.0,2.0,566.0,,,-37.96488,145.05276
3,t,795000.0,S,17.9,3.0,2.0,2.0,138.0,137.0,2013.0,-37.95656,145.06926
3,h,1160000.0,S,17.9,3.0,2.0,2.0,534.0,134.0,1980.0,-37.9583,145.06041000000005
4,h,1160000.0,S,17.9,4.0,2.0,2.0,585.0,,,-37.95272,145.06573
3,h,800000.0,S,17.5,3.0,1.0,2.0,602.0,,,-37.94146,145.11121
4,h,1000000.0,S,6.7,4.0,2.0,1.0,343.0,,,-37.74234000000001,144.95169
3,h,960000.0,S,6.7,3.0,1.0,3.0,491.0,,,-37.73913,144.96086
4,h,735000.0,S,20.6,4.0,2.0,2.0,771.0,255.0,2006.0,-37.57383,144.92424
4,h,600000.0,S,20.6,4.0,2.0,2.0,630.0,177.0,2003.0,-37.58905,144.93658
4,h,475000.0,SP,20.6,4.0,2.0,1.0,294.0,146.0,2011.0,-37.58364,144.90804
3,h,552000.0,S,20.6,3.0,2.0,2.0,448.0,143.0,2010.0,-37.57869,144.91069
3,h,840500.0,S,23.0,3.0,1.0,2.0,850.0,,,-37.78297,145.28774
5,h,1180000.0,S,23.0,5.0,3.0,3.0,857.0,285.0,2012.0,-37.79773,145.26956
3,h,632000.0,S,14.8,3.0,1.0,1.0,562.0,118.0,1960.0,-37.77224,144.77381
3,h,607500.0,S,18.0,3.0,2.0,2.0,528.0,142.0,2000.0,-37.71046,144.77043
3,h,563000.0,S,18.0,3.0,2.0,2.0,469.0,,,-37.72438,144.7655
4,h,695000.0,S,14.7,4.0,2.0,2.0,516.0,,,-37.78763,144.75963000000004
4,h,990000.0,S,21.8,4.0,3.0,2.0,1001.0,315.0,2012.0,-37.65972,145.159
4,h,1260000.0,PI,12.4,4.0,3.0,3.0,730.0,,,-37.77871,145.10356000000004
4,h,1310000.0,S,14.3,4.0,2.0,2.0,664.0,,,-37.77472,145.15197
5,h,1890000.0,S,14.3,5.0,2.0,2.0,659.0,,1975.0,-37.78628,145.1667
3,u,775000.0,S,16.1,3.0,2.0,1.0,294.0,107.0,1970.0,-37.79937,145.18164
2,h,365500.0,SP,25.9,2.0,1.0,2.0,184.0,,,-37.60835,145.12073
3,h,837000.0,S,27.0,3.0,1.0,1.0,441.0,,,-38.03804,145.11728
3,h,950000.0,S,27.0,3.0,1.0,2.0,560.0,146.0,1980.0,-38.03288,145.11678
3,h,646000.0,S,19.6,3.0,2.0,2.0,716.0,114.0,1979.0,-37.64206,145.03703000000004
3,h,625000.0,S,19.6,3.0,1.0,2.0,534.0,113.0,1990.0,-37.65843,145.03091
3,h,552500.0,S,19.6,3.0,1.0,1.0,521.0,,,-37.63854,145.05178999999995
3,h,1710000.0,S,7.5,3.0,1.0,2.0,795.0,,,-37.74903,144.89924
4,h,800000.0,S,13.1,4.0,3.0,2.0,308.0,203.0,2015.0,-37.7166,144.97665
3,h,791100.0,S,24.8,3.0,2.0,2.0,640.0,,1980.0,-37.89335,145.27924
2,h,775000.0,S,24.8,2.0,1.0,1.0,733.0,110.0,1950.0,-37.87101,145.26641999999995
3,h,1210000.0,PI,2.1,3.0,1.0,,155.0,,,-37.79451,144.98208
2,h,1300000.0,S,2.1,2.0,1.0,1.0,125.0,124.0,2000.0,-37.79395,144.97698
3,h,1730000.0,S,3.6,3.0,2.0,,175.0,,,-37.78305,144.97997
2,h,1100000.0,S,3.4,2.0,1.0,1.0,193.0,,,-37.78749000000001,144.93203
2,u,452500.0,S,3.4,2.0,1.0,1.0,807.0,54.0,1970.0,-37.783,144.93204
4,h,1350000.0,VB,15.4,4.0,2.0,2.0,653.0,653.0,1970.0,-37.84362,145.16976
4,h,950000.0,VB,15.4,4.0,1.0,1.0,607.0,,1960.0,-37.84137,145.17911999999995
3,h,634000.0,S,38.0,3.0,1.0,1.0,586.0,,,-38.14738,145.16653
4,h,1350000.0,S,38.0,4.0,2.0,2.0,2716.0,,,-38.17488,145.1234
3,h,586000.0,S,12.9,3.0,1.0,1.0,534.0,,,-37.68641,144.88487
1,u,600000.0,S,10.1,1.0,1.0,1.0,100.0,,,-37.89154,145.04483000000005
3,h,1285000.0,S,7.3,3.0,2.0,2.0,374.0,101.0,1940.0,-37.84967,145.08388
4,h,1190000.0,S,16.7,4.0,2.0,2.0,653.0,,,-37.89231,145.15141
3,h,2450000.0,S,16.7,3.0,1.0,0.0,984.0,,,-37.87376,145.15238
4,h,1214000.0,S,16.7,4.0,2.0,2.0,694.0,,,-37.8893,145.18747
4,h,1631888.0,S,16.7,4.0,2.0,2.0,740.0,,1960.0,-37.88551,145.17559
3,h,850000.0,S,11.2,3.0,1.0,1.0,672.0,,,-37.70542,144.92263
3,h,1051000.0,S,11.2,3.0,2.0,2.0,913.0,112.0,1950.0,-37.70072,144.91662
2,h,910000.0,PI,11.2,2.0,1.0,1.0,718.0,,,-37.71389,144.92158999999995
3,h,785000.0,S,16.1,3.0,1.0,2.0,840.0,137.0,1960.0,-37.69443,145.11245
4,h,1800000.0,PI,13.8,4.0,1.0,2.0,800.0,,,-37.93492,145.01758
4,t,2000000.0,VB,13.8,4.0,3.0,2.0,360.0,275.0,2010.0,-37.937,145.01169
4,h,2500000.0,VB,13.8,4.0,2.0,4.0,683.0,199.0,1980.0,-37.92983,145.00167
4,h,1125000.0,PI,13.8,4.0,1.0,1.0,700.0,175.0,1950.0,-37.94312,145.0244
3,h,3600000.0,S,6.2,3.0,2.0,2.0,848.0,158.0,1929.0,-37.83543,145.04606
3,h,985000.0,S,8.9,3.0,1.0,2.0,528.0,118.0,1955.0,-37.74821,145.06933
3,h,915000.0,S,8.8,3.0,2.0,2.0,604.0,,,-37.73098,145.06043
4,h,1911000.0,S,16.0,4.0,3.0,2.0,616.0,302.0,2005.0,-37.94964,145.02753
3,h,650000.0,S,18.4,3.0,2.0,2.0,913.0,174.0,,-37.85152,144.70802
3,h,550000.0,SP,18.4,3.0,1.0,2.0,635.0,,1980.0,-37.86866,144.69356000000005
4,h,537000.0,S,18.4,4.0,2.0,2.0,572.0,,,-37.87373,144.69131000000004
3,h,568000.0,S,18.4,3.0,2.0,2.0,700.0,,1973.0,-37.87695,144.69953
3,h,1205000.0,SA,12.3,3.0,2.0,4.0,622.0,0.0,1960.0,-37.90823,145.10851
4,h,2040000.0,VB,7.8,4.0,2.0,2.0,585.0,,,-37.7709,145.05676
3,h,605000.0,S,14.0,3.0,1.0,0.0,593.0,,,-37.68775,144.90941999999995
3,h,572000.0,S,14.0,3.0,1.0,2.0,554.0,125.0,1975.0,-37.73522,144.82044
3,h,680000.0,S,15.5,3.0,2.0,2.0,850.0,,,-37.72056,144.80825
3,h,790000.0,SP,11.7,3.0,1.0,1.0,610.0,,1959.0,-37.7356,144.86479
4,h,630000.0,SP,11.7,3.0,1.0,2.0,185.0,113.0,1965.0,-37.7482,144.86924
3,h,900000.0,SP,11.7,3.0,1.0,1.0,624.0,,,-37.75046,144.8653
4,h,2450000.0,PI,5.4,4.0,2.0,2.0,399.0,192.0,1920.0,-37.80526,145.04294
3,h,2600000.0,PI,5.4,3.0,1.0,2.0,780.0,,,-37.80969,145.01967
2,t,955000.0,S,5.4,2.0,1.0,1.0,2835.0,100.0,1970.0,-37.81439,145.04237
3,h,1350000.0,VB,5.4,3.0,2.0,1.0,275.0,,1992.0,-37.80442,145.04085
2,h,1630000.0,S,5.4,2.0,1.0,0.0,284.0,88.0,1920.0,-37.81202,145.04217
6,h,1875000.0,PI,7.3,6.0,2.0,2.0,697.0,170.0,1962.0,-37.79032,145.05408
3,h,770000.0,S,25.2,3.0,1.0,4.0,533.0,,,-37.98433,145.17041
4,h,766000.0,S,16.3,4.0,2.0,5.0,541.0,110.0,1980.0,-37.66276,145.03073999999995
3,h,652000.0,S,16.3,3.0,1.0,2.0,533.0,,,-37.6605,145.01218
3,h,2500000.0,VB,5.9,3.0,2.0,,395.0,149.0,1880.0,-37.85892,145.03731000000005
2,h,752500.0,S,4.3,2.0,1.0,,488.0,113.0,1910.0,-37.78486,144.88616000000005
8,h,741000.0,S,17.4,8.0,3.0,1.0,1063.0,101.0,1980.0,-37.65826,144.92538000000005
3,h,283000.0,S,31.7,3.0,1.0,0.0,362.0,19.0,1976.0,-37.68755,144.56887
4,h,430000.0,SP,31.7,4.0,1.0,3.0,675.0,147.0,1980.0,-37.67363,144.55888000000004
3,h,439000.0,S,31.7,3.0,2.0,2.0,524.0,115.0,,-37.66869000000001,144.55666000000005
3,h,815000.0,S,20.0,3.0,2.0,2.0,520.0,,,-37.98227,145.08133999999995
3,h,665000.0,S,17.9,3.0,1.0,4.0,345.0,,,-37.67121,145.06246000000004
4,h,890000.0,S,17.2,4.0,2.0,2.0,481.0,166.0,1965.0,-37.80961,145.1847
5,h,1150000.0,S,17.2,5.0,2.0,2.0,588.0,,1970.0,-37.81153,145.1855
3,h,902000.0,PI,17.2,3.0,2.0,2.0,327.0,,,-37.82863,145.19506
3,h,1162000.0,S,6.2,3.0,1.0,2.0,619.0,129.0,1965.0,-37.76996,144.93466
3,h,835000.0,S,26.5,3.0,2.0,1.0,940.0,,,-37.77403,145.30445
4,h,1400000.0,S,14.2,4.0,2.0,2.0,664.0,,,-37.86301,145.14145
3,h,1586000.0,S,14.2,3.0,1.0,1.0,718.0,138.0,1955.0,-37.88061,145.12448999999995
4,h,1408000.0,S,14.2,4.0,2.0,2.0,692.0,179.0,1970.0,-37.86445,145.12538
4,h,1080000.0,S,18.8,4.0,2.0,2.0,914.0,204.0,1980.0,-37.93173,145.19475
3,h,1105000.0,S,18.8,3.0,2.0,2.0,843.0,,,-37.93041,145.16024
5,h,880000.0,PI,18.8,5.0,3.0,2.0,654.0,,1960.0,-37.92914,145.17372
3,h,840000.0,S,18.8,3.0,1.0,2.0,656.0,107.0,1972.0,-37.93271,145.17792
3,h,1321188.0,SP,10.1,3.0,1.0,1.0,586.0,200.0,1945.0,-37.90584000000001,145.0725
5,h,1355000.0,S,48.1,5.0,3.0,5.0,44500.0,44515.0,,-37.45392,144.58864
2,h,1130000.0,S,6.2,2.0,1.0,2.0,343.0,98.0,1980.0,-37.84332,144.87718
3,h,950000.0,SP,6.2,3.0,1.0,1.0,344.0,,,-37.84259,144.8749
2,h,800000.0,S,10.4,2.0,1.0,2.0,352.0,83.0,1950.0,-37.7361,144.88306
2,h,516000.0,SP,1.8,2.0,1.0,,1044.0,79.0,1970.0,-37.7983,144.94687
3,h,1360000.0,SP,5.3,3.0,2.0,1.0,184.0,,1910.0,-37.77651,144.99074
2,h,1300000.0,VB,5.3,2.0,1.0,0.0,320.0,,1920.0,-37.78398,145.01124
4,h,1550000.0,VB,5.3,4.0,2.0,1.0,344.0,162.0,1900.0,-37.77171,144.99565
2,h,1015000.0,S,5.3,2.0,1.0,,145.0,136.0,1930.0,-37.7754,144.99275
4,h,1350000.0,S,5.3,4.0,2.0,2.0,264.0,188.0,1996.0,-37.76898,144.9858
3,h,1075000.0,S,16.7,3.0,1.0,3.0,530.0,,,-37.90556,145.1486
2,h,1000000.0,S,11.2,2.0,1.0,1.0,742.0,,,-37.72123,144.92614
3,t,763000.0,S,11.2,3.0,2.0,2.0,220.0,,,-37.71467,144.91997
3,h,760000.0,PI,12.3,3.0,1.0,1.0,692.0,120.0,1940.0,-37.90584000000001,145.09495
3,h,1382000.0,SP,12.3,3.0,2.0,2.0,847.0,,,-37.90638,145.11733
4,h,1450000.0,S,15.5,4.0,2.0,2.0,771.0,196.0,1970.0,-37.9212,145.09125
4,h,1450000.0,VB,11.4,4.0,2.0,2.0,590.0,178.0,1940.0,-37.90433,145.05163000000005
3,h,1540000.0,S,11.4,3.0,1.0,5.0,737.0,,,-37.90205,145.04959
3,t,1060000.0,PI,11.4,3.0,2.0,2.0,1606.0,,,-37.9027,145.04159
4,h,625500.0,SP,23.8,4.0,2.0,2.0,477.0,178.0,2012.0,-37.71429000000001,144.72492
3,h,1725000.0,PI,3.5,3.0,1.0,2.0,293.0,151.0,1890.0,-37.83452,144.93586000000005
3,h,1635000.0,PI,3.5,3.0,1.0,,112.0,,,-37.83526,144.94423
3,t,1463000.0,S,4.6,3.0,2.0,2.0,15.0,147.0,1998.0,-37.84969,145.00056999999995
3,h,1150000.0,SP,8.4,3.0,1.0,2.0,830.0,,,-37.74103,145.02289
3,h,820000.0,S,8.4,3.0,1.0,2.0,493.0,,,-37.74305,145.01811999999995
4,h,950000.0,S,8.4,4.0,1.0,2.0,678.0,,,-37.74283,145.0086
3,h,901000.0,S,12.0,3.0,1.0,2.0,695.0,,,-37.69618,145.01289
3,h,680000.0,VB,12.0,3.0,1.0,1.0,237.0,,,-37.7104,145.00717
3,h,890000.0,PI,12.0,3.0,1.0,2.0,725.0,,,-37.7183,145.02253000000005
4,h,1190000.0,S,12.0,4.0,2.0,3.0,650.0,,,-37.71556,145.01129
3,h,855000.0,PI,12.0,3.0,1.0,2.0,464.0,,,-37.72318,145.01556000000005
4,h,785000.0,S,12.0,4.0,2.0,2.0,534.0,,,-37.69583,144.98056
5,h,1000000.0,VB,12.0,5.0,2.0,6.0,892.0,361.0,2004.0,-37.70176,145.0118
3,h,800000.0,S,12.0,3.0,1.0,1.0,633.0,,,-37.71922,145.01806000000005
3,h,1400000.0,S,12.0,3.0,1.0,6.0,667.0,115.0,1920.0,-37.72765,144.98953
1,u,400000.0,VB,2.4,1.0,1.0,1.0,4425.0,51.0,2012.0,-37.82009,145.0038
3,h,1900000.0,VB,2.4,3.0,1.0,1.0,300.0,,,-37.81981,145.00538999999995
4,h,999999.0,PI,19.9,4.0,2.0,2.0,657.0,,,-37.79053,145.2472
5,h,1100000.0,SP,19.9,5.0,3.0,2.0,649.0,,,-37.78958,145.23886000000005
3,h,1100000.0,VB,8.9,3.0,1.0,2.0,648.0,,,-37.74738,145.07698
3,h,850000.0,S,8.9,3.0,1.0,2.0,690.0,,,-37.72998,145.06134
3,h,426000.0,S,20.6,3.0,2.0,2.0,245.0,134.0,2004.0,-37.62191,144.92158
4,t,1050000.0,VB,15.2,4.0,2.0,1.0,173.0,184.0,2010.0,-37.94723,145.02268
2,h,680000.0,S,5.1,2.0,1.0,0.0,298.0,88.0,1900.0,-37.80257,144.88811
2,h,1151000.0,S,1.9,2.0,1.0,,128.0,95.0,1890.0,-37.83281,144.96633
2,t,817000.0,S,1.9,2.0,2.0,1.0,336.0,,,-37.83401,144.96653999999995
4,h,658500.0,S,20.5,4.0,2.0,2.0,444.0,187.0,2008.0,-37.63534,145.09081
3,h,881000.0,S,20.8,3.0,1.0,4.0,720.0,140.0,1955.0,-37.94434,145.16289
3,h,645000.0,S,14.0,3.0,1.0,1.0,690.0,,,-37.74295,144.81009
3,h,549500.0,S,14.0,3.0,1.0,,546.0,,,-37.7502,144.80626
3,h,897000.0,S,16.1,3.0,2.0,2.0,684.0,150.0,1985.0,-37.68969,145.12366
4,h,2680000.0,S,5.0,4.0,2.0,1.0,324.0,265.0,1890.0,-37.86569,144.97919
2,h,1000000.0,VB,5.0,2.0,1.0,,106.0,134.0,1900.0,-37.86191,144.98655
4,h,1625000.0,S,8.2,4.0,3.0,2.0,224.0,,1950.0,-37.73545,144.92164
3,h,810000.0,S,8.2,3.0,1.0,3.0,492.0,134.0,,-37.73084,144.92238
3,h,657500.0,S,31.7,3.0,2.0,1.0,729.0,167.0,2001.0,-37.5877,144.73734
3,h,778000.0,S,31.7,3.0,2.0,1.0,1058.0,,,-37.57858,144.72349
5,h,675000.0,S,31.7,5.0,3.0,2.0,615.0,208.0,2000.0,-37.59115,144.72581
4,h,605000.0,S,31.7,4.0,2.0,2.0,738.0,192.0,2000.0,-37.58457,144.70005
4,h,600000.0,S,31.7,4.0,2.0,1.0,1007.0,116.0,1980.0,-37.57231,144.70429
4,h,895000.0,S,10.5,4.0,2.0,2.0,400.0,,,-37.76586,144.85193
3,h,555000.0,SP,10.5,3.0,2.0,1.0,156.0,,,-37.79498,144.79545
4,h,1910000.0,S,10.2,4.0,3.0,2.0,416.0,256.0,2014.0,-37.82671,145.11068
3,h,2350000.0,S,10.2,3.0,2.0,0.0,843.0,,,-37.82195,145.08968000000004
3,h,746000.0,S,15.5,3.0,2.0,2.0,649.0,,,-37.69616,144.78587
4,h,751000.0,S,15.5,4.0,2.0,2.0,712.0,364.0,1998.0,-37.68646,144.77247
3,h,600000.0,S,15.5,3.0,2.0,2.0,657.0,,,-37.71176,144.80271000000005
4,h,910000.0,PI,15.5,4.0,2.0,2.0,520.0,170.0,1980.0,-37.75436,145.11938999999995
4,h,1561000.0,S,12.4,4.0,2.0,2.0,1128.0,,,-37.76497,145.11077
3,h,1250000.0,VB,12.4,3.0,2.0,2.0,838.0,,,-37.76649000000001,145.10623
3,h,700000.0,S,27.0,3.0,2.0,3.0,795.0,,,-37.85229,145.30281000000005
3,h,720000.0,S,15.3,3.0,1.0,1.0,573.0,,,-37.67939000000001,145.00143
4,h,1260000.0,S,17.2,4.0,2.0,3.0,682.0,166.0,1973.0,-37.84454,145.18881000000005
4,h,1202000.0,SP,17.2,4.0,2.0,2.0,650.0,159.0,1980.0,-37.84919,145.17436
4,h,920000.0,S,14.7,4.0,2.0,2.0,601.0,,,-37.86231,145.22633000000005
5,h,1180000.0,S,14.7,5.0,2.0,4.0,738.0,258.0,1980.0,-37.86328,145.21477
5,h,1400000.0,S,14.7,5.0,2.0,2.0,796.0,,,-37.87079,145.22988
3,h,515000.0,S,14.7,3.0,2.0,1.0,517.0,115.0,1985.0,-37.89423,144.64131
3,h,430000.0,S,14.7,3.0,1.0,1.0,454.0,,,-37.88178,144.66125
3,h,840000.0,PI,6.4,3.0,1.0,3.0,336.0,95.0,1950.0,-37.79613,144.86741999999995
3,h,879000.0,SP,6.4,3.0,1.0,2.0,377.0,,,-37.79285,144.86969
2,h,560000.0,SP,16.5,2.0,2.0,2.0,424.0,,,-37.67909,144.87524
3,h,1025000.0,S,16.7,3.0,1.0,2.0,691.0,,,-37.90823,145.16173
5,h,1660000.0,S,16.7,5.0,2.0,2.0,790.0,291.0,1990.0,-37.90001,145.18688
3,h,832000.0,S,6.8,3.0,1.0,1.0,269.0,,,-37.85808,144.89268
2,t,401000.0,S,25.5,2.0,1.0,1.0,115.0,,,-37.61379,145.03296
3,h,1300000.0,PI,6.3,3.0,2.0,2.0,277.0,,,-37.81732,144.89091000000005
3,h,1360000.0,PI,6.3,3.0,1.0,1.0,479.0,128.0,1930.0,-37.81279,144.87717
3,h,1455000.0,S,6.3,3.0,2.0,2.0,351.0,125.0,1910.0,-37.81111,144.88759
3,h,975500.0,S,10.4,3.0,1.0,1.0,697.0,,,-37.73254,144.88321000000005
3,h,880000.0,S,10.4,3.0,1.0,3.0,626.0,,,-37.71919000000001,144.87842
3,h,2340000.0,S,3.0,3.0,2.0,1.0,162.0,135.0,1880.0,-37.84398,144.95044
3,h,2225000.0,S,3.0,3.0,1.0,1.0,241.0,,,-37.84479,144.94429
3,h,920000.0,VB,11.0,3.0,2.0,2.0,584.0,,,-37.86249,144.82162
2,u,801250.0,S,11.0,2.0,1.0,1.0,245.0,,,-37.87046,144.83482
3,h,791000.0,S,9.4,3.0,1.0,4.0,553.0,131.0,1960.0,-37.84484000000001,144.85017
4,h,4060000.0,S,6.3,4.0,2.0,1.0,574.0,191.0,1910.0,-37.86325,145.02422
4,h,1151000.0,S,4.3,4.0,2.0,2.0,290.0,178.0,2012.0,-37.77708,144.90913999999995
4,t,1650000.0,VB,10.2,4.0,2.0,1.0,338.0,200.0,2005.0,-37.86058,145.08542
3,h,2550000.0,S,10.2,3.0,2.0,3.0,1170.0,202.0,1950.0,-37.87253,145.0705
3,h,1680000.0,S,6.4,3.0,1.0,,325.0,,,-37.87202,144.99123
5,h,3000000.0,VB,9.7,5.0,4.0,2.0,830.0,,,-37.78739,145.07388999999995
3,h,1900000.0,S,9.7,3.0,1.0,1.0,663.0,,,-37.79131,145.07861
5,h,2800000.0,S,9.7,5.0,2.0,2.0,1173.0,0.0,1960.0,-37.80385,145.09094
4,h,1650000.0,PI,9.7,4.0,2.0,3.0,868.0,,,-37.80217,145.10183
3,h,1589000.0,S,17.3,3.0,2.0,2.0,596.0,,,-37.98045,145.04833
4,h,1385000.0,S,17.3,4.0,2.0,2.0,588.0,,,-37.97258,145.05123
4,h,951000.0,S,8.8,4.0,1.0,1.0,654.0,,1960.0,-37.75399,145.03606000000005
3,h,1300000.0,VB,11.4,3.0,2.0,2.0,566.0,,,-37.91469,145.02789
5,h,1800000.0,VB,13.8,5.0,3.0,3.0,697.0,243.0,1960.0,-37.91865,145.05418
4,t,1130000.0,S,13.8,4.0,2.0,2.0,270.0,183.0,2012.0,-37.90866,145.07533
4,h,1370000.0,VB,13.8,4.0,3.0,3.0,605.0,186.0,1930.0,-37.91487,145.06623000000005
3,h,1311000.0,SP,13.8,3.0,2.0,3.0,632.0,194.0,1950.0,-37.92599000000001,145.07537
3,h,1350000.0,S,13.4,3.0,1.0,1.0,697.0,121.0,1950.0,-37.81511,145.15828
4,h,1660000.0,PI,13.4,4.0,2.0,2.0,697.0,,,-37.81245,145.16416999999996
3,h,905000.0,S,13.4,3.0,2.0,2.0,887.0,150.0,1990.0,-37.8429,145.14895
3,h,1152000.0,S,13.4,3.0,1.0,3.0,584.0,,,-37.83373,145.14493000000004
3,h,920000.0,S,27.0,3.0,1.0,2.0,645.0,102.0,1950.0,-38.06688,145.12398000000005
4,h,728000.0,S,25.0,4.0,1.0,1.0,744.0,136.0,1970.0,-37.85652,145.2758
5,h,1900000.0,PI,10.9,5.0,3.0,2.0,613.0,133.0,1955.0,-37.82703,145.12938
4,h,1030000.0,S,16.1,4.0,3.0,3.0,1061.0,312.0,1960.0,-37.70591,145.13005
4,h,3200000.0,VB,10.5,4.0,3.0,2.0,635.0,,1930.0,-37.91559,144.99885
4,h,2830000.0,S,10.5,4.0,2.0,2.0,700.0,202.0,1930.0,-37.90034,144.99608999999995
4,h,2260000.0,S,10.5,4.0,2.0,2.0,881.0,,2015.0,-37.90217,144.99337
3,h,2060000.0,S,10.3,3.0,1.0,3.0,685.0,175.0,1950.0,-37.92364,145.01118
3,h,1650000.0,SP,10.3,3.0,2.0,2.0,623.0,0.0,1920.0,-37.92698,145.02673
5,h,1650000.0,SP,10.3,5.0,2.0,5.0,773.0,275.0,1950.0,-37.93203,145.02844
1,u,424000.0,SP,5.2,1.0,1.0,,334.0,80.0,2009.0,-37.76078,144.96168
3,t,959000.0,S,4.0,3.0,2.0,1.0,138.0,122.0,1998.0,-37.76292,144.97975
2,h,975000.0,S,4.0,2.0,1.0,1.0,159.0,,,-37.77726,144.97247
3,h,1160000.0,S,5.2,3.0,1.0,2.0,575.0,,,-37.75461,144.94669
2,h,887500.0,S,5.2,2.0,1.0,2.0,434.0,,,-37.75336,144.93872
3,h,2350000.0,VB,5.2,3.0,2.0,2.0,445.0,160.0,1925.0,-37.76645,144.94133
5,h,940000.0,S,12.1,5.0,3.0,2.0,593.0,,,-37.68878,145.05795
4,h,850000.0,SP,12.1,4.0,2.0,3.0,543.0,,,-37.69852,145.06523
4,h,815000.0,S,12.1,4.0,2.0,1.0,525.0,0.0,1965.0,-37.70765,145.05556
3,h,580000.0,S,14.8,3.0,2.0,2.0,461.0,174.0,2000.0,-37.74518,144.74708
3,h,1220000.0,VB,10.4,3.0,2.0,2.0,261.0,151.0,2015.0,-37.84691,145.10029
3,h,1238000.0,S,10.4,3.0,2.0,1.0,735.0,,,-37.85296,145.1055
4,h,1535000.0,S,10.4,4.0,3.0,2.0,1004.0,188.0,1950.0,-37.84533,145.12764
3,h,1340000.0,S,10.4,3.0,1.0,1.0,556.0,,,-37.84375,145.10591000000005
2,h,1322500.0,S,10.4,2.0,1.0,1.0,731.0,94.0,1950.0,-37.85621,145.10641
4,h,2385000.0,S,7.7,4.0,2.0,2.0,671.0,,1914.0,-37.8296,145.06441999999996
3,h,1935000.0,S,8.4,3.0,2.0,2.0,449.0,,1915.0,-37.82359,145.0693
3,h,1760000.0,S,1.6,3.0,1.0,,9405.0,134.0,1880.0,-37.79945,144.96653
3,h,1400000.0,PI,10.1,3.0,2.0,3.0,818.0,193.0,2011.0,-37.89877,145.05132
4,h,546000.0,SP,34.9,3.0,1.0,1.0,646.0,103.0,1987.0,-38.10346,145.18159
3,h,532000.0,S,34.9,3.0,1.0,2.0,474.0,104.0,1993.0,-38.10429,145.17178
3,h,615000.0,S,34.9,3.0,2.0,2.0,804.0,,,-38.09187,145.19463000000005
2,u,790000.0,S,8.7,2.0,1.0,1.0,919.0,82.0,2010.0,-37.8981,145.03551000000004
3,h,990000.0,PI,11.7,3.0,2.0,2.0,6000.0,,,-37.88932,145.10298999999995
3,h,725000.0,S,27.0,3.0,1.0,1.0,534.0,95.0,1980.0,-38.04922,145.13904
5,h,1300000.0,VB,17.9,5.0,2.0,2.0,1006.0,213.0,1970.0,-37.97404,145.07541
3,h,975000.0,S,17.9,3.0,2.0,2.0,595.0,114.0,,-37.97334,145.08192
3,h,950000.0,S,17.5,3.0,2.0,2.0,535.0,123.0,1970.0,-37.94122,145.10924
2,t,770000.0,PI,6.7,2.0,1.0,1.0,600.0,,,-37.75356,144.9497
3,h,460000.0,S,17.4,3.0,1.0,3.0,536.0,104.0,1975.0,-37.65704,144.92987
3,h,412500.0,S,20.6,3.0,2.0,1.0,197.0,0.0,2012.0,-37.57687,144.911
3,h,465000.0,S,20.6,3.0,1.0,1.0,338.0,,2004.0,-37.57589,144.9305
5,h,720008.0,SP,34.7,5.0,3.0,2.0,528.0,204.0,2006.0,-38.08902,145.29006
5,h,1188000.0,S,23.0,5.0,2.0,2.0,864.0,294.0,1980.0,-37.79546,145.27002
5,h,905000.0,S,23.0,5.0,2.0,2.0,1005.0,185.0,1960.0,-37.78466,145.27326000000005
5,h,600000.0,PI,24.7,5.0,2.0,1.0,608.0,146.0,1960.0,-37.96171,145.20122
3,h,1100000.0,VB,27.0,3.0,2.0,4.0,737.0,,1940.0,-38.04214,145.11372
4,h,1060000.0,S,18.0,4.0,2.0,2.0,842.0,202.0,1980.0,-37.70562,145.16611
4,h,905000.0,S,18.0,4.0,2.0,0.0,2000.0,153.0,1975.0,-37.70232,145.1419
3,h,595000.0,S,19.6,3.0,1.0,2.0,536.0,0.0,1980.0,-37.64972,145.04086
4,h,810000.0,S,19.6,4.0,2.0,4.0,854.0,260.0,1995.0,-37.63904,145.0589
5,h,2335000.0,SP,7.5,5.0,2.0,6.0,1012.0,222.0,1915.0,-37.74967,144.8977
3,h,1240000.0,PI,7.5,3.0,1.0,2.0,476.0,,,-37.75759,144.92788000000004
3,h,1580000.0,PI,7.5,3.0,2.0,1.0,665.0,195.0,1886.0,-37.75238,144.92248999999995
2,h,594000.0,S,24.8,2.0,1.0,1.0,550.0,,,-37.87837,145.28104
2,h,1385000.0,SP,3.6,2.0,1.0,0.0,176.0,80.0,1890.0,-37.78852,144.97871999999995
2,h,1400000.0,S,3.6,2.0,1.0,1.0,164.0,93.0,1890.0,-37.77796,144.98373999999995
4,h,1870000.0,S,3.6,4.0,3.0,1.0,248.0,173.0,1890.0,-37.7833,144.98521000000005
4,h,1620000.0,S,3.6,4.0,1.0,1.0,241.0,200.0,,-37.78346,144.98685
3,h,755000.0,PI,5.1,3.0,1.0,2.0,334.0,110.0,1920.0,-37.7977,144.90398000000005
3,h,750000.0,PI,5.1,3.0,1.0,2.0,232.0,,,-37.797,144.88173
4,h,1078000.0,SP,15.4,4.0,1.0,1.0,611.0,119.0,1960.0,-37.83945,145.16683999999995
3,h,1197000.0,S,15.4,3.0,2.0,2.0,651.0,,1960.0,-37.83455,145.16173999999995
4,h,1000000.0,PI,15.4,4.0,2.0,2.0,624.0,,,-37.84389,145.17345
6,h,1065000.0,S,15.4,6.0,1.0,1.0,704.0,140.0,1950.0,-37.83161,145.17555
3,h,515000.0,SP,38.0,3.0,1.0,4.0,602.0,,,-38.14374,145.16976
3,h,493000.0,S,36.9,3.0,1.0,1.0,657.0,91.0,1975.0,-38.12023,145.15188
3,h,1155000.0,S,38.0,3.0,2.0,2.0,2405.0,242.0,1980.0,-38.16457,145.12421
4,h,980000.0,S,38.0,4.0,2.0,2.0,937.0,191.0,1960.0,-38.15845,145.11141
3,h,750000.0,S,38.0,3.0,1.0,2.0,698.0,,,-38.16624,145.13297
3,h,742000.0,S,12.9,3.0,2.0,2.0,375.0,,1975.0,-37.68415,144.8999
5,h,1700000.0,VB,7.3,5.0,3.0,2.0,630.0,,,-37.85718,145.08658
4,h,2690000.0,PI,7.3,4.0,2.0,2.0,647.0,0.0,1910.0,-37.86133,145.04166999999995
3,h,1688000.0,S,7.3,3.0,1.0,2.0,717.0,,,-37.85918,145.083
2,h,725000.0,S,11.2,2.0,1.0,2.0,590.0,,,-37.69927,144.9256
4,t,655000.0,S,12.9,4.0,3.0,2.0,170.0,215.0,2017.0,-37.70128,144.90187
4,h,950000.0,S,16.1,4.0,2.0,3.0,795.0,,,-37.69594,145.11733999999996
2,u,540000.0,S,16.1,2.0,1.0,1.0,208.0,,1995.0,-37.70791,145.09575
3,h,600000.0,PI,16.1,3.0,2.0,1.0,152.0,,,-37.68587,145.11508999999995
3,h,842000.0,S,16.1,3.0,2.0,2.0,873.0,,1985.0,-37.69324,145.1023
2,u,670000.0,S,16.1,2.0,1.0,1.0,704.0,,1957.0,-37.70674,145.09841
4,h,2086000.0,SP,13.8,4.0,2.0,2.0,581.0,,,-37.94003,145.00778
3,h,1280000.0,SP,13.8,3.0,1.0,3.0,658.0,,,-37.94259,145.03004
3,h,1335000.0,S,13.8,3.0,1.0,1.0,625.0,,,-37.94027,145.03593
4,h,625000.0,S,33.3,4.0,1.0,2.0,640.0,136.0,1960.0,-38.02981,145.24826000000004
2,h,1350000.0,VB,5.3,2.0,1.0,0.0,208.0,,,-37.81732,145.02508999999995
3,h,520000.0,S,8.8,3.0,1.0,1.0,466.0,,,-37.73629,145.04017
2,u,680500.0,S,16.0,2.0,1.0,1.0,158.0,,2000.0,-37.95147,145.04904
4,h,602000.0,S,18.4,4.0,2.0,2.0,603.0,150.0,1985.0,-37.84958,144.67154
3,h,565000.0,S,18.4,3.0,2.0,2.0,530.0,,,-37.87199,144.7062
4,h,567000.0,PI,18.4,4.0,2.0,3.0,632.0,180.0,1985.0,-37.86495,144.69718999999995
2,u,315000.0,S,18.4,2.0,1.0,1.0,150.0,,,-37.87715,144.69863
4,h,1190000.0,SA,12.3,4.0,2.0,2.0,600.0,,,-37.9089,145.11236
4,h,1200000.0,VB,7.8,4.0,2.0,2.0,585.0,,1950.0,-37.75722,145.04399999999995
4,h,1125000.0,PI,14.5,4.0,2.0,4.0,556.0,250.0,1978.0,-37.72026,144.83143
5,h,739000.0,S,14.5,5.0,2.0,2.0,295.0,,,-37.71945,144.82418
3,h,683000.0,S,15.5,3.0,2.0,2.0,664.0,,,-37.72474,144.79545
4,h,700000.0,PI,15.5,4.0,2.0,2.0,726.0,223.0,1980.0,-37.72649000000001,144.80992
1,h,860000.0,SP,11.7,1.0,1.0,,472.0,,,-37.74061,144.87462
4,h,886000.0,S,11.7,4.0,2.0,4.0,5750.0,,,-37.74800000000001,144.85098
3,h,960000.0,PI,11.7,3.0,2.0,2.0,404.0,175.0,2009.0,-37.73977,144.87734
4,h,1160000.0,S,11.7,4.0,3.0,4.0,670.0,273.0,1970.0,-37.73492,144.87231
3,h,821000.0,S,10.4,3.0,1.0,2.0,581.0,,1975.0,-37.72282,144.85681
4,h,1800000.0,SP,5.4,4.0,2.0,2.0,191.0,,,-37.80001,145.03125
4,h,3300000.0,SP,5.4,4.0,3.0,2.0,741.0,281.0,1920.0,-37.81031,145.01955
3,h,1750000.0,VB,5.4,3.0,2.0,2.0,431.0,232.0,2006.0,-37.80121,145.04581000000005
5,h,3450000.0,PI,5.4,5.0,2.0,2.0,668.0,0.0,2006.0,-37.80795,145.01474
4,h,2045000.0,S,5.4,4.0,3.0,2.0,523.0,,,-37.80828,145.06027
3,h,2200000.0,S,5.4,3.0,2.0,4.0,650.0,,,-37.80359,145.06002
3,h,930000.0,S,25.2,3.0,2.0,2.0,443.0,201.0,2014.0,-38.00009,145.16959
3,h,803000.0,S,26.0,3.0,1.0,2.0,862.0,0.0,1970.0,-37.79902,145.32092
3,h,560000.0,S,14.0,3.0,1.0,1.0,565.0,147.0,1970.0,-37.73574,144.77898000000005
4,h,3080000.0,SP,5.9,4.0,2.0,3.0,620.0,339.0,1930.0,-37.84391,145.03376
3,h,671000.0,SP,16.3,3.0,1.0,2.0,418.0,,,-37.66349,145.03391000000005
3,h,690000.0,SA,16.3,3.0,1.0,2.0,535.0,,,-37.67324,145.03513
3,h,520000.0,SP,16.3,3.0,1.0,1.0,540.0,,,-37.67139,145.00269
3,h,625000.0,S,16.3,3.0,1.0,2.0,542.0,133.0,1968.0,-37.66374,144.99871000000005
4,h,965000.0,PI,41.0,4.0,2.0,6.0,869.0,264.0,2007.0,-38.14508,145.18787
3,h,735000.0,S,6.4,3.0,1.0,1.0,167.0,110.0,2010.0,-37.78817,144.87873000000005
4,h,860000.0,SP,5.9,4.0,2.0,3.0,633.0,,,-37.85612,145.03273000000004
2,u,651000.0,SP,8.4,2.0,1.0,1.0,129.0,97.0,1940.0,-37.87798,145.06731000000005
3,h,3400000.0,SP,4.3,3.0,1.0,5.0,2027.0,187.0,1964.0,-37.7657,144.89109
4,h,1830000.0,S,11.4,4.0,2.0,1.0,567.0,,1929.0,-37.90998,145.03082
4,t,1655000.0,S,11.4,4.0,2.0,2.0,361.0,,,-37.91406,145.04865
3,h,535000.0,SP,17.4,3.0,1.0,4.0,572.0,105.0,1980.0,-37.65905,144.92347
5,h,710000.0,PI,31.7,5.0,2.0,2.0,1670.0,280.0,2000.0,-37.67813,144.59292
3,h,395000.0,S,29.8,3.0,1.0,1.0,649.0,105.0,1975.0,-37.69891,144.57645
3,h,1002500.0,S,20.0,3.0,1.0,2.0,560.0,,,-37.97738,145.07168
3,h,2090000.0,S,3.0,3.0,1.0,0.0,199.0,113.0,1900.0,-37.84804000000001,144.96066000000005
4,h,1185000.0,S,17.2,4.0,3.0,2.0,649.0,,,-37.81175,145.20501000000004
3,u,907800.0,S,17.2,3.0,2.0,2.0,309.0,150.0,2005.0,-37.82653,145.20261000000005
3,h,1010000.0,S,17.2,3.0,2.0,2.0,672.0,136.0,1970.0,-37.8236,145.20898
4,h,720000.0,SP,34.1,4.0,2.0,2.0,1611.0,,,-37.87931,145.41288
2,u,435000.0,S,6.2,2.0,1.0,1.0,1475.0,66.0,1970.0,-37.75799,144.92354
4,h,1525000.0,S,6.2,4.0,3.0,,233.0,,,-37.76884,144.91708
4,h,1305000.0,SP,6.2,4.0,1.0,1.0,449.0,129.0,1910.0,-37.77081,144.92074
3,h,1072000.0,S,14.3,3.0,1.0,3.0,585.0,138.0,1950.0,-37.93557,145.04918999999995
3,h,1290000.0,S,14.3,3.0,1.0,1.0,580.0,0.0,1970.0,-37.94492,145.04938
3,h,760000.0,S,26.5,3.0,1.0,2.0,864.0,,,-37.76983,145.31687
4,h,1500000.0,S,21.5,4.0,3.0,2.0,557.0,178.0,1920.0,-38.00341,145.08773
3,h,1028800.0,S,14.2,3.0,2.0,1.0,470.0,118.0,1960.0,-37.88751,145.13545
6,h,1840000.0,S,14.2,6.0,2.0,2.0,554.0,368.0,1999.0,-37.87591,145.13958
3,t,1035000.0,SP,14.2,3.0,2.0,2.0,236.0,138.0,2006.0,-37.88678,145.12748
3,h,940000.0,S,18.8,3.0,2.0,3.0,709.0,140.0,1958.0,-37.92811,145.14971
3,h,845000.0,SP,10.4,3.0,1.0,1.0,345.0,111.0,1950.0,-37.73901,144.89154
3,h,1305000.0,SP,10.4,3.0,1.0,3.0,650.0,,,-37.74009,144.88736
2,h,1080000.0,S,1.8,2.0,1.0,,100.0,67.0,1890.0,-37.79524,144.94642
2,h,1118000.0,S,5.3,2.0,2.0,1.0,173.0,81.0,1910.0,-37.76623,144.99318
2,u,710000.0,S,15.4,2.0,1.0,1.0,903.0,,1985.0,-37.8064,145.18452
2,h,1006000.0,S,11.2,2.0,1.0,1.0,716.0,,,-37.71589,144.92176
2,h,875000.0,PI,12.3,2.0,1.0,0.0,419.0,76.0,1920.0,-37.89721,145.09792
2,h,985000.0,PI,15.5,2.0,2.0,0.0,600.0,,,-37.91344,145.09347
3,h,1510000.0,S,11.4,3.0,2.0,3.0,540.0,,,-37.90216,145.05069
4,h,1870000.0,PI,11.4,4.0,2.0,2.0,663.0,,1995.0,-37.90617,145.02875
4,h,1700000.0,VB,11.4,4.0,2.0,1.0,555.0,,1950.0,-37.90367,145.05253000000005
3,h,1060000.0,S,21.5,3.0,1.0,2.0,602.0,,,-37.98656,145.08237
4,h,2475000.0,PI,21.5,4.0,3.0,3.0,665.0,450.0,2016.0,-37.99508,145.07544
4,h,1260000.0,S,8.5,4.0,2.0,4.0,578.0,171.0,1920.0,-37.73058,144.9353
4,h,527000.0,SP,14.7,4.0,2.0,2.0,400.0,136.0,2011.0,-37.90858,144.77771
4,t,2455000.0,SP,3.5,4.0,3.0,2.0,123.0,0.0,2010.0,-37.83349000000001,144.9484
2,h,1515000.0,SP,3.5,2.0,2.0,,197.0,,,-37.83754,144.93954
4,h,2668000.0,S,4.6,4.0,2.0,2.0,383.0,,,-37.84879,144.98882
2,h,1365000.0,S,4.6,2.0,1.0,,206.0,100.0,1900.0,-37.85569,145.00522
3,h,910000.0,SP,8.4,3.0,1.0,2.0,276.0,96.0,1965.0,-37.75277,145.00734
3,t,640000.0,PI,12.0,3.0,1.0,1.0,224.0,128.0,2008.0,-37.71289,145.01967
4,h,1112000.0,S,12.0,4.0,2.0,10.0,1002.0,170.0,1985.0,-37.70671,145.03086000000005
4,h,852000.0,S,12.0,4.0,3.0,2.0,527.0,240.0,1980.0,-37.69968,145.03426000000005
3,h,800000.0,PI,12.0,3.0,1.0,2.0,585.0,90.0,1960.0,-37.73173,145.02884
2,u,625500.0,S,12.0,2.0,1.0,2.0,343.0,111.0,1960.0,-37.71626,144.99866
4,h,1800000.0,S,2.4,4.0,1.0,4.0,418.0,,,-37.82368,145.00271
3,h,700000.0,S,19.9,3.0,2.0,2.0,605.0,126.0,1977.0,-37.8101,145.21697
2,h,937000.0,S,21.3,2.0,2.0,2.0,736.0,116.0,1960.0,-37.80401,145.25225
3,h,1224000.0,S,8.9,3.0,1.0,2.0,609.0,124.0,1960.0,-37.74351,145.07965
4,h,1426000.0,S,8.9,4.0,2.0,4.0,621.0,,1980.0,-37.73543,145.07003999999995
4,h,621000.0,S,20.6,4.0,2.0,2.0,574.0,202.0,1997.0,-37.63499,144.93409
4,h,465000.0,S,20.6,4.0,2.0,1.0,417.0,,1999.0,-37.62273,144.92567
4,h,1490000.0,S,15.2,4.0,2.0,2.0,503.0,168.0,1930.0,-37.95685,145.01977
3,h,890000.0,S,22.2,3.0,1.0,2.0,724.0,116.0,1980.0,-37.88953,145.22056
3,h,512000.0,S,35.4,3.0,1.0,1.0,576.0,105.0,1983.0,-38.10505,145.15328
4,h,1502000.0,SP,5.1,4.0,3.0,1.0,934.0,199.0,2014.0,-37.80898,144.88701
3,h,965000.0,S,6.2,3.0,1.0,2.0,478.0,,,-37.82815,144.87395
4,h,537000.0,S,14.0,4.0,2.0,2.0,447.0,134.0,1996.0,-37.75405,144.82013999999995
3,h,1848000.0,S,8.2,3.0,1.0,3.0,824.0,189.0,1935.0,-37.73797,144.92455
3,h,516000.0,S,31.7,3.0,2.0,3.0,588.0,110.0,,-37.58176,144.73176999999995
3,h,480000.0,PI,31.7,3.0,2.0,2.0,646.0,,,-37.56005,144.70892
4,h,763000.0,S,31.7,4.0,2.0,2.0,1011.0,,,-37.5781,144.72383
3,h,605000.0,S,31.7,3.0,2.0,2.0,755.0,229.0,1996.0,-37.56533,144.71233
3,h,717500.0,S,10.5,3.0,1.0,1.0,554.0,95.0,1985.0,-37.78514000000001,144.84561000000005
3,h,595000.0,SP,10.5,3.0,1.0,,589.0,,,-37.76599,144.84445
4,h,682000.0,S,10.5,4.0,1.0,2.0,534.0,,1970.0,-37.79161,144.80461
3,h,640000.0,S,10.5,3.0,1.0,1.0,616.0,,,-37.79798,144.81529
4,h,2720000.0,S,10.2,4.0,3.0,2.0,1005.0,,1920.0,-37.82421,145.10352
3,h,1715000.0,S,10.2,3.0,1.0,2.0,438.0,151.0,1906.0,-37.83015,145.09035
4,h,3100000.0,VB,10.2,4.0,2.0,3.0,832.0,,,-37.83564000000001,145.10918999999996
3,h,350000.0,VB,18.4,3.0,1.0,1.0,466.0,103.0,2003.0,-37.86744,144.65608999999995
4,h,1753000.0,S,15.5,4.0,2.0,2.0,689.0,,2012.0,-37.76673,145.16555
4,h,1745000.0,S,12.4,4.0,2.0,2.0,741.0,,,-37.75843,145.10888
3,h,1190000.0,S,12.4,3.0,1.0,1.0,723.0,,,-37.76684,145.11309
5,h,1400000.0,S,12.4,5.0,3.0,2.0,717.0,310.0,1963.0,-37.7663,145.1132
4,h,1288000.0,S,12.4,4.0,2.0,2.0,948.0,,,-37.76078,145.10696000000004
3,h,1450000.0,S,7.0,3.0,1.0,1.0,312.0,,,-37.7587,144.99966
3,h,1271000.0,S,7.0,3.0,1.0,2.0,470.0,151.0,1950.0,-37.75937,145.01533999999995
3,h,540000.0,S,12.9,3.0,1.0,1.0,607.0,102.0,1970.0,-37.69423,144.88002
4,h,1263500.0,S,17.2,4.0,2.0,2.0,791.0,,,-37.84467,145.19276000000005
4,h,1250000.0,PI,17.2,4.0,2.0,2.0,986.0,,,-37.84679000000001,145.20051
5,h,1316000.0,SP,8.9,5.0,3.0,3.0,696.0,,,-37.73501,145.08341
4,h,951000.0,S,14.7,4.0,2.0,2.0,704.0,200.0,1981.0,-37.85639000000001,145.23536
4,h,1323000.0,S,14.7,4.0,2.0,2.0,551.0,,,-37.87608,145.2239
3,h,970000.0,S,14.7,3.0,2.0,2.0,674.0,,,-37.8836,145.22805
4,h,1330000.0,S,14.7,4.0,2.0,2.0,717.0,191.0,1980.0,-37.86887,145.22116
2,h,650000.0,PI,14.5,2.0,1.0,1.0,210.0,79.0,2006.0,-37.70657,145.07878
4,h,635000.0,S,14.7,4.0,2.0,1.0,662.0,172.0,1980.0,-37.89327,144.64789
3,h,582000.0,S,16.5,3.0,2.0,2.0,256.0,,,-37.67917,144.8939
4,h,1245000.0,S,16.7,4.0,2.0,2.0,652.0,,1981.0,-37.90562,145.16761
3,h,1031000.0,SP,6.8,3.0,2.0,2.0,333.0,133.0,1995.0,-37.85927,144.87904
3,h,1170000.0,S,6.8,3.0,2.0,4.0,436.0,,1997.0,-37.85274,144.88738
4,h,2500000.0,PI,6.8,4.0,1.0,5.0,866.0,157.0,1920.0,-37.85908,144.89299
4,h,1285000.0,SP,6.3,4.0,1.0,1.0,362.0,112.0,1920.0,-37.81188,144.88449
